id,name,is_clan,is_virtual,spelling_of,spellings,septs,present_national_histories,design_names,design_ids
1,Abercrombie,1,0,,"Abarcrumbie,Abercrummye,Abercrombye,Abircromby,Abircrumbye,Abircromme,Abircromy,Abircrumby,Abircrummy,Abircrumy,Abircromye,Abarcrumby,Abercromby",,,"Abercrombie ",3
2,Adams,0,0,Adam,,,,,
3,Agnew,1,0,,"Agneli,Agnex,Aignell,Aggnew,Agnewe,Agneaux,Aygnel,Angnew,Agnev,O'Gnive",,"scottish,english,welsh,irish","Agnew ",34
4,Ainslie,1,0,,,,,"Ainslie 1992 Variant, Ainslie Lake District, Ainslie","39, 40, 41"
5,Aitchison,0,0,,"Achisoune,Achisone,Achesoun,Achinsoun,Achesune,Achenson,Acheson,Achiesoun,Achesoune,Achieson,Achesone,Aitcheson,Aichesone,Aitchesoun,Aitchesoune,Aithchinson,Aitchysoune,Aichensoun,Aicheson,Atzensone,Atzeson,Atyesoun,Atchesone,Atchisone,Atchison,Aticione,Aschesone,Echesone,Etzesone,Eticione,Atkynson,Atkynsoun,Atzinson,Attkinsone,Atknson",,,,
6,Aitken,0,0,,"Ackin,Ackyn,Ackyne,Aitkene,Aikeyne,Aikine,Aikin,Aitkyn,Akene,Aicken,Aickin,Aitkane,Aitkine,Akin,Aickine,Aitcken,Aitkyne,Aiking,Akine,Aicking,Aken,Aikne,Aikein,Aikyne,Aikun,Aitkin,Akyne,Aukin,Atkine,Atken,Aytkyne,Atkyn,Aytkyn,Aytkine,Aykkyne,Eakin,Eckin,Eakins,Aiken,Aikens,Aitkens,Atkin,Aitcheson",,"scottish,english,welsh,irish",Aitken,43
7,Aiton,1,0,,"Aytoun,Ayton",Home,,Aiton,44
8,Akins,0,0,,,,,Akins,47
9,Alexander,0,0,,,"Alexander of Menstry",,"Alexander Hunting",59
10,Algarve,0,0,,,,,Algarve,66
12,Allison,0,0,Allan,,,,"Allison ",84
13,Anderson,1,0,,"Andesoune,Androsone,Andirsoune,Andrson,Andersonne,Andersone,Andison,Andrewson,Andirsoone,Andersoune,Andersoun,Andree,Andyrson,Androsoun,Androsoune,Andreson,Andresoun,Androson,Andson,Andirstoun,Andirston,Anderston,Aindrea,Andie,Andrewes,Andro,Androe,Androw,Andy,Anndra,Andersen,Andersson,Andresen","Anderson of Ardbrake,Anderson of Kinneddar","scottish,english,welsh,irish","Anderson Arisaid, Anderson Arisaid #2, Anderson Blue, Anderson Blue Westwood, Anderson Green, Anderson Grey, Anderson Old, Anderson Red, Anderson Ross, Anderson, Anderson Highland Society of London","109, 110, 111, 112, 113, 114, 118, 119, 120, 121, 122"
15,Arbuthnot,1,0,,"Aberbuthnocht,Aberbuthno,Aberbuthenoth,Aberbothenoth,Abirbuthenott,Arbuthnet,Arbuthneth,Arbuthnat,Arbuthnoth,Arbuthnott",,,"Arbuthnot ",153
16,Argyle,0,0,,,,,"Argyle Campbell, Argyle Dress","157, 158"
17,Armstrong,1,0,,"Armstrang,Armestrang,Armystrang,Harmestrang,Grozier,Crosier,Crosar","Crozier,Fairbairn,Fortenbras,Nixon","scottish,english,welsh,irish","Armstrong, Armstrong Old Colours","164, 5312"
19,Keith,1,0,,"Kayt,Keathe,Keht,Ket,Keth,Kethe,Keyth,Keythe,Keytht,Kite,Keath,Keech,Keeth","Harvey,Haxton,Hurrie,Lumgair","scottish,english,welsh,irish","Keith with Yellow, Keith, Keith #2, Keith Fashion, Keith Fields","195, 196, 2160, 3063, 3064"
20,Baillie,1,0,,"Bayliss,Ballie,Baleus,Bailzie,Bailzea,Bailze,Bailyow,Bailyne,Baily,Balye,Ballye,Bailley,Baillye,Bailly,Baillyie,Bailive,Bailie,Bailey,Baile,Baly,Bayley,Balze,Balzie,Baylly,Baylie,Bayllie,Baylzie,Baylzee,Bailue,Baillze,Bayly","Baillie of Lamington,Baillie of Polkemmet","scottish,english,welsh,irish","Baillie (Highland Society of London), Baillie Dress, Baillie ","222, 223, 228"
21,Bain,1,0,,"Baine,Baines",,,,
22,Baird,1,0,,"Bard,Baard,Beird,MacBard,Barde",,"scottish,english,welsh,irish","Baird Dress, Baird Dress Dance, Baird, Baird Old Colours","231, 232, 233, 5311"
23,Baker,0,0,,,,,"Baker #2, Baker","234, 235"
24,Balfour,1,0,,,,,"Balfour Blue, Balfour Hunting, Balfour","237, 238, 239"
25,Ball,0,0,,,,,"Ball Hunting",240
27,Fitzgerald,0,0,,"MacGerailt,Fitz-Gerald,Gerald,Geralds,Geraldine",,,"Fitzgerald Blue, Fitzgerald Dress, Fitzgerald Hunting, Fitzgerald Red","1383, 1384, 1385, 1386"
29,Barclay,1,0,,"Berkeley,Bercley,Berclay,Berkele,Barclye,Berklaw,Barckley,Barkla,Barklay,Barkley,Barcula,Barculay,Bercula,Barckly,Barclaye,Barklaw,Barclet",,,"Barclay Dress, Barclay Hunting, Barclay Hunting #2","284, 285, 286"
31,Bartlett,0,0,,,,,"Bartlett (Richard) personal, Bartlett","298, 299"
32,Bates,0,0,,,,,Bates,304
33,Batten,0,0,,"Badden,Battin,Batton,Baddenach",,,Batten,308
35,Baxter,1,0,,"Baxtar,Bacster,Baxstare,Baxstar,Baxstair,Bakster,Baxster,MacVaxter,Makbaxstar,MacBaxtar,MacBaxter","Baxter of Balgavies","scottish,english,welsh,irish",Baxter,314
36,Beard,0,0,,,,,Beard,315
37,Beaton,0,0,,"Beathy,Beatoun,Beattone,Beattoun,Bethon,Betoin,Beton,Betone,Betoun,Betown,Betowne,Betton,Bettune,Beutan,Bittoune",,,Beaton,316
38,Beatty,0,0,,,,,"Beatty ",317
39,Beaverbrook,0,0,,,,,"Beaverbrook #2, Beaverbrook #3","320, 321"
40,Belfrage,0,0,,,,,Belfrage,328
41,Bell,1,0,,"Bele,Belle,Bel,Beal,Beale,Beall","MacMoil,Bell of the Borders","scottish,english,welsh,irish","Bell Border",330
43,Benson,0,0,,,,,Benson,343
44,Benyon,0,0,,,,,,
45,Bethune,1,0,,,,,Bethune,361
46,Bijral,0,0,,,,,Bijral,364
47,Birch,0,0,,,,,Birch,365
48,Birral,0,0,,"Birrell,Burrell",,,Birral,369
49,Birse,0,0,,,,,"Birse, Birse spec 619","370, 6232"
50,Bisset,0,0,,"Bessat,Besat,Besate,Buset,Byset,Bissatt,Bissott,Bissett,Biset,Biseth,Byseth,Bissart,Byssot,Bizet,Bissaite,Byssate,Bisseth,Bissate,Bissat",,,"Bisset #2, Bisset ","373, 6205"
51,Black,0,0,,"Blac,Blacke,Blak",,"scottish,english,welsh,irish","Black (DCD)",374
52,Blackie,0,0,,,,,Blackie,394
53,Blackstock,1,0,,,,,"Blackstock Dress, Blackstock Hunting","396, 397"
54,Blackwood,0,0,,,,,Blackwood,399
55,Blair,1,0,,"Blar,Blayre,Blayr,Blare,Blaire,Bleher",MacBlair,"scottish,english,welsh,irish","Blair Dress, Blair","400, 401"
56,Blalack,0,0,Blaylock,,,,Blalack,410
57,Blanton,0,0,,,,,"Blanton Dress, Blanton","411, 412"
58,Blaylock,0,0,,"Blaelock,Blalack,Blayloch",,,Blaylock,413
60,Bonnar,0,0,,Bonner,,,Bonnar,430
62,Borthwick,1,0,,"Barthwick,Bortheik,Borthwyke,Borthwik,Borthweke,Borthuyke,Borthock,Borthek,Boirthvik,Boirthuik",,"scottish,english,welsh,irish","Borthwick Dress, Borthwick","442, 443"
63,Bowie,0,0,Bowen,,,,"Bowie Black, Bowie ","450, 451"
64,Boyd,1,0,,"Boid,Boyde,Boyt,Bhoid,Bod,Boed,Boht,Bodha",,"scottish,english,welsh,irish","Boyd ",453
65,Brabender,0,0,,,,,Brabender,456
66,Braid,0,0,,,,,Braid,466
67,Watt,1,0,Watkins,"Wattie,Wat,Vatt,Wath,Wathes,Watts,Wattys,Watties,MacWatt,MacWattie",,"scottish,english,welsh,irish",Watt,4661
68,Brecheen,0,0,,Brechin,,,Brecheen,475
69,Brice,0,0,,,,,Brice,481
70,Brides,0,0,,,,,Brides,482
71,"Bright of Garth",0,0,,,,,"Bright of Garth",484
72,Brisbane,1,0,,,,,"Brisbane Family",486
73,Cameron,1,0,,"Cambrin,Camron,Camrone,Camroun,Camrowne,Camrun,Cameronne,Cambrone,Cambernon,Cammeron,Camirun","Chalmers,Clark,Clarkson,Clerk,Gibbon,Gilbertson,Gilruth,Kennedy,Leary,Lonbie,MacAlonie,MacAulay,MacClair,MacGillery,MacGillonie,MacLeary,MacMartin,MacOnie,MacPhail,MacSorley,MacUlrig,MacWalrick,Martin,Paul,Sorley,Taylor,Cameron of Erracht,Cameron of Locheil,Cameron of Lochiel","scottish,english,welsh,irish","Cameron Black & Red, Cameron Cave Plaid, Cameron Hose, Cameron Hose #2, Cameron Hunting, Cameron","667, 668, 669, 670, 671, 679"
74,Brodie,1,0,,"Broddy,Broadie,Brodye,Broddie,Brothie,Breaddie,Breadie,Brody",,,"Brodie Black & White, Brodie Dress, Brodie Hunting, Brodie Red, Brodie Silver","525, 526, 528, 530, 531"
75,Bronte,0,0,,,,,Bronte,533
76,Brough,0,0,,,,,"Brough (Colin) personal, Brough ","544, 545"
77,Broun,1,0,,,,,,
78,Bruce,1,0,,"Brus,Bruwes,Bruss,Bruc,Bruys,Brues,Bruice,Bruis,Bruze,Broce,Brois,Broiss,Brose,Brouss,Bruse,Broise","Carlyle,Crosbie,Randolph,Stenhouse,Bruce of Kinnaird","scottish,english,welsh,irish","Bruce 1985, Bruce (Alistair) personal, Bruce (Vestiarium Scoticum), Bruce Hunting, Bruce New, Bruce Old, Bruce","555, 556, 558, 559, 560, 564, 566"
79,Grant,1,0,,"Grantt,Graunte,Graunt","Allan,Allanson,Bisset,Bowie,MacAllan,MacIlroy,MacKiarran,Pratt,Suttie,Grant of Achnarrow,Grant of Edinchat,Grant of Lurg,Grant of Monymusk,Grant of Rothiemurchus","scottish,english,welsh,irish","Grant 1714, Grant Hunting (1819), Grant, Grant Hunting, Grant 1819, Grant Hunting (Old)","1671, 1673, 1682, 4885, 4946, 5040"
80,Drummond,1,0,,"Drommonde,Drummont,Drummot,Drummyn,Drumon,Drumont,Drumman,Droumound,Dromund,Dromounde,Drominth,Dromonde,Drumund,Droman,Drommount,Dormondy,Drumunde,Dreumond,Dormond","Begg,Brewer,Cargill,Dock,Doig,MacGregor,MacRobbie,Mushet,Drummond of Fingask,Drummond of Perth,Drummond of Strathallan","scottish,english,welsh,irish","Drummond (Clans Originaux) Grey, Drummond Grant variant, Drummond, Drummond Clans Originaux; Purple, Drummond spec 1380","1159, 1160, 1165, 6280, 6281"
81,Bryant,0,0,O'Brien,,,,"Bryant #2, Bryant","569, 570"
82,Bryce,0,0,Rice,,,,Bryce,571
84,Bryson,0,0,,,,,"Bryson 1988, Bryson 2000, Bryson #2","573, 574, 6240"
85,Buccleuch,0,0,,,,,"Buccleuch #2, Buccleuch Check, Buccleuch Dress, Buccleuch, Buccleuch (Fashion)","575, 576, 577, 578, 299276"
86,Buchanan,1,0,,"Bouchannane,Bohannan,Boqhannan,Boquhennane,Buquhannane,Boquhennnan,Bucquannane,Buhannane,Bochnannane,Bucqhannane,Buchquannan,Buchquhannan,Buchquhannane,Buquhannan","Bucky,Coleman,Cornick,Dove,Dowe,Gibb,Gibbon,Gibson,Gilbert,Gilbertson,Harper,Harperson,Lenny,MacCormack,Masterson,MacCalman,Morris,Richardson,Runcy,Rusk,Ruskin,Spittel,Walter,Waters,Watson,Weir,West,Yule,Dewar","scottish,english,welsh,irish","Buchanan Cerise #1 Special, Buchanan Cerise #2 Special, Buchanan Dress Dance Blue, Buchanan Hunting #2, Buchanan Hunting #1, Buchanan Hunting #2 (deprecated), Buchanan Hunting #3, Buchanan Hunting #4, Buchanan , Buchanan Old Sett, Buchanan (Antique Colours), Buchanan Hunting; Blue, Buchanan Hunting, Buchanan Heather","580, 581, 582, 583, 584, 585, 586, 587, 588, 4887, 5092, 8383, 301319, 302159"
87,Buie,0,0,,,,,Buie,595
88,Bullman,0,0,,,,,Bullman,599
89,Burnett,1,0,,"Burnet,Burnaitt,Burnat,Burnate","Blackhall,Burnett of Leys,Burnett of Powis",,"Burnett Hunting, Burnett ","605, 608"
90,Burns,0,0,Byrne,,,"scottish,english,welsh,irish","Burns 1930, Burns #2, Burns Battalion, Burns Check, Burns Heritage, Burns Heritage Check","612, 613, 614, 615, 616, 617"
92,Caledonian,0,0,,,,,"Caledonian Hunting Ancient, Caledonian","643, 644"
93,Fraser,1,0,,"Frazer,Fresell,Freser,Frew,Frezel,Friscal,Frisell,Frissell,Frizel,Frizell,Frizelle,Fraiser,Fraisser,Fraissier,Frasair,Fraseir,Frasier,Frassel,Frasser,Fraysher,Fraysser,Frazier,Fresal,Fresale,Fresall,Fresare,Frescell,Fresel,Fresill,Fresle,Fressair,Fressell,Fresser,Freyser,Frezer,Friseal,Friselle,Friser,Frisselle,Frizzell,Fryssar,Fryssell,Frysser","Abernethy,Bisset,Brewster,Cowie,Gilruth,MacGregor,MacIlriach,MacKim,MacTavish,Oliver,Simons,Syme,Tweeddale,Fraser of Lovat,Fraser of Altyre,Fraser of Boblainy,Fraser of Reelig,Fraser of Atholl","scottish,english,welsh,irish","Fraser (Wilson 1820), Fraser 78th Highlanders, Fraser Arisaid; Green, Fraser Arisaid; Red, Fraser Arisaid; Wine/Blue, Fraser Green, Fraser Hunting, Fraser Hunting # 2, Fraser Hunting Dress, Fraser Isabella, Fraser Red (special), Fraser Red (special) #2, Fraser, Fraser Old, Fraser spec 805","1436, 1437, 1438, 1439, 1440, 1441, 1442, 1443, 1444, 1445, 1451, 1452, 1453, 4934, 6294"
95,Callaghan,0,0,,"Ó Ceallacain,O'Callahan,O'Gallaghan,Callahan,Callaghane,Ceallachan,Cellachain,Ceallachain,MacCallaghne",,,Callaghan,663
96,Munro,1,0,,"Monro,Monroe,Munroe,Manro,Monroo,Munroy","Dingwall,Fowlis","scottish,english,welsh,irish","Munro Black & Red, Munro Culloden, Munro (Logan), Munro , Munro Hunting","3288, 3289, 3290, 3291, 4886"
97,Campbell,1,0,,"Cambel,Cammell,Cambele,Cambale,Cambal,Cambell,Cambelle,Camble,Campbele,Campble,Campbill","Bannatyne,Burnes,Burness,Calder,Cattell,Donachie,Fisher,Hawes,Haws,Hawson,Hurry,Isaac,Isaacs,Keller,Loudon,MacDermott,MacDiarmid,MacGibbon,MacIver,MacKellar,MacNicol,MacQuaker,MacTavish,MacVicar,Ochiltree,Orr,Pinkerton,Campbell of Breadalbane,Campbell of Cawdor,Campbell of Possil,Campbell of Argyle,Campbell of Argyll,Campbell of Armaddie,Campbell of Glenlyon,Campbell of Inveraray,Campbell of Lochawe,Campbell of Lochlane,Campbell of Loudon,Campbell of Braemar","scottish,english,welsh,irish","Campbell 42nd; Dress, Campbell 42nd; Dress; Balhousie, Campbell Camel, Campbell Dress, Campbell Dress #2, Campbell Dress; 1880 variant, Campbell Hunting, Campbell Marquis of Lorne, Campbell Red, Campbell, Campbell Old, Campbell The 42nd","680, 681, 683, 684, 685, 686, 687, 688, 710, 713, 4888, 15567"
98,Cargill,0,0,,"Cargil,Carghille,Cargile,Cargyl,Kergylle,Kergyll,Kergyl,Kergille,Kergill",,,Cargill,739
99,Clergy,0,0,,,"Clergy of Ulva",,"Clergy Wilson's, Clergy (Clans Originaux), Clergy Green, Clergy Episcopal, Clergy Grey, Clergy Red, Clergy Smith, Clergy spec 166 [default sett]","856, 863, 870, 871, 874, 875, 876, 6442"
100,Carlisle,0,0,,,,,"Carlisle Ancient, Carlisle","742, 743"
101,Carmichael,1,0,,"Carmychel,Carmichaill,Carmichel,Carmitely,Carmychale,Carmichell,Carmychall,Cayrmichell,Cayrmichel,Carmechele,Carmychell,Carmigell,Carmighell,Kermychell,Carmichail,Carmichale,Carmichan,Carmackhell,MacGillemichael,MacMichael",,"scottish,english,welsh,irish","Carmichael ",745
102,Carnegie,1,0,,"Carneggie,Carnegy,Carnegi,Carryneggi,Carrinegy,Carnigy,Carnagy,Carneaggie,Carinnegi,Carnagie,Kernagy,Kornegay,Carnage",,,"Carnegie #2, Carnegie #3, Carnegie Check, Carnegie Dress, Carnegie Dress; Dance, Carnegie ","746, 747, 748, 749, 750, 3082"
103,Carr,0,0,,,,,Carr,754
104,Casely,0,0,,,"Casely of Mannerston",,Casely,767
105,Caskie,0,0,,,,,"Caskie #2, Caskie","771, 772"
106,Cates,0,0,,,,,"Cates Dress, Cates Hunting","778, 780"
107,Cathcart,1,0,,,,,Cathcart,781
108,Chattan,1,0,,,"Adam,Cattanach,Clark,Clunie,Coutts,Dallas,Davidson,Dawson,Dean,Dickson,Farquharson,Finlay,Gillespie,Gow,Hardie,Keith,MacBain,MacGillivray,MacHardie,MacIlroy,MacIntosh,MacIntyre,MacKelecan,MacPhail,MacPherson,MacQueen,MacSwan,Noble,Paul,Pearson,Ritchie,Shaw,Smith,Swan,Tarrill,Thomson,Toash",,"Chattan #3, Chattan Chief, Chattan ","809, 810, 811"
109,Cheape,0,0,,,"Cheape of Torosay",,,
110,Childers,0,0,,,,,"Childers Gurkha Rifles, Childers","823, 824"
111,Chisholm,1,0,,"Cheseholme,Chisholme,Chesolme,Cheishame,Chesom,Cheisholme,Chesome,Chesehelme,Chessam,Cheseim,Chessame,Cheshelme,Chesseholme,Chesholme,Chesim,Cheishelm,Chism,Cheseholm,Chisolm,Chesholm,Chesolm,Chesame,Cheshelm,Cheshom,Chisolme,Chisomme,Chissem,Chissim,Chissolme,Sheshelm,Schisolme,Schisholme,Schishome,Shisholme,Schisome","Fenton,Chisholm of Strathglass","scottish,english,welsh,irish","Chisholm 2, Chisholm Artifact, Chisholm Hunting, Chisholm, Chisholm Colonial","829, 830, 831, 833, 6254"
112,Choinka,0,0,,,,,Choinka,835
113,Christie,0,0,,"Christe,Christy,MacChristie,MacChristy",,"scottish,english,welsh,irish","Christie ",838
114,Cian,0,0,,,"Cian of Ely",,Cian,845
115,Cleghorn,0,0,,,,,Cleghorn,858
116,Cleland,0,0,MacLellan,"Clelland,Cleeland,Clealand,Cleiland,Clelan,Clellan,Clellon,Kneland,Kneeland,Clayland,Cleaveland,Clalan,Clallan,Claland,Clalland,Clealland,Cleadland,Cleadlande,Cleilland,Clelane,Clelend,Clelin,Clellans,Clellend,Clellone,Clelond,Clellond,Clenlande,Clerland,Cleuland,Cleveland,Cleyland,Cliland,Clieland,Cliveland,Coleeland,Kalland,Kealand,Kealland,Keeland,Keelland,Keilland,Keland,Kelland,Klelland,Kleland,Knelands,Kneband,Clellane,Clenel,Kneelands,Kneilland,Knieland,Kniland,Nealand,Neeland,Neland,Neyland,Nieland,Nield,Niland,Nilland,Noland,Nyland",,,"Cleland #2, Cleland","860, 861"
117,Clifford,0,0,,,,,Clifford,880
118,Cochrane,1,0,,,,"scottish,english,welsh,irish","Cochrane Azure, Cochrane Hunting, Cochrane","890, 891, 892"
119,Cockburn,1,0,,,"Cockburn of Ormiston",,"Cockburn Brown, Cockburn old pattern, Cockburn ","893, 895, 896"
120,Colgan,0,0,,,,,Colgan,900
121,Colquhoun,1,0,,"Culchone,Culchonecowan,Cahun,Calwhone,Cahoun,Cahune,Cahoon,Cahund,Cachoune,Calquhoun,Calhoon,Calquhoune,Calhoun,Cahoune,Choquoyn,Colquhoune,Colquhowne,Colquhone,Colechon,Cohune,Colquhyn,Colqhoun,Colqwhone,Colwhone,Colqhuen,Colfune,Colhoun,Colwhoun,Collquhone,Colchoun,Colhoune,Culchoun,Culquhoun,Culqwon,Culquhoune,Culwone,Culqwhone,Culqwone,Culquhone,Culchon,Cowquhowne,Gahn,Kelquon,Kilwhone,Kulwoon,Kulwoun,Kylkone,Qulchom,Qulchone,Quohon,Qulwone","Ingram,Kirkpatrick,Laing,MacLinden,MacLintock,MacManus","scottish,english,welsh,irish","Colquhoun Dress, Colquhoun, Colquhoun spec 340","904, 905, 6259"
122,Colvin,0,0,,,,,Colvin,907
123,Connell,0,0,,Connal,,,Connell,924
124,Cooper,0,0,,"Coupar,Couper,Cowper",,"scottish,english,welsh,irish","Cooper (Steven) personal; Orkney Slate, Cooper Dress, Cooper Dress #2, Cooper Dress #3, Cooper, Cooper spec 70 Dress","931, 932, 933, 934, 935, 6262"
125,Corcoran,0,0,,,,,Corcoran,939
126,Cossar,0,0,,,,,Cossar,953
127,Coulter,0,0,,,,,"Coulter Dress, Coulter, Coulter spec 70 Dress","956, 957, 6263"
128,Couper,0,0,Cooper,,,,Couper,960
129,Cowper,0,0,Cooper,,,,Cowper,967
130,Craig,1,0,,"Cragge,Crag,Crage,Craigh,Cragie,Creag,Creagh",,"scottish,english,welsh,irish","Craig Paisley, Craig","970, 971"
131,Cranston,1,0,,"Cranstoun,Cranstone,Craynston,Cranestowne,Cranystoun,Cranestone,Crenestone,Creinstoun",,,"Cranston Dress, Cranston Dress #2, Cranston, Cranston Fuchsia","980, 981, 982, 302160"
132,Craparo,0,0,,,,,Craparo,984
133,Crawford,1,0,,"Crauford,Craufurd,Craunford,Crafort,Craweford,Crafoord,Crawfurd,Crawffurd,Crawfaird,Crafford,Crafoard,Craford,Crafuirde,Craufurde,Crafurd,Crouford,Crauffurd,Crawfeurd,Craufoord,Crauforth,Krauford",,"scottish,english,welsh,irish","Crawford Arisaid; Dance, Crawford Red","986, 987"
134,Crihfield,0,0,,,,,Crihfield,994
135,Crozier,0,0,,Crosser,,,Crozier,1005
137,Cruikshank,0,0,,"Crookshank,Cruickshank",,,Cruikshank,1007
138,Cumming,1,0,,"Comyn,Comine,Cumin,Cummin,Cummings,Cummingsbuchan,Cumyn,Comyns,Cummine,Cuming,Cumine,Cummins","Buchan,Common,Commons,MacNiven,Russell","scottish,english,welsh,irish","Cumming Hunting, Cumming ","1018, 1019"
139,MacAulay,1,0,,"MacAlley,MacAuley,MacAully,Aulay,MacAuliffe,MacAulla,MacAullay,MacAula,MacAuihlay,MacAlay,MacCallow,MacAllay,MacCalla,MacAla,MacCally,MacCalley,MacCallay,MacCala,MacAwlay,MacAwla,MacCaulaw,MacCauley,MacCauly,MacCaula,MacCaulay,MacCawley,MacCorley,MacCowley,MacGawley,MacGaulay,MacKallay,MacKalla,MacKauley,MacKaula,Makally,Makcalla,Auleth,Makcaulay,Makalley,Makkalay,MacKail,MacKell,MacCaell,MacKall,Makcale,MacAull,MacCale,MacCaull,MacCaul,Makcaill,MacKale,MacKaill,MacKeil","MacAulay of Lewis",,"MacAulay Hunting, MacAulay ","2572, 2574"
140,Cunningham,1,0,,"Chonigham,Conigham,Conighame,Cunnynghame,Cwnninghame,Cunnyngayme,Cunynghame,Cunnygam,Cunyngahame,Cunninghame,Cunymgham,Conynghame,Cwnyghame,Cunyngame,Cunyngaham,Cunyghame,Cwnygham,Conyngham,Cunningghame,Conyghans,Conningans,Cunygam,Cunigham,Cunigom,Cuninggame,Cuningham,Cuninghame,Kuningham,Kyninghame",,"scottish,english,welsh,irish","Cunningham Dress Dance Blue, Cunningham Dress Burgundy, Cunningham Dress Green, Cunningham Dress Purple, Cunningham Dress Red, Cunningham Dress Royal Blue, Cunningham Hunting, Cunningham","1020, 1021, 1022, 1023, 1024, 1025, 1026, 1027"
141,MacNicol,1,0,,"MacNeacail,MacNicail,MacNiccoll,MacNichol,MacNichole,MacNicholl,MacNickle,MacNicoll,MacNychol,MacNychole,MacNycholl,Maknichol,Maknicoll,Maknychol,Maknycholl",,,"MacNicol Hunting, MacNicol, MacNicol Red, MacNicol #2","2945, 2946, 3383, 3384"
142,Currie,1,0,,"Couric,Curie,Curray,Curre,Curri,Currye","Currie of Arran","scottish,english,welsh,irish","Currie, Currie spec 101","1030, 6272"
143,Curry,0,0,,,,,Curry,1031
144,Cusack,0,0,,,,,"Cusack ",1032
145,Dalgliesh,0,0,,,"Dalgliesh of Tinna",,"Dalgliesh Dress, Dalgliesh (a), Dalgliesh ","1054, 1055, 304190"
146,Dallas,0,0,,,,,Dallas,1056
147,Dalrymple,1,0,,"Darumple,Darymple,Dawrumpyl,Dalrympille,Dalrumpil,Dalrimpill,Dalrumpill,Dalrympil,Dalrumple,Derumpill","Dalrymple of Castleton",,,
148,Dalziel,1,0,,"Dalzell,Dalyell,Alidiel,Dayzill,Deill,Deell,Dalsell,Daleyhelle,Dalyhell,Dalyiel,Dalyel,Dalzel,Dalyhel,Dalzelle,Dalziell,Daleyhell,Daliel,Daliell,Dalielle,Dalliell,Dyell,Dyayell,Diyell,Duill,Deyell,Dalzeil",,,"Dalziel ",1063
149,Davidson,1,0,Davies,"Davisoun,Davysone,Davitson,Davyson,Dawysoun,Davison,Dawysone,Davidsone,Daveson,Daviesoune,MacDade,MacDaid,Keay","Dean,Deane,Kay,Kaye,MacDavid,MacKay,Slora,Slorach,Davidson of Tulloch,Davies","scottish,english,welsh,irish","Davidson , Davidson Double, Davidson Half, Davidson spec 87","1069, 1070, 1071, 6274"
150,Davis,0,0,,,,,Davis,1077
152,Deas,0,0,,"Deassoun,Dausoun,Deason,Deasson,Dasone,Desson,Daw,Dawe,Dawes,Day,Dey,Dow,Dye",,,Deas,1087
153,Dempster,0,0,,,,,Dempster,1095
154,Denny,0,0,,,,,"Denny Hunting",1096
155,Denovan,0,0,,,,,Denovan,1097
156,Devlin,0,0,,"Ó Doibhilin,Ó Duibhlin,O'Dobhalen,O'Develin,O'Devlin,Davlin,Defflin,Develin,Devline,Devolin,Devoline",,,"Devlin ",1103
157,Dickie,0,0,Richards,"Dick,Dicky,Dickey",,,Dickie,1114
157,Dickie,0,0,Dickson,"Dick,Dicky,Dickey",,,Dickie,1114
158,Dinwoodie,0,0,,"Dunwoodie,Dinwiddie,Dunwoddie",,,Dinwoodie,1117
159,Dobrain,0,0,,,,,Dobrain,1120
160,Donachie,0,0,,Donnachaidh,"Donachie of Brochloch,Donachie of Brockloch",,Donachie,1127
161,"Donald of Staffa's Sett",0,0,,,,,"Donald of Staffa's Sett",1128
163,Dorward,0,0,,Durward,,,Dorward,1135
164,Douglas,1,0,,"Douglass,Dowglass,Dovglas,Dowglas,Dulglas,Douglace,Douglase,Dogles,Dowglace,Dulglass,Douglis,Dowglasse,Dougles,Duglas,Douglles","Cavers,Drysdale,Forrester,Glendinning,Inglis,Kirkpatrick,MacGuffie,MacGuffock,Morton,Sandilands,Douglas of Roxburgh","scottish,english,welsh,irish","Douglas Black, Douglas Green, Douglas Dress, Douglas Grey, Douglas Red, Douglas, Douglas Navy, Douglas WCMM","1138, 1139, 1140, 1141, 1143, 1144, 5940, 298149"
165,Downs,0,0,,Downes,,,Downs,1148
166,Paisley,1,0,,,,,"Paisley Drennan, Paisley District","1154, 3551"
167,Ogilvie,1,0,,"Ogilvy,Ogilby,Ogelvie,Ogilvey,Ogelvy,Ogilbe,Ogilbie,Ogilve,Ogilwe,Ogilwie,Ogilwye,Oglevy,Ogylbe,Ogyllwe,Ogylvi,Ogylvy,Ogylwe,Ogylwye","Airlie,Fothy,Futhie,Storrie,Ogilvie of Airlie,Ogilvie of Inverarity,Ogilvie of Strathallan","scottish,english,welsh,irish","Ogilvie (Logan), Ogilvie #2, Ogilvie #3, Ogilvie Black & White, Ogilvie Hunting, Ogilvie","3496, 3497, 3498, 3499, 3500, 3505"
168,Dryburgh,0,0,,,,,"Dryburgh, Dryburgh spec 87 [default sett] ","1166, 6282"
169,Dryfe,0,0,,,,,Dryfe,1167
171,Sutherland,1,0,,"Chaney,Chayne,Cheen,Chein,Cheine,Chene,Cheney,Chesne,Cheyney,Chisnie,Chyine,Chyne","Cheyne,Clyne,Duffus,Federith,Gray,Keith,Mowat,Murray,Oliphant,Sutherland of Duffus","scottish,english,welsh,irish","Sutherland Dress, Sutherland Dress #2, Sutherland Dress; Royal Blue, Sutherland Hunting, Sutherland Old, Sutherland ","4382, 4383, 4384, 4385, 4387, 6775"
172,"Duke of Fife",0,0,,,,,"Duke of Fife ",1182
173,"Duke of Perth",0,0,,,,,"Duke of Perth",1183
174,"Duke of Rothesay",0,0,,,,,"Duke of Rothesay Hunting, Duke of Rothesay ","1184, 1185"
175,Rothesay,0,0,,,,,"Rothesay #2, Rothesay Dress, Rothesay Hunting, Rothesay Red","3882, 3883, 3884, 3885"
176,"Duke of Sussex",0,0,,,,,"Duke of Sussex",1186
177,Inverness,0,0,,,,,"Inverness District, Inverness Hunting","2037, 2038"
178,"Duke of York",0,0,,,,,"Duke of York Hunting, Duke of York","1187, 1188"
179,Dunbar,1,0,,"Dunbarre,Dumbare,Dumbar,Dounbare","Clugston,Edgar,Heryng,Strickland,Wedderburn,Dunbar of Pitgaveny",,"Dunbar Hunting, Dunbar Plaid, Dunbar ","1190, 1193, 1194"
180,Duncan,1,0,,"Duncane,Dunchad,Dunckane,Dunecan,Dunecanus,Dunkan,Dunkane",,"scottish,english,welsh,irish",Duncan,1202
181,Leslie,1,0,,"Leslay,Lesley,Lesslie,Lesly,Lesli,Leslei,Lessley,Lessely","Abernethy,More,Leslie of the Hebrides","scottish,english,welsh,irish","Leslie (J Cant), Leslie Hunting, Leslie ","2369, 2370, 2372"
182,Dundas,1,0,,Dundass,,"scottish,english,welsh,irish","Dundas (Melbourne) personal, Dundas ","1203, 1204"
183,Dundonald,0,0,,,,,,
184,Dunlop,1,0,,"Dunlape,Donlop,Donlip,Dunlap,Dunlope,Dunlopp,Donlap,Dunluop,Dunlip,Downlop,Dullope,Dalape,Dewlap",,,"Dunlop #2, Dunlop Dress, Dunlop Hunting, Dunlop ","1222, 1223, 1224, 1225"
185,Dunmore,0,0,,,,,Dunmore,1226
186,Durie,1,0,,,,,,
187,Dyce,0,0,,,,,"Dyce (Clans Originaux), Dyce","1240, 1241"
188,Dyer,0,0,O'Dwyer,,,,Dyer,1242
189,Ebronen,0,0,,,,,Ebronen,1254
190,Edwards,0,0,,"Kedward,Kedwards,Iorwerth,Emment,Emont,Edward,Edwardes,Edwardson,Bedward,Yerward,Yorath",,,"Edwards of Wales",1274
191,Montgomery,1,0,,Montgomerie,,"scottish,english,welsh,irish","Montgomery (Vestiarium Scoticum), Montgomery Colin, Montgomery, Montgomery 1815 Variant","3230, 3231, 3233, 4923"
192,Elliot,1,0,,"Elliotti,Elliott,Ellet,Ellette,Ellett,Eliot,Eliott,Elleot,Ellat,Elluat,Illot",,"scottish,english,welsh,irish","Elliot (Clans Originaux), Elliot ","1289, 1290"
193,Ellis,0,0,,"Elisa,Elise,Elisha,Elis,Ellice,Eliza,Ellisa,Helis,Elisedd,Ellianson,Eliss,Elliss,Ellys,Eles,Elias,Elix,Elyce,Elyas,Elys,Heelis,Helys",,,"Ellis of Wales",1291
194,Elphinstone,1,0,,,,,Elphinstone,1293
195,Erskine,1,0,,"Aersking,Aersken,Aerskine,Arskeyne,Arskyn,Askin,Arskin,Askine,Assequin,Areskin,Arskine,Areskine,Erskye,Ersken,Erskyne,Erschine,Erskyn,Erkyrn,Ersskyne,Erskynn,Erschin,Hasquin,Hirskyne,Herskyne,Irskyne,Ireskin,Irskine,Irskyn",,,"Erskine Black & White, Erskine Blue, Erskine Burgundy, Erskine Dress Dance Black, Erskine Dress Dance Blue (a), Erskine Dress Purple, Erskine Green, Erskine Hunting, Erskine Purple, Erskine Red, Erskine, Erskine Dress Green, Erskine Dress Dance Blue, Erskine Dress Dance Blue [150 Blue variant]","1306, 1307, 1308, 1309, 1310, 1311, 1312, 1313, 1314, 1315, 1316, 4925, 304191, 396027"
196,Esteba-Quer,0,0,,,,,Esteba-Quer,1320
197,Estes,0,0,,,,,Estes,1321
198,Evans,0,0,,"Evan,Evance,Heavens,Iefan,Ifan,Jeavons,Jevons,Jeavince,Evands,Evanson,Evens,Evenson,Evins,Euan,Evyn,Ewy,Heaven,Ifans,Ieuan,Ewen",,,"Evans of Wales",1326
199,Ewbank,0,0,,Eubank,,,Ewbank,1329
200,Farquharson,1,0,,,"Barrie,Bowman,Christie,Coutts,Cromar,Farquhar,Ferries,Findlay,Findlayson,Gracie,Kellas,Lyon,MacCaig","scottish,english,welsh,irish","Farquharson (Clans Originaux), Farquharson #2, Farquharson #3, Farquharson Dress, Farquharson, Farquharson 1842 Variant","1340, 1341, 1342, 1343, 1344, 4916"
201,Ferguson,1,0,,"Fergusson,Fergowsone,Fergeson,Fergusone,Furguson,Fergussoun,Fergousoune,Farguesoun,Fargisone,Fargussoun,Fargusone,Fargesoun,Forgusoun","Fergus,Ferries,MacFergus,MacKerras,Ferguson of Balquhidder","scottish,english,welsh,irish","Ferguson Dress, Ferguson Dress #2, Ferguson Dress Blue (Dance), Ferguson, Ferguson Old","1352, 1353, 1354, 1356, 4917"
203,Fermanagh,0,0,,,,,"Fermanagh 1990, Fermanagh Irish County Crest","1358, 4899"
204,Fiddes,0,0,,,,,"Fiddes Kelvingrove Artifact, Fiddes Rock and Wheel, Fiddes","1366, 1367, 1368"
205,Gillies,0,0,,"Gellas,Gilies,Gilise,Gillas,Gilleis,Gilles,Gillice,Gilliosa,Gillise,Gilliss,Gylis,Gyllis",,,"Gillies Blue; Dress Dance, Gillies Blue; Dress Dance #1, Gillies Green; Dress Dance, Gillies Red; Dress Dance, Gillies ","1534, 1535, 1536, 1537, 1538"
206,Fitzgibbon,0,0,,,,,Fitzgibbon,1387
207,Fitzpatrick,0,0,,"MacGiollaPhádraig,Fitzpatricks,Fityz-Patrick,Kilpatrick,MacGilpatrick,Shera,Sherar",,,"Fitzpatrick Dress, Fitzpatrick Hunting, Fitzpatrick","1388, 1389, 1390"
208,Fitzsimmons,0,0,,"Fitzsimons,Simmons,Simons,Simon,Symon,Symons,Symin,Symmie",,,"Fitzsimmons Hunting, Fitzsimmons Red","1391, 1392"
209,Fletcher,1,0,,"Flessor,Fleschar,Fleschor,Flechyr,Flesshour,Fleschour,Flessher,Flesser,Flescher,Fletcheour,Fleger,Flesher,Fledger,MacInlester,MacInleister,MacInleaster,Makinlestar,Makfleger,MacLeister","MacClester,MacFleger,MacInlister,Fletcher of Dunans","scottish,english,welsh,irish","Fletcher Family",1398
211,Forbes,1,0,,"Forbas,Forebess,Forbace,Forbss,Forbose,Faubus,Fobes,Forbush,Fordice,Furbush,Fordyse,Ffordyce,Fordise,Fordys,Foirdyse","Berry,Boyce,Fordyce,Lumsden,Meldrum,Walter,Waters,Watson,Watt,Forbes of Druinnor","scottish,english,welsh,irish","Forbes 1842 Variant, Forbes Ancient, Forbes Brown, Forbes Dress, Forbes","1406, 1407, 1408, 1409, 1411"
212,Forrester,1,0,,"Forester,Foristar,Forrister,Froster,Forstare,Forastir,Foryster,Forrestar,Forestar,Forstar,Forster,Forest,Forister,Forrest",,"scottish,english,welsh,irish","Forrester Hunting, Forrester","1417, 1419"
213,James,0,0,,"Fitzjames,Geames,Jaimes,Jacob,Jago,Jamie,Jamison,Jaymes,Jayume,Jamsey,Jem,Jemes,Gimson",,,"James of Wales",2091
214,Forsyth,1,0,,"Faresyth,Fersy,Forsith,Forsitht,Fersith,Forsythe,Fearsithe,Foresyth,Forsithe,Forsycht,Forsytht,Forseyth,Fersyth,MacForsyth",,"scottish,english,welsh,irish","Forsyth, Forsyth 1991 Variant, Forsyth Old Colours","1420, 4918, 5313"
215,Fox,0,0,,,,,"Fox Hunting, Fox Red","1426, 1427"
216,Frame,0,0,,,,,"Frame (Ferniegair) personal, Frame","1429, 1431"
217,Stewart,1,0,,"Steuarde,Steuarte,Steward,Stiuard,Stiubhard,Stiward,Stuard,Stuarde,Stuerd,Stuward,Steuard,Steuart,Stuart","Appin,Atholl,Boyd,Carmichael,Colquhoun,Cook,Cruickshank,Denniston,Duilach,France,Garrow,Gray,Hunter,Lennox,Levack,Livingstone,Lombard,Lorne,Lyle,MacColl,MacCombich,MacCombie,MacComie,MacDonleavy,MacGlashan,MacKinlay,MacLeay,MacLew,MacMunn,MacNairn,MacNucator,MacRob,Mitchell,Mitchelson,Moodie,Robb,Sharp,Walker,Stewart of Appin,Stuart of Bute,Stewart of Ardshiel,Stewart of Atholl,Stewart of Fingask,Stewart of Galloway,Stewart of Killiecrankie,Stewart of Rothesay","scottish,english,welsh,irish","Stewart King George VI, Stewart #2, Stewart Artifact, Stewart Black, Stewart Dress Blue, Stewart Blue #2, Stewart Camel, Stewart Campbell, Stewart Cromarty Mss, Stewart Dress, Stewart Dress; 4 red lines, Stewart Dress; Blue Lines, Stewart Dress; Heather, Stewart Dress; Purple, Stewart Fragment, Stewart Hunting, Stewart Hunting (1819 variant), Stewart Mourning Originaux, Stewart Mourning Originaux #2, Stewart Old, Stewart Pink, Stewart Plaid, Stewart Purple, Stewart Regency, Stewart Royal, Stewart Royal (1819 variant), Stewart Royal (Black & White & Grey), Stewart Royal (Black & White), Stewart Royal (Vestiarium Scoticum), Stewart Royal #2, Stewart Royal #3, Stewart Victoria, Stewart Plaid (1746 variant), Stewart Navy Blue, Stewart Small Sett Black, Stewart Blue (Dress), Stewart Prince Charles Edward, Stewart Dress Grey, Stewart Royal; Black Stripe, Stewart Royal; Red Stripe","2225, 4292, 4293, 4294, 4295, 4296, 4297, 4298, 4299, 4300, 4301, 4302, 4303, 4304, 4305, 4306, 4307, 4309, 4310, 4324, 4325, 4326, 4327, 4328, 4329, 4330, 4331, 4332, 4333, 4334, 4335, 4336, 4368, 4929, 4945, 5925, 6488, 8386, 305462, 305463"
218,Frater,0,0,,,,,Frater,1458
220,Fulton,0,0,,,,,"Fulton 1982, Fulton 1999","1477, 1478"
221,Gallamore,0,0,,,,,Gallamore,1488
222,Gammell,0,0,,"Gemmall,Gemmell",,,"Gammell 1978, Gammell ","1504, 1522"
223,Gary,0,0,,"Gerry,Garry",,,Gary,1508
224,Gates,0,0,,,,,"Gates Hunting, Gates","1509, 1510"
225,Gayre,0,0,,"Gair,Angear,Gaire,Ger,Gear,Gere,Ghiorr,Gayr,Gar,Gayer,Gyre,Geir,Garrison,Garson,Kerrison,Gairn",,,"Gayre Bodyguard, Gayre Bodyguard #2, Gayre Dress, Gayre Dress #2, Gayre Hunting, Gayre","1512, 1513, 1514, 1515, 1516, 1517"
226,Geddes,1,0,,"Geddas,Geddeis,Geddess,Geddis,Gedes,Giddes,Ged,Geddies,Geddie,Geddy,Gel,Geadais,Geadasach",,"scottish,english,welsh,irish","Geddes, Geddes Spec 1646","1518, 6299"
227,Gibson,1,0,,"Gibsoune,Gipson,Gipsone,Gipsoun,Gilbertsone,Gybsone,Gybbesone,Gybsoun,Gypsone,Gybson,Gibbinson,Gibbie,Gibbisone,Gibbeson,Gibbieson,Gib,Geib,Gibsone,Gibsoun,Gebbieson,Gibb,Gibbons,Gibbsone,Gibsons,Gilson,Gippson",,"scottish,english,welsh,irish",Gibson,1530
228,Gillespie,0,0,,"Galeaspe,Ghillaspic,Gilasp,Gilaspy,Gilhaspy,Gilhespy,Gilispie,Gillaspik,Gillaspy,Gillespey",,,Gillespie,1533
230,Glenfinnan,0,0,,,,,Glenfinnan,1611
231,Glengarry,0,0,,,,,"Glengarry Highland Games, Glengarry","1612, 1613"
232,Glenn,0,0,,,,,Glenn,1622
233,Glennie,0,0,,,,,"Glennie Evelyn; Rhythms of, Glennie","1623, 1624"
234,Goldstraw,0,0,,,,,Goldstraw,1637
235,Gordon,1,0,,,"Adam,Addie,Addison,Aitken,Atkin,Atkins,Atkinson,Barrie,Barry,Connon,Craig,Cullen,Darge,Dorward,Esslemont,Gardner,Garrick,Geddes,Huntly,Laing,Lang,Laurie,MacDuff,Marr,Maver,Meldrum,Milne,More,Morrice,Muir,Todd,Troup,Gordon of Abergeldie","scottish,english,welsh,irish","Gordon (Wilsons), Gordon Dress, Gordon Dress #2, Gordon Old, Gordon (1819), Gordon, Gordon spec 1393 92nd Regiment, Gordon spec 1393 92nd Regiment #2","1639, 1640, 1641, 1643, 1644, 1645, 6303, 6304"
236,Graden,0,0,,Gradene,,,Graden,1653
237,Graham,1,0,,"Graeme,Grahame,Grahym,Grim,Grymn,Grym,Greym,Grahm,Greyme,Graheme,Grahem,Greme,Grahme,Graiham,Greeme,Gram,Grame,Graem,Grayme,Graym,Grem,Grimm,Grehme,Grime,Gruamach","Airth,Allardyce,Blair,Bonar,Hadden,Haldane,MacGibbon,MacGilvernock,MacGrime,Menteith,Pye,Pyott,Graham of Menteith,Graham of Montrose,Graham of Airth","scottish,english,welsh,irish","Graham Dress, Graham Red, Graham Red; Dress","1655, 1660, 1661"
238,Montrose,0,0,,,,,"Montrose #2, Montrose #3, Montrose (McNaughton)","3239, 3240, 3241"
239,Grainger,0,0,,,,,Grainger,1662
241,Gray,1,0,,"Graye,Grays,Grey,Groy",,"scottish,english,welsh,irish","Gray Hunting, Gray John Hamilton","1688, 1689"
242,Greene,0,0,Green,,,,Greene,1697
244,Greenshields,0,0,,,,,"Greenshields Skye",1701
245,Greer,0,0,,,,,Greer,1703
246,Griffiths,0,0,,"Griffith,Griffis,Gruffydd,Gruffudd,Griffies,Griffin,Guto,Griffen,Gryffin,Griffyn,Griffing,Grippiud,Gryphon,Gutyn,Gryffudd,Gryffuths",,,"Griffiths of Wales",1717
247,Gunn,1,0,,"Gunni,Gun","Gallie,Ganson,Georgeson,Henderson,Jamieson,Johnson,Keene,MacIan,MacKean,MacManus,MacOmish,MacRob,MacWilliam,Magnus,Main,Mann,Manson,Neilson,Robb,Robinson,Swan,Swanney,Swanson,Wills,Wilson,Wylie","scottish,english,welsh,irish","Gunn (Robert) personal, Gunn #2, Gunn, Gunn 1842 Variant","1727, 1728, 1729, 5094"
248,Guthrie,1,0,,"Gottray,Gottraye,Gotthra,Gotheray,Gotraye,Gottrae,Gotrey,Gothra,Gottre,Gotray,Gotrae,Gothray,Gothraw,Guttre,Gutherie,Gutherye,Guthre,Guthere,Guthry,Guthrye,Gutrae,Guttere,Guttraw,Guthree",,,"Guthrie , Guthrie Dress","1731, 6309"
249,Gwyn,0,0,,"Gwinn,Gwinnett,Gwynedd,Gwynett,Gwynn,Gwynne,Gwynns,Gynne,Gwinne",,,Gwyn,1734
250,Hackston,0,0,,,,,"Hackston Green Stripe",1737
252,Hall,1,0,,"Halle,Haule,Haul,Hal,Hale,Haw,Haugh","Deaula,MacHall","scottish,english,welsh,irish",Hall,1745
253,Halliday,0,0,,,,,Halliday,1746
254,Hamilton,1,0,,"Hammeltoune,Hammyltoune,Hamyltoune,Hammyltoun,Hamyltone,Hamulthone","Cadzow,Hamilton of Brandon,Hamilton of Clayton","scottish,english,welsh,irish","Hamilton Hunting, Hamilton Red, Hamilton ","1749, 1753, 1754"
255,Hanby,0,0,,,,,Hanby,1756
256,Hanna,0,0,,,"Hanna of Leith,Hanna of Stirlingshire",,Hanna,1760
257,Hannay,1,0,,"Ahannay,Ahanney,Hanay,Hannaye",,,"Hannay Blue, Hannay Dress, Hannay ","1761, 1762, 1763"
258,Harden,0,0,,,,,Harden,1767
259,Hardie,0,0,,Hardy,,,"Hardie ",1768
260,Hargis,0,0,,,,,Hargis,1771
261,Harkness,0,0,,,,,"Harkness Dress, Harkness Hunting","1772, 1773"
262,Harris,0,0,Harrison,"Hariss,Harrie",,,"Harris (NY)",1780
263,Hart,0,0,,,,,Hart,1786
264,Harvey,0,0,,"Harvie,Hervey,Hervie",,,Harvey,1788
265,Haughdale,0,0,,,,,Haughdale,1790
266,Hay,1,0,,"Haya,Haye,Heys,Hey,Ave,Aue,Aye","Arrol,Constable,Gifford,MacKester","scottish,english,welsh,irish","Hay #2, Hay #3, Hay Dress, Hay Hunting, Hay","1800, 1801, 1802, 1803, 1806"
267,Leith,0,0,,"Leithe,Lethe,Leth,Leyth,Leythe",,,"Leith District, Leith","2353, 2354"
268,Healy,0,0,,"Ó hÉalaigh,Ó hÉilidhe,O'Healy,O'Healey,O'Hely,Healey,Hely,Heely,Heeley",,,Healy,1810
269,Hebridean,0,0,,,,,"Hebridean Cairn, Hebridean Dress Arisaid Blue, Hebridean Dress Arisaid Red, Hebridean Granite, Hebridean Heather, Hebridean Inner Hebrides, Hebridean North Uist, Hebridean Old District","1818, 1819, 1820, 1821, 1822, 1823, 1824, 1825"
270,Hebrides,0,0,,,,,"Hebrides #02, Hebrides #03, Hebrides #04, Hebrides #05, Hebrides #06, Hebrides #07, Hebrides #08, Hebrides #09, Hebrides #10, Hebrides #11, Hebrides Inner #02, Hebrides Outer, Hebrides South Uist #01, Hebrides South Uist #02, Hebrides South Uist #03, Hebrides","1826, 1827, 1828, 1829, 1830, 1831, 1832, 1833, 1834, 1835, 1836, 1837, 1838, 1839, 1840, 1841"
271,Heddle,0,0,,,,,Heddle,1845
272,Henderson,1,0,,"Hendersonne,Hendersoun,Henryson,Henrisoune,Hendersoune,Hendrisoune,Henryesson,Henrisoun,Hendersone,Henersoun,Henreysoun,Henrysoun,Henresoun,Hendirsone,Hennersoune,Hendirsoune,Hennryson,Henrisone,Henriesoun,Henrison,Endherson,Endirsone,Enderson,MacCanrig,Makhenry,Enrig,Hendery",,"scottish,english,welsh,irish","Henderson Dress, Henderson Dress #2, Henderson Dress #3, Henderson","1854, 1855, 1856, 5919"
273,Hepburn,1,0,,,,,"Hepburn #2, Hepburn ","1862, 1863"
274,Heston,0,0,,,,,Heston,1877
275,Highfield,0,0,,,,,"Highfield Dress, Highfield Hunting, Highfield","1884, 1885, 1886"
276,Hislop,0,0,,Hyslop,,,"Hislop #2, Hislop Hunting","1917, 1918"
277,Hogarth,0,0,,,,,Hogarth,1927
278,Hogg,1,0,,Hog,,,Hogg,1928
279,Hohenzollern,0,0,,,,,"Hohenzollern Staff, Hohenzollern","1930, 1931"
280,Holmes,0,0,,"Holme,Holms,Hulme,Hulmes",,,Holmes,1938
282,Home,1,0,,"Hume,Hom,Hoom,Hewme,Hoome,Houm,Houme,Huym,Hum","Ayton,Buncle,Dunbar,Eaton,Greenlaw,Haliburton,Landale,MacK,Nisbet,Wedderburn",,"Home (Vestiarium Scoticum), Home #2, Home (Clans Originaux) (Archived), Home Old Colours, Home (Clans Originaux)","1943, 1944, 1945, 4964, 303236"
283,Hood,0,0,,,,,Hood,1946
284,Hope-Vere,0,0,,,,,Hope-Vere,1947
285,Hopkins,0,0,,"Hopkin,Popkin,Popkins,Hopkines,Hopkinson,Hopkyns,Hopcyn,Hopcyns,Hopper,Hoppner,Popcin",,,"Hopkins of Wales",1950
286,Hosey,0,0,,,,,Hosey,1953
287,Hughes,0,0,,"Hews,Hues,Huse,Huw,Huys,Hugh,Hullin,Hullyn,Huws,Tugh,Hoell,Hughs",,"scottish,english,welsh,irish","Hughes of Wales, Hughes (DCD K1)","1966, 302210"
289,Humphries,0,0,Humphreys,,,,"Humphries (Name), Humphries ","1970, 302030"
290,Hunter,1,0,,"Huntair,Huntere,Huntayr,Huntter,Huntres,Hwtar,Huntar","Hunter of Bute,Hunter of Hunterston,Hunter of Peebleshire","scottish,english,welsh,irish","Hunter , Hunter 1775, Hunter (Graham) personal, Hunter Old, Hunter Old #2, Hunter Old #3, Hunter USA, Hunter #2","1484, 1974, 1975, 1979, 1980, 1981, 1982, 3923"
291,Huntly,0,0,,,,,"Huntly District, Huntly District #2, Huntly Gordon Gathering 2000, Huntly Old, Huntly","1984, 1985, 1986, 1987, 1988"
292,Hutcheson,0,0,,"Hutchison,Hutchinson",,,Hutcheson,1989
294,Hyndman,0,0,,,,,Hyndman,1998
295,Inches,0,0,,,,,Inches,2008
296,Inglis,1,0,,"Englis,Ingles,Ingalls,Ingals",,,Inglis,2018
297,Inkster,0,0,,,,,"Inkster ",2020
298,Innes,1,0,,"Inne,Dinnes,Ennis,Innie,Innis,Innice,Ineys,Ineess,Inees,Inays,Ince,Dynnes","Inch,Innes of Cowie",,"Innes (Georgina), Innes Dress Dance, Innes Green; Dress, Innes Hunting; Lyon count, Innes Red; Dress, Innes, Innes Red","2021, 2022, 2023, 2024, 2027, 2028, 2774"
299,Irvine,1,0,,"Eirryn,Erwyne,Erwine,Erwin,Erwyn,Erwinne,Ervine,Erwing,Erevein,Erewine,Herwynd,Herwyne,Irwing,Irewing,Irvein,Irwen,Irwan,Iruyn,Irvyn,Iruin,Hurven,Irvinn,Irwyn,Irvinge,Irwine,Irwyng,Irwynn,Irwyne,Irwin,Irveyn,Irrwing,Iruyne,Iruwyn,Irewyne,Irrwin,Irvin,Irveing,Irvying,Irving,Irrewin,Irrewine,Irrewing,Irruwing,MacIrvine,Urwin,Urwing,Urwyng,Urwen,Yrwing,Yrwin,Glentulcan","Irvine of Bonshaw","scottish,english,welsh,irish",Irvine,2053
300,"Isle of Man Manx",0,0,,,,,"Isle of Man Manx #2, Isle of Man Manx Centenary, Isle of Man Manx Dress, Isle of Man Manx Ellan Vannin, Isle of Man Manx Heritage, Isle of Man Manx Hunting, Isle of Man Manx Laxey; Blue, Isle of Man Manx Laxey; Dress Green, Isle of Man Manx Laxey; Red, Isle of Man Manx National, Isle of Man Manx","2064, 2065, 2067, 2068, 2069, 2070, 2071, 2072, 2073, 2074, 2075"
301,Jackson,0,0,,"Jacson,Jacksone,Jackston,Jackstone",,,"Jackson ",2083
302,Jacobite,0,0,,,,,"Jacobite #2, Jacobite Dress, Jacobite Dress #2, Jacobite Old, Jacobite Old Sett, Jacobite","2084, 2085, 2086, 2087, 2088, 2089"
303,Jardine,1,0,,"Jardin,Jardane,Jerden,Jerdone,Jarden,Jardyne,Jarding,Jardyn,Gairdner,Garden,Gardiner,Gardner,Jardines","Jardine of Castlemilk","scottish,english,welsh,irish","Jardine Dress, Jardine spec 426, of Castlemilk","2093, 6331"
304,Jenkins,0,0,Jenkins,"Jankin,Jenkin,Jenkinson,Jenkyns,Genge,Jankins,Jencyn,Jenks,Jinkin,Jinkins,Jinkson,Jynkson,Siencyn,Jenkins,Jenkynn,Jinkines,Jenkens,Junkin,Junkins",,,"Jenkins of Wales",2100
305,Johnstone,1,0,,,,"scottish,english,welsh,irish","Johnstone Clans; Originaux, Johnstone Dress, Johnstone Orange/Black, Johnstone ","2116, 2117, 2118, 2119"
306,Jones,0,0,Jones,"Jonas,Jone,Joness,John,Jones,Shone,Sion,Ieuan",,"scottish,english,welsh,irish","Jones #2, Jones Bobby, Jones Hunting, Jones of Wales","2124, 2125, 2126, 2127"
307,Joss,0,0,Joyce,,,,Joss,2130
308,Jrgensen,0,0,,,,,Jrgensen,2131
310,Kalkofen,0,0,,,,,Kalkofen,2149
312,Keilar,0,0,,,,,Keilar,2159
313,Kelly,1,0,,"Kellie,Ó Ceallaigh,Kelley,Kilkelly,MacKillely,O'Kelly,Gilkelly,O'Cadhla,MacGoila","Kelly of Sleat",,"Kelly Dress",2164
314,Kennedy,1,0,,"Kinnedi,Canedie,Kennyde,Kennadee,Kenide,Keneidy,Kennydy,Kennedi,Kenede,Kenadie,Kennaty,Kennatie,Kenyde,Kanydi,Kenedy,Kennety,Kennedye,Kennide,Kinydy,Kennetie,Kanide,Kynidy,Kyneidy,Kennedie,O'Kennedy,Ó Cinnéide,Ó Ceannéidigh",,"scottish,english,welsh,irish","Kennedy Dress, Kennedy Irish, Kennedy","2175, 2176, 2177"
315,Kennison,0,0,,,,,Kennison,2178
316,Kerby,0,0,,Kirby,,,Kerby,2183
317,Kerr,1,0,Car,"Ker,Kerre,Kere,Keire,Keyr,Cer,Kare,Kar,Kayr,Kaurr,Karr,Karre,Carrach,Kier",Cessford,"scottish,english,welsh,irish","Kerr Hunting, Kerr Shepherd's Plaid, Kerr","2184, 2185, 2186"
318,Kidd,0,0,,,,,"Kidd Rock and Wheel, Kidd ","2188, 2189"
319,Kiernan,0,0,,Keirnan,,,Kiernan,2190
320,Kierson,0,0,,,,,Kierson,2191
321,Kilbarchan,0,0,,,,,"Kilbarchan # 1, Kilbarchan # 11, Kilbarchan # 14, Kilbarchan # 2, Kilbarchan # 3, Kilbarchan # 4, Kilbarchan # 5, Kilbarchan # 7, Kilbarchan # 8","2192, 2193, 2194, 2195, 2196, 2197, 2198, 2199, 2200"
322,Kilgour,0,0,,,,,"Kilgour , Kilgour (Symmetrical)","2204, 2205"
323,Killen,0,0,,,,,Killen,2207
324,Killin,0,0,,,,,Killin,2208
325,Kincaid,1,0,,"Kinkid,Kinkead,Kinkaid,Kyncayd,Kynkad,Kynked,Kyncaide,Kyncade,Kyncaid",,,"Kincaid ",2214
329,Kinnaird,1,0,,"Kennard,Kinnard,Kinnart,Kinzerd,Kynarde,Kynharde,Kynnard,Kynnart",Culbin,,"Kinnaird #2, Kinnaird, Kinnaird spec 538","2238, 2239, 6340"
330,Kinnison,0,0,,,,,Kinnison,2240
331,Kinnoull,0,0,,,,,Kinnoull,2241
333,Kirk,0,0,,,,,Kirk,2248
334,Knox,0,0,,,,,"Knox #2",2262
335,Kyle,0,0,,,,,"Kyle Blue, Kyle Green","2271, 2272"
336,Laing,1,0,,,"Laing of Archiestown",,"Laing Artefact, Laing","2280, 2282"
337,Lamont,1,0,,"Lamon,Lemond,Limond,Limont,Lamonson,Lamond,Lemmont,Lawmondson","Black,Blake,Brown,Burdon,Gildowie,Lamb,Lamondson,Landers,Lucas,Luke,Lyon,MacCracken,MacGilledow,MacIlwhom,MacLamond,MacLucas,MacPatrick,MacPhorich,MacSorley,Meikleham,Munn,Patrick,Sorley,Toward,Turner,White","scottish,english,welsh,irish","Lamont Dress, Lamont Heather, Lamont","2288, 2289, 2290"
338,Lang,0,0,,"Leng,Ling",,,Lang,2297
339,Langston,0,0,,,,,"Langston ",2300
340,Lasting,0,0,,,,,Lasting,2311
341,Latin,0,0,,,,,Latin,2312
342,Lauder,0,0,,,,,"Lauder Dress, Lauder ","2313, 2314"
343,Laurie,0,0,,"Lawrie,Larrie,Lawry,Lowrey,Laurri,Laury,Lowrie",,,Laurie,2317
344,Lawlis,0,0,,Lawless,,,"Lawlis, Lawlis aka Lawless","2323, 6344"
345,Lawrie,0,0,Laurie,,,,Lawrie,2325
346,Leach,0,0,,"Leech,Leitch,Leatch,Lech,Leche,Leeche,Leetch,Leiche,Leitche,Leyche,Liche,Liech,Lietch,Litch",,,"Leach Hunting #2, Leach Hunting, Leach","2331, 2332, 2334"
347,Leask,1,0,,"Lesk,Lesque,Laysk,Leaske,Leisk,Lowask,Laisk,Lisk,Lask,Louask,Laske,Laski,Lowsk",,,"Leask ",2338
348,Leckie,0,0,,,,,Leckie,2341
349,Ledford,0,0,,,,,"Ledford ",2342
350,Lee,0,0,,"Lea,Legh,Leigh,Ley,Leyie",,,Lee,2343
351,Leighton,0,0,,,,,Leighton,2350
352,Lendrum,0,0,,,,,"Lendrum Lyon version, Lendrum","2358, 2359"
353,Lennie,0,0,,,,,Lennie,2360
354,Lennox,1,0,,"Levenax,Levinax,Levynnax,Lenox",,,"Lennox Dress Dance Purple, Lennox Dress Red, Lennox Dress Turquoise, Lennox ","2361, 2362, 2363, 2364"
355,Leonard,0,0,,,,,"Leonard Hunting",2365
356,Lermontov,0,0,,,,,Lermontov,2366
357,Lewis,0,0,,"Lewess,Lews,Llewis,Llewiss,Llewys,Lewys,Lou,Louis,Lew,Lewes,Lewiss,Lewwis,Llewess",,,"Lewis of Wales, Lewis Red","2376, 5535"
358,Liberton,0,0,,,,,Liberton,2379
359,Linden,0,0,,,,,Linden,2383
360,Lindsay,1,0,,"Lyndsay,Lindsey,Lindesse,Linsey,Lyndissay,Lindissi,Lyndsey","Cobb,Crawford,Deuchar,Downie,Fotheringham,Rhind,Summers","scottish,english,welsh,irish","Lindsay #2, Lindsay Black lines, Lindsay Dress Dance, Lindsay Dress Dance; Green, Lindsay Dress Dance; Red, Lindsay Hunting, Lindsay (Smibert), Lindsay , Lindsay spec 99 Dress Blue, Lindsay spec 99 Dress Green, Lindsay #3","2386, 2387, 2388, 2389, 2390, 2391, 2392, 2393, 6349, 6350, 408605"
361,Little,1,0,,"Litel,Litil,Litill,Litle,Littell,Littil,Littill,Littyll,Lityl,Lytil,Lytle,Lyttle,Lyttille","Little of Morton",,"Little Arisaid, Little Dress","2399, 2400"
362,Livingston,0,0,Livingstone,,,,,
363,Livingstone,1,0,,"Levingstoun,Levingston,Levingstone,Levingstoune,Levingestun,Levington,Levingestoune,Levyngstoun,Lewynston,Levystone,Lewingstoune,Levistone,Levnstoun,Levyngistoun,Levynston,Lewinston,Levinston,Levynstoune,Lewynstone,Lewynstoun,Lewynstoune,Lewyngstoun,Livingston",,,"Livingston, Livingstone Dress","2406, 2410"
364,Llewellyn,0,0,Llewellyn,"Lleo,Flello,Flellos,Hillin,Hilling,Lello,Lellow,Lewelin,Lewhellin,Llewelin,Llewellin,Llewelling,Llewelyn,Llewheling,Llewhellin,Llewhelling,Whellin,Welling,Wellins,Llew,Llewellyn,Flewelling,Flewellen,Lywellin",,,"Llewellyn of Wales",2413
365,Lloyd,0,0,,"Loyd,Llwyd,Flood,Floyd,Lloid,Lwyd,Loid",,,"Lloyd #2, Lloyd, Lloyd of Wales","2414, 2415, 2416"
367,Lochaber,0,0,,,,,"Lochaber (Wilson's Old), Lochaber #2, Lochaber Cameron, Lochaber Hesketh, Lochaber Scrapbook, Lochaber ","2433, 2434, 2435, 2436, 2437, 2438"
368,Lockhart,1,0,,"Lockhert,Lokhartt,Lockhartt,Lokkard,Lokert,Lokarte,Lockheart,Lokart,Lockhead",,,Lockhart,2452
370,Logan,1,0,,"Logyn,Lopan,Loghane,Logane,Loggan,Loghyn,Lowgane,Lagan,Laggan",,,"Logan (Clans Originaux), Logan #1, Logan Dark, Logan #4, Logan #5, Logan with Yellow, Logan #7, Logan #6, Logan Light, Logan ","2458, 2459, 2460, 2461, 2462, 2463, 2464, 2465, 2466, 2467"
371,Longmore,0,0,,,,,"Longmore, Longmore Spec 106","2484, 6356"
373,Loton,0,0,,,,,Loton,2512
374,Loughheed,0,0,,"Loughhead,Lougheed",,,"Loughheed (DCD?)",2514
376,Lovat,0,0,,,,,"Lovat #1, Lovat #2, Lovat Muted","2519, 2520, 6683"
377,Lowry,0,0,,,,,Lowry,2521
378,Lumsden,1,0,,"Lumesten,Lumisdayn,Lumisdane,Lumsdean,Lumisdeyn,Lumsdaine,Lummisdane,Lummdane,Lummisden,Lummesdene,Lumisden,Lumisdeane,Lumysden,Lummysden,Lommestone","Lumsden of Clova,Lumsden of Kintore",,"Lumsden Hunting, Lumsden Waistcoat, Lumsden , Lumsden spec 444 Hunting","2525, 2528, 2529, 6360"
379,Lynch,0,0,,"Ó Loingsigh,O'Lynch,Linch",,,"Lynch (a), Lynch ","2536, 304138"
380,Lynn,0,0,Flynn,,,,Lynn,2537
381,Lyon,1,0,,,,,"Lyon (Jeffrey) personal, Lyon ","2538, 2539"
382,Lysaght,0,0,,,,,"Lysaght Dress, Lysaght Hunting, Lysaght","2542, 2543, 2544"
383,MacAlister,1,0,,"Allister,MacAlaster,MacAlester,MacAllaster,MacAllister,Alester,Allaster,Allistair,Allester,Allasdair,Alasdair,Alaster,MacCallaster,MacAlasdair,MacCalister,MacAllester,MacAllestar,MacAlestar,MacAllestair,MacAlestir,MacAllestyr,MacAlstar,MacAlestare,MacAlestre,MacAlestere,MacAlastair,MacAlyschandir,MacCollister,MacKallister,MacQuhollastar,Makalestyr,Makeallyster,Makallastair,Makallestir,Makalester,Alastair,Alistair,Sanders,Alister,MacAlshoner,MacAlexander,MacAlshonair,MacKalexander,Makalexander,Saunderson,Sandrissoun,Sandrison,Sanderrissone,Sanderisone,Sandersounn,Sanderis,Sandersone,Sanderson,Alshinor,Alshonar,Alshioner,Aleschenor,Alschinner,Alshinder,Alshonder,Alschioner,Alschoner,Alshenour,Aleschunder,Alschonder,Alschunder,Alisandre,Alshumder,Ashioner,Aschenour,Alzenher,Alshoner,Alshunder,Alzenor,Alshonner,Alsinder,Alshonir,Elshener,Elshender,Elchuner,Elshenour,Elshenar,Elsender,Elsher,Elchyneur,Elzenour,Elshinar,Elshioner,Elshunder,Sandiesoune,Sandesoune,Sandie,Sandesoun,Sandesone,Sandesounn,Sandy,Sandison,","Alexander,Saunders,MacAlister of Glenbarr,MacAlister of Skye","scottish,english,welsh,irish","MacAlister Dress, MacAlister, MacAlister 1810 Variant, MacAlister (Gourlay Steele Collection)","2551, 2555, 6766, 298843"
384,MacAlpine,1,0,,,,,MacAlpine,2558
385,MacAn,0,0,,,,,"Macan Hose, Macan","2559, 2560"
386,MacArthur,1,0,,"MacCairter,MacCartair,MacCarter,Arthurson","MacArthur of Milton,Dewar","scottish,english,welsh,irish","MacArthur 1815, MacArthur 1815 #2, MacArthur, MacArthur spec 106","2561, 2562, 2565, 6362"
387,MacAvoy,0,0,,MacEvoy,,,MacAvoy,2575
388,MacBean,1,0,,"MacIlveen,MacVain,MacVane,MacVean,MacBen,MacBeane,MacBehan,MacBane,MacBayne,MacIlweine,MacIlmeyne,MacIllvain,MacIlwain,MacKilvane,MacKilweyan,MacKilven,MacKilvain,MacKilwein,MacKilwyan,MacKelvain,MacLewain,MacKlewain,MacVeane,MacVaine,MacYlveine,MacWean,MacWeane,Makgilvane,Makilmain,Makilvene,Makilwyane,Makilmeyn,Makilwene,Makilvane,Mekilwaine,MacIlveane,MacIlvayne,MacIlvean,MacElveen,MacElvain,MacElwain,MacGilweane,MacGilvane,MacHilmane,MacIllveyan,MacIlmeine,MacIlmeane,MacIlwaine,MacIlvaine,MacIlvian,MacIlvane,MacAlbea","MacBean of Tomatin",,"MacBean Dress, MacBean Lord Lyon version, MacBean ","2577, 2578, 2581"
389,MacBeth,0,0,,"MacBeath,MacBheath,MacBeathy,MacBathe,MacBey,MacBee,MacBea,MacBheatha,MacBeatha,MacBheathain,MacBaith,MacBay,MacKbayth,Maelbeth,Malbeth,Melbeth,MacBetha,MacGillebeatha,Beattie,MacBeith,MacEth,MacEthe,MacHeth,MacBae",,,"Macbeth # 2, Macbeth #3, Macbeth Dress, MacBeth Dress Dance, Macbeth Pleasanton, MacBeth ","2582, 2583, 2584, 2585, 2586, 2587"
390,MacBrair,0,0,,"MacBrayer,MacBriar,MacBraire",,,"MacBrair #2, MacBrair Dress, MacBrair Dress #2, MacBrair","2588, 2589, 2590, 2591"
391,MacBride,0,0,,"Briddie,Bridie,Bridye,Bridy,Bryde,Brydie",,,MacBride,2592
392,MacCainsh,0,0,,,,,MacCainsh,2594
393,MacCall,0,0,,,,,"MacCall ",2596
394,MacCallie,0,0,,,,,MacCallie,2597
395,MacCallum,1,0,,"MacAllum,MacCallome,MacCalume,MacCaluim,MacCalme,MacCalim,MacCollom,MacCollum,MacColem,MacColum,MacCullum,MacCullom,Makallum,Molcallum","MacCallum of Berwick","scottish,english,welsh,irish","MacCallum, MacCallum Red Line, MacCallum 1800 Variant, MacCallum Old","2599, 4889, 4915, 4926"
396,MacCandlish,0,0,,MacCandless,,,"MacCandlish Green; Arisaid, MacCandlish Green; Hunting (Erroneous), MacCandlish Grey; Dress, MacCandlish Red, MacCandlish Red; Arisaid, MacCandlish Grey; Arisaid, MacCandlish Green; Hunting","2602, 2603, 2604, 2605, 2606, 301075, 301077"
397,MacCarthy,0,0,,"MacCárthaigh,MacCarty,MacArty,MacArthy,MacCurdy,Carthy,MacCardy",,,"MacCarthy Old, MacCarthy ","2607, 2608"
398,MacCaskill,0,0,,MacAskill,,,MacCaskill,2611
399,MacCaughan,0,0,,,,,MacCaughan,2612
400,MacClafferty,0,0,,,,,MacClafferty,2613
401,MacClure,0,0,,MacLure,,,"MacClure Hunting, MacClure","2614, 2615"
402,MacColl,1,0,,,,,"MacColl Hunting, MacColl Old, MacColl","2616, 2617, 2618"
403,MacConnell,0,0,,MacConnal,,,MacConnell,2620
404,MacCormick,0,0,,"MacCormack,Cormac,Cormack,Cormag,Cormick,MacArmick,MacCarmick,MacCarmike,MacChormaig,MacComok,MacCormaig,MacCormock,MacCormok,MacCornick,MacCornock,MacCornok,MacCowbyn,MacGresche,MacKernock,MacKermick,MacKornok,MacKornock,MacOrmack,Makarmik,Makcormok,MacCormaic,Carmack,Cormach,Cormich,Cormiche,Cormyck,Kormack,Kormick",,,"MacCormick Dress, MacCormick ","2623, 299247"
405,MacCorquodale,1,0,,"MacCorkell,MacCorqudill,MacCorquidall,MacCorquhedell,MacCorquodill,MacCorquell,MacCorquidill,MacCorquidle,MacCorquydill,MacOrquodale,MacOrquidill,MacQuorquodale,MacQuorquordill,MacQuorcadaill,MacTorquil,MacTorquedil,MacQuorquhordell,Kerkyll,MacCorkindale,MacCorkill,MacCorkil,MacCorker,MacCordadill,MacCorcadill,MacCorcadale,MacCorcadail,MacKurkull,MacKorkitill,MacKorkyll,MacOrkill,MacThorcadail,MacThurkill,MacThorcuill,Makcocadill,Makcorquydill,Makcorquidill,Makcorcadell,Mikcorcadill,MacCorkie,MacCorkle",,,"MacCorquodale , MacCorquodale #2, MacCorquodale #3","2625, 2626, 2627"
406,MacCoul,0,0,,,,,MacCoul,2628
407,MacCraig,0,0,,,,,MacCraig,2629
408,MacCreary,0,0,,,,,MacCreary,2630
409,MacCrimmon,0,0,,,,,MacCrimmon,2631
410,MacCulloch,1,0,,"MacCullogh,MacLulich,MacLullich,Culloch,Gulloch,MacAlach,MacChullach,MacClullich,MacColloch,MacCoulach,MacCoulagh,MacCoulaghe,MacCowlach,MacCuley,MacCullach,MacCullagh,MacCullaghe,MacCullaigh,MacCullauch,MacCullie,MacCullo,MacCullocht,MacCulloh,MacCullough,MacCully,MacHulagh,MacHullie,MacKculloch,MacKowloch,MacKowloche,MacKulagh,MacKullie,MacKulloch,MacKullouch,MacLulaghe,MacLulaich,MacLulli,MacLullick,MacOulie,MacOwlache,MacUlagh,MacUlaghe,MacUllie,MacUlloch,Makawllauch,Makcoulach,Makcowllach,Makcowloch,Makcullo,Makculloch,Makcullocht,Makhulagh,Malcowlach,MacOloghe",,,"MacCulloch #2, MacCulloch 1746 Dress, MacCulloch","2633, 2635, 2636"
411,MacDonald,1,0,,,"Alexander,Allanson,Ballach,Balloch,Beath,Bowie,Bullock,Connell,Cook,Coull,Cririe,Daniel,Donnell,Galbraith,Gilbride,Gorrie,Gorry,Gowans,Hawthorn,Henderson,Howe,Hutchison,Jeffrey,Johnstone,Kelly,Livingstone,MacAlister,MacBrayne,MacConnell,MacCuish,MacCutcheon,MacDaniel,MacDougal,MacGeachan,MacGill,MacGilp,MacIsaac,MacKean,MacKendrick,MacKiarran,MacMartin,MacMurrich,MacRorie,MacSorley,MacVurrich,Mark,Martin,MacDonald of Clanranald,MacDonald of Sleat,MacDonald of Keppoch,MacDonald of Aird,MacDonald of Ardnamurchan,MacDonald of Boisdale,MacDonald of Borrodale,MacDonald of Glenaladale,MacDonald of Glencoe,MacDonald of Kingsburgh,MacDonald of Lochmaddy,MacDonald of P.E.,MacDonald of Staffa,MacDonald of Glengarry,MacDonald of Belfinlay","scottish,english,welsh,irish","MacDonald #2, MacDonald Dress, MacDonald Dress Muted Blue Special, MacDonald Dress; Irish, MacDonald Hunting, MacDonald Lord of the Isles; Hunting, MacDonald Hunting #2 depr, MacDonald , MacDonald Flora; Dance, MacDonald Flora; Plaid Artifact, MacDonald Sir John A, MacDonald Flora, MacDonald Lord of the Isles (Green), MacDonald Blue, MacDonald Old, MacDonald Lord of the Isles (OLD), MacDonald Dress Dance, MacDonald Lord of the Isles; Hunting Blue, MacDonald Clanranald (Chief)","2649, 2650, 2651, 2652, 2653, 2654, 2675, 2676, 2677, 2678, 2679, 4920, 4970, 4971, 5920, 5922, 6208, 6363, 307034"
412,MacDevitt,0,0,,,,,MacDevitt,2638
413,MacDiarmid,0,0,,MacDairmid,,,"MacDiarmid , MacDiarmid Dress, MacDiarmid (MacGregor Hastie)","2639, 2640, 4919"
415,MacDonagh,0,0,,"MacDona,MacConchie,MacConechy,MacConich,MacConnechy,MacConnochie,MacConochie,MacDonachie,MacOnachie,MacChonachy,MacConachy,MacConaghy,MacConche,MacConchy,MacCondach,MacCondachie,MacCondachy,MacCondochie,MacCondoquhy,MacConechie,MacConiquhy,MacConkey,MacConnachie,MacConnaghy,MacConnchye,MacConnechie,MacConnichie,MacConnoquhy,MacConnquhy,MacConochey,MacConoughey,MacConquhie,MacConquhy,MacConquy,MacDhonchaidh,MacDhonnachie,MacKchonchie,MacKondachy,MacKonochie,MacKunuchie,MacOnachy,MacOnchie,MacOndochie,MacOndoquhy,MacOnechy,MacOnochie,MacOnohie,Donnaghy,Donaghy,Donnachie,Donnchad,Donnchadh,Donnchaidh,Makchonachy,Makconchie,Makconoch,Makonoquhy,MacConacher,MacConcher,MacConnacher,MacConquhar,MacCrobert,MacDonach,MacDonachy,MacDonchy,MacDonnach,MacDonnchaidh,MacDonochie,MacDonough,MacDonquhy,MacDouagh,MacHonichy,MacInechy",,,MacDonagh,2641
416,MacDonell,1,0,,MacDonnell,"MacDonell of Glengarry,MacDonell of Keppoch",,,
417,MacDonnell,1,0,MacDonell,,"MacDonnell of Glengarry,MacDonnell of Keppoch",,,
418,MacDougal,0,0,MacDougall,,,,"MacDougal Dress, MacDougal No. 1","2685, 2687"
419,MacLeod,1,0,,,"MacLeod of the Lewes,MacLeod of Assynt,MacLeod of California,MacLeod of Gesto,MacLeod of Harris,MacLeod of Lewis,MacLeod of Raasay,MacLeod of Skeabost,MacLeod of Skye,MacLeod of Tullibardine","scottish,english,welsh,irish","MacLeod (Bain) personal, MacLeod Black & White, MacLeod Dress; Special, MacLeod German, MacLeod Snuffbox, MacLeod Dress, MacLeod Black and Red, MacLeod spec 87 of Lewis, MacLeod Red","2885, 2886, 2887, 2888, 2900, 4952, 6375, 6376, 33667"
420,MacDougall,1,0,,MacDougal,,"scottish,english,welsh,irish","MacDougall (Clans Originaux), MacDougall #2, MacDougall William, MacDougall, MacDougall spec 700","2688, 2689, 2690, 2691, 6364"
421,MacDuff,1,0,,"Makduf,Duff,Doff,Duf,Duif","Kilgour,Spens,MacDuff of Duff",,"MacDuff Dress, MacDuff Hunting, MacDuff, MacDuff 1842 Variant","2694, 2695, 2696, 4955"
422,MacEachain,0,0,,,,,MacEachain,2697
423,MacEdward,0,0,,,,,"MacEdward (MacGregor Hastie)",2699
424,MacEwan,1,0,,"MacEwen,Eunson,Ewan,Ewen,Ewenson,Ewing,Eogan,Eogann,Eoghan,Eoghann,Eugene,Eunsone,Evanson,Evinson,Ewain,Ewin,Ewinesone,Ewinn,Ewinson,Ewinsoun,Ewisone,Ewnesoune,Ewynson,Ewynsone,Ewynsoun,MacKewan,MacKewn,MacKuen,MacOunn,MacCoun,MacCuinn,MacCunn,MacCwne,MacUne,MacCune,MacLune,MacEoghann,MacEogan,MacEven,MacEvine,MacEvan,MacEun,MacEuen,MacEvin,MacEoghainn,MacEwn,MacEwin,MacEwine,MacEwing,MacEwingstoun,MacKewnie,MacKewin,MacKewyne,MacKevin,MacKuenn,MacKuinn,MacKone,MacYewin,MacYwene,MacYowin,Makewn,Yewnsoun,Keown,Makcvne,Makcune,MacKune,MacKoen,MacKeown,MacKeon,MacKeowan",,"scottish,english,welsh,irish","MacEwan 1856, MacEwan Dress Arisaid, MacEwan (Clans Originaux), MacEwan","2702, 2703, 2704, 2705"
425,MacFadzean,0,0,,"MacFadden,MacFaden,MacFadin,MacFadion,MacFadwyn,MacFadyean,MacFadyon,MacFadzan,MacFadzein,MacFadzeon,MacFattin,MacFayden,MacFedden,MacFeyden,MacFydeane,MacGillane,MacPhadden,MacPadane,MacPaden,MacPhadan,MacPhaddion,MacPhadein,MacPhaden,MacPhadzen,MacPhaidein,MacPhaiden,MacPhaidin,MacPhyden,MacPhedran,MacPhadran",,,"MacFadzean , MacFadzean #2","2707, 2953"
426,MacFarlane,1,0,,MacFarlan,"Bartholomew,MacGurk","scottish,english,welsh,irish","MacFarlane Black and White, MacFarlane Dress, MacFarlane Hunting, MacFarlane Lord Lyon sett, MacFarlane ","2708, 2709, 2710, 2711, 2712"
427,Wallace,1,0,Walsh,,,"scottish,english,welsh,irish","Wallace Blue, Wallace Dress, Wallace Dress; Blue (incorrect ""stock"" version), Wallace Hunting, Wallace, Wallace High School, Wallace spec 406 Blue, Wallace Dress; Blue","4639, 4640, 4641, 4642, 4643, 6511, 6512, 300424"
428,MacFie,1,0,,"MacDuffie,Cathie,Fee,MacCaffie,MacCathie,MacFee,MacHaffie,MacVee,MacVie","MacFie of Colonsay",,"MacFie B&W, MacFie Dress, MacFie Hunting, MacFie","2713, 2714, 2715, 2717"
429,MacGaugh,0,0,,,,,MacGaugh,2720
430,MacGibboney,0,0,,"MacGibony,MacGiboney,MacGibonney",,,"MacGibboney Dress, MacGibboney","2723, 2724"
431,MacGill,1,0,,Makgill,,,"MacGill ",2726
432,MacGillivray,1,0,,"MacGillivoor,MacGillivour,MacGilvra,MacGilvray,MacIlvrae,Gilvray,Gilrye,MacGillevary,MacGillavrach,MacGillevoray,MacGillevorie,MacGillvray,MacGillevray,MacGillvra,MacGillewra,MacGillavery,MacGillewray,MacGillavary,MacGillvery,MacGillvary,MacGillveray,MacGillowray,MacGillivary,MacGillivry,MacGillivraid,MacGillivrie,MacGilvory,MacGilrey,MacGilwrey,MacGuilvery,MacGilvary,MacIlbraie,MacGilvery,MacIliwray,MacIlvery,MacIlvray,MacIlvora,MacIlwray,MacIlveerie,MacIlvrach,MacIlvra,MacIlray,MacIluray,MacIllvra,MacIlvory,MacIlra,MacIlwra,MacKelrae,Vcgillevorie,MacIlvoray,MacIllevorie,MacGillayne,MacGillyane,Makillewray",MacIlroy,,"MacGillivray Hunting, MacGillivray","2728, 2729"
433,MacGlashan,0,0,,"MacGilleglash,MacGlashen,MacGlashin,MacGlassan,MacGlassin,MacGlasson,MacIlleglass,MacKglesson,Galashan,Glashan,Glashen,Glashin",,,"MacGlashan 1800, MacGlashan Breacan Glas, MacGlashan #3 Original Colours, MacGlashan #3, MacGlashan ","2731, 2732, 2733, 2734, 310019"
434,MacGlynn,0,0,,MacKlin,,,"MacGlynn #2, MacGlynn","2735, 2736"
435,MacGowan,0,0,,,,,"MacGowan Portrait, MacGowan","1651, 2737"
436,MacGrath,0,0,,"Grath,MacGra,MacGraw,Magrath,Magraw,MacCraith",,,MacGrath,2739
437,MacGregor,1,0,,"MacCrouther,MacGrowther,MacGruder,MacGruther,MacGrouther,MacGruer,MacCrewer,MacCrouder,MacCrewir,MacCrowther,MacGrader,MacGrudder,MacHrudder,MacGruthar,MacGrewer,MacHruder,MacGrowder,MacGrevar,MacGrudaire,MacRudder,MacRudrie,MacRuar,MacRuer,MacRither,Magruder,Makrudder,Makgruder,Gruer,MacGregare,MacGregur,MacGrigor,Gregorson","Arrowsmith,Black,Bower,Bowmaker,Brewer,Caird,Comrie,Dennison,Docherty,Fletcher,Gair,Greer,Gregory,Greig,Greyson,Grigor,King,Kirkpatrick,Leckie,MacAdam,MacAlister,MacAngus,MacAnish,MacCainsh,MacCance,MacChoiter,MacConachie,MacDonagh,MacGilledow,MacInnes,MacInstalker,MacLiver,MacNess,MacNie,MacNiesh,MacNocaird,MacNucator,MacPetrie,MacRae,Malloch,Nice,Nish,Orr,Pattullo,Peat,Peter,Peterkin,Peters,Petrie,Skinner,Stalker,Stringer,Walker,White,MacGregor of Balquhidder,MacGregor of Cardney,MacGregor of Glengyle,MacAlpine","scottish,english,welsh,irish","MacGregor Dress, MacGregor Dress Blue, MacGregor Dress Burgundy, MacGregor Dress Green, MacGregor Dress Red, MacGregor Dress Royal, MacGregor Dress Turquoise, MacGregor Rob Roy, MacGregor Rob Roy #2, MacGregor Hunting, MacGregor, MacGregor spec 106 Dress Green","2742, 2743, 2744, 2745, 2746, 2747, 2748, 2752, 2753, 2754, 2755, 6366"
438,MacGurk,0,0,,"MacCork,MacGurkich,MacGurgh,MacKork",,,MacGurk,2760
439,MacHardy,0,0,,,,,"MacHardy (Clans Originaux), MacHardy Black, MacHardy ","2762, 2763, 2764"
440,MacHinery,0,0,,,,,MacHinery,2768
441,MacIan,0,0,,"Kean,Cain,Kain,Keand,MacAin,MacAne,MacCain,MacCaine,MacCane,MacCayne,MacEan,MacEane,MacEoin,MacIain,MacKain,MacKane,MacKeand,MacKein,Makane,Makayn,Makcane,Makcayne,Makkane,MacKeane",,,MacIan,2769
442,MacInally,0,0,,"MacAnally,MacAnnally,MacCannally",,,MacInally,2770
443,MacInery,0,0,,,,,MacInery,2771
444,MacIngust,0,0,,,,,MacIngust,2772
445,MacInroy,0,0,,Roy,,,"MacInroy Rattray, MacInroy ","2775, 6209"
446,Rattray,1,0,,"Ratray,Ratre,Ratteray,Retrey,Rettra,Rettray,Rotray","Rattray of Lude",,"Rattray ",3767
447,MacIntyre,1,0,,"MacIntire,MacKintyre,MacTire,MacEntire,Tyre,MacCoshim,MacInteer,MacIntyir,MacIntyr,MacKentyre,MacOisein,MacTyre,MacYntyre,Makintare,Maktyre,Tire,MacCosham,MacEntyre","MacTier,Wright,MacIntyre of Glenorchy,MacIntyre of Littleport","scottish,english,welsh,irish","MacIntyre (MacGregor Hastie), MacIntyre #2, MacIntyre #3, MacIntyre Hunting (Vestiarium Scoticum), MacIntyre Strathfillan, MacIntyre, MacIntyre New Hunting, MacIntyre spec 834 or Glenorchy","2778, 2779, 2780, 2781, 2784, 2785, 5043, 6369"
448,MacIsaac,0,0,,,,,MacIsaac,2787
449,MacIver,1,0,,"MacIvor,MacAver,MacEver,MacEwer,MacEwir,MacEwyre,MacGeever,MacGiver,MacIvar,MacIverach,MacIvirach,MacKeur,MacKever,MacKevor,MacKevors,MacKewer,MacKewyr,MacKiver,MacKivers,MacCowir,MacEiver,MacEvar,MacYuir,Makcure,Makewer,Makiver,Iverson,MacKivirrich,Iverach,Evar,Evir,Ivar,Iver,Ivirach,Ivor,Yvar,Yvir,MacEur,MacEure,MacCuir,MacCur,MacCure,MacEuer,MacEuir,MacUir,MacUre","MacIver of Strome",,"MacIver #2, MacIver Hunting, MacIver","2788, 2789, 2792"
450,MacKay,1,0,,"MacCaa,MacCay,MacGaa,MacAth,MacAy,MacCa,MacCaidh,MacCaoidh,MacCey,MacCoid,MacCoy,MacGee,MacGhee,MacGhie,MacHie,MacKee,MacQue,MacQuery,MacQuey,MacIye,MacKa,MacKaa,MacKaay,MacKai,MacKe,MacKeay,MacKeiy,MacKew,MacKey,MacWhaugh,MacWhaw,MacWhey,MacWhy,MacYe,Makaw,Makay,Makca,Makcaw,Makcawe,Makcoe,Makkaw,Makkcae,Makke,Makkee,Makkey,Makkie,Maky,Morgund,Murgan,Neelson,Neillsone,Neilsone,Neilsoun,Neilsoune,Neleson,Nelesoun,Nelsone,Nelsonne,Nelsoun,Neylsone,Nilson,Nilsone,Nilsoune,Nylson,MacAoidh,MacKy,MacKye,MacQha,MacQua,MacQuhae,MacCue,Nielson","MacQuiod,Morgan,Neilson,Reay,Scobie,Williamson,MacKay of Strathnaver","scottish,english,welsh,irish","MacKay Blue (Vestiarium Scoticum), MacKay Dress, MacKay , MacKay Dutch District, MacKay spec 116","2797, 2798, 2800, 4927, 6370"
451,MacKean,0,0,,,,,"MacKean Hunting",2803
452,MacKeane,0,0,MacIan,,,,MacKeane,2806
453,MacKeever,0,0,,,,,MacKeever,2807
454,MacKellar,0,0,,,,,"MacKellar Dress, MacKellar Dress Cerise, MacKellar Dress Purple, MacKellar Dress Purple #2, MacKellar Dress Red, MacKellar Dress Red #2, MacKellar Dress Royal, MacKellar ","2808, 2809, 2810, 2811, 2812, 2813, 2814, 2815"
455,MacKenzie,1,0,,"MacCenzie,MacEinzie,MacEnzie,MacKainzie,MacKanze,MacKeanzie,MacKeinezie,MacKeinzie,MacKenezie,MacKenyee,MacKenyie,MacKenzy,MacKinyie,MacKinze,MacKinzie,MacQuhenzie,MacQuhinze,MacQuhynze,Makcainze,Makcanze,Makeinzie,Makenze,Makkanze,Makkenze,Makkinze,Makquhinze,Makquhynze,Mkenzi,MacHinzie,Makeinny,Makkennych,Makkeny,Makkenych,Makkynnay","Charles,Clunies,Cromarty,Kenneth,MacKenna,Smart,MacKenzie (Seaforth)","scottish,english,welsh,irish","MacKenzie #2, MacKenzie Dress, MacKenzie Hunting; Brown, MacKenzie Hunting; Green, MacKenzie Morgan, MacKenzie, MacKenzie Small Sett, MacKenzie Dress #2, MacKenzie Spec 1618 Dress","2817, 2818, 2819, 2820, 2821, 2824, 4943, 6371, 6372"
456,Morgan,0,0,,"Morgaine,Morgrain,Morgain,Morgant,Morgans,Morgen,Morgun,Morrgun,Morgraunt",,,"Morgan Blue (archive), Morgan of Wales, Morgan spec 127 Blue","3253, 3254, 6408"
457,MacKerrell,1,0,,,,,,
458,MacKillen,0,0,,,,,"MacKillen Hunting, MacKillen","2829, 2830"
459,MacKillop,0,0,,,,,"MacKillop ",2831
460,MacKinlay,0,0,,,,,"MacKinlay #2, MacKinlay Dress, MacKinlay ","2832, 2833, 2834"
461,MacKinnon,1,0,,"MacInnon,MacKinney,MacKinning,MacKinven,Kinney,Kinnie,Kinnon,MacCannan,MacCannon,MacKeenan,MacKinin,MacKinna,MacKinnen,MacKinoun,MacKiynnan,Makenone,Makfingane,Makfingoun,Makkynine,Makkynnon,Kackinvan",Love,"scottish,english,welsh,irish","MacKinnon #2, MacKinnon Hunting, MacKinnon","2835, 2836, 2837"
462,MacKinross,0,0,,,,,MacKinross,2838
463,MacKintosh,1,0,,MacIntosh,,"scottish,english,welsh,irish","MacKintosh #2, MacKintosh Artefact, MacKintosh Chief, MacKintosh Dress, MacKintosh Dress Dance, MacKintosh Hunting, MacKintosh Plaid, MacKintosh Red, MacKintosh, MacKintosh Moy Hall; Plaid","2777, 2839, 2840, 2841, 2842, 2843, 2844, 2845, 2846, 4949"
464,MacKirdy,0,0,,,,,MacKirdy,2847
465,MacKusick,0,0,,,,,MacKusick,2854
466,MacLachlan,1,0,,"MacLaghlan,MacLauchlan,MacLaughlan,MacClachlane,MacClachlene,MacClaichlane,MacClauchlan,MacClauchlane,MacClauchlin,MacGlauchlin,MacGlauflin,MacHlachlan,MacKlawchlane,MacKlawklane,MacLachan,MacLachie,MacLachlainn,MacLachlane,MacLachlin,MacLackie,MacLauchan,MacLauchlane,MacLauchleine,MacLauchlen,MacLauchlin,MacLaughland,MacLaughlane,MacLaughlin,MacLawchtlane,MacLlauchland,MacLochlainn,MacLochlin,MacLoghlin,MacLouchlan,MacLoughlin,Makclachlane,Makclauchlane,Maklawchlane,Vclauchlane,Vclauchlayne,Lachie,Lachlan,Lauchlan,Lachaidh,Lachann,Lachillan,Lachlainn,Lachlane,Lachlann,Lachlanson,Lachlin,Lachy,Lauchland,Lauchlanesone,Lauchlein,Laughlan,Laughland,Laughlin,Lochlain,Lochlan,Lochlane,Lochlann,Loghlan,Lohlan,Louchelan,Ó Máoilsheáchlainn,O Melaghlin,MacGloughlin,MacGloughin",,"scottish,english,welsh,irish","MacLachlan Chief's Dress, MacLachlan Chief's Dress; Blue, MacLachlan Dress, MacLachlan, MacLachlan Hunting, MacLachlan Old","2855, 2856, 2857, 2858, 4935, 11785"
467,MacLaggan,0,0,,"MacLaggen,MacLagine,MacLaglan,MacLaglen,MacLagone,MacLugane,Makclaggan,MacGlagan,MacKlagan,MacLagain,MacLagane,MacClagan,MacClagane,MacClagnan,MacClaugan",,,MacLaggan,2859
468,MacLaine,0,0,,"MacClaine,MacClane,MacClayne,MacIlaine,MacIllaine,MacIllayn,MacIlleain,MacKlain,MacKlan,MacKlane,MacLain,MacLane,MacLayne,MacOlaine,Makclane,Makclayne,Maklane,Maklayne",,,"MacLaine of Lochbuie Hunting",2861
469,MacLamroc,0,0,,MacLamrock,,,MacLamroc,2862
470,MacLaren,1,0,,"MacLaruan,MacLauren,MacLaurie,MacLaurin,MacLeran,MacLaran,MacLarin,MacClarin","Faed,Gothbrith,Gowrie,Laurence,MacGrory,MacPatrick,Peterson,MacLaren of Broich","scottish,english,welsh,irish","MacLaren Albino; Dance, MacLaren Dress, MacLaren Dress #2, MacLaren, MacLaren 1819 Variant","2863, 2864, 2865, 2866, 4921"
471,MacLean,1,0,,"MacClean,Clanahan,Clannachan,Clanochan,Clean,Clenachan,Clenaghan,Clenochan,MacClan,MacCleane,MacClen,MacKilleane,MacKlen,MacKlin,MacLeand,MacLeane,MacLein,MacLen,MacLene,MacLin,MacLyn,MacOleane,Makclean,Makcleane,Makclen","Beath,Beaton,Black,Gillian,MacBeth,MacFetridge,MacGilledow,MacGillivray,MacLergain,MacRankin,MacVey,Rankin,MacLean of Duart","scottish,english,welsh,irish","MacLean #2, MacLean Black & White, MacLean Dress (Lumsden)","2869, 2870, 2871"
472,MacLeay,0,0,,"MacLay,MacLey,Makley,Glay,Gley,MacCloy,MacLae,MacLea,Clay,MacColly,MacCollea,MacClae,MacClay,MacClew,MacConlea",,,"MacLeay ",2877
473,MacLeish,0,0,,"MacLeash,MacLeesh,MacLeich,MacLese,MacLess,MacLiss,Makleis,MacAlees,MacAliece,MacClees,MacCleiche,MacCleisch,MacCleishe,MacCleisich,MacClese,MacCleys,MacCliesh,MacColeis,MacColleis,MacHillies,MacIlees,MacIleish,MacIlishe,MacIllees,MacIlleese,MacIlleish,MacGleish,MacKethe",,,MacLeish,2878
474,MacLellan,1,0,,"MacLelland,MacGillelan,MacGillelane,MacGillfhaolain,MacGillolane,MacIlelan,MacIleollan,MacIlleland,MacLalan,MacLalland,MacLallen,MacLelan,MacLeland,MacLelane,MacLelann,MacLelen,MacLellane,MacLolan,MacLolane,Makellane,Maklellan,Maklellane,Maklolayn,MacClelland,MacClellan,MacCleland,MacClallane,MacCleallane,MacClelan,MacCleilane,MacKnellan,MacKlellane,MacKlellan,Cleland,Leland",,"scottish,english,welsh,irish",MacLellan,2882
475,Murray,1,0,,"Moray,Murrie,Mirrey,Muray,Murra,Murrai,Murraue,Murry,Mury,Mowray,Morray,Morey,Morrey,Murrey","Balneaves,Dunbar,Dunsmore,Fleming,MacMurray,Moncrieffe,Neaves,Piper,Small,Murray of Abercairney,Murray of Elibank,Murray of Ochtertyre,Murray of Polmaise,Murray of Tullibardine","scottish,english,welsh,irish","Murray Plaid Artifact, Murray Bed Cover, Murray Bed hanging, Murray Blair sample, Murray Hose, Murray, Murray Mungo","3250, 3297, 3298, 3299, 3300, 3308, 3310"
476,MacLintock,0,0,,"MacClintock,MacClintoch,MacGilliondaig,MacIlandick,MacIllandick,MacInlaintaig,MacLentick,MacLintoch",,,"MacLintock #2, MacLintock","2904, 2905"
477,MacMaster,0,0,,,,,"MacMaster Canada, MacMaster USA#1","2909, 2911"
479,MacMillan,1,0,,"MacMilane,MacMilland,MacMillen,MacMillin,MacMillon,MacMolan,MacMolane,MacMolland,MacMulan,MacMulane,MacMullan,MacMullen,MacMullin,MacMullon,MacMylan,MacMyllan,MacMyllane,Makmilane,Makmillem,Makmulane,Makmullane,Makmylan,Makmyllan,Makmyllane,Makmyllen,MacKmillan,MacMhaolain","Baxter,Bell,Blue,Brown,MacNamell,Walker","scottish,english,welsh,irish","MacMillan 1946, MacMillan #2, MacMillan #3, MacMillan Ancient (Clans Originaux), MacMillan Dress, MacMillan Hunting, MacMillan , MacMillan Black, MacMillan Small Sett","2913, 2914, 2915, 2916, 2917, 2918, 2919, 4933, 4936"
480,MacMugen,0,0,,,,,MacMugen,2924
481,MacNab,1,0,,"MacNabe,MacNabb,MacKnabe,MacNap,Makinnab,Maknabe,Milnab,MacAnaba","Abbot,Abbotson,Cleland,Dewar,Gilfillan,Gilliland,MacLellan,MacNair","scottish,english,welsh,irish","MacNab (Wilsons) 'Real MacNab', MacNab #2, MacNab Smith, MacNab, MacNab 1819 Variant, MacNab 1842 Variant","2926, 2927, 2928, 2929, 4922, 4950"
482,MacNaughton,1,0,,"MacNachtan,MacNachten,MacNachton,MacNack,MacNagen,MacNaghtan,MacNaghten,MacNaghtin,MacNaight,MacNatt,MacNattie,MacNatton,MacNatty,MacNauchton,MacNaugh,MacNaught,MacNaughtan,MacNaughten,MacNete,MacNett,MacNette,MacNetten,MacNetton,MacNight,MacNitt,MacNorton,MacNott,MacNeight,MacNought,MacNoughtan,MacNoughton,MacNut,MacNutt,Nachtan,Nachten,Nactan,Nacten,Naghton,Natton,Naughten,Naughtie,Naughton,Naughty,Nechtan,Nechten,Nectan,Necten,Nought,Nutt,Manaugh,MacKnaught,MacKnaughtane,MacKnawcht,MacKnaycht,MacKnayt,MacNacht,MacNachtane,MacNachtin,MacNaght,MacNaghtane,MacNaicht,MacNaichtane,MacNait,MacNauch,MacNauche,MacNauchtan,MacNauchtane,MacNauth,MacNauton,MacNicht,Makknacht,Makknaicht,Maknacht,Maknachtan,Maknauch,Maknaucht,Makenaght,MacWaughton,MacNachdan,MacNeachdainn,MacNeachden,MacNeit,MacNeacden,MacKnot","Ayson,Bisset,Eason,Ferguson,Henderson,Henry,MacAnir,MacBrayne,MacCratick,MacKnight,Porter,Weir",,"Macnaughton Dress, Macnaughton Dress #2, Macnaughton","2933, 2934, 2935"
483,"MacNeil of Barra",1,0,,,,,"MacNeil (Clans Originaux), MacNeil Old, MacNeil Paton; Dress, MacNeil of Barra ","2936, 2939, 2940, 2941"
484,MacNeish,0,0,,"MacNeice,MacNish",,,"MacNeish Hunting, MacNeish","2942, 2943"
485,MacNett,0,0,MacNaughton,,,,MacNett,2944
486,MacNiven,0,0,,"MacNevin,MacNaoimhin,MacNeiving,MacNivaine,MacNevens,MacNevins,MacNivan,MacNivans",,,MacNiven,2947
487,MacOrrell,0,0,,,,,MacOrrell,2948
488,MacPhail,0,0,,"MacVail,MacFaell,MacFail,MacFal,MacFale,MacFall,MacFaul,MacFauld,MacFaull,MacFayle,MacFoill,MacFyall,MacPaill,MacPaul,MacPhael,MacPhaell,MacPhaile,MacPhaill,MacPhale,MacPhaul,MacPhaull,MacPhayll,MacPhell,MacPhial,MacPhiel,MacKphaill,Makfaill,Makfale,Makfele,Makphaile,Poleson,Polson,Pal,Paule,Paull,Paulson,Paulsoun,Poilson,Poilsone,Poilsoun,Pol,Pollsoun,Polsone,Polsoun,Polsun,Polyson,Polysoun,Poulson,MacVale,Vail,Fall,Fail,Nickphaile,Pole",,,"MacPhail Blue bands, MacPhail Hunting, MacPhail ","2950, 2951, 2952"
489,MacPherson,1,0,,"Feresoun,Ferson,MacA'phearsain,MacA'phearsoin,MacElpersoun,MacFarsane,MacFarsne,MacFarson,MacFerson,MacFersoune,MacForsoun,MacInferson,MacKilferson,MacKinfarsoun,MacKperson,MacKpharsone,MacPearson,MacPerson,MacPersone,MacPersonn,MacPharson,MacPhearson,MacPhersen,MacPhersone,Makfersoun,Makferssoun,Makimpersone,Makphersone,Makynparsone,Makfarson,Makfassane,Makfersan,Makfersone","Archibald,Carson,Cattanach,Clark,Clarkson,Clunie,Currie,Ellis,Gillespie,Gillies,Goudie,Gow,Gowan,Leary,Lees,MacChlery,MacCleish,MacCurrach,MacCurrie,MacGillies,MacGow,MacGowan,MacGrail,MacGuigan,MacKeith,MacLeary,MacLees,MacLeish,MacMurray,MacMurrich,MacQueen,MacVurrich,Pearson,Smith,MacPherson of Cluny,MacPherson of Glentruim,MacPherson of Pitmain","scottish,english,welsh,irish","Crubin Plaid (MacPherson), MacPherson Crubin Plaid, MacPherson Dress, MacPherson Dress Blue, MacPherson Dress Burgundy, MacPherson Dress Green, MacPherson Dress Purple, MacPherson Dress Red, MacPherson Dress Royal Blue #2, MacPherson Dress Turquoise, MacPherson Hunting (archived), MacPherson, MacPherson Hunting","1006, 2954, 2955, 2956, 2957, 2958, 2959, 2960, 2961, 2962, 2963, 2969, 302641"
490,MacPherson-Grant,0,0,,,,,MacPherson-Grant,2970
491,MacQuarrie,1,0,,"MacCorrie,MacCorry,MacGorrie,MacGorry,MacCoirry,MacCory,MacGorie,MacGorre,MacGory,MacGuarrie,MacOuhir,MacQuaire,MacQuarie,MacQuhirr,MacQuarrey,MacQuharrie,MacQuharry,MacQuorie,MacQuorrie,MacWarie,MacWharrie,MacWhirrie,Makcorry,Makcory,Makquharie,Makquharry,MacQuarrane,Makquhary,Makquhory,Makquoyrie,MacGury,MacQuary,MacQuhore,MacQuhorre,MacQurrie,MacGurrie,M'guirey,Quarry,Wharrie,Quharrie,Quharry,Quherrie,Gorie",,"scottish,english,welsh,irish","Macquarrie , Macquarrie 1815 Variant","2972, 4956"
492,MacQueen,1,0,Sweeney,"MacSuain,MacWhan,MacCuidhean,MacCuithean,MacCuithein,MacCuthan,MacGuin,MacHquan,MacHquhan,MacHuin,MacKqueane,MacKquyne,MacQuain,MacQuan,MacQuaynes,MacQuean,MacQueane,MacQuein,MacQueine,MacQuen,MacQuene,MacQueyn,MacQueyne,MacQuhan,MacQuheen,MacQuhen,MacQuhenn,MacQuhenne,MacQuheyne,MacQuhyn,MacQuhyne,MacQuien,MacQuin,MacQuine,MacQuinne,MacWhanne,MacWhin,MacWhinn,Makquean,Makquene,Makquhan,Makquhane,Makquhen,Makquhon,Maquhon",,,MacQueen,2973
493,MacRae,1,0,Rae,"MacCrae,MacCraith,MacCray,MacCrea,MacCree,MacCrie,MacAree,MacArra,MacCara,MacCarres,MacCary,MacChray,MacCraie,MacCrath,MacCreich,MacCreiff,MacCreith,MacKcrae,MacKcrow,MacKra,MacKrae,MacKraith,MacKray,MacKrayth,MacKree,MacKrie,MacRad,MacRah,MacRaht,MacRau,MacRe,MacRea,MacReath,MacReay,MacRee,MacReith,MacReth,MacRey,MacRoe,MacRow,MacRoy,MacWray,Makcra,Makcreith,Makcrie,Makerathe,Makra,Makraa,Makrath,Makreith,MacAra,MacCarra,MacCra,MacCrach,MacCraw,MacCreath,MacCrow,MacCroy,MacHray,MacRa,MacRach,MacRaith,MacRath,MacRaw,MacRay,MacRie","MacGrath,MacRae of America,MacRae of Ardentoul,MacRae of Conchra,MacRae of Inverinate","scottish,english,welsh,irish","MacRae Dress, MacRae Hunting, MacRae Hunting (1715 variant), MacRae Purple; Dress, MacRae Red; Dress, MacRae The Prince's Own #2, MacRae , MacRae Dress (Grey), MacRae Hunting Grey","2974, 2975, 2976, 2981, 2982, 2983, 2984, 4972, 300943"
494,Scott,1,0,,"Scoit,Scoitt,Scot,Scotte,Scotus,Scoyt,Escot,Escott","Geddes,Laidlaw,Langlands,Napier","scottish,english,welsh,irish","Scott Autumn, Scott Black & White, Scott Black & White #2, Scott Black and White (Walter Scott Variant), Scott Brown Hunting, Scott Dress, Scott Dress Turquoise, Scott Green, Scott Hunting #2, Scott MacRae, Scott, Scott, Sir Walter #2, Scott, Sir Walter Green, Scott, Sir Walter, Scott Brown (Old Colours)","4010, 4011, 4012, 4013, 4014, 4015, 4016, 4017, 4018, 4019, 4020, 4021, 4022, 4023, 4961"
495,MacRurie,0,0,,MacRuairi,,,MacRurie,2985
496,MacShane,0,0,,,,,"MacShane #2, MacShane #3, MacShane","2987, 2988, 2989"
497,MacSheehy,0,0,,,,,MacSheehy,2990
498,MacSporran,0,0,,,,,MacSporran,2992
499,MacStumer,0,0,,,,,MacStumer,2993
500,MacTaggart,0,0,,"MacKyntagart,MacKyntaggart,MacSagart,MacTagart,MacTaggard,MacTaggate,MacTaggert,MacTaggit,MacIntagart,MacIntagerit,MacIntargart,MacKinsagart,MacKintaggart,Myketagart",,,"MacTaggart #3, MacTaggart , MacTaggart #2","2995, 2996, 302211"
501,MacTavish,1,0,,"MacTaevis,MacTamhais,MacTaveis,MacTawisch,MacTawys,MacThamais,MacThamhais,MacThavish,Makavhis,Makawis,Makcaus,Makcawis,Makcaws",Micklehose,,"MacTavish 1850 Variant (Smiths), MacTavish Dress (archive), MacTavish Hunting, MacTavish ","2997, 2998, 2999, 3000"
502,Thomson,1,0,Thomas,"Tomson,Taweson,Tawesson,Thom,Thomas,Thomasin,Thomason,Thomassine,Thomazin,Thomerson,Thomes,Tam,Tameson,Tamesone,Tamson,Thomasson,Thomassone,Thomassoun,Thomessone,Thomsone,Thomsoun,Thomsoune,Thomsson,Tomsone,Thowms,Thome,Thoms,Thowmis,Tamsone",,"scottish,english,welsh,irish","Thomson Black, Thomson Black #2, Thomson Black #3, Thomson Blue, Thomson Camel, Thomson Camel #2, Thomson Camel #3, Thomson Dance, Thomson Dress; Grey, Thomson Grey, Thomson Grey #2, Thomson Hunting, Thomson Hunting #2, Thomson Navy, Thomson Red; MacTavish, Thomson Grey; Small Sett","4457, 4458, 4459, 4460, 4461, 4462, 4463, 4464, 4465, 4466, 4467, 4468, 4469, 4471, 4891, 4940"
503,MacThomas,1,0,,,Combie,,"MacThomas ",3004
504,MacTier,0,0,,"MacTear,MacTeer,MacTeir,MacTer,MacTere,MacTeyr,MacTyr,Makteir,Mtier",,,MacTier,3005
505,MacWhirter,0,0,,,,,MacWhirter,3007
506,MacWilliam,0,0,,"MacKilliam,MacKwilliam,MacQuilliam,MacUilleim,MacUilam,MacWillie,MacWilliame,MacWilliams,MacVillie,MacWyllie,Makwillie,Makwilliam",,,"MacWilliam Hunting, MacWilliam, MacWilliam 2014","3008, 3009, 3010"
507,Madewell,0,0,,,,,"Madewell Dress, Madewell","3013, 3014"
508,Maguire,0,0,,"MacGuaire,MacGuaran,MacGuarie,MacGuire,MacQuire,MacWhirr,MacQueir,MacQuhir,MacQuhirrie,MacQuhoire,MacQuhorie,MacQuore,MacQuyre,MacWheir,MacWhir,MacWhire,Makquyre,Makwir,MacUidhir,Mag Uidhir,MacGwire,Guire,Guirey,Guiry",,,"Maguire Black, Maguire","3015, 3016"
509,Mair,0,0,,,,,Mair,3020
510,Malcolm,1,0,,,,,"Malcolm 1840, Malcolm Dress, Malcolm Dress Variant, Malcolm ","3023, 3024, 3025, 3026"
511,Mann,0,0,MacMahon,,,,Mann,3040
512,Manson,0,0,,"Mainsoun,Mansoun,Mansone,Manssoun,Mansioun,Mansson,Monson,Maunusone,Maunsone",,,Manson,3042
513,Maresh,0,0,,,,,Maresh,3052
514,Marjoribanks,1,0,,Marchbanks,,,Marjoribanks,3059
515,Marr,0,0,,Mar,,,"Marr Red, Marr ","3049, 3060"
516,Mars,0,0,,,,,Mars,3061
517,Martin,0,0,,Martyn,,"scottish,english,welsh,irish","Martin (Robert) personal, Martin Hunting, Martin","3067, 3068, 3069"
518,"Mary, Queen of Scots",0,0,,,,,"Mary, Queen of Scots",3071
519,Matheson,1,0,,"Matthewson,Mathewson,Mathison,Mathyson,MacMathon,MacMhathain,MacBurnie,MacPhun,Mathieson,Mathie,MacMath,Moannach","Bairnson,MacBirnie,MacMahon,Massie",,"Matheson Blue; Hunting, Matheson Hunting, Matheson, Matheson Hunting (Highland Society of London)","3077, 3078, 3081, 6380"
520,Mauthe,0,0,,,,,Mauthe,3087
521,Maxwell,1,0,,"Maxuel,Makiswel,Makiswell,Makkiswell,Maxvall,Maxvile,Maxwaile,Maxwale,Maxweel,Maxey,Maxon","Adair,Dinwoodie,Edgar","scottish,english,welsh,irish","Maxwell Hunting, Maxwell, Maxwell spec 1570 Hunting #2","3088, 3089, 6381"
522,Mayhew,0,0,,,,,Mayhew,3091
523,MacCaslin,0,0,,,,,McCaslin,3102
525,Melville,1,0,,"Mailvil,Mailvile,Mailvyll,Mailwill,Maleuile,Maleuyll,Malevil,Malevyle,Malewile,Mallwill,Maluel,Maluile,Maluill,Maluiyll,Malveyn,Malvil,Malvile,Malvyle,Malwill,Malwyle,Meiluill,Mellwell,Meluile,Meluill,Mailueil,Mailuil,Mailuile,Mailuill,Mailuille,Melwill,Mailvene,Mailveyne,Mailvin,Mailvyne,Mailwyn,Mailwyne,Malevyn,Malevyne,Maling,Malling,Malvyn,Malvyne,Malwyn,Malwyne,Mellen,Mellon,Melven,Melvin,Melvyne,Melwene,Melwin,Melwing,Melwyn,Melwyne",,,"Melville #2 depr, Melville","3135, 3136"
526,Oliphant,1,0,,"Olephant,Olifant,Olifard,Olifart,Olifarth,Olifat,Olifaunt,Oliphand,Olyfant,Olyfard,Olyfart,Olyfat,Olyfaunt,Olyfawnt,Olyphaint,Olyphand",,,"Oliphant ",3509
527,Menzies,1,0,,"Meanies,Means,Mein,Meine,Mengues,Mennie,Meyners,Minn,Minnus,Monzie,Monzies,Manzie,Manzies,Mean,Meanie,Megnies,Meignees,Mainzies,Meigners,Meignerys,Meignes,Meignez,Meineris,Meingnes,Meingzeis,Meingzes,Meinn,Meinyeis,Meinyies,Meinzeis,Meinzies,Menees,Mengyeis,Mengzeis,Mengzes,Maynhers,Meigneis,Mengzies,Mennes,Menyas,Menyeis,Menyheis,Menyhes,Menzas,Menzeis,Menzes,Menzeys,Menzheis,Menzhers,Menzis,Meygners,Meygnes,Meyneiss,Meyner,Meyneris,Meyness,Miners,Minnis,Minnish,Monsie,Munnies,MacKmunish,MacMean,MacMeans,MacMein,MacMeinn,MacMen,MacMina,MacMine,MacMinne,MacMinnies,MacMinnis,MacMonnies,MacMyn,MacMyne,MacMynneis,Makmunish,Makmynnes","Menzies of Culdares,Dewar","scottish,english,welsh,irish","Menzies Brown & White, Menzies Dress; Black (DCD), Menzies Dress; Black & Red, Menzies Dress Dance; Black & White, Menzies Dress; Black, Menzies Dress Dance; Blue, Menzies Dress Dance; Cerise, Menzies Dress; Orange, Menzies Dress; Red, Menzies Green & Black, Menzies Hunting, Menzies Mauve & White, Menzies Navy & White, Menzies Originaux, Menzies Red & White, Menzies Special, Menzies, Menzies 1938, Menzies spec 106 Black Dress, Menzies spec 106 Hunting , Menzies spec 406 Hunting Lotus","3142, 3143, 3144, 3145, 3146, 3147, 3148, 3149, 3150, 3151, 3152, 3153, 3154, 3156, 3157, 3158, 3159, 6395, 6396, 6397, 6400"
528,Meoni,0,0,,,,,Meoni,3160
529,Meredith,0,0,,"Maredudd,Beddow,Bedo,Preddy,Predith,Beddoes,Beddows,Bettis,Eddow,Eddowes,Meredyth,Merideth,Meridith,Mredyth,Priddy,Meradith,Meredeth",,,"Meredith of Wales",3166
530,Merrilees,0,0,,Merrylees,,,"Merrilees Dress, Merrilees, Merrilees Black","3167, 3168, 5499"
531,Merwe,0,0,,,,,Merwe,3169
532,Metcalf,0,0,,,,,Metcalf,3170
533,Mhor,0,0,,,,,Mhor,3173
534,Middleton,1,0,,"Mediltoune,Mideltowne,Midilton,Midiltoun,Midtoun,Myddiltoun,Myddiltoune,Mydilton,Midleton",,,"Middleton ",3182
535,Miller,0,0,,"Millar,Millers",,"scottish,english,welsh,irish","Miller # 2, Miller","3187, 3188"
536,Minnick,0,0,,,,,Minnick,3202
538,Moffat,1,0,,"Maffit,Meffat,Meffet,Moffatt,Moffet,Moffett,Moffit,Moffitt,Moffot,Muffet",,"scottish,english,welsh,irish","Moffat (Paul) personal; Greyfriars, Moffat #2, Moffat District, Moffat, Moffat spec 1541","3216, 3217, 3218, 3219, 6406"
539,Moncrieffe,0,0,,"Monchryf,Moncref,Moncrefe,Moncreife,Moncreiff,Moncreiffe,Moncrief,Moncriefe,Moncrieff,Moncrif,Moncrife,Moncriffe,Monkreff,Monkreth,Montcreffe,Montcrief,Montcrif,Mouncref,Muncrefe,Muncreff,Muncreif,Muncreiffe,Muncreyfe,Muncrif,Muncrife,Munkrethe,Mulmurray,Mulmury,Pepper","Moncrieffe of Atholl",,Moncrieffe,3226
540,Morris,0,0,,"Morice,Morse,Morus,Morys,Maurice,Moris,Moriss,Morrice,Morriss,Merrick,Meurig,Meyrick,Morce,Morrish,Morison,Morrisson,Morry,Moss",,,"Morris of Wales",3259
541,Morrison,1,0,,"Morison,Morrieson,Murieson,Murison,Murrison,Gillamor,Gillemoire,Gillemor,Gillemore,Gillemur,Gillemure,Gilmer,Gilmoir,Gilmor,Gilmoure,Gilmur,Gilmure,Gylmor,Breive,MacBreive","Brieve,Gilmore,Judge","scottish,english,welsh,irish","Morrison Hunting, Morrison ","3260, 3261"
542,Moss,0,0,Morris,,,,Moss,3263
543,Mowat,0,0,,"Mouat,Mowatt,Meuatt,Mohuat,Mouatt,Mout,Movat,Mowait,Mowaite,Mowet,Mowit",,,"Mowat (Clans Originaux), Mowat Sir Oliver, Mowat ","3273, 3274, 3275"
544,Muir,1,0,Moore,"More,Moar,Moare,Moer,Moir,Moire,Moor,Moore,Moure,Muire,Mur,Mure,Myre",,"scottish,english,welsh,irish",Muir,3278
545,Muirhead,1,0,,,,,"Muirhead #2, Muirhead Hunting, Muirhead, Muirhead Hunting (Dalgliesh K1)","3279, 3280, 3281, 301510"
546,Mulcahy,0,0,,,,,Mulcahy,3282
547,Mulholland,0,0,,,,,Mulholland,3283
548,Mundigl,0,0,,,,,Mundigl,3286
549,Murdoch,0,0,,"Mordac,Mordake,Mordik,Mordoc,Mordok,Mordyk,Moreduc,Morthaich,Mourdac,Muiredach,Murdac,Murdak,Murdoc,Murdy,Murreich,Murthac,Murthak,Murdaugh,Murdo,Murdock,MacMurdoch,MacMurdack,Murdoson",,"scottish,english,welsh,irish","Murdoch (unmirrored), Murdoch ","3294, 300784"
552,Murtaugh,0,0,,,,,Murtaugh,3312
553,Nairn,1,0,,Nairne,,,"Nairn #2, Nairn","3318, 3319"
554,Nance,0,0,,,,,"Nance #2, Nance","3320, 3321"
555,Napier,1,0,,"Naiper,Napare,Napeir,Naper,Napper,Neaper,Nepare,Neper",MacAlowne,,"Napier Rose, Napier ","3322, 3323"
556,Nery,0,0,,"Neery,Neary",,,Nery,3340
557,Nethybridge,0,0,,,,,Nethybridge,3341
558,Newlands,1,0,,,,,"Newlands , Newlands spec 166 of Lauriston","3368, 6415"
559,Newman,0,0,,,,,"Newman #2, Newman","3369, 3370"
560,Newsome,0,0,,,,,,
561,Nichol,0,0,,,,,Nichol,3379
562,Nisbet,0,0,,"Nisbett,Nisbert,Nisbite,Nizbet,Nysbet,Nysbit,Nyzbet,Nechisbet,Neisbayt,Neisbit,Neisbitt,Nesbeit,Nesbet,Nesbeth,Nesbit,Nesbite,Nesbitt,Nesbut,Nesbuth,Nesbyt,Nesbyte,Nesbyth,Nesebeht,Nesebite,Nesebith,Nezebet,Nezebeth",,,"Nisbet Dress Dance Rose, Nisbet Rose, Nisbet ","3387, 3388, 3389"
563,Norris,0,0,,,,,"Norris Hunting, Norris Jack, Norris","3397, 3398, 3399"
564,Norwegian,0,0,,,,,"Norwegian Guldbrandsdalen, Norwegian Migration Period, Norwegian Night","3412, 3413, 6420"
565,Norwell,0,0,,,,,Norwell,3414
566,Nowell,0,0,,Noel,,,Nowell,3453
567,O'Boyle,0,0,Boyle,,,,O'Boyle,3456
568,O'Brien,0,0,,"O'Brian,Ó Briain,O'Breen,O'Bryon,O'Bryan,O'Bryant,Breen,Bryant,Bryan,Bryen,Brian,Brien,Briend,Briens,Brion,MacBrein,MacBryen,MacBrian,MacBrien",,,"O'Brien #2, O'Brien","3457, 3458"
569,O'Donohue,0,0,,,,,O'Donohue,3464
570,O'Farrell,0,0,Farrell,,,,O'Farrell,3465
571,O'Keefe,0,0,O'Keeffe,,,,O'Keefe,3466
572,O'Meehan,0,0,,,,,O'Meehan,3469
573,O'Neill,0,0,MacNeil,,,,"O'Neill Australia, O'Neill Cliffford, O'Neill Red, O'Neill","3471, 3472, 3473, 3474"
574,O'Rourke,0,0,,"Ó Ruairc,O'Roark,O'Rork,O'Rorke,Roark,Roarke,Rorke,Rourk,Rourke",,,"O'Rourke #2, O'Rourke","3479, 3480"
575,O'Sullivan,0,0,,Sullivan,,,"O'Sullivan ",3484
576,O'Sullivan-Beare,0,0,,,,,O'Sullivan-Beare,3486
577,Ochiltree,0,0,,,,,Ochiltree,3493
578,Ochterlony,1,0,Ochterlony,Ochterlony,,,Ochterlonie,3494
579,Oliver,0,0,,,,,"Oliver Dress Dance, Oliver Hunting, Oliver Pink; Dress, Oliver","3510, 3511, 3512, 3513"
580,Owen,0,0,,"Owens,Owenson,Owenby,Ewan,Owain,Owin,Owynn,Ewen,MacOwen,Ownby",,,"Owen of Wales",3546
581,Paget,0,0,,,,,Paget,3550
582,Park,0,0,,,,,Park,3559
583,Parker,0,0,,Parkers,,,"Parker Dress; USA, Parker USA","3561, 3562"
584,Pasteur,0,0,,,,,Pasteur,3568
585,Paterson,1,0,,"Patersone,Patersoun,Patersoune,Patesone,Patheson,Pathruig,Patieson,Patirsone,Patirsoun,Patison,Patisone,Patisoune,Pattinson,Pattison,Pattisoune,Pattowsone,Padesone",,"scottish,english,welsh,irish","Paterson #2, Paterson","3570, 3571"
586,Payne,0,0,,,,,"Payne Dress, Payne","3578, 3580"
587,Peacock,0,0,,,,,"Peacock Samantha",3582
588,Pearson,0,0,,"Pairsone,Pearsain,Pearsone,Peirson,Peirsond,Peirsonde,Peirsone,Peirsoun,Peirsound,Peirsounde,Peresone,Perison,Perisone,Persone,Persoun,Peryson,Perysoun,Peyrson,Peyrsoune,Pieresone,Pierson,Pirieson,Piriesoun,Versen",,,"Pearson, Pearson #2","3584, 6432"
589,Penman,0,0,,,,,Penman,3591
590,Perry,0,0,Parry,,,,"Perry (Calgary) personal, Perry Arisaid, Perry Dress, Perry Hunting, Perry","3595, 3596, 3597, 3598, 3599"
591,Perthshire,0,0,,,,,Perthshire,3603
592,Phillips,0,0,,"Filpin,Philpin,Pphillippos,Philp,Philips,Philipson,Phillipson,Phillip,Phipps,Philip,Pilip,Pillips,Fillip,Filip,Filips,Phillipes,Philipes,Phillup,Philups,Fillups,Filups,Pilups,Pillups,Fulop",Phelps,,"Phillips of Wales, Phillips","3608, 3609"
593,Pierce,0,0,,,,,Pierce,3614
594,Pitcairn,1,0,,,,,"Pitcairn Heritage, Pitcairn Hunting","3625, 3626"
595,Platt,0,0,,,,,"Platt ",3629
596,Plummer,0,0,,,,,Plummer,3631
597,Pollock,1,0,,"Pollok,Pook,Polk,Polke,Paulk,Poalk,Poalke,Poulk,Poolke,Pogue,Poak,Poke",,,"Pollock , Pollock spec 1500","3639, 6437"
598,Pope,0,0,,,,,,
599,Pople,0,0,,,,,Pople,3641
600,Porteous,0,0,,,,,Porteous,3648
601,Powell,0,0,,Powel,,,,
602,Prestoungrange,0,0,,,,,Prestoungrange,3661
603,Price,0,0,,Pryce,,,,
604,Pride,0,0,,,,,,
613,Pringle,1,0,,,,"scottish,english,welsh,irish","Pringle #2, Pringle ","3701, 3702"
614,Proctor,0,0,,,,,,
615,Prosser,0,0,,"Prousser,Proser,Prouser,Prossar",,,,
616,Protheroe,0,0,,"Prothero,Prothers,Prytherch,Rothero,Rotheroe,Rotherough,Ruddock,Rudz,Ruther,Rutherch,Rhydderch,Rhodri,Roderick",,,"Protheroe of Wales",3708
617,Purdy,0,0,,,,,"Purdy (Illinois) personal; Black",3712
619,Rae,0,0,,"Ray,Raith,Reay,MacRae",,"scottish,english,welsh,irish",Rae,3738
620,Raeburn,0,0,,,,,"Raeburn (not mirrored), Raeburn ","3739, 300285"
621,Raeside,0,0,,,,,Raeside,3740
622,Ralston,1,0,,,,,"Ralston UK, Ralston US","3747, 3748"
623,Ramsay,1,0,,"Ramesay,Ramesey,Rameseye,Ramesia,Ramesie,Ramessay,Ramissay,Rammeseye,Ramsey,Remesey",,"scottish,english,welsh,irish","Ramsay Angus & Mearns, Ramsay Blue, Ramsay Green, Ramsay Orange, Ramsay Red, Ramsay New Blue","3750, 3751, 3752, 3753, 3754, 4938"
624,Rankin,0,0,,,,,"Rankin (Dalgliesh) #2, Rankin (Dalgliesh) (SRT Version), Rankin #1, Rankin (Dalgliesh), Rankin Spec 161, Rankin / Rankine, Rankin , Rankin #2","3759, 3760, 3761, 3762, 6447, 298917, 301919, 301920"
625,Rea,0,0,,,,,Rea,3769
626,Reagan,0,0,,"Ó Ríagáin,O'Reagan,O'Regan,Regan",,,Reagan,3771
627,Regan,0,0,Reagan,,,,Regan,3786
628,Reid,0,0,,"Reed,Read,Reade,Red,Rede,Reede,Reide,Reyd,Rid,Ride,Redd",,"scottish,english,welsh,irish","Reid 1939, Reid (Mill City), Reid Green","3789, 3791, 3792"
629,Renwick,0,0,,,,,"Renwick ",3801
630,Rhys,0,0,Rice,Preece,,,,
630,Rhys,0,0,Rees,Preece,,,,
631,Richards,0,0,,"Prichard,Crichard,Crichett,Ricard,Richard,Rycard,Dick,Dickie,Dickson,Dix,Dixson,Richardson,Richart,Rickaert,Richie,Rickard,Rickie,Ritchy,Ritshard,Roderick,Rhydderch",,,"Richards , Richards of Wales","3705, 3804"
632,Riddoch,0,0,,,,,"Riddoch (archive), Riddoch ","3809, 302505"
633,Ritchie,1,0,,"Rychze,Riche,Rytchie,Rychy,Richie,Roeoch,Rioche,Riauch,Rioch,Rechie,Rechtie,Rechy,Revans,Revan,Reithe,Reith,Raich,Reiach,Reaich,Reoche,Riach,Reuch,Reach,Reche,Reacht,Reaucht,Reoch,Reauch,Rethe,Reyth,Richey,Ritchey,Richies,MacRichie",,"scottish,english,welsh,irish","Ritchie, Ritchie spec 1627","3816, 6455"
634,Robbins,0,0,,,,,Robbins,3821
635,Roberts,0,0,,"Robart,Robarts,Robert,Robberds,Robin,Roblin,Roppert,Robartes",,,"Roberts of Wales",3824
636,Robertson,1,0,,"Roberson,Robbie,Robson","Collier,Connochie,Cunnison,Dobbie,Dobbin,Dobson,Donachie,Duncan,Hobson,Inches,Kynoch,MacGlashan,MacInroy,MacIver,MacJames,MacLagan,MacRobbie,Reid,Robb,Stark,Tonnochy,Robertson of Struan","scottish,english,welsh,irish","Robertson 1819, Robertson Dress, Robertson Dress #2, Robertson Hunting, Robertson Hunting #2, Robertson Red; Cap Badge, Robertson White line, Robertson, Robertson 1842 Variant","3825, 3826, 3827, 3828, 3829, 3831, 3832, 3833, 4951"
637,Robinson,0,0,,"Robeson,Robbison,Robbinson,Robison,Robson,Robens",,"scottish,english,welsh,irish","Robinson Dress, Robinson Dress #2","3841, 3842"
638,Roeger,0,0,,,,,"Roeger (Rocky) personal; Celtic Nations, Roeger (Rocky) personal; Sterling","3847, 3853"
639,Rollo,1,0,,"Rolla,Rollow,Rogge,Rogue,Rollock,Rollok,Rook,Rouk,Ruke",,,"Rollo ",3855
640,Romsdal,0,0,,,,,"Romsdal Norway, Romsdal Tresfjord","3858, 3859"
641,Rose,1,0,,,"Baron,Fairlie,Geddes,Rose of Kilravock",,"Rose Dress, Rose Hunting, Rose Hunting #2, Rose ","3862, 3863, 3864, 3866"
642,Rosevear,0,0,,,,,Rosevear,3867
643,Ross,1,0,,"Ros,Rosse","Anderson,Corbett,Crow,Denoon,Dingwall,Duthie,Fair,Gillanders,Haggart,MacTaggart,Taggart,Vass","scottish,english,welsh,irish","Ross (Wilsons), Ross Arisaid, Ross David, Ross Dress Blue, Ross Dress Purple, Ross Hunting, Ross Hunting Dress Dance, Ross Old, Ross Wedding; Dress, Ross , Ross Hunting Dress","3869, 3870, 3871, 3872, 3873, 3874, 3875, 3876, 3877, 3878, 301275"
644,Rutherford,1,0,,,,,Rutherford,3926
645,Ruthven,1,0,,"Rothven,Rothveyn,Rothwen,Ruthen,Ruthfen,Ruthwein,Ruthyn,Rythven",Gowrie,,"Ruthven ",3927
646,Rutledge,0,0,,,,,Rutledge,3928
647,Ruxton,0,0,,,,,"Ruxton Dress, Ruxton Hunting, Ruxton","3929, 3930, 3931"
648,Sackett,0,0,,,,,Sackett,3938
649,Sandberg,0,0,,"Sandburg,Sanberg,Sanburg",,,Sandberg,3957
650,Sawyer,0,0,,,,,Sawyer,3974
655,Scrimgeour,0,0,,,"Scrimgeour of Glassary",,,
656,Scrymgeour,1,0,,,,,Scrymgeour,4082
657,Selkirk,0,0,,,,,"Selkirk #2",4089
658,Seller,0,0,,"Sillar,Sellars,Sellers",,,"Seller #2, Seller Dress, Seller Dress #2, Seller","4092, 4093, 4094, 4095"
659,Sempill,1,0,,,,,Sempill,4096
660,Semple,0,0,,,,,Semple,4097
661,Seton,1,0,,"Ceatoun,Ceton,Cetone,Seaton,Seatonne,Seatown,Seitone,Seitoune,Sethun,Setone,Setoun,Setoune,Setowun,Setton,Settone,Settoun,Setun,Seytoun,Seytoune",,,"Seton Hunting, Seton ","4100, 4101"
662,Sey,0,0,,,,,Sey,4103
663,Shaw,1,0,,"Saythe,Scaith,Scayth,Schau,Schaw,Schawe,Scheoch,Scheok,Schiach,Schioch,Schioche,Shau,Shawe,Sha,Shay,Isone,Sheehan,Sheoch,Siache,Sithach,Sithech,Sithig,Skaith,Sythach,Sythag,Sythock,Seah,Sheath,Sheach,Seith,Shiach,Seth,Seath,Sith,Shays","MacKay,Shaw of Tordarroch","scottish,english,welsh,irish","Shaw Women's; Dress, Shaw","4112, 4113"
664,Shawl,0,0,,,,,"Shawl West Virginia",4114
665,Shearer,0,0,,,,,"Shearer, Shearer spec 607 of Alva","4118, 6470"
667,Sillars,0,0,,,,,Sillars,4130
668,Sinclair,1,0,,"Sanclar,Santclar,Santclere,Sincklair,Sincklar,Sincklare,Sinckler,Sinclaire,Sincler,Singkler,Sinkaller,Sinkclair,Sinklare,Synclare,Syncleir,Syncler,Synclere,Synklair,Synklar","Blank,Budge,Clyne,Groat,Lyall,Wares","scottish,english,welsh,irish","Sinclair Dress (Dance), Sinclair Hunting, Sinclair Lyon Count, Sinclair , Sinclair Hunting; 1884 Variant","4139, 4141, 4142, 4144, 4924"
669,Singh,0,0,,,,,Singh,4146
670,Skene,1,0,,"Skeen,Sceyn,Schene,Skeene,Skein,Skeine,Sken,Skeyn,Skeyne,Skin,Skine,Skyen,Skyne,Dis,Dise,Dyas,Diss,Dyes,Dys,Dyse,Dyss","Cariston,Carnie,Dyce,Hallyard,Skene of Cromar",,"Skene , Skene spec 630 [default sett]","4150, 6475"
671,Skinner,0,0,,,,,Skinner,4152
672,Smeaton,0,0,,,,,"Smeaton Hunting",4159
674,Smith,1,0,,"Smeayth,Smyith,Smyithe,Smyth,Smythe",,"scottish,english,welsh,irish",Smith,4164
675,Smithers,0,0,,,,,Smithers,4165
676,Snodgrass,0,0,,,,,Snodgrass,4167
677,Sobieski-Stewart,0,0,,,,,Sobieski-Stewart,4170
678,Somerville,1,0,,"Sommerville,Semervaile,Simerwell,Someruell,Someruyle,Somervail,Somervaill,Somervell,Somerviel,Somervile,Somervol,Somerwale,Somerwele,Somerwell,Sommeruill,Sommerveale,Sommervell,Sommerwall,Sommerweil,Sommerwell,Somyruille,Somyruyle,Somyrville,Sumeruilla,Sumervilla,Summervail,Summyrvil,Summyrville,Summyrwil,Symmervaill,Symmervell,Symmerwell",,,"Somerville # 2, Somerville ","4174, 4175"
679,Sorbie,0,0,,,,,Sorbie,4178
680,Soutar,0,0,,Souter,,,Soutar,4180
681,Southwick,0,0,,,,,Southwick,4189
682,Spens,1,0,,"Spence,Spense,Spenss",,,"Spens Fragment, Spens","4198, 4199"
683,Staffa,0,0,,,,,"Staffa ",4268
684,Staines,0,0,,,,,Staines,4270
685,Starr,0,0,,,,,Starr,4273
686,Stevenson,0,0,,"Stephenson,Steanson,Steenson,Stenson,Stephansan,Stephensen,Stimson,Stinson,Steen",,"scottish,english,welsh,irish","Stevenson Hunting, Stevenson Old, Stevenson ","4289, 4290, 4291"
687,Stinson,0,0,Stevenson,,,,Stinson,4339
688,Stirling,1,0,,,"Stirling of Keir",,"Stirling and Bannockburn, Stirling and Bannockburn Dress, Stirling Millennium, Stirling, Stirling University of","4340, 4341, 4342, 4343, 6486"
689,Storrie,0,0,,,,,Storrie,4345
690,Strachan,1,0,,"Strachen,Straughen",,,"Strachan (register), Strachan Spec 1451, Strachan Hunting, Strachan ","4347, 6487, 33665, 301310"
691,Strang,0,0,,,,,Strang,4349
692,Strathearn,0,0,,,,,"Strathearn #2(alt), Strathearn #2, Strathearn","4358, 4359, 4360"
693,Sturrock,0,0,,,,,Sturrock,4371
694,Swan,0,0,,"Swane,Swann,Swyde,Sweyne,Swayne,Sweing,Swyn,Swein,Swain,Swen,Swyne,Sweyn,Sween,Suain,Sveinn,Svan",,,"Swan (Brian) personal, Swan","4393, 4394"
695,Syme,0,0,,"Sym,Sim",,,Syme,4401
696,Symington,0,0,,,,,"Symington, Symington spec 142 [default sett]","4402, 6491"
697,Tait,1,0,,"Tate,Taite,Tayt",,"scottish,english,welsh,irish","Tait Wedding, Tait , Tait spec 1396 #1","4405, 4406, 6492"
699,Taylor,1,0,,"Tayllur,Taylowre,Taylyour,Telyour,Tayler,Tayliour,Taillor,Taillyer,Taylyhour,Tayleur,Tailliour,Talzior,Talzeor,Taillur,Talyhour,Taillzier,Talzour,Tailleur,Tailer,Tailyeour,Talyeor,Tailzer,Tailzieor,Tailzieour,Tyllour,Tailler,Tailor,Tailyour",,"scottish,english,welsh,irish","Taylor Dress, Taylor","4427, 4428"
700,Teall,0,0,,,,,Teall,4430
701,Tennant,1,0,,,,,"Tennant Yules, Tennant","4435, 4436"
702,Terry,0,0,,,,,Terry,4442
703,Thain,0,0,,"Tayne,Thayne,Thaine,Theyne,Thayn,Thane",,,Thain,4445
704,Thirkill,0,0,,,,,"Thirkill #2, Thirkill","4451, 4452"
705,Thorburn,0,0,,,,,"Thorburn USA, Thorburn","4473, 4474"
706,Tindal,0,0,,,,,Tindal,4480
707,Todd,0,0,,,,,Todd,4487
708,Tomass,0,0,,,,,Tomass,4490
709,Toshach,0,0,,,,,Toshach,4497
710,Traill,0,0,,,,,Traill,4503
711,Traynor,0,0,,"MacThréinfhir,Trainor,Tranor,Treanor,Trenor",,,Traynor,4505
712,Turnbull,1,0,,"Tornebole,Tornebule,Tournebulle,Trimbill,Trimble,Trimbulle,Trombel,Trombill,Tromboul,Troumbull,Trumbell,Trumbil,Trumbill,Trumble,Trumbul,Trumbyll,Trymbille,Turmbill,Turmpbill,Turnbill,Turnble,Turnbol,Turnbul,Turnebile,Turneble,Turnebule,Turnebulle,Turnibul,Roull,Rule,Thrumbald,Tremble,Turnball,Turnbell,Turnbow",,"scottish,english,welsh,irish","Turnbull Dress, Turnbull Hunting","4520, 4521"
713,Ulster,0,0,,,,,"Ulster Brown, Ulster Peat, Ulster Red, Ulster, Ulster spec 106 Red, Ulster spec 1500 Red","4538, 4539, 4540, 4541, 6499, 6500"
717,Urquhart,1,0,,"Orcutt,Urcharde,Urchart,Urghad,Urquart,Urquhat",,"scottish,english,welsh,irish","Urquhart (Blair) personal; Bryan, Urquhart (Blair) personal; Byers, Urquhart (Blair) personal; Melrose Newbigging Grey, Urquhart #2, Urquhart Broad Red, Urquhart (Smibert), Urquhart White Lines, Urquhart ","4562, 4563, 4564, 4565, 4566, 4567, 4568, 4569"
720,Vaughan,0,0,,"Fychan,Vychan,Baughan,Bawn,Vain,Vane,Vayne,Vaughn,Vauhan,Vachan,Vaghann,Young,Younger",,,"Vaughan of Wales",4607
721,Vipont,0,0,,,,,"Vipont Yellow line, Vipont","4621, 4622"
722,Vosko,0,0,,,,,Vosko,4629
723,Waggrall,0,0,,,,,Waggrall,4632
724,Walker,0,0,,"Valker,Waker,Walcair,Walcar,Walcare,Walcer,Walkar,Waulcar,Walkster,Waulker,Walkere",,"scottish,english,welsh,irish","Walker (Michael) personal, Walker Dress, Walker Evening, Walker Hunting","4635, 4636, 4637, 4638"
725,Walters,0,0,,"Gwallter,Walliter,Valter,Valther,Walden,Walder,Walter,Walther,Waters,Wateys",,,"Walters ",4646
726,Wanstall,0,0,,,,,Wanstall,4648
727,Warden,0,0,,,,,Warden,4649
728,Wardlaw,1,0,,,,,Wardlaw,4650
729,Wartley,0,0,,,,,"Wartley Hunting ",4652
730,Wasko,0,0,,,,,Wasko,4655
731,Watson,1,0,Watkins,"Vatsoun,Vatsone,Wason,Wateson,Watsoune,Wattsone,Wasson,Watsone,Watsoun,Wattson,MacCowatt,MacHouat,MacHuat,MacKwatt,MacVat,MacWete,MacWatte,MacWat,Makwete,Makwat,MacWatty,MacWattie,Makwatty,Watty,MacQuatty,MacOuat,MacOwat,MacWatt,MacQuat,MacQuattie,MacQuhat,MacQwat,MacRowatt,Walterson,Watts",,"scottish,english,welsh,irish",Watson,4660
732,Webster,0,0,,,,,"Webster #2, Webster ","4666, 4667"
733,Weir,1,0,,"Vair,Veir,Vere,Veyre,Wair,Ware,Wayre,Wear,Weare,Weer,Weire,Were,Werr,Weyir,Weyr,Whier,Wier,Wir,Wire,Ver",,"scottish,english,welsh,irish",Weir,4669
734,Weisfeld,0,0,,,,,Weisfeld,4671
735,Wemyss,1,0,,"Vemis,Vemys,Vemyss,Veymis,Weemes,Weems,Weemyss,Weimes,Weimis,Weims,Weimys,Wemes,Wemeth,Wemis,Wemise,Wemyes,Wemys,Wemysse,Weymes,Weymis,Weyms,Wymes,Wymess",Elcho,,Wemyss,4683
737,Wheadon,0,0,,,,,Wheadon,4699
738,Whitson,0,0,,,,,Whitson,4705
739,Whitworth,0,0,,,,,"Whitworth Artifact, Whitworth","4706, 4707"
740,Williams,0,0,Williamson,"William,Williman,Willimon,Wilcox,Gwilym,Guilielm,Guillaume,Gullam,Gwilliam,Wilhelm,Wilson,Williamson,Whilly,Whillie,Willis,Williamsen,Quilliams",,,"Williams (Frank) personal, Williams of Wales, Williams","4715, 4716, 4717"
741,Wilson,0,0,Williams,"Wolsoun,Wolson,Wilsowne,Wulsone,Villsone,Wyleson,Willsone,Wilsoune,Vylsone,Wilsone,Vilsone,Vilsoun,Wulson,Willsoun,Willesoun,Wilsoun,Wilsoine,Willson,Wylson,Wylsoune,Willison",,"scottish,english,welsh,irish","Wilson, Wilson Janet","4721, 6525"
741,Wilson,0,0,Williamson,"Wolsoun,Wolson,Wilsowne,Wulsone,Villsone,Wyleson,Willsone,Wilsoune,Vylsone,Wilsone,Vilsone,Vilsoun,Wulson,Willsoun,Willesoun,Wilsoun,Wilsoine,Willson,Wylson,Wylsoune,Willison",,"scottish,english,welsh,irish","Wilson, Wilson Janet","4721, 6525"
742,Wishart,1,0,,,,,"Wishart Dress, Wishart Hunting (Archived), Wishart Hunting","4837, 4838, 397073"
743,Wolfe,0,0,,,,,Wolfe,4840
744,Wood,1,0,,"Vod,Vode,Void,Voud,Voude,Vould,Wod,Wodde,Wode,Woid,Woide,Woyd,Woods",,"scottish,english,welsh,irish","Wood (Ian) Personal, Wood (Society) personal; Wood Dress, Wood ","4846, 4847, 4848"
745,Wotherspoon,0,0,,,,,Wotherspoon,4852
746,Wren,0,0,,,,,Wren,4853
748,Young,1,0,Vaughan,"Yonge,Younge,Youngson",,,"Young Christina, Young ","4871, 4872"
750,Yule,0,0,,"Yool,Yuille,Yull,Zuill,Youel,Yuile,Yulle,Yuill",,,Yule,4881
751,DCDalgliesh,0,0,,,,,,
752,Crichton,1,0,,,,,Crichton,6266
754,Waddell,0,0,,,,,"Waddell #2 (Fife), Greg",6509
755,MacInnes,1,0,,,,"scottish,english,welsh,irish","MacInnes , MacInnes Dress","2773, 302634"
756,"Stuart of Bute",1,0,,,,,"Stuart of Bute ",4369
757,MacIlvain,0,0,,,,,"MacIlvain ",6365
758,Harbison,0,0,,,,,"Harbison 2015",11513
760,MacAgnew,0,0,,MacGnive,,,,
761,Ayton,0,0,Aiton,,,,,
762,Allan,0,0,,"Alan,Allison,Callan,MacAllan",,"scottish,english,welsh,irish","Allan , Allan 1998 (Personal)","72, 75"
763,Alan,0,0,Allan,,,,,
768,Eynon,0,0,,"Einion,Einon,Enian,Inions,Onions",,,"Eynon of Wales",345
772,Blaelock,0,0,Blaylock,,,,,
774,Bonner,0,0,Bonnar,,,,"Bonner ",15519
779,Brechin,0,0,Brecheen,,,,,
781,Priest,0,0,,,,,,
782,Clerk,0,0,Clark,,,,,
783,Cowans,0,0,,"MacCoan,MacCowen,MacCowne,MacKowean,MacKownne,MacKowne,MacKowyne,MacKowen,MacKowie,MacKowin,MacOwen,Caan,Caun,Couen,MacCowan,MacOwan,Cowhen,Cowane",,,,
784,Connal,0,0,Connell,,,,,
785,Crosser,0,0,Crozier,,,,,
786,Crookshank,0,0,Cruikshank,,,,,
787,Cruickshank,0,0,Cruikshank,,,,,
788,Comyn,0,0,Cumming,,,,,
789,"George IV",0,0,,,,,,
790,Dick,0,0,Dickie,,,,,
790,Dick,0,0,Richards,,,,,
791,Dicky,0,0,Dickie,,,,,
793,Downes,0,0,Downs,,,,,
794,Bevan,0,0,,"Beavan,Bevans,Bevin,Biven,Bivian,Beven,Bevon",,,,
795,Eubank,0,0,Ewbank,,,,,
796,Fitzsimons,0,0,Fitzsimmons,,,,,
797,Simmons,0,0,Fitzsimmons,,,,,
798,Simons,0,0,Fitzsimmons,,,,,
799,Foster,0,0,,"Fostar,Forester,Forrest,Forrestor,Forster",,,,
800,Gemmall,0,0,Gammell,,,,,
801,Gemmell,0,0,Gammell,,,,,
802,Gerry,0,0,Gary,,,,,
803,Garry,0,0,Gary,,,,,
804,Gair,0,0,Gayre,,,,,
806,Gradene,0,0,Graden,,,,,
807,Wynn,0,0,,"Whyn,Winn,Wines,Winnie,Wink,Wyn,Wynne,Whynney,Win",,,"Wynn of Wales",1733
808,Harvie,0,0,Harvey,,,,"Harvie ",396912
809,MacKendrick,0,0,,"MacCanrik,MacEnrick,MacEanruig,MacHendry,MacHendric,MacHenrik,MacHenry,MacHenrie,MacHendrie,MacKanrig,MacKenrick,MacKendric,MacKendry,MacKendrie,MacKendrich,MacKendrig,Makanry,MacKeracken,MacHarrie,MacHarry,MacKendricks,MacKenerick,MacKenerie,MacKenery,MacKindrick,MacKindricks,MacKinrick,MacNerie,MacNery,Kendrich,Kendrick,Kenrick,Kinrick,Inrick,Inrig,Eanrig,Eanruig,Enrick",,,,
810,Hyslop,0,0,Hislop,,,,,
811,Hume,0,0,Home,,,,,
812,Pugh,0,0,,"Pew,Pughe",,,,
813,Johnson,0,0,,"Johnesson,Johnnessone,Joneson,Jonesson,Jonessone,Jonson,Jonsone,Jonsoun,Johnston,Joynson",,,,
814,Falconer,1,0,,"Falconor,Faulkner",,,,
815,Marshall,0,0,,"Marchell,Marchall,Marchael,Merschale,Marschal,Merchel,Merschaell,Marschel,Merschell,Mershael,Mershell,Marschale,Marschell,Merchell,Marescal,Marescall,Marshal,Marshale,Marischal",,"scottish,english,welsh,irish",,
816,Austin,0,0,,"Ostaine,Oustian,Oustene,Oustiane,Oisteane,Ostien,Owstiane,Oustine,Owstine,Astine,Aston,Austen,Austie,Austein,Austine,Austeane,Austyn,Austene,Ousteane,Oistiane,Ostian",,,"Austin (Wilsons' No.137)",194
817,Kirby,0,0,Kerby,,,,,
818,Keirnan,0,0,Kiernan,,,,,
820,Lamon,0,0,Lamont,,,,,
821,MacLamont,0,0,MacLamond,,,,,
822,Lawless,0,0,Lawlis,,,,,
823,Leech,0,0,Leach,,,,,
824,Leitch,0,0,Leach,,,,,
825,Loughhead,0,0,Loughheed,,,,,
826,Lougheed,0,0,Loughheed,,,,"Lougheed ",301223
827,MacLysaght,0,0,,,,,,
831,MacEvoy,0,0,MacAvoy,,,,,
832,MacBain,1,0,,MacBaine,,,,
833,MacBrayer,0,0,MacBrair,,,,,
834,MacBriar,0,0,MacBrair,,,,,
836,MacBraire,0,0,MacBrair,,,,,
837,MacAskill,0,0,MacCaskill,,,,,
838,MacLure,0,0,MacClure,,,,,
839,MacCormack,0,0,MacCormick,,,,,
840,MacCorkell,0,0,MacCorquodale,,,,,
841,Corquodale,1,0,,,,,,
842,MacCullogh,0,0,MacCulloch,,,,,
843,MacDona,0,0,MacDonagh,,,,,
844,MacEwen,0,0,MacEwan,,,,,
845,MacFadden,0,0,MacFadzean,,,,,
848,MacPhie,0,0,MacPhee,,,,,
849,MacDuffie,0,0,MacFie,,,,,
850,MacGibony,0,0,MacGibboney,,,,,
851,MacGiboney,0,0,MacGibboney,,,,,
852,MacGibonney,0,0,MacGibboney,,,,,
853,MacKlin,0,0,MacGlynn,,,,,
853,MacKlin,0,0,MacLean,,,,,
854,Gow,1,0,,"Gove,Gowen,Gowie,Gowin",,,,
856,MacIvor,0,0,MacIver,,,,,
857,MacIntosh,0,0,MacKintosh,,,,,
858,MacLamrock,0,0,MacLamroc,,,,,
859,MacLay,0,0,MacLeay,,,,,
860,MacClintock,0,0,MacLintock,,,,,
861,MacNeill,0,0,,,,"scottish,english,welsh,irish",,
862,MacNeice,0,0,MacNeish,,,,,
863,MacNish,0,0,MacNeish,,,,,
864,Nicolson,1,0,,"Neclason,Neclasson,Necolson,Nicholson,Nicholsone,Nicholsoun,Niclasson,Nicole,Nicollsoun,Nuccol,Nucholl,Nuckall,Nuckle,Nucolson,Nycholay,Nycholl,Nycholson,Nycholsoun",,,,
865,MacRuairi,0,0,MacRurie,,,,,
866,Marchbanks,0,0,Marjoribanks,,,,,
870,Merrylees,0,0,Merrilees,,,,,
871,Montgomerie,0,0,Montgomery,,,,,
872,Morison,0,0,Morris,,,,,
872,Morison,0,0,Morrison,,,,,
873,More,0,0,Muir,,,,,
873,More,0,0,Moore,,,,,
874,Monro,0,0,Munro,,,,,
875,Monroe,0,0,Munro,,,,,
876,Neery,0,0,Nery,,,,,
877,Neary,0,0,Nery,,,,,
878,Noel,0,0,Nowell,,,,,
879,O'Brian,0,0,O'Brien,,,,,
880,Ogilvy,0,0,Ogilvie,,,,,
881,Bowen,0,0,,"Bohan,Bowan,Bowane,Bowene,Bowne,Bowin,Bowie,Bown",,,,
882,Rice,0,0,Rice,"Rice,Bryce,Brys,Rhys,Ryc",,,"Rice of Wales",3662
883,Preece,0,0,Rhys,Pryse,,,,
884,Rees,0,0,,"Reece,Reese,Rhys,Creese,Reasce,Resius,Rheseus,Rhett,Riceus,Rys",,,"Rees of Wales",3803
885,Pritchard,0,0,,"Prichard,Prickard,Pritcher",,,,
886,Probert,0,0,,"Probart,Probyn,Prodger,Propert,Prophet,Probbert,Proput,Probutt,Probat",,,,
887,Sandburg,0,0,Sandberg,,,,,
888,Sanberg,0,0,Sandberg,,,,,
889,Sanburg,0,0,Sandberg,,,,,
890,Sillar,0,0,Seller,,,,,
891,Sellars,0,0,Seller,,,,,
892,Souter,0,0,Soutar,,,,,
893,Stephenson,0,0,Stevenson,,,,,
894,Tate,0,0,Tait,,,,,
895,Thompson,0,0,Thomas,,,,Thomson,4472
896,Tomson,0,0,Thomson,,,,,
897,Lyndsay,0,0,Lindsay,,,,,
898,Lindsey,0,0,Lindsay,,,,,
901,Clerke,0,0,Clark,,,,,
902,Drennan,0,0,,,,,,
903,Galbraith,1,0,,,,,,
904,Russell,1,0,,"Russall,Rossell,Rusel,Russelle,Rossel,Russaule,Russale,Roussel,Russel",,"scottish,english,welsh,irish",,
905,Mitchell,0,0,,"Michill,Mittchel,Mechel,Mitschael,Mitsschal,Meitchel,Mitchol,Michell,Mytchell,Mychell,Michel,Michie,Mitcham",,"scottish,english,welsh,irish",,
906,Inne,0,0,Innes,,,,,
907,Moray,0,0,Murray,,,,,
908,Donald,1,0,,"Donaldson,Doneld,Donnald,Donnaldson",,,,
909,Gregor,0,0,,"Crowder,Growar,Grewyr,Grewer",,,,
910,Hutchison,0,0,Hutcheson,,,,,
911,Hutchinson,0,0,Hutcheson,,,,,
912,Kellie,0,0,Kelly,,,,,
913,MacLelland,0,0,MacLellan,,,,,
914,Reed,0,0,Reid,,,,,
915,Abarcrumbie,0,0,Abercrombie,,,,,
916,Abercrummye,0,0,Abercrombie,,,,,
917,Abercrombye,0,0,Abercrombie,,,,,
918,Abircromby,0,0,Abercrombie,,,,,
919,Abircrumbye,0,0,Abercrombie,,,,,
920,Abircromme,0,0,Abercrombie,,,,,
921,Abircromy,0,0,Abercrombie,,,,,
922,Abircrumby,0,0,Abercrombie,,,,,
923,Abircrummy,0,0,Abercrombie,,,,,
924,Abircrumy,0,0,Abercrombie,,,,,
925,Abircromye,0,0,Abercrombie,,,,,
926,Abarcrumby,0,0,Abercrombie,,,,,
927,MacCorqudill,0,0,MacCorquodale,,,,,
928,MacCorquidall,0,0,MacCorquodale,,,,,
929,MacCorquhedell,0,0,MacCorquodale,,,,,
930,MacCorquodill,0,0,MacCorquodale,,,,,
931,MacCorquell,0,0,MacCorquodale,,,,,
932,MacCorquidill,0,0,MacCorquodale,,,,,
933,MacCorquidle,0,0,MacCorquodale,,,,,
934,MacCorquydill,0,0,MacCorquodale,,,,,
935,MacOrquodale,0,0,MacCorquodale,,,,,
936,MacOrquidill,0,0,MacCorquodale,,,,,
937,MacQuorquodale,0,0,MacCorquodale,,,,,
938,MacQuorquordill,0,0,MacCorquodale,,,,,
939,MacQuorcadaill,0,0,MacCorquodale,,,,,
940,MacTorquil,0,0,MacCorquodale,,,,,
941,MacTorquedil,0,0,MacCorquodale,,,,,
942,MacQuorquhordell,0,0,MacCorquodale,,,,,
943,Bard,0,0,Baird,,,,,
944,Nairne,0,0,Nairn,,,,,
945,Jankin,0,0,Jenkins,,,,,
946,Yonge,0,0,Young,,,,,
947,Dundass,0,0,Dundas,,,,,
948,Strachen,0,0,Strachan,,,,,
949,Straughen,0,0,Strachan,,,,,
950,Spence,0,0,Spens,,,,,
951,Spense,0,0,Spens,,,,,
952,Spenss,0,0,Spens,,,,,
953,Hopkin,0,0,Hopkins,,,,,
954,Popkin,0,0,Hopkins,,,,,
955,Popkins,0,0,Hopkins,,,,,
956,Filpin,0,0,Phillips,,,,,
957,Philpin,0,0,Phillips,,,,,
958,Pphillippos,0,0,Phillips,,,,,
959,Prichard,0,0,Richards,,,,,
959,Prichard,0,0,Pritchard,,,,,
960,Crichard,0,0,Richards,,,,,
961,Crichett,0,0,Richards,,,,,
962,Loyd,0,0,Lloyd,,,,,
963,Llwyd,0,0,Lloyd,,,,,
964,Flood,0,0,Lloyd,,,,,
965,Floyd,0,0,Lloyd,,,,,
966,Englis,0,0,Inglis,,,,,
967,Ingles,0,0,Inglis,,,,,
968,Ingalls,0,0,Inglis,,,,,
969,Ingals,0,0,Inglis,,,,,
970,Cragge,0,0,Craig,,,,,
971,Crag,0,0,Craig,,,,,
972,Crage,0,0,Craig,,,,,
973,Craigh,0,0,Craig,,,,,
974,Cragie,0,0,Craig,,,,,
975,Kedward,0,0,Edwards,,,,,
976,Kedwards,0,0,Edwards,,,,,
977,Iorwerth,0,0,Edwards,,,,,
978,Emment,0,0,Edwards,,,,,
979,Emont,0,0,Edwards,,,,,
980,Ahannay,0,0,Hannay,,,,,
981,Ahanney,0,0,Hannay,,,,,
982,Hanay,0,0,Hannay,,,,,
983,Hannaye,0,0,Hannay,,,,,
984,Burnet,0,0,Burnett,,,,,
985,Burnaitt,0,0,Burnett,,,,,
986,Burnat,0,0,Burnett,,,,,
987,Burnate,0,0,Burnett,,,,,
988,Baard,0,0,Baird,,,,,
989,Beird,0,0,Baird,,,,,
990,MacBard,0,0,Baird,,,,,
991,Barde,0,0,Baird,,,,,
992,Blar,0,0,Blair,,,,,
993,Blayre,0,0,Blair,,,,,
994,Blayr,0,0,Blair,,,,,
995,Blare,0,0,Blair,,,,,
996,Orcutt,0,0,Urquhart,,,,,
997,Urcharde,0,0,Urquhart,,,,,
998,Urchart,0,0,Urquhart,,,,,
999,Urghad,0,0,Urquhart,,,,,
1000,Urquart,0,0,Urquhart,,,,,
1001,Urquhat,0,0,Urquhart,,,,,
1002,Gwallter,0,0,Walters,,,,,
1003,Walliter,0,0,Walters,,,,,
1004,Griffith,0,0,Griffiths,,,,,
1004,Griffith,0,0,Griffin,,,,,
1005,Griffis,0,0,Griffiths,,,,,
1006,Gruffydd,0,0,Griffiths,,,,,
1007,Gruffudd,0,0,Griffiths,,,,,
1008,Bele,0,0,Bell,,,,,
1009,Belle,0,0,Bell,,,,,
1010,Bel,0,0,Bell,,,,,
1011,Fychan,0,0,Vaughan,,,,,
1012,Vychan,0,0,Vaughan,,,,,
1013,Baughan,0,0,Vaughan,,,,,
1014,Bawn,0,0,Vaughan,,,,,
1015,Vain,0,0,Vaughan,,,,,
1016,Vane,0,0,Vaughan,,,,,
1017,Vayne,0,0,Vaughan,,,,,
1018,Hammeltoune,0,0,Hamilton,,,,,
1019,Hammyltoune,0,0,Hamilton,,,,,
1020,Hamyltoune,0,0,Hamilton,,,,,
1021,Hammyltoun,0,0,Hamilton,,,,,
1022,Hamyltone,0,0,Hamilton,,,,,
1023,Hamulthone,0,0,Hamilton,,,,,
1024,Harry,0,0,,"Harrhy,Barry,Harri,Harrie,Harrison,Hendry,Henry,Harries,Harrys,Harryss,Haries,Haris,Hairis",,,"Harry of Wales",4981
1025,Harrhy,0,0,Harry,,,,,
1026,Maredudd,0,0,Meredith,,,,,
1027,Beddow,0,0,Meredith,,,,,
1028,Bedo,0,0,Meredith,,,,,
1029,Preddy,0,0,Meredith,,,,,
1030,Predith,0,0,Meredith,,,,,
1031,MacCairter,0,0,MacArthur,,,,,
1032,MacCartair,0,0,MacArthur,,,,,
1033,MacCarter,0,0,MacArthur,,,,,
1035,Arthurson,0,0,MacArthur,,,,,
1036,MacBeath,0,0,MacBeth,,,,,
1037,MacBheath,0,0,MacBeth,,,,,
1038,Griffies,0,0,Griffiths,,,,,
1039,Griffin,0,0,Griffiths,"Griffen,Griffey,Griffith,Griffy,O'Griffin,O'Griffey,Ó Gríobhtha,Ó Gríobtha,Ó Gríofa",,,,
1040,Guto,0,0,Griffiths,,,,,
1041,Pentland,1,0,,"Paintland,Pendland,Penland,Penlend,Pentlend,Petland,Petlend",,,,
1042,Paintland,0,0,Pentland,,,,,
1043,Pendland,0,0,Pentland,,,,,
1044,Penland,0,0,Pentland,,,,,
1045,Penlend,0,0,Pentland,,,,,
1046,Pentlend,0,0,Pentland,,,,,
1047,Petland,0,0,Pentland,,,,,
1048,Petlend,0,0,Pentland,,,,,
1049,Boid,0,0,Boyd,,,,,
1050,Boyde,0,0,Boyd,,,,,
1051,Boyt,0,0,Boyd,,,,,
1052,Bhoid,0,0,Boyd,,,,,
1053,Bod,0,0,Boyd,,,,,
1054,Boed,0,0,Boyd,,,,,
1055,Boht,0,0,Boyd,,,,,
1056,Bodha,0,0,Boyd,,,,,
1057,Cranstoun,0,0,Cranston,,,,,
1058,Cranstone,0,0,Cranston,,,,,
1059,Craynston,0,0,Cranston,,,,,
1060,Cranestowne,0,0,Cranston,,,,,
1061,Cranystoun,0,0,Cranston,,,,,
1062,Cranestone,0,0,Cranston,,,,,
1063,Crenestone,0,0,Cranston,,,,,
1064,Creinstoun,0,0,Cranston,,,,,
1065,Mediltoune,0,0,Middleton,,,,,
1066,Mideltowne,0,0,Middleton,,,,,
1067,Midilton,0,0,Middleton,,,,,
1068,Midiltoun,0,0,Middleton,,,,,
1069,Midtoun,0,0,Middleton,,,,,
1070,Myddiltoun,0,0,Middleton,,,,,
1071,Myddiltoune,0,0,Middleton,,,,,
1072,Mydilton,0,0,Middleton,,,,,
1073,Huntair,0,0,Hunter,,,,,
1074,Huntere,0,0,Hunter,,,,,
1075,Huntayr,0,0,Hunter,,,,,
1076,Huntter,0,0,Hunter,,,,,
1077,Huntres,0,0,Hunter,,,,,
1078,Hwtar,0,0,Hunter,,,,,
1079,Huntar,0,0,Hunter,,,,,
1079,Huntar,0,0,Hunt,,,,,
1080,Rothven,0,0,Ruthven,,,,,
1081,Rothveyn,0,0,Ruthven,,,,,
1082,Rothwen,0,0,Ruthven,,,,,
1083,Ruthen,0,0,Ruthven,,,,,
1084,Ruthfen,0,0,Ruthven,,,,,
1085,Ruthwein,0,0,Ruthven,,,,,
1086,Ruthyn,0,0,Ruthven,,,,,
1087,Rythven,0,0,Ruthven,,,,,
1088,Agneli,0,0,Agnew,,,,,
1089,Agnex,0,0,Agnew,,,,,
1090,Aignell,0,0,Agnew,,,,,
1091,Aggnew,0,0,Agnew,,,,,
1092,Agnewe,0,0,Agnew,,,,,
1093,Agneaux,0,0,Agnew,,,,,
1094,Aygnel,0,0,Agnew,,,,,
1095,Angnew,0,0,Agnew,,,,,
1096,Bron,0,0,Brown,,,,,
1097,Browne,0,0,Brown,,,,,
1098,Browyn,0,0,Brown,,,,,
1099,Brwne,0,0,Brown,,,,,
1100,Brun,0,0,Brown,,,,,
1101,Brune,0,0,Brown,,,,,
1102,Brouin,0,0,Brown,,,,,
1103,Broune,0,0,Brown,,,,,
1105,Braun,0,0,Brown,,,,,
1106,Naiper,0,0,Napier,,,,,
1107,Napare,0,0,Napier,,,,,
1108,Napeir,0,0,Napier,,,,,
1109,Naper,0,0,Napier,,,,,
1110,Napper,0,0,Napier,,,,,
1111,Neaper,0,0,Napier,,,,,
1112,Nepare,0,0,Napier,,,,,
1113,Neper,0,0,Napier,,,,,
1114,Kinkid,0,0,Kincaid,,,,,
1115,Kinkead,0,0,Kincaid,,,,,
1116,Kinkaid,0,0,Kincaid,,,,,
1117,Kyncayd,0,0,Kincaid,,,,,
1118,Kynkad,0,0,Kincaid,,,,,
1119,Kynked,0,0,Kincaid,,,,,
1120,Kyncaide,0,0,Kincaid,,,,,
1121,Kyncade,0,0,Kincaid,,,,,
1122,Kyncaid,0,0,Kincaid,,,,,
1123,Evan,0,0,Evans,,,,,
1124,Evance,0,0,Evans,,,,,
1125,Heavens,0,0,Evans,,,,,
1126,Iefan,0,0,Evans,,,,,
1127,Ifan,0,0,Evans,,,,,
1128,Jeavons,0,0,Evans,,,,,
1129,Jevons,0,0,Evans,,,,,
1130,Jeavince,0,0,Evans,,,,,
1131,Kennard,0,0,Kinnaird,,,,,
1132,Kinnard,0,0,Kinnaird,,,,,
1133,Kinnart,0,0,Kinnaird,,,,,
1134,Kinzerd,0,0,Kinnaird,,,,,
1135,Kynarde,0,0,Kinnaird,,,,,
1136,Kynharde,0,0,Kinnaird,,,,,
1137,Kynnard,0,0,Kinnaird,,,,,
1138,Kynnart,0,0,Kinnaird,,,,,
1139,Levenax,0,0,Lennox,,,,,
1140,Levinax,0,0,Lennox,,,,,
1141,Levynnax,0,0,Lennox,,,,,
1142,Lenox,0,0,Lennox,,,,,
1143,Rolla,0,0,Rollo,,,,,
1144,Rollow,0,0,Rollo,,,,,
1145,Rogge,0,0,Rollo,,,,,
1146,Rogue,0,0,Rollo,,,,,
1147,Rollock,0,0,Rollo,,,,,
1148,Rollok,0,0,Rollo,,,,,
1149,Rook,0,0,Rollo,,,,,
1150,Rouk,0,0,Rollo,,,,,
1151,Ruke,0,0,Rollo,,,,,
1152,Lockhert,0,0,Lockhart,,,,,
1153,Lokhartt,0,0,Lockhart,,,,,
1154,Lockhartt,0,0,Lockhart,,,,,
1155,Lokkard,0,0,Lockhart,,,,,
1156,Lokert,0,0,Lockhart,,,,,
1157,Lokarte,0,0,Lockhart,,,,,
1158,Lockheart,0,0,Lockhart,,,,,
1159,Lokart,0,0,Lockhart,,,,,
1160,Lockhead,0,0,Lockhart,,,,,
1161,Ratray,0,0,Rattray,,,,,
1162,Ratre,0,0,Rattray,,,,,
1163,Ratteray,0,0,Rattray,,,,,
1164,Retrey,0,0,Rattray,,,,,
1165,Rettra,0,0,Rattray,,,,,
1166,Rettray,0,0,Rattray,,,,,
1167,Rotray,0,0,Rattray,,,,,
1168,Howells,0,0,,"Hoel,Hoell,Hole,Holl,Howel,Howell,Howes,Hywel,Hullin,Hullyn,Hawell,Howael,Howeles,Huwal,Hoells,Howels",,,"Howells of Wales",3656
1169,Hoel,0,0,Howells,,,,,
1170,Hoell,0,0,Hughes,,,,,
1170,Hoell,0,0,Howells,,,,,
1171,Hole,0,0,Howells,,,,,
1172,Holl,0,0,Howells,,,,,
1173,Howel,0,0,Howells,,,,,
1174,Howell,0,0,Howells,,,,,
1175,Howes,0,0,Howells,,,,,
1176,Hywel,0,0,Howells,,,,,
1177,Hullin,0,0,Hughes,,,,,
1177,Hullin,0,0,Howells,,,,,
1178,Hullyn,0,0,Hughes,,,,,
1178,Hullyn,0,0,Howells,,,,,
1179,Darumple,0,0,Dalrymple,,,,,
1180,Darymple,0,0,Dalrymple,,,,,
1181,Dawrumpyl,0,0,Dalrymple,,,,,
1182,Dalrympille,0,0,Dalrymple,,,,,
1183,Dalrumpil,0,0,Dalrymple,,,,,
1184,Dalrimpill,0,0,Dalrymple,,,,,
1185,Dalrumpill,0,0,Dalrymple,,,,,
1186,Dalrympil,0,0,Dalrymple,,,,,
1187,Dalrumple,0,0,Dalrymple,,,,,
1188,Derumpill,0,0,Dalrymple,,,,,
1189,Pollok,0,0,Pollock,,,,,
1190,Pook,0,0,Pollock,,,,,
1191,Polk,0,0,Pollock,,,,,
1192,Polke,0,0,Pollock,,,,,
1193,Paulk,0,0,Pollock,,,,,
1194,Poalk,0,0,Pollock,,,,,
1195,Poalke,0,0,Pollock,,,,,
1196,Poulk,0,0,Pollock,,,,,
1197,Poolke,0,0,Pollock,,,,,
1198,Pogue,0,0,Pollock,,,,,
1199,Maffit,0,0,Moffat,,,,,
1200,Meffat,0,0,Moffat,,,,,
1201,Meffet,0,0,Moffat,,,,,
1202,Moffatt,0,0,Moffat,,,,,
1203,Moffet,0,0,Moffat,,,,,
1204,Moffett,0,0,Moffat,,,,,
1205,Moffit,0,0,Moffat,,,,,
1206,Moffitt,0,0,Moffat,,,,,
1207,Moffot,0,0,Moffat,,,,,
1208,Muffet,0,0,Moffat,,,,,
1209,Logyn,0,0,Logan,,,,,
1210,Lopan,0,0,Logan,,,,,
1211,Loghane,0,0,Logan,,,,,
1212,Logane,0,0,Logan,,,,,
1213,Loggan,0,0,Logan,,,,,
1214,Loghyn,0,0,Logan,,,,,
1215,Lowgane,0,0,Logan,,,,,
1216,Lagan,0,0,Logan,,,,,
1217,Laggan,0,0,Logan,,,,,
1218,Barthwick,0,0,Borthwick,,,,,
1219,Bortheik,0,0,Borthwick,,,,,
1220,Borthwyke,0,0,Borthwick,,,,,
1221,Borthwik,0,0,Borthwick,,,,,
1222,Borthweke,0,0,Borthwick,,,,,
1223,Borthuyke,0,0,Borthwick,,,,,
1224,Borthock,0,0,Borthwick,,,,,
1225,Borthek,0,0,Borthwick,,,,,
1226,Boirthvik,0,0,Borthwick,,,,,
1227,Boirthuik,0,0,Borthwick,,,,,
1228,Elisa,0,0,Ellis,,,,,
1229,Elise,0,0,Ellis,,,,,
1230,Elisha,0,0,Ellis,,,,,
1231,Elis,0,0,Ellis,,,,,
1232,Ellice,0,0,Ellis,,,,,
1233,Eliza,0,0,Ellis,,,,,
1234,Ellisa,0,0,Ellis,,,,,
1235,Helis,0,0,Ellis,,,,,
1236,Elisedd,0,0,Ellis,,,,,
1237,Bayliss,0,0,Baillie,,,,,
1237,Bayliss,0,0,Bellis,,,,,
1239,Armstrang,0,0,Armstrong,,,,,
1240,Armestrang,0,0,Armstrong,,,,,
1241,Armystrang,0,0,Armstrong,,,,,
1242,Harmestrang,0,0,Armstrong,,,,,
1243,Grozier,0,0,Armstrong,,,,,
1244,Crosier,0,0,Armstrong,,,,,
1245,Crosar,0,0,Armstrong,,,,,
1246,Halle,0,0,Hall,,,,,
1247,Haule,0,0,Hall,,,,,
1248,Haul,0,0,Hall,,,,,
1249,Hal,0,0,Hall,,,,,
1250,Hale,0,0,Hall,,,,,
1251,Haw,0,0,Hall,,,,,
1252,Ramesay,0,0,Ramsay,,,,,
1253,Ramesey,0,0,Ramsay,,,,,
1254,Rameseye,0,0,Ramsay,,,,,
1255,Ramesia,0,0,Ramsay,,,,,
1256,Ramesie,0,0,Ramsay,,,,,
1257,Ramessay,0,0,Ramsay,,,,,
1258,Ramissay,0,0,Ramsay,,,,,
1259,Rammeseye,0,0,Ramsay,,,,,
1260,Ramsey,0,0,Ramsay,,,,,
1261,Remesey,0,0,Ramsay,,,,,
1262,Baxtar,0,0,Baxter,,,,,
1263,Bacster,0,0,Baxter,,,,,
1264,Baxstare,0,0,Baxter,,,,,
1265,Baxstar,0,0,Baxter,,,,,
1266,Baxstair,0,0,Baxter,,,,,
1267,Bakster,0,0,Baxter,,,,,
1268,Baxster,0,0,Baxter,,,,,
1269,MacVaxter,0,0,Baxter,,,,,
1270,Makbaxstar,0,0,Baxter,,,,,
1271,MacBaxtar,0,0,Baxter,,,,,
1272,MacBaxter,0,0,Baxter,,,,,
1273,Angear,0,0,Gayre,,,,,
1274,Gaire,0,0,Gayre,,,,,
1275,Ger,0,0,Gayre,,,,,
1276,Gear,0,0,Gayre,,,,,
1277,Gere,0,0,Gayre,,,,,
1278,Ghiorr,0,0,Gayre,,,,,
1279,Gayr,0,0,Gayre,,,,,
1280,Gar,0,0,Gayre,,,,,
1281,Gayer,0,0,Gayre,,,,,
1282,Gyre,0,0,Gayre,,,,,
1283,Moar,0,0,Muir,,,,,
1284,Moare,0,0,Muir,,,,,
1285,Moer,0,0,Muir,,,,,
1286,Moir,0,0,Muir,,,,,
1287,Moire,0,0,Muir,,,,,
1288,Moor,0,0,Muir,,,,,
1288,Moor,0,0,Moore,,,,,
1289,Moore,0,0,Muir,"Ó Mordha,O'Moore,O'More,Morey,Moor,More,Muir",,,,
1290,Moure,0,0,Muir,,,,,
1291,Muire,0,0,Muir,,,,,
1292,Mur,0,0,Muir,,,,,
1293,Mure,0,0,Muir,,,,,
1294,Myre,0,0,Muir,,,,,
1295,Geir,0,0,Gayre,,,,,
1296,Garrison,0,0,Gayre,,,,,
1297,Garson,0,0,Gayre,,,,,
1298,Kerrison,0,0,Gayre,,,,,
1299,MacGillivoor,0,0,MacGillivray,,,,,
1300,MacGillivour,0,0,MacGillivray,,,,,
1301,MacGilvra,0,0,MacGillivray,,,,,
1302,MacGilvray,0,0,MacGillivray,,,,,
1303,MacIlvrae,0,0,MacGillivray,,,,,
1304,Roy,0,0,MacInroy,,,,,
1305,Gilvray,0,0,MacGillivray,,,,,
1306,MacGirr,0,0,,"MacGair,MacGeir,MacGirrie,MacGirry",,,,
1307,MacGair,0,0,MacGirr,,,,,
1308,MacGeir,0,0,MacGirr,,,,,
1310,MacGirrie,0,0,MacGirr,,,,,
1311,MacGirry,0,0,MacGirr,,,,,
1312,Gairn,0,0,Gayre,,,,,
1313,Dunlape,0,0,Dunlop,,,,,
1314,Donlop,0,0,Dunlop,,,,,
1315,Donlip,0,0,Dunlop,,,,,
1316,Dunlap,0,0,Dunlop,,,,,
1317,Dunlope,0,0,Dunlop,,,,,
1318,Dunlopp,0,0,Dunlop,,,,,
1319,Donlap,0,0,Dunlop,,,,,
1320,Dunluop,0,0,Dunlop,,,,,
1321,Dunlip,0,0,Dunlop,,,,,
1322,Downlop,0,0,Dunlop,,,,,
1323,Dullope,0,0,Dunlop,,,,,
1324,Broddy,0,0,Brodie,,,,,
1325,Broadie,0,0,Brodie,,,,,
1326,Brodye,0,0,Brodie,,,,,
1327,Broddie,0,0,Brodie,,,,,
1328,Brothie,0,0,Brodie,,,,,
1329,Breaddie,0,0,Brodie,,,,,
1330,Breadie,0,0,Brodie,,,,,
1331,Briddie,0,0,MacBride,,,,,
1332,Bridie,0,0,MacBride,,,,,
1333,Bridye,0,0,MacBride,,,,,
1334,Bridy,0,0,MacBride,,,,,
1335,Bryde,0,0,MacBride,,,,,
1336,Brydie,0,0,MacBride,,,,,
1337,Brody,0,0,Brodie,,,,,
1338,Aberbuthnocht,0,0,Arbuthnot,,,,,
1339,Aberbuthno,0,0,Arbuthnot,,,,,
1340,Aberbuthenoth,0,0,Arbuthnot,,,,,
1341,Aberbothenoth,0,0,Arbuthnot,,,,,
1342,Abirbuthenott,0,0,Arbuthnot,,,,,
1343,Arbuthnet,0,0,Arbuthnot,,,,,
1344,Arbuthneth,0,0,Arbuthnot,,,,,
1345,Arbuthnat,0,0,Arbuthnot,,,,,
1346,Arbuthnoth,0,0,Arbuthnot,,,,,
1347,Arbuthnott,0,0,Arbuthnot,,,,,
1348,Litel,0,0,Little,,,,,
1349,Litil,0,0,Little,,,,,
1350,Litill,0,0,Little,,,,,
1351,Litle,0,0,Little,,,,,
1352,Littell,0,0,Little,,,,,
1353,Littil,0,0,Little,,,,,
1354,Littill,0,0,Little,,,,,
1355,Littyll,0,0,Little,,,,,
1356,Lityl,0,0,Little,,,,,
1357,Lytil,0,0,Little,,,,,
1358,Lytle,0,0,Little,,,,,
1359,Lyttle,0,0,Little,,,,,
1360,Lyttille,0,0,Little,,,,,
1361,Dunbarre,0,0,Dunbar,,,,,
1362,Dumbare,0,0,Dunbar,,,,,
1363,Dumbar,0,0,Dunbar,,,,,
1364,Dounbare,0,0,Dunbar,,,,,
1365,Nisbett,0,0,Nisbet,,,,,
1366,Carmychel,0,0,Carmichael,,,,,
1367,Carmichaill,0,0,Carmichael,,,,,
1368,Carmichel,0,0,Carmichael,,,,,
1369,Carmitely,0,0,Carmichael,,,,,
1370,Carmychale,0,0,Carmichael,,,,,
1371,Carmichell,0,0,Carmichael,,,,,
1372,Carmychall,0,0,Carmichael,,,,,
1373,Cayrmichell,0,0,Carmichael,,,,,
1374,Cayrmichel,0,0,Carmichael,,,,,
1375,Carmechele,0,0,Carmichael,,,,,
1376,Carmychell,0,0,Carmichael,,,,,
1377,Carmigell,0,0,Carmichael,,,,,
1378,Carmighell,0,0,Carmichael,,,,,
1379,Kermychell,0,0,Carmichael,,,,,
1380,Faresyth,0,0,Forsyth,,,,,
1381,Fersy,0,0,Forsyth,,,,,
1382,Forsith,0,0,Forsyth,,,,,
1383,Forsitht,0,0,Forsyth,,,,,
1384,Fersith,0,0,Forsyth,,,,,
1385,Forsythe,0,0,Forsyth,,,,,
1386,Fearsithe,0,0,Forsyth,,,,,
1387,Foresyth,0,0,Forsyth,,,,,
1388,Forsithe,0,0,Forsyth,,,,,
1389,Forsycht,0,0,Forsyth,,,,,
1390,Forsytht,0,0,Forsyth,,,,,
1391,Forseyth,0,0,Forsyth,,,,,
1392,Fersyth,0,0,Forsyth,,,,,
1393,MacForsyth,0,0,Forsyth,,,,,
1394,Matthewson,0,0,Matheson,,,,,
1395,Mathewson,0,0,Matheson,,,,,
1395,Mathewson,0,0,Matthews,,,,,
1396,Mathison,0,0,Matheson,,,,,
1397,Mathyson,0,0,Matheson,,,,,
1398,MacMathon,0,0,Matheson,,,,,
1399,MacMhathain,0,0,Matheson,,,,,
1400,MacBurnie,0,0,Matheson,,,,,
1401,MacPhun,0,0,Matheson,,,,,
1402,Mathieson,0,0,Matheson,,,,,
1403,Mathie,0,0,Matheson,,,,,
1404,MacMath,0,0,Matheson,,,,,
1405,Moannach,0,0,Matheson,,,,,
1406,Carneggie,0,0,Carnegie,,,,,
1407,Carnegy,0,0,Carnegie,,,,,
1408,Carnegi,0,0,Carnegie,,,,,
1409,Carryneggi,0,0,Carnegie,,,,,
1410,Carrinegy,0,0,Carnegie,,,,,
1411,Carnigy,0,0,Carnegie,,,,,
1412,Carnagy,0,0,Carnegie,,,,,
1413,Carneaggie,0,0,Carnegie,,,,,
1414,Carinnegi,0,0,Carnegie,,,,,
1415,Carnagie,0,0,Carnegie,,,,,
1416,Kernagy,0,0,Carnegie,,,,,
1417,Kornegay,0,0,Carnegie,,,,,
1418,Carnage,0,0,Carnegie,,,,,
1419,Scoit,0,0,Scott,,,,,
1420,Scoitt,0,0,Scott,,,,,
1421,Scot,0,0,Scott,,,,,
1422,Scotte,0,0,Scott,,,,,
1423,Scotus,0,0,Scott,,,,,
1424,Scoyt,0,0,Scott,,,,,
1425,Geddas,0,0,Geddes,,,,,
1426,Geddeis,0,0,Geddes,,,,,
1427,Geddess,0,0,Geddes,,,,,
1428,Geddis,0,0,Geddes,,,,,
1429,Gedes,0,0,Geddes,,,,,
1430,Giddes,0,0,Geddes,,,,,
1431,Escot,0,0,Scott,,,,,
1432,Escott,0,0,Scott,,,,,
1433,Maitland,1,0,,"Maltland,Mateland,Matelande,Matheland,Matilland,Matillande,Matlain,Matland,Mauteland,Mautelande,Mautelent,Mautlent,Metellan,Metlan,Mettlin",Lauderdale,,,
1434,Maltland,0,0,Maitland,,,,,
1435,Mateland,0,0,Maitland,,,,,
1436,Matelande,0,0,Maitland,,,,,
1437,Matheland,0,0,Maitland,,,,,
1438,Matilland,0,0,Maitland,,,,,
1439,Matillande,0,0,Maitland,,,,,
1440,Matlain,0,0,Maitland,,,,,
1441,Matland,0,0,Maitland,,,,,
1442,Mauteland,0,0,Maitland,,,,,
1443,Mautelande,0,0,Maitland,,,,,
1444,Mautelent,0,0,Maitland,,,,,
1445,Mautlent,0,0,Maitland,,,,,
1446,Metellan,0,0,Maitland,,,,,
1447,Metlan,0,0,Maitland,,,,,
1448,Mettlin,0,0,Maitland,,,,,
1449,Forester,0,0,Forrester,,,,,
1449,Forester,0,0,Foster,,,,,
1450,Foristar,0,0,Forrester,,,,,
1451,Forrister,0,0,Forrester,,,,,
1452,Froster,0,0,Forrester,,,,,
1453,Forstare,0,0,Forrester,,,,,
1454,Forastir,0,0,Forrester,,,,,
1455,Foryster,0,0,Forrester,,,,,
1456,Forrestar,0,0,Forrester,,,,,
1457,Forestar,0,0,Forrester,,,,,
1458,Forstar,0,0,Forrester,,,,,
1459,Forster,0,0,Forrester,,,,,
1459,Forster,0,0,Foster,,,,,
1460,Fostar,0,0,Foster,,,,,
1461,Corstorphine,0,0,,Carstarphen,,,,
1462,Carstarphen,0,0,Corstorphine,,,,,
1463,Lumesten,0,0,Lumsden,,,,,
1464,Lumisdayn,0,0,Lumsden,,,,,
1465,Lumisdane,0,0,Lumsden,,,,,
1466,Lumsdean,0,0,Lumsden,,,,,
1467,Lumisdeyn,0,0,Lumsden,,,,,
1468,Lumsdaine,0,0,Lumsden,,,,,
1469,Lummisdane,0,0,Lumsden,,,,,
1470,Lummdane,0,0,Lumsden,,,,,
1471,Lummisden,0,0,Lumsden,,,,,
1472,Lummesdene,0,0,Lumsden,,,,,
1473,Lumisden,0,0,Lumsden,,,,,
1474,Lumisdeane,0,0,Lumsden,,,,,
1475,Lumysden,0,0,Lumsden,,,,,
1476,Lummysden,0,0,Lumsden,,,,,
1477,Lommestone,0,0,Lumsden,,,,,
1478,Ker,0,0,Kerr,,,,,
1479,Kerre,0,0,Kerr,,,,,
1480,Kere,0,0,Kerr,,,,,
1481,Keire,0,0,Kerr,,,,,
1482,Keyr,0,0,Kerr,,,,,
1483,Cer,0,0,Kerr,,,,,
1484,Kare,0,0,Kerr,,,,,
1485,Kar,0,0,Kerr,,,,,
1485,Kar,0,0,Car,,,,,
1486,Kayr,0,0,Kerr,,,,,
1487,Kaurr,0,0,Kerr,,,,,
1488,Karr,0,0,Kerr,,,,,
1489,Karre,0,0,Kerr,,,,,
1490,Carrach,0,0,Kerr,,,,,
1491,Kier,0,0,Kerr,,,,,
1492,MacAllum,0,0,MacCallum,,,,,
1493,MacCallome,0,0,MacCallum,,,,,
1494,MacCalume,0,0,MacCallum,,,,,
1495,MacCaluim,0,0,MacCallum,,,,,
1496,MacCalme,0,0,MacCallum,,,,,
1497,MacCalim,0,0,MacCallum,,,,,
1498,MacCollom,0,0,MacCallum,,,,,
1499,MacCollum,0,0,MacCallum,,,,,
1500,MacColem,0,0,MacCallum,,,,,
1501,MacColum,0,0,MacCallum,,,,,
1502,MacCullum,0,0,MacCallum,,,,,
1503,MacCullom,0,0,MacCallum,,,,,
1504,Makallum,0,0,MacCallum,,,,,
1505,Molcallum,0,0,MacCallum,,,,,
1506,Callum,0,0,,"Callam,Challum,Allum",,,,
1507,Callam,0,0,Callum,,,,,
1508,Challum,0,0,Callum,,,,,
1509,Allum,0,0,Callum,,,,,
1510,Vair,0,0,Weir,,,,,
1511,Veir,0,0,Weir,,,,,
1512,Vere,0,0,Weir,,,,,
1513,Veyre,0,0,Weir,,,,,
1514,Wair,0,0,Weir,,,,,
1515,Ware,0,0,Weir,,,,,
1516,Wayre,0,0,Weir,,,,,
1517,Wear,0,0,Weir,,,,,
1518,Weare,0,0,Weir,,,,,
1519,Weer,0,0,Weir,,,,,
1520,Weire,0,0,Weir,,,,,
1521,Were,0,0,Weir,,,,,
1522,Werr,0,0,Weir,,,,,
1523,Weyir,0,0,Weir,,,,,
1524,Weyr,0,0,Weir,,,,,
1525,Whier,0,0,Weir,,,,,
1526,Wier,0,0,Weir,,,,,
1527,Wir,0,0,Weir,,,,,
1528,Wire,0,0,Weir,,,,,
1529,Ceatoun,0,0,Seton,,,,,
1530,Ceton,0,0,Seton,,,,,
1531,Cetone,0,0,Seton,,,,,
1532,Seaton,0,0,Seton,,,,,
1533,Seatonne,0,0,Seton,,,,,
1534,Seatown,0,0,Seton,,,,,
1535,Seitone,0,0,Seton,,,,,
1536,Seitoune,0,0,Seton,,,,,
1537,Sethun,0,0,Seton,,,,,
1538,Setone,0,0,Seton,,,,,
1539,Setoun,0,0,Seton,,,,,
1540,Setoune,0,0,Seton,,,,,
1541,Setowun,0,0,Seton,,,,,
1542,Setton,0,0,Seton,,,,,
1543,Settone,0,0,Seton,,,,,
1544,Settoun,0,0,Seton,,,,,
1545,Setun,0,0,Seton,,,,,
1546,Seytoun,0,0,Seton,,,,,
1547,Seytoune,0,0,Seton,,,,,
1548,Berkeley,0,0,Barclay,,,,,
1549,Bercley,0,0,Barclay,,,,,
1550,Berclay,0,0,Barclay,,,,,
1551,Berkele,0,0,Barclay,,,,,
1552,Barclye,0,0,Barclay,,,,,
1553,Berklaw,0,0,Barclay,,,,,
1554,Barckley,0,0,Barclay,,,,,
1555,Barkla,0,0,Barclay,,,,,
1556,Barklay,0,0,Barclay,,,,,
1557,Barkley,0,0,Barclay,,,,,
1558,Barcula,0,0,Barclay,,,,,
1559,Barculay,0,0,Barclay,,,,,
1560,Bercula,0,0,Barclay,,,,,
1561,Barckly,0,0,Barclay,,,,,
1562,Barclaye,0,0,Barclay,,,,,
1563,Barklaw,0,0,Barclay,,,,,
1564,Barclet,0,0,Barclay,,,,,
1565,Lleo,0,0,Llewellyn,,,,,
1566,Flello,0,0,Llewellyn,,,,,
1567,Flellos,0,0,Llewellyn,,,,,
1568,Hillin,0,0,Llewellyn,,,,,
1569,Hilling,0,0,Llewellyn,,,,,
1570,Lello,0,0,Llewellyn,,,,,
1571,Lellow,0,0,Llewellyn,,,,,
1572,Lewelin,0,0,Llewellyn,,,,,
1573,Lewhellin,0,0,Llewellyn,,,,,
1574,Llewelin,0,0,Llewellyn,,,,,
1575,Llewellin,0,0,Llewellyn,,,,,
1576,Llewelling,0,0,Llewellyn,,,,,
1577,Llewelyn,0,0,Llewellyn,,,,,
1578,Llewheling,0,0,Llewellyn,,,,,
1579,Llewhellin,0,0,Llewellyn,,,,,
1580,Llewhelling,0,0,Llewellyn,,,,,
1581,Whellin,0,0,Llewellyn,,,,,
1582,Welling,0,0,Llewellyn,,,,,
1583,Wellins,0,0,Llewellyn,,,,,
1584,Bessat,0,0,Bisset,,,,,
1585,Besat,0,0,Bisset,,,,,
1586,Besate,0,0,Bisset,,,,,
1587,Buset,0,0,Bisset,,,,,
1588,Byset,0,0,Bisset,,,,,
1589,Bissatt,0,0,Bisset,,,,,
1590,Bissott,0,0,Bisset,,,,,
1591,Bissett,1,0,Bisset,,,,,
1592,Biset,0,0,Bisset,,,,,
1593,Biseth,0,0,Bisset,,,,,
1594,Byseth,0,0,Bisset,,,,,
1595,Bissart,0,0,Bisset,,,,,
1596,Byssot,0,0,Bisset,,,,,
1597,Bizet,0,0,Bisset,,,,,
1598,Bissaite,0,0,Bisset,,,,,
1599,Byssate,0,0,Bisset,,,,,
1600,Bisseth,0,0,Bisset,,,,,
1601,Bissate,0,0,Bisset,,,,,
1602,Bissat,0,0,Bisset,,,,,
1603,Crauford,0,0,Crawford,,,,,
1604,Craufurd,0,0,Crawford,,,,,
1605,Craunford,0,0,Crawford,,,,,
1606,Crafort,0,0,Crawford,,,,,
1607,Craweford,0,0,Crawford,,,,,
1608,Crafoord,0,0,Crawford,,,,,
1609,Crawfurd,0,0,Crawford,,,,,
1610,Crawffurd,0,0,Crawford,,,,,
1611,Crawfaird,0,0,Crawford,,,,,
1612,Crafford,0,0,Crawford,,,,,
1613,Crafoard,0,0,Crawford,,,,,
1614,Craford,0,0,Crawford,,,,,
1615,Crafuirde,0,0,Crawford,,,,,
1616,Craufurde,0,0,Crawford,,,,,
1617,Crafurd,0,0,Crawford,,,,,
1618,Crouford,0,0,Crawford,,,,,
1619,Crauffurd,0,0,Crawford,,,,,
1620,Crawfeurd,0,0,Crawford,,,,,
1621,Craufoord,0,0,Crawford,,,,,
1622,Crauforth,0,0,Crawford,,,,,
1623,Krauford,0,0,Crawford,,,,,
1624,Hom,0,0,Home,,,,,
1625,Hoom,0,0,Home,,,,,
1626,Hewme,0,0,Home,,,,,
1627,Hoome,0,0,Home,,,,,
1628,Houm,0,0,Home,,,,,
1629,Houme,0,0,Home,,,,,
1630,Huym,0,0,Home,,,,,
1631,Hum,0,0,Home,,,,,
1632,Aytoun,0,0,Aiton,,,,,
1633,Brus,0,0,Bruce,,,,,
1634,Bruwes,0,0,Bruce,,,,,
1635,Bruss,0,0,Bruce,,,,,
1636,Bruc,0,0,Bruce,,,,,
1637,Bruys,0,0,Bruce,,,,,
1638,Brues,0,0,Bruce,,,,,
1639,Bruice,0,0,Bruce,,,,,
1640,Bruis,0,0,Bruce,,,,,
1641,Bruze,0,0,Bruce,,,,,
1642,Broce,0,0,Bruce,,,,,
1643,Brois,0,0,Bruce,,,,,
1644,Broiss,0,0,Bruce,,,,,
1645,Brose,0,0,Bruce,,,,,
1646,Brouss,0,0,Bruce,,,,,
1647,Bruse,0,0,Bruce,,,,,
1648,Broise,0,0,Bruce,,,,,
1649,Flessor,0,0,Fletcher,,,,,
1650,Fleschar,0,0,Fletcher,,,,,
1651,Fleschor,0,0,Fletcher,,,,,
1652,Flechyr,0,0,Fletcher,,,,,
1653,Flesshour,0,0,Fletcher,,,,,
1654,Fleschour,0,0,Fletcher,,,,,
1655,Flessher,0,0,Fletcher,,,,,
1656,Flesser,0,0,Fletcher,,,,,
1657,Flescher,0,0,Fletcher,,,,,
1658,Fletcheour,0,0,Fletcher,,,,,
1659,Fleger,0,0,Fletcher,,,,,
1660,Flesher,0,0,Fletcher,,,,,
1661,Fledger,0,0,Fletcher,,,,,
1662,MacInlester,0,0,Fletcher,,,,,
1663,MacInleister,0,0,Fletcher,,,,,
1664,MacInleaster,0,0,Fletcher,,,,,
1665,Makinlestar,0,0,Fletcher,,,,,
1666,Makfleger,0,0,Fletcher,,,,,
1667,MacLeister,0,0,Fletcher,,,,,
1668,Vemis,0,0,Wemyss,,,,,
1669,Vemys,0,0,Wemyss,,,,,
1670,Vemyss,0,0,Wemyss,,,,,
1671,Veymis,0,0,Wemyss,,,,,
1672,Weemes,0,0,Wemyss,,,,,
1673,Weems,0,0,Wemyss,,,,,
1674,Weemyss,0,0,Wemyss,,,,,
1675,Weimes,0,0,Wemyss,,,,,
1676,Weimis,0,0,Wemyss,,,,,
1677,Weims,0,0,Wemyss,,,,,
1678,Weimys,0,0,Wemyss,,,,,
1679,Wemes,0,0,Wemyss,,,,,
1680,Wemeth,0,0,Wemyss,,,,,
1681,Wemis,0,0,Wemyss,,,,,
1682,Wemise,0,0,Wemyss,,,,,
1683,Wemyes,0,0,Wemyss,,,,,
1684,Wemys,0,0,Wemyss,,,,,
1685,Wemysse,0,0,Wemyss,,,,,
1686,Weymes,0,0,Wemyss,,,,,
1687,Weymis,0,0,Wemyss,,,,,
1688,Weyms,0,0,Wemyss,,,,,
1689,Wymes,0,0,Wemyss,,,,,
1690,Wymess,0,0,Wemyss,,,,,
1691,Gottray,0,0,Guthrie,,,,,
1692,Gottraye,0,0,Guthrie,,,,,
1693,Gotthra,0,0,Guthrie,,,,,
1694,Gotheray,0,0,Guthrie,,,,,
1695,Gotraye,0,0,Guthrie,,,,,
1696,Gottrae,0,0,Guthrie,,,,,
1697,Gotrey,0,0,Guthrie,,,,,
1698,Gothra,0,0,Guthrie,,,,,
1699,Gottre,0,0,Guthrie,,,,,
1700,Gotray,0,0,Guthrie,,,,,
1701,Gotrae,0,0,Guthrie,,,,,
1702,Gothray,0,0,Guthrie,,,,,
1703,Gothraw,0,0,Guthrie,,,,,
1704,Guttre,0,0,Guthrie,,,,,
1705,Gutherie,0,0,Guthrie,,,,,
1706,Gutherye,0,0,Guthrie,,,,,
1707,Guthre,0,0,Guthrie,,,,,
1708,Guthere,0,0,Guthrie,,,,,
1709,Guthry,0,0,Guthrie,,,,,
1710,Guthrye,0,0,Guthrie,,,,,
1711,Gutrae,0,0,Guthrie,,,,,
1712,Guttere,0,0,Guthrie,,,,,
1713,Guttraw,0,0,Guthrie,,,,,
1714,Guthree,0,0,Guthrie,,,,,
1715,Dalzell,0,0,Dalziel,,,,,
1716,Dalyell,0,0,Dalziel,,,,,
1717,Alidiel,0,0,Dalziel,,,,,
1718,Dayzill,0,0,Dalziel,,,,,
1719,Deill,0,0,Dalziel,,,,,
1720,Deell,0,0,Dalziel,,,,,
1721,Dalsell,0,0,Dalziel,,,,,
1722,Daleyhelle,0,0,Dalziel,,,,,
1723,Dalyhell,0,0,Dalziel,,,,,
1724,Dalyiel,0,0,Dalziel,,,,,
1725,Dalyel,0,0,Dalziel,,,,,
1726,Dalzel,0,0,Dalziel,,,,,
1727,Dalyhel,0,0,Dalziel,,,,,
1728,Dalzelle,0,0,Dalziel,,,,,
1729,Dalziell,0,0,Dalziel,,,,,
1730,Daleyhell,0,0,Dalziel,,,,,
1731,Daliel,0,0,Dalziel,,,,,
1732,Daliell,0,0,Dalziel,,,,,
1733,Dalielle,0,0,Dalziel,,,,,
1734,Dalliell,0,0,Dalziel,,,,,
1735,Dyell,0,0,Dalziel,,,,,
1736,Dyayell,0,0,Dalziel,,,,,
1737,Diyell,0,0,Dalziel,,,,,
1738,Duill,0,0,Dalziel,,,,,
1739,Deyell,0,0,Dalziel,,,,,
1740,Skeen,0,0,Skene,,,,,
1741,Sceyn,0,0,Skene,,,,,
1742,Schene,0,0,Skene,,,,,
1743,Skeene,0,0,Skene,,,,,
1744,Skein,0,0,Skene,,,,,
1745,Skeine,0,0,Skene,,,,,
1746,Sken,0,0,Skene,,,,,
1747,Skeyn,0,0,Skene,,,,,
1748,Skeyne,0,0,Skene,,,,,
1749,Skin,0,0,Skene,,,,,
1750,Skine,0,0,Skene,,,,,
1751,Skyen,0,0,Skene,,,,,
1752,Skyne,0,0,Skene,,,,,
1753,Dis,0,0,Skene,,,,,
1754,Dise,0,0,Skene,,,,,
1755,Dyas,0,0,Skene,,,,,
1756,Diss,0,0,Skene,,,,,
1757,Dyes,0,0,Skene,,,,,
1758,Dys,0,0,Skene,,,,,
1759,Dyse,0,0,Skene,,,,,
1760,Dyss,0,0,Skene,,,,,
1761,Monchryf,0,0,Moncrieffe,,,,,
1762,Moncref,0,0,Moncrieffe,,,,,
1763,Moncrefe,0,0,Moncrieffe,,,,,
1764,Moncreife,0,0,Moncrieffe,,,,,
1765,Moncreiff,0,0,Moncrieffe,,,,,
1766,Moncreiffe,1,0,Moncrieffe,,,,,
1767,Moncrief,0,0,Moncrieffe,,,,,
1768,Moncriefe,0,0,Moncrieffe,,,,,
1769,Moncrieff,0,0,Moncrieffe,,,,,
1770,Moncrif,0,0,Moncrieffe,,,,,
1771,Moncrife,0,0,Moncrieffe,,,,,
1772,Moncriffe,0,0,Moncrieffe,,,,,
1773,Monkreff,0,0,Moncrieffe,,,,,
1774,Monkreth,0,0,Moncrieffe,,,,,
1775,Montcreffe,0,0,Moncrieffe,,,,,
1776,Montcrief,0,0,Moncrieffe,,,,,
1777,Montcrif,0,0,Moncrieffe,,,,,
1778,Mouncref,0,0,Moncrieffe,,,,,
1779,Muncrefe,0,0,Moncrieffe,,,,,
1780,Muncreff,0,0,Moncrieffe,,,,,
1781,Muncreif,0,0,Moncrieffe,,,,,
1782,Muncreiffe,0,0,Moncrieffe,,,,,
1783,Muncreyfe,0,0,Moncrieffe,,,,,
1784,Muncrif,0,0,Moncrieffe,,,,,
1785,Muncrife,0,0,Moncrieffe,,,,,
1786,Munkrethe,0,0,Moncrieffe,,,,,
1787,Morrieson,0,0,Morrison,,,,,
1788,Murieson,0,0,Morrison,,,,,
1789,Murison,0,0,Morrison,,,,,
1790,Murrison,0,0,Morrison,,,,,
1791,Gillamor,0,0,Morrison,,,,,
1792,Gillemoire,0,0,Morrison,,,,,
1793,Gillemor,0,0,Morrison,,,,,
1794,Gillemore,0,0,Morrison,,,,,
1795,Gillemur,0,0,Morrison,,,,,
1796,Gillemure,0,0,Morrison,,,,,
1797,Gilmer,0,0,Morrison,,,,,
1798,Gilmoir,0,0,Morrison,,,,,
1799,Gilmor,0,0,Morrison,,,,,
1800,Gilmoure,0,0,Morrison,,,,,
1801,Gilmur,0,0,Morrison,,,,,
1802,Gilmure,0,0,Morrison,,,,,
1803,Gylmor,0,0,Morrison,,,,,
1804,Breive,0,0,Morrison,,,,,
1805,MacBreive,0,0,Morrison,,,,,
1806,Gardyne,1,0,,"Gardino,Gardin,Gardinus,Garden,Gerden,Gerdain",,,,
1807,Gardino,0,0,Gardyne,,,,,
1808,Gardin,0,0,Gardyne,,,,,
1809,Gardinus,0,0,Gardyne,,,,,
1810,Garden,0,0,Jardine,,,,,
1810,Garden,0,0,Gardyne,,,,,
1811,Jardin,0,0,Jardine,,,,,
1812,Jardane,0,0,Jardine,,,,,
1813,Jerden,0,0,Jardine,,,,,
1814,Jerdone,0,0,Jardine,,,,,
1815,Jarden,0,0,Jardine,,,,,
1816,Jardyne,0,0,Jardine,,,,,
1817,Jarding,0,0,Jardine,,,,,
1818,Jardyn,0,0,Jardine,,,,,
1819,Gerden,0,0,Gardyne,,,,,
1820,Gerdain,0,0,Gardyne,,,,,
1821,Nisbert,0,0,Nisbet,,,,,
1822,Nisbite,0,0,Nisbet,,,,,
1823,Nizbet,0,0,Nisbet,,,,,
1824,Nysbet,0,0,Nisbet,,,,,
1825,Nysbit,0,0,Nisbet,,,,,
1826,Nyzbet,0,0,Nisbet,,,,,
1827,Nechisbet,0,0,Nisbet,,,,,
1828,Neisbayt,0,0,Nisbet,,,,,
1829,Neisbit,0,0,Nisbet,,,,,
1830,Neisbitt,0,0,Nisbet,,,,,
1831,Nesbeit,0,0,Nisbet,,,,,
1832,Nesbet,0,0,Nisbet,,,,,
1833,Nesbeth,0,0,Nisbet,,,,,
1834,Nesbit,0,0,Nisbet,,,,,
1835,Nesbite,0,0,Nisbet,,,,,
1836,Nesbitt,1,0,Nisbet,,,,,
1837,Nesbut,0,0,Nisbet,,,,,
1838,Nesbuth,0,0,Nisbet,,,,,
1839,Nesbyt,0,0,Nisbet,,,,,
1840,Nesbyte,0,0,Nisbet,,,,,
1841,Nesbyth,0,0,Nisbet,,,,,
1842,Nesebeht,0,0,Nisbet,,,,,
1843,Nesebite,0,0,Nisbet,,,,,
1844,Nesebith,0,0,Nisbet,,,,,
1845,Nezebet,0,0,Nisbet,,,,,
1846,Nezebeth,0,0,Nisbet,,,,,
1847,Aersking,0,0,Erskine,,,,,
1848,Aersken,0,0,Erskine,,,,,
1849,Aerskine,0,0,Erskine,,,,,
1850,Arskeyne,0,0,Erskine,,,,,
1851,Arskyn,0,0,Erskine,,,,,
1852,Askin,0,0,Erskine,,,,,
1853,Arskin,0,0,Erskine,,,,,
1854,Askine,0,0,Erskine,,,,,
1855,Assequin,0,0,Erskine,,,,,
1856,Areskin,0,0,Erskine,,,,,
1857,Arskine,0,0,Erskine,,,,,
1858,Areskine,0,0,Erskine,,,,,
1859,Erskye,0,0,Erskine,,,,,
1860,Ersken,0,0,Erskine,,,,,
1861,Erskyne,0,0,Erskine,,,,,
1862,Erschine,0,0,Erskine,,,,,
1863,Erskyn,0,0,Erskine,,,,,
1864,Erkyrn,0,0,Erskine,,,,,
1865,Ersskyne,0,0,Erskine,,,,,
1866,Erskynn,0,0,Erskine,,,,,
1867,Erschin,0,0,Erskine,,,,,
1868,Hasquin,0,0,Erskine,,,,,
1869,Hirskyne,0,0,Erskine,,,,,
1870,Herskyne,0,0,Erskine,,,,,
1871,Irskyne,0,0,Erskine,,,,,
1872,Ireskin,0,0,Erskine,,,,,
1873,Irskine,0,0,Erskine,,,,,
1874,Irskyn,0,0,Erskine,,,,,
1875,Tornebole,0,0,Turnbull,,,,,
1876,Tornebule,0,0,Turnbull,,,,,
1877,Tournebulle,0,0,Turnbull,,,,,
1878,Trimbill,0,0,Turnbull,,,,,
1879,Trimble,0,0,Turnbull,,,,,
1880,Trimbulle,0,0,Turnbull,,,,,
1881,Trombel,0,0,Turnbull,,,,,
1882,Trombill,0,0,Turnbull,,,,,
1883,Tromboul,0,0,Turnbull,,,,,
1884,Troumbull,0,0,Turnbull,,,,,
1885,Trumbell,0,0,Turnbull,,,,,
1886,Trumbil,0,0,Turnbull,,,,,
1887,Trumbill,0,0,Turnbull,,,,,
1888,Trumble,0,0,Turnbull,,,,,
1889,Trumbul,0,0,Turnbull,,,,,
1890,Trumbyll,0,0,Turnbull,,,,,
1891,Trymbille,0,0,Turnbull,,,,,
1892,Turmbill,0,0,Turnbull,,,,,
1893,Turmpbill,0,0,Turnbull,,,,,
1894,Turnbill,0,0,Turnbull,,,,,
1895,Turnble,0,0,Turnbull,,,,,
1896,Turnbol,0,0,Turnbull,,,,,
1897,Turnbul,0,0,Turnbull,,,,,
1898,Turnebile,0,0,Turnbull,,,,,
1899,Turneble,0,0,Turnbull,,,,,
1900,Turnebule,0,0,Turnbull,,,,,
1901,Turnebulle,0,0,Turnbull,,,,,
1902,Turnibul,0,0,Turnbull,,,,,
1903,Chonigham,0,0,Cunningham,,,,,
1904,Conigham,0,0,Cunningham,,,,,
1905,Conighame,0,0,Cunningham,,,,,
1906,Cunnynghame,0,0,Cunningham,,,,,
1907,Cwnninghame,0,0,Cunningham,,,,,
1908,Cunnyngayme,0,0,Cunningham,,,,,
1909,Cunynghame,0,0,Cunningham,,,,,
1910,Cunnygam,0,0,Cunningham,,,,,
1911,Cunyngahame,0,0,Cunningham,,,,,
1912,Cunninghame,0,0,Cunningham,,,,,
1913,Cunymgham,0,0,Cunningham,,,,,
1914,Conynghame,0,0,Cunningham,,,,,
1915,Cwnyghame,0,0,Cunningham,,,,,
1916,Cunyngame,0,0,Cunningham,,,,,
1917,Cunyngaham,0,0,Cunningham,,,,,
1918,Cunyghame,0,0,Cunningham,,,,,
1919,Cwnygham,0,0,Cunningham,,,,,
1920,Conyngham,0,0,Cunningham,,,,,
1921,Cunningghame,0,0,Cunningham,,,,,
1922,Conyghans,0,0,Cunningham,,,,,
1923,Conningans,0,0,Cunningham,,,,,
1924,Cunygam,0,0,Cunningham,,,,,
1925,Cunigham,0,0,Cunningham,,,,,
1926,Cunigom,0,0,Cunningham,,,,,
1927,Cuninggame,0,0,Cunningham,,,,,
1928,Cuningham,0,0,Cunningham,,,,,
1929,Cuninghame,0,0,Cunningham,,,,,
1930,Kuningham,0,0,Cunningham,,,,,
1931,Kyninghame,0,0,Cunningham,,,,,
1932,Ballie,0,0,Baillie,,,,,
1933,Baleus,0,0,Baillie,,,,,
1934,Bailzie,0,0,Baillie,,,,,
1935,Bailzea,0,0,Baillie,,,,,
1936,Bailze,0,0,Baillie,,,,,
1937,Bailyow,0,0,Baillie,,,,,
1938,Bailyne,0,0,Baillie,,,,,
1939,Baily,0,0,Baillie,,,,,
1940,Balye,0,0,Baillie,,,,,
1941,Ballye,0,0,Baillie,,,,,
1942,Bailley,0,0,Baillie,,,,,
1943,Baillye,0,0,Baillie,,,,,
1944,Bailly,0,0,Baillie,,,,,
1945,Baillyie,0,0,Baillie,,,,,
1946,Bailive,0,0,Baillie,,,,,
1947,Bailie,0,0,Baillie,,,,,
1947,Bailie,0,0,Bailey,,,,,
1948,Bailey,0,0,Baillie,Bailie,,,,
1949,Baile,0,0,Baillie,,,,,
1950,Baly,0,0,Baillie,,,,,
1951,Bayley,0,0,Baillie,,,,,
1952,Balze,0,0,Baillie,,,,,
1953,Balzie,0,0,Baillie,,,,,
1954,Baylly,0,0,Baillie,,,,,
1955,Baylie,0,0,Baillie,,,,,
1956,Bayllie,0,0,Baillie,,,,,
1957,Baylzie,0,0,Baillie,,,,,
1958,Baylzee,0,0,Baillie,,,,,
1959,Bailue,0,0,Baillie,,,,,
1960,Baillze,0,0,Baillie,,,,,
1961,Sommerville,0,0,Somerville,,,,,
1962,Semervaile,0,0,Somerville,,,,,
1963,Simerwell,0,0,Somerville,,,,,
1964,Someruell,0,0,Somerville,,,,,
1965,Someruyle,0,0,Somerville,,,,,
1966,Somervail,0,0,Somerville,,,,,
1967,Somervaill,0,0,Somerville,,,,,
1968,Somervell,0,0,Somerville,,,,,
1969,Somerviel,0,0,Somerville,,,,,
1970,Somervile,0,0,Somerville,,,,,
1971,Somervol,0,0,Somerville,,,,,
1972,Somerwale,0,0,Somerville,,,,,
1973,Somerwele,0,0,Somerville,,,,,
1974,Somerwell,0,0,Somerville,,,,,
1975,Sommeruill,0,0,Somerville,,,,,
1976,Sommerveale,0,0,Somerville,,,,,
1977,Sommervell,0,0,Somerville,,,,,
1978,Sommerwall,0,0,Somerville,,,,,
1979,Sommerweil,0,0,Somerville,,,,,
1980,Sommerwell,0,0,Somerville,,,,,
1981,Somyruille,0,0,Somerville,,,,,
1982,Somyruyle,0,0,Somerville,,,,,
1983,Somyrville,0,0,Somerville,,,,,
1984,Sumeruilla,0,0,Somerville,,,,,
1985,Sumervilla,0,0,Somerville,,,,,
1986,Summervail,0,0,Somerville,,,,,
1987,Summyrvil,0,0,Somerville,,,,,
1988,Summyrville,0,0,Somerville,,,,,
1989,Summyrwil,0,0,Somerville,,,,,
1990,Symmervaill,0,0,Somerville,,,,,
1991,Symmervell,0,0,Somerville,,,,,
1992,Symmerwell,0,0,Somerville,,,,,
1993,Wright,0,0,,"Ryght,Wiricht,Wirrycht,Wirryht,Wirycht,Wrecht,Wreicht,Wreight,Right",,"scottish,english,welsh,irish",,
1994,Ryght,0,0,Wright,,,,,
1995,Wiricht,0,0,Wright,,,,,
1996,Wirrycht,0,0,Wright,,,,,
1997,Wirryht,0,0,Wright,,,,,
1998,Wirycht,0,0,Wright,,,,,
1999,Wrecht,0,0,Wright,,,,,
2000,Wreicht,0,0,Wright,,,,,
2001,Wreight,0,0,Wright,,,,,
2002,MacIntire,0,0,MacIntyre,,,,,
2003,MacKintyre,0,0,MacIntyre,,,,,
2004,MacTire,0,0,MacIntyre,,,,,
2005,MacEntire,0,0,MacIntyre,,,,,
2006,Tyre,0,0,MacIntyre,,,,,
2007,MacCoshim,0,0,MacIntyre,,,,,
2008,MacInteer,0,0,MacIntyre,,,,,
2009,MacIntyir,0,0,MacIntyre,,,,,
2010,MacIntyr,0,0,MacIntyre,,,,,
2011,MacKentyre,0,0,MacIntyre,,,,,
2012,MacOisein,0,0,MacIntyre,,,,,
2013,MacTyre,0,0,MacIntyre,,,,,
2014,MacYntyre,0,0,MacIntyre,,,,,
2015,Makintare,0,0,MacIntyre,,,,,
2016,Maktyre,0,0,MacIntyre,,,,,
2017,Tire,0,0,MacIntyre,,,,,
2018,MacCosham,0,0,MacIntyre,,,,,
2019,MacEntyre,0,0,MacIntyre,,,,,
2020,Makduf,0,0,MacDuff,,,,,
2021,Duff,0,0,MacDuff,,,,,
2022,Doff,0,0,MacDuff,,,,,
2023,Duf,0,0,MacDuff,,,,,
2024,Duif,0,0,MacDuff,,,,,
2025,Cheseholme,0,0,Chisholm,,,,,
2026,Chisholme,0,0,Chisholm,,,,,
2027,Chesolme,0,0,Chisholm,,,,,
2028,Cheishame,0,0,Chisholm,,,,,
2029,Chesom,0,0,Chisholm,,,,,
2030,Cheisholme,0,0,Chisholm,,,,,
2031,Chesome,0,0,Chisholm,,,,,
2032,Chesehelme,0,0,Chisholm,,,,,
2033,Chessam,0,0,Chisholm,,,,,
2034,Cheseim,0,0,Chisholm,,,,,
2035,Chessame,0,0,Chisholm,,,,,
2036,Cheshelme,0,0,Chisholm,,,,,
2037,Chesseholme,0,0,Chisholm,,,,,
2038,Chesholme,0,0,Chisholm,,,,,
2039,Chesim,0,0,Chisholm,,,,,
2040,Cheishelm,0,0,Chisholm,,,,,
2041,Chism,0,0,Chisholm,,,,,
2042,Cheseholm,0,0,Chisholm,,,,,
2043,Chisolm,0,0,Chisholm,,,,,
2044,Chesholm,0,0,Chisholm,,,,,
2045,Chesolm,0,0,Chisholm,,,,,
2046,Chesame,0,0,Chisholm,,,,,
2047,Cheshelm,0,0,Chisholm,,,,,
2048,Cheshom,0,0,Chisholm,,,,,
2049,Chisolme,0,0,Chisholm,,,,,
2050,Chisomme,0,0,Chisholm,,,,,
2051,Chissem,0,0,Chisholm,,,,,
2052,Chissim,0,0,Chisholm,,,,,
2053,Chissolme,0,0,Chisholm,,,,,
2054,Sheshelm,0,0,Chisholm,,,,,
2055,Schisolme,0,0,Chisholm,,,,,
2056,Schisholme,0,0,Chisholm,,,,,
2057,Schishome,0,0,Chisholm,,,,,
2058,Shisholme,0,0,Chisholm,,,,,
2059,Schisome,0,0,Chisholm,,,,,
2060,Leslay,0,0,Leslie,,,,,
2061,Lesley,0,0,Leslie,,,,,
2062,Lesslie,0,0,Leslie,,,,,
2063,Lesly,0,0,Leslie,,,,,
2064,Lesli,0,0,Leslie,,,,,
2065,Leslei,0,0,Leslie,,,,,
2066,Lessley,0,0,Leslie,,,,,
2067,Lessely,0,0,Leslie,,,,,
2068,MacNeacail,0,0,MacNicol,,,,,
2069,MacNicail,0,0,MacNicol,,,,,
2070,MacNiccoll,0,0,MacNicol,,,,,
2071,MacNichol,0,0,MacNicol,,,,,
2072,MacNichole,0,0,MacNicol,,,,,
2073,MacNicholl,0,0,MacNicol,,,,,
2074,MacNickle,0,0,MacNicol,,,,,
2075,MacNicoll,0,0,MacNicol,,,,,
2076,MacNychol,0,0,MacNicol,,,,,
2077,MacNychole,0,0,MacNicol,,,,,
2078,MacNycholl,0,0,MacNicol,,,,,
2079,Maknichol,0,0,MacNicol,,,,,
2080,Maknicoll,0,0,MacNicol,,,,,
2081,Maknychol,0,0,MacNicol,,,,,
2082,Maknycholl,0,0,MacNicol,,,,,
2083,Neclason,0,0,Nicolson,,,,,
2084,Neclasson,0,0,Nicolson,,,,,
2085,Necolson,0,0,Nicolson,,,,,
2086,Nicholson,0,0,Nicolson,,,,,
2087,Nicholsone,0,0,Nicolson,,,,,
2088,Nicholsoun,0,0,Nicolson,,,,,
2089,Niclasson,0,0,Nicolson,,,,,
2090,Nicole,0,0,Nicolson,,,,,
2091,Nicollsoun,0,0,Nicolson,,,,,
2092,Nuccol,0,0,Nicolson,,,,,
2093,Nucholl,0,0,Nicolson,,,,,
2094,Nuckall,0,0,Nicolson,,,,,
2095,Nuckle,0,0,Nicolson,,,,,
2096,Nucolson,0,0,Nicolson,,,,,
2097,Nycholay,0,0,Nicolson,,,,,
2098,Nycholl,0,0,Nicolson,,,,,
2099,Nycholson,0,0,Nicolson,,,,,
2100,Nycholsoun,0,0,Nicolson,,,,,
2101,Andesoune,0,0,Anderson,,,,,
2102,Androsone,0,0,Anderson,,,,,
2103,Andirsoune,0,0,Anderson,,,,,
2104,Andrson,0,0,Anderson,,,,,
2105,Andersonne,0,0,Anderson,,,,,
2106,Andersone,0,0,Anderson,,,,,
2107,Andison,0,0,Anderson,,,,,
2108,Andrewson,0,0,Anderson,,,,,
2109,Andirsoone,0,0,Anderson,,,,,
2110,Andersoune,0,0,Anderson,,,,,
2111,Andersoun,0,0,Anderson,,,,,
2112,Andree,0,0,Anderson,,,,,
2113,Andyrson,0,0,Anderson,,,,,
2114,Androsoun,0,0,Anderson,,,,,
2115,Androsoune,0,0,Anderson,,,,,
2116,Andreson,0,0,Anderson,,,,,
2117,Andresoun,0,0,Anderson,,,,,
2118,Androson,0,0,Anderson,,,,,
2119,Andson,0,0,Anderson,,,,,
2120,Andirstoun,0,0,Anderson,,,,,
2121,Andirston,0,0,Anderson,,,,,
2122,Anderston,0,0,Anderson,,,,,
2123,Coutts,0,0,,Coates,,,,
2124,Coates,0,0,Coutts,,,,,
2125,Hardy,0,0,Hardie,,,,,
2126,MacCartney,0,0,,MacCardney,,,,
2127,MacCardney,0,0,MacCartney,,,,,
2128,Leithe,0,0,Leith,,,,,
2129,Lethe,0,0,Leith,,,,,
2130,Leth,0,0,Leith,,,,,
2131,Leyth,0,0,Leith,,,,,
2132,Leythe,0,0,Leith,,,,,
2133,Dalgetty,0,0,,"Delgaty,Delgety,Dalgity,Delgatty,Dalgety,Delgattie,Dalgitty",,,,
2134,Delgaty,0,0,Dalgetty,,,,,
2135,Delgety,0,0,Dalgetty,,,,,
2136,Dalgity,0,0,Dalgetty,,,,,
2137,Delgatty,0,0,Dalgetty,,,,,
2138,Dalgety,0,0,Dalgetty,,,,,
2139,Delgattie,0,0,Dalgetty,,,,,
2140,Dalgitty,0,0,Dalgetty,,,,,
2141,Haya,0,0,Hay,,,,,
2142,Haye,0,0,Hay,,,,,
2143,Heys,0,0,Hay,,,,,
2144,Hey,0,0,Hay,,,,,
2145,Arrol,0,0,,"Errol,Errole,Erroll,Arroll,Arrell,Arral,Arrel",,,,
2146,Errol,0,0,Arrol,,,,,
2147,Errole,0,0,Arrol,,,,,
2148,Erroll,0,0,Arrol,,,,,
2149,Arroll,0,0,Arrol,,,,,
2150,Arrell,0,0,Arrol,,,,,
2151,Arral,0,0,Arrol,,,,,
2152,Arrel,0,0,Arrol,,,,,
2153,Ave,0,0,Hay,,,,,
2155,Aue,0,0,Hay,,,,,
2156,Aye,0,0,Hay,,,,,
2157,Lesk,0,0,Leask,,,,,
2158,Lesque,0,0,Leask,,,,,
2159,Laysk,0,0,Leask,,,,,
2160,Leaske,0,0,Leask,,,,,
2161,Leisk,0,0,Leask,,,,,
2162,Lowask,0,0,Leask,,,,,
2163,Laisk,0,0,Leask,,,,,
2164,Lisk,0,0,Leask,,,,,
2165,Lask,0,0,Leask,,,,,
2166,Louask,0,0,Leask,,,,,
2167,Laske,0,0,Leask,,,,,
2168,Laski,0,0,Leask,,,,,
2169,Lowsk,0,0,Leask,,,,,
2170,Kinnedi,0,0,Kennedy,,,,,
2171,Canedie,0,0,Kennedy,,,,,
2172,Kennyde,0,0,Kennedy,,,,,
2173,Kennadee,0,0,Kennedy,,,,,
2174,Kenide,0,0,Kennedy,,,,,
2175,Keneidy,0,0,Kennedy,,,,,
2176,Kennydy,0,0,Kennedy,,,,,
2177,Kennedi,0,0,Kennedy,,,,,
2178,Kenede,0,0,Kennedy,,,,,
2179,Kenadie,0,0,Kennedy,,,,,
2180,Kennaty,0,0,Kennedy,,,,,
2181,Kennatie,0,0,Kennedy,,,,,
2182,Kenyde,0,0,Kennedy,,,,,
2183,Kanydi,0,0,Kennedy,,,,,
2184,Kenedy,0,0,Kennedy,,,,,
2185,Kennety,0,0,Kennedy,,,,,
2186,Kennedye,0,0,Kennedy,,,,,
2187,Kennide,0,0,Kennedy,,,,,
2188,Kinydy,0,0,Kennedy,,,,,
2189,Kennetie,0,0,Kennedy,,,,,
2190,Kanide,0,0,Kennedy,,,,,
2191,Kynidy,0,0,Kennedy,,,,,
2192,Kyneidy,0,0,Kennedy,,,,,
2193,Carrick,0,0,,"Carrik,Carric,Carryk,Karryc,Karrick",,,,
2194,Carrik,0,0,Carrick,,,,,
2195,Carric,0,0,Carrick,,,,,
2196,Carryk,0,0,Carrick,,,,,
2197,Karryc,0,0,Carrick,,,,,
2198,Karrick,0,0,Carrick,,,,,
2199,Eirryn,0,0,Irvine,,,,,
2200,Erwyne,0,0,Irvine,,,,,
2201,Erwine,0,0,Irvine,,,,,
2202,Erwin,0,0,Irvine,,,,,
2203,Erwyn,0,0,Irvine,,,,,
2204,Erwinne,0,0,Irvine,,,,,
2205,Ervine,0,0,Irvine,,,,,
2206,Erwing,0,0,Irvine,,,,,
2207,Erevein,0,0,Irvine,,,,,
2208,Erewine,0,0,Irvine,,,,,
2209,Herwynd,0,0,Irvine,,,,,
2210,Herwyne,0,0,Irvine,,,,,
2211,Irwing,0,0,Irvine,,,,,
2212,Irewing,0,0,Irvine,,,,,
2213,Irvein,0,0,Irvine,,,,,
2214,Irwen,0,0,Irvine,,,,,
2215,Irwan,0,0,Irvine,,,,,
2216,Iruyn,0,0,Irvine,,,,,
2217,Irvyn,0,0,Irvine,,,,,
2218,Iruin,0,0,Irvine,,,,,
2219,Hurven,0,0,Irvine,,,,,
2220,Irvinn,0,0,Irvine,,,,,
2221,Irwyn,0,0,Irvine,,,,,
2222,Irvinge,0,0,Irvine,,,,,
2223,Irwine,0,0,Irvine,,,,,
2224,Irwyng,0,0,Irvine,,,,,
2225,Irwynn,0,0,Irvine,,,,,
2226,Irwyne,0,0,Irvine,,,,,
2227,Irwin,0,0,Irvine,,,,,
2228,Irveyn,0,0,Irvine,,,,,
2229,Irrwing,0,0,Irvine,,,,,
2230,Iruyne,0,0,Irvine,,,,,
2231,Iruwyn,0,0,Irvine,,,,,
2232,Irewyne,0,0,Irvine,,,,,
2233,Irrwin,0,0,Irvine,,,,,
2234,Irvin,0,0,Irvine,,,,,
2235,Irveing,0,0,Irvine,,,,,
2236,Irvying,0,0,Irvine,,,,,
2237,Irving,0,0,Irvine,,,,,
2238,Irrewin,0,0,Irvine,,,,,
2239,Irrewine,0,0,Irvine,,,,,
2240,Irrewing,0,0,Irvine,,,,,
2241,Irruwing,0,0,Irvine,,,,,
2242,MacIrvine,0,0,Irvine,,,,,
2243,Urwin,0,0,Irvine,,,,,
2244,Urwing,0,0,Irvine,,,,,
2245,Urwyng,0,0,Irvine,,,,,
2246,Urwen,0,0,Irvine,,,,,
2247,Yrwing,0,0,Irvine,,,,,
2248,Yrwin,0,0,Irvine,,,,,
2249,Glentulcan,0,0,Irvine,,,,,
2250,Maxuel,0,0,Maxwell,,,,,
2251,Latimer,0,0,,Latimore,,,,
2252,Latimore,0,0,Latimer,,,,,
2253,MacEttrick,0,0,,"MacKittrick,MacEtterick,MacGetrick,MacGettrich,MacGettrick,MacGhittich,MacHethrick,MacIttrick,MacKeswal,MacKethrick,MacKetterick,MacKitterick",,,,
2254,MacKittrick,0,0,MacEttrick,,,,,
2255,MacEtterick,0,0,MacEttrick,,,,,
2256,MacGetrick,0,0,MacEttrick,,,,,
2257,MacGettrich,0,0,MacEttrick,,,,,
2258,MacGettrick,0,0,MacEttrick,,,,,
2259,MacGhittich,0,0,MacEttrick,,,,,
2260,MacHethrick,0,0,MacEttrick,,,,,
2261,MacIttrick,0,0,MacEttrick,,,,,
2262,MacKeswal,0,0,MacEttrick,,,,,
2263,MacKethrick,0,0,MacEttrick,,,,,
2264,MacKetterick,0,0,MacEttrick,,,,,
2265,MacKitterick,0,0,MacEttrick,,,,,
2266,Poak,0,0,Pollock,,,,,
2267,Poke,0,0,Pollock,,,,,
2268,Makiswel,0,0,Maxwell,,,,,
2269,Makiswell,0,0,Maxwell,,,,,
2270,Makkiswell,0,0,Maxwell,,,,,
2271,Maxvall,0,0,Maxwell,,,,,
2272,Maxvile,0,0,Maxwell,,,,,
2273,Maxwaile,0,0,Maxwell,,,,,
2274,Maxwale,0,0,Maxwell,,,,,
2275,Maxweel,0,0,Maxwell,,,,,
2276,Maxey,0,0,Maxwell,,,,,
2277,Maxon,0,0,Maxwell,,,,,
2278,Dunwoodie,0,0,Dinwoodie,,,,,
2279,Lindesse,0,0,Lindsay,,,,,
2280,Linsey,0,0,Lindsay,,,,,
2281,Lyndissay,0,0,Lindsay,,,,,
2282,Lindissi,0,0,Lindsay,,,,,
2283,Buyers,0,0,,"Byers,Byrs,Byris",,,,
2284,Byers,0,0,Buyers,,,,,
2285,Deuchar,0,0,,"Deuchars,Deuquhare,Deuchair,Duquhar,Duchar,Duquhare,Deuchor,Dowchar,Deuquhar,Deucher,Deughar,Duchre,Dowgar,Deugher,Duchir,Dewquhir,Douquhar,Deuquhair,Deuquhyre,Dequhar,Dewquhar,Doucher,Deucharys,Doughar,Dewchare,Dewchar,Deuchart",,,,
2286,Deuchars,0,0,Deuchar,,,,,
2287,Deuquhare,0,0,Deuchar,,,,,
2288,Deuchair,0,0,Deuchar,,,,,
2289,Duquhar,0,0,Deuchar,,,,,
2290,Duchar,0,0,Deuchar,,,,,
2291,Duquhare,0,0,Deuchar,,,,,
2292,Deuchor,0,0,Deuchar,,,,,
2293,Dowchar,0,0,Deuchar,,,,,
2294,Deuquhar,0,0,Deuchar,,,,,
2295,Deucher,0,0,Deuchar,,,,,
2296,Deughar,0,0,Deuchar,,,,,
2297,Duchre,0,0,Deuchar,,,,,
2298,Dowgar,0,0,Deuchar,,,,,
2299,Deugher,0,0,Deuchar,,,,,
2300,Duchir,0,0,Deuchar,,,,,
2301,Dewquhir,0,0,Deuchar,,,,,
2302,Douquhar,0,0,Deuchar,,,,,
2303,Deuquhair,0,0,Deuchar,,,,,
2304,Deuquhyre,0,0,Deuchar,,,,,
2305,Dequhar,0,0,Deuchar,,,,,
2306,Dewquhar,0,0,Deuchar,,,,,
2307,Doucher,0,0,Deuchar,,,,,
2308,Deucharys,0,0,Deuchar,,,,,
2309,Doughar,0,0,Deuchar,,,,,
2310,Dewchare,0,0,Deuchar,,,,,
2311,Dewchar,0,0,Deuchar,,,,,
2312,Deuchart,0,0,Deuchar,,,,,
2313,Byrs,0,0,Buyers,,,,,
2315,Byris,0,0,Buyers,,,,,
2316,MacClintoch,0,0,MacLintock,,,,,
2317,MacGilliondaig,0,0,MacLintock,,,,,
2318,MacIlandick,0,0,MacLintock,,,,,
2319,MacIllandick,0,0,MacLintock,,,,,
2320,MacInlaintaig,0,0,MacLintock,,,,,
2321,MacLentick,0,0,MacLintock,,,,,
2322,MacLintoch,0,0,MacLintock,,,,,
2323,Hendersonne,0,0,Henderson,,,,,
2324,Hendersoun,0,0,Henderson,,,,,
2325,Henryson,0,0,Henderson,,,,,
2326,Henrisoune,0,0,Henderson,,,,,
2327,Hendersoune,0,0,Henderson,,,,,
2328,Hendrisoune,0,0,Henderson,,,,,
2329,Henryesson,0,0,Henderson,,,,,
2330,Henrisoun,0,0,Henderson,,,,,
2331,Hendersone,0,0,Henderson,,,,,
2332,Henersoun,0,0,Henderson,,,,,
2333,Henreysoun,0,0,Henderson,,,,,
2334,Henrysoun,0,0,Henderson,,,,,
2335,Henresoun,0,0,Henderson,,,,,
2336,Hendirsone,0,0,Henderson,,,,,
2337,Hennersoune,0,0,Henderson,,,,,
2338,Hendirsoune,0,0,Henderson,,,,,
2339,Hennryson,0,0,Henderson,,,,,
2340,Henrisone,0,0,Henderson,,,,,
2341,Henriesoun,0,0,Henderson,,,,,
2342,Henrison,0,0,Henderson,,,,,
2343,Endherson,0,0,Henderson,,,,,
2344,Endirsone,0,0,Henderson,,,,,
2345,Enderson,0,0,Henderson,,,,,
2346,MacCanrig,0,0,Henderson,,,,,
2347,MacCanrik,0,0,MacKendrick,,,,,
2348,MacEnrick,0,0,MacKendrick,,,,,
2349,MacEanruig,0,0,MacKendrick,,,,,
2350,MacHendry,0,0,MacKendrick,,,,,
2351,MacHendric,0,0,MacKendrick,,,,,
2352,MacHenrik,0,0,MacKendrick,,,,,
2353,MacHenry,0,0,MacKendrick,,,,,
2354,MacHenrie,0,0,MacKendrick,,,,,
2355,MacHendrie,0,0,MacKendrick,,,,,
2356,MacKanrig,0,0,MacKendrick,,,,,
2357,MacKenrick,0,0,MacKendrick,,,,,
2358,MacKendric,0,0,MacKendrick,,,,,
2359,MacKendry,0,0,MacKendrick,,,,,
2360,MacKendrie,0,0,MacKendrick,,,,,
2361,MacKendrich,0,0,MacKendrick,,,,,
2362,MacKendrig,0,0,MacKendrick,,,,,
2363,Makanry,0,0,MacKendrick,,,,,
2364,Makhenry,0,0,Henderson,,,,,
2365,Enrig,0,0,Henderson,,,,,
2366,Hendery,0,0,Henderson,,,,,
2367,Grantt,0,0,Grant,,,,,
2368,Graunte,0,0,Grant,,,,,
2369,Graunt,0,0,Grant,,,,,
2370,MacIlroy,0,0,,"Gilroy,MacGilroy,Gilderoy,Gilray,Gilry,MacElroy,MacGilroye,MacIllory,MacIlrie,MacKilroy,MacKilrae,MacLeroy,MacKleroy,MacLroy,MacOulroy,MacYlroy,MacYlroye,Makgilroy,Makilrow,Meikleroy,Milroy,MacKilrea,Micklroy,MacYlory,Makkilrow",,,,
2371,Gilroy,0,0,MacIlroy,,,,,
2372,MacGilroy,0,0,MacIlroy,,,,,
2373,Gilderoy,0,0,MacIlroy,,,,,
2374,Gilray,0,0,MacIlroy,,,,,
2375,Gilry,0,0,MacIlroy,,,,,
2376,MacElroy,0,0,MacIlroy,,,,,
2377,MacGilroye,0,0,MacIlroy,,,,,
2378,MacIllory,0,0,MacIlroy,,,,,
2379,MacIlrie,0,0,MacIlroy,,,,,
2380,MacKilroy,0,0,MacIlroy,,,,,
2381,MacKilrae,0,0,MacIlroy,,,,,
2382,MacLeroy,0,0,MacIlroy,,,,,
2383,MacKleroy,0,0,MacIlroy,,,,,
2384,MacLroy,0,0,MacIlroy,,,,,
2385,MacOulroy,0,0,MacIlroy,,,,,
2386,MacYlroy,0,0,MacIlroy,,,,,
2387,MacYlroye,0,0,MacIlroy,,,,,
2388,Makgilroy,0,0,MacIlroy,,,,,
2389,Makilrow,0,0,MacIlroy,,,,,
2390,Meikleroy,0,0,MacIlroy,,,,,
2391,Milroy,0,0,MacIlroy,,,,,
2392,MacKilrea,0,0,MacIlroy,,,,,
2393,Micklroy,0,0,MacIlroy,,,,,
2394,MacAllan,0,0,Allan,"MacCallan,MacAllane,Alansoun,Alanesoun,Alanson,Alansone,Alynson,Alwyn,Callan,Callen,Calland,MacAilin,MacAilein,MacCalloun,MacCallane,MacKallan,Makallane",,,,
2395,MacCallan,0,0,MacAllan,,,,,
2396,MacKiarran,0,0,,"MacKerran,MacKerron,MacKiaran,MacIlheran,MacIlherran,MacKern,MacKerrin",,,,
2397,MacKerran,0,0,MacKiarran,,,,,
2398,MacKerron,0,0,MacKiarran,,,,,
2399,MacKiaran,0,0,MacKiarran,,,,,
2400,MacIlheran,0,0,MacKiarran,,,,,
2401,MacIlherran,0,0,MacKiarran,,,,,
2402,MacKern,0,0,MacKiarran,,,,,
2403,MacKerrin,0,0,MacKiarran,,,,,
2404,MacGillelan,0,0,MacLellan,,,,,
2405,MacGillelane,0,0,MacLellan,,,,,
2406,MacGillfhaolain,0,0,MacLellan,,,,,
2407,MacGillolane,0,0,MacLellan,,,,,
2408,MacIlelan,0,0,MacLellan,,,,,
2409,MacIleollan,0,0,MacLellan,,,,,
2410,MacIlleland,0,0,MacLellan,,,,,
2411,MacLalan,0,0,MacLellan,,,,,
2412,MacLalland,0,0,MacLellan,,,,,
2413,MacLallen,0,0,MacLellan,,,,,
2414,MacLelan,0,0,MacLellan,,,,,
2415,MacLeland,0,0,MacLellan,,,,,
2416,MacLelane,0,0,MacLellan,,,,,
2417,MacLelann,0,0,MacLellan,,,,,
2418,MacLelen,0,0,MacLellan,,,,,
2419,Gilfillan,0,0,,"Gilfalyn,Gilfelan,Gilfillane,Gilfillian,Gilfolan,Gilfulain,Gilfulan,Gillefalyn,Gillefillane,Gillefillian,Gillefolan,Gillephillane,Gillifelan,Gillphillan,Gilphillan",,,,
2420,Gilfalyn,0,0,Gilfillan,,,,,
2421,Gilfelan,0,0,Gilfillan,,,,,
2422,Gilfillane,0,0,Gilfillan,,,,,
2423,Gilfillian,0,0,Gilfillan,,,,,
2424,Gilfolan,0,0,Gilfillan,,,,,
2425,Gilfulain,0,0,Gilfillan,,,,,
2426,Gilfulan,0,0,Gilfillan,,,,,
2427,Gillefalyn,0,0,Gilfillan,,,,,
2428,Gillefillane,0,0,Gilfillan,,,,,
2429,Gillefillian,0,0,Gilfillan,,,,,
2430,Gillefolan,0,0,Gilfillan,,,,,
2431,Gillephillane,0,0,Gilfillan,,,,,
2432,Gillifelan,0,0,Gilfillan,,,,,
2433,Gillphillan,0,0,Gilfillan,,,,,
2434,Gilphillan,0,0,Gilfillan,,,,,
2435,MacLellane,0,0,MacLellan,,,,,
2436,MacLolan,0,0,MacLellan,,,,,
2437,MacLolane,0,0,MacLellan,,,,,
2438,Makellane,0,0,MacLellan,,,,,
2439,Maklellan,0,0,MacLellan,,,,,
2440,Maklellane,0,0,MacLellan,,,,,
2441,Maklolayn,0,0,MacLellan,,,,,
2442,Davisoun,0,0,Davidson,,,,,
2443,Davysone,0,0,Davidson,,,,,
2444,Davitson,0,0,Davidson,,,,,
2445,Davyson,0,0,Davidson,,,,,
2446,Dawysoun,0,0,Davidson,,,,,
2447,Davison,0,0,Davidson,,,,,
2448,Dawysone,0,0,Davidson,,,,,
2449,Davidsone,0,0,Davidson,,,,,
2450,Daveson,0,0,Davidson,,,,,
2451,Daviesoune,0,0,Davidson,,,,,
2452,MacDade,0,0,Davidson,,,,,
2453,MacDaid,0,0,Davidson,,,,,
2454,Keay,0,0,Davidson,,,,,
2455,Ogilby,0,0,Ogilvie,,,,,
2456,Ogelvie,0,0,Ogilvie,,,,,
2457,Ogilvey,0,0,Ogilvie,,,,,
2458,Ogelvy,0,0,Ogilvie,,,,,
2459,Ogilbe,0,0,Ogilvie,,,,,
2460,Ogilbie,0,0,Ogilvie,,,,,
2461,Ogilve,0,0,Ogilvie,,,,,
2462,Ogilwe,0,0,Ogilvie,,,,,
2463,Ogilwie,0,0,Ogilvie,,,,,
2464,Ogilwye,0,0,Ogilvie,,,,,
2465,Oglevy,0,0,Ogilvie,,,,,
2466,Ogylbe,0,0,Ogilvie,,,,,
2467,Ogyllwe,0,0,Ogilvie,,,,,
2468,Ogylvi,0,0,Ogilvie,,,,,
2469,Ogylvy,0,0,Ogilvie,,,,,
2470,Ogylwe,0,0,Ogilvie,,,,,
2471,Ogylwye,0,0,Ogilvie,,,,,
2472,Findlater,0,0,,"Finlater,Finlator,Fynleter,Fynletir",,,,
2473,Finlater,0,0,Findlater,,,,,
2474,Finlator,0,0,Findlater,,,,,
2475,Fynleter,0,0,Findlater,,,,,
2476,Fynletir,0,0,Findlater,,,,,
2477,Gilchrist,0,0,,"Gilcrist,Gilcriste,Gilcristes,Gilcryst,Gillchrist,Gillechrist,Gillecrist,Gillecryst,Killecrist,MacGilchrist,MacGilcreist,MacGilcrist,MacIlchreist,MacIlcrist,MacKlechreist,MacYllecrist",,,,
2478,Gilcrist,0,0,Gilchrist,,,,,
2479,Gilcriste,0,0,Gilchrist,,,,,
2480,Gilcristes,0,0,Gilchrist,,,,,
2481,Gilcryst,0,0,Gilchrist,,,,,
2482,Gillchrist,0,0,Gilchrist,,,,,
2483,Gillechrist,0,0,Gilchrist,,,,,
2484,Gillecrist,0,0,Gilchrist,,,,,
2485,Gillecryst,0,0,Gilchrist,,,,,
2486,Killecrist,0,0,Gilchrist,,,,,
2487,Chaney,0,0,Sutherland,,,,,
2488,Chayne,0,0,Sutherland,,,,,
2489,Cheen,0,0,Sutherland,,,,,
2490,Chein,0,0,Sutherland,,,,,
2491,Cheine,0,0,Sutherland,,,,,
2492,Chene,0,0,Sutherland,,,,,
2493,Cheney,0,0,Sutherland,,,,,
2494,Chesne,0,0,Sutherland,,,,,
2495,Cheyney,0,0,Sutherland,,,,,
2496,Chisnie,0,0,Sutherland,,,,,
2497,Chyine,0,0,Sutherland,,,,,
2498,Chyne,0,0,Sutherland,,,,,
2499,Mouat,1,0,Mowat,,,,,
2500,Mowatt,0,0,Mowat,,,,,
2501,Meuatt,0,0,Mowat,,,,,
2502,Mohuat,0,0,Mowat,,,,,
2503,Mouatt,0,0,Mowat,,,,,
2504,Mout,0,0,Mowat,,,,,
2505,Movat,0,0,Mowat,,,,,
2506,Mowait,0,0,Mowat,,,,,
2507,Mowaite,0,0,Mowat,,,,,
2508,Mowet,0,0,Mowat,,,,,
2509,Mowit,0,0,Mowat,,,,,
2510,Kayt,0,0,Keith,,,,,
2511,Keathe,0,0,Keith,,,,,
2512,Keht,0,0,Keith,,,,,
2513,Ket,0,0,Keith,,,,,
2514,Keth,0,0,Keith,,,,,
2515,Kethe,0,0,Keith,,,,,
2516,Keyth,0,0,Keith,,,,,
2517,Keythe,0,0,Keith,,,,,
2518,Keytht,0,0,Keith,,,,,
2519,Kite,0,0,Keith,,,,,
2520,Comine,0,0,Cumming,,,,,
2521,Cumin,0,0,Cumming,,,,,
2522,Cummin,0,0,Cumming,,,,,
2523,Cummings,0,0,Cumming,,,,,
2524,Cummingsbuchan,0,0,Cumming,,,,,
2525,Cumyn,0,0,Cumming,,,,,
2526,Comyns,0,0,Cumming,,,,,
2527,Cummine,0,0,Cumming,,,,,
2528,Cuming,0,0,Cumming,,,,,
2529,Cumine,0,0,Cumming,,,,,
2530,Cummins,0,0,Cumming,,,,,
2531,Niven,0,0,,"Knevan,Nevein,Newein,Nevyng,Niving,Nevyne,Nivine,Neiven,Nevyn,Nevison,Nifin,Nevinus,Newin,Nevins,Neivin,Nivein,Newing,Nivison,Niveson,Nevin,Nevene,Neveine,Nevane,Naomhin,Nevinson,Nivens,Nivenson",,,,
2532,Knevan,0,0,Niven,,,,,
2533,Nevein,0,0,Niven,,,,,
2534,Newein,0,0,Niven,,,,,
2535,Nevyng,0,0,Niven,,,,,
2536,Niving,0,0,Niven,,,,,
2537,Nevyne,0,0,Niven,,,,,
2538,Nivine,0,0,Niven,,,,,
2539,Neiven,0,0,Niven,,,,,
2540,Nevyn,0,0,Niven,,,,,
2541,Nevison,0,0,Niven,,,,,
2542,Nifin,0,0,Niven,,,,,
2543,Nevinus,0,0,Niven,,,,,
2544,Newin,0,0,Niven,,,,,
2545,Nevins,0,0,Niven,,,,,
2546,Neivin,0,0,Niven,,,,,
2547,Nivein,0,0,Niven,,,,,
2548,Newing,0,0,Niven,,,,,
2549,Nivison,0,0,Niven,,,,,
2550,Niveson,0,0,Niven,,,,,
2551,Nevin,0,0,Niven,,,,,
2552,Nevene,0,0,Niven,,,,,
2553,Neveine,0,0,Niven,,,,,
2554,Nevane,0,0,Niven,,,,,
2555,MacNevin,0,0,MacNiven,,,,,
2556,MacNaoimhin,0,0,MacNiven,,,,,
2557,MacNeiving,0,0,MacNiven,,,,,
2558,Naomhin,0,0,Niven,,,,,
2559,MacNivaine,0,0,MacNiven,,,,,
2560,Russall,0,0,Russell,,,,,
2561,Rossell,0,0,Russell,,,,,
2562,Rusel,0,0,Russell,,,,,
2563,Russelle,0,0,Russell,,,,,
2564,Rossel,0,0,Russell,,,,,
2565,Russaule,0,0,Russell,,,,,
2566,Russale,0,0,Russell,,,,,
2567,Saythe,0,0,Shaw,,,,,
2568,Scaith,0,0,Shaw,,,,,
2569,Scayth,0,0,Shaw,,,,,
2570,Schau,0,0,Shaw,,,,,
2571,Schaw,1,0,Shaw,,,,,
2572,Schawe,0,0,Shaw,,,,,
2573,Scheoch,0,0,Shaw,,,,,
2574,Scheok,0,0,Shaw,,,,,
2575,Schiach,0,0,Shaw,,,,,
2576,Schioch,0,0,Shaw,,,,,
2577,Schioche,0,0,Shaw,,,,,
2578,Shau,0,0,Shaw,,,,,
2579,Shawe,0,0,Shaw,,,,,
2580,Sha,0,0,Shaw,,,,,
2581,Adam,1,0,,"Adamsone,Ademson,Ademsoun,Ademsoune,Aesone,Aison,Aissone,Aissoun,Aissoune,Asson,Assone,Adams,Addams,Adamson",,"scottish,english,welsh,irish","Adam ",30
2582,Adamsone,0,0,Adam,,,,,
2583,Ademson,0,0,Adam,,,,,
2584,Ademsoun,0,0,Adam,,,,,
2585,Ademsoune,0,0,Adam,,,,,
2586,Aesone,0,0,Adam,,,,,
2587,Aison,0,0,Adam,,,,,
2588,Aissone,0,0,Adam,,,,,
2589,Aissoun,0,0,Adam,,,,,
2590,Aissoune,0,0,Adam,,,,,
2591,Asson,0,0,Adam,,,,,
2592,Assone,0,0,Adam,,,,,
2593,Ayson,0,0,,"Ayesone,Aysone,Aysoun,Ayssoun",,,,
2594,Ayesone,0,0,Ayson,,,,,
2595,Aysone,0,0,Ayson,,,,,
2596,Aysoun,0,0,Ayson,,,,,
2597,Ayssoun,0,0,Ayson,,,,,
2598,Shay,0,0,Shaw,,,,,
2599,Isone,0,0,Shaw,,,,,
2600,Sheehan,0,0,Shaw,"Ó Siodhacháin,Ó Siocháin,O'Sheahan,O'Sheehan,Sheahan,Shean,Sheen",,,,
2601,Sheoch,0,0,Shaw,,,,,
2602,Siache,0,0,Shaw,,,,,
2603,Sithach,0,0,Shaw,,,,,
2604,Sithech,0,0,Shaw,,,,,
2605,Sithig,0,0,Shaw,,,,,
2606,Skaith,0,0,Shaw,,,,,
2607,Sythach,0,0,Shaw,,,,,
2608,Sythag,0,0,Shaw,,,,,
2609,Sythock,0,0,Shaw,,,,,
2610,Eason,0,0,,"Easone,Easson,Esson,Ison",,,,
2611,Easone,0,0,Eason,,,,,
2612,Easson,0,0,Eason,,,,,
2613,Esson,0,0,Eason,,,,,
2614,Ison,0,0,Eason,,,,,
2615,MacNabe,0,0,MacNab,,,,,
2616,Dewar,1,0,,"Deware,Dewere,MacIndeor",,,,
2617,Deware,0,0,Dewar,,,,,
2618,Dewere,0,0,Dewar,,,,,
2619,Gilliland,0,0,,"Gillan,Gilland,Gilelin,Gilleland,Gillilan,Guileland,Guililand,Guilliland,Guliland,Gulliland",,,,
2620,Gillan,0,0,Gilliland,,,,,
2621,Gilland,0,0,Gilliland,,,,,
2622,Gilelin,0,0,Gilliland,,,,,
2623,Gilleland,0,0,Gilliland,,,,,
2624,Gillilan,0,0,Gilliland,,,,,
2625,Guileland,0,0,Gilliland,,,,,
2626,Guililand,0,0,Gilliland,,,,,
2627,Guilliland,0,0,Gilliland,,,,,
2628,Guliland,0,0,Gilliland,,,,,
2629,Gulliland,0,0,Gilliland,,,,,
2630,MacIndeor,0,0,Dewar,"MacIndeoir,MacIndoer,MacJore",,,,
2631,MacIndeoir,0,0,MacIndeor,,,,,
2632,MacIndoer,0,0,MacIndeor,,,,,
2633,MacJore,0,0,MacIndeor,,,,,
2634,MacNabb,0,0,MacNab,,,,,
2635,MacKnabe,0,0,MacNab,,,,,
2636,MacNap,0,0,MacNab,,,,,
2637,Makinnab,0,0,MacNab,,,,,
2638,Maknabe,0,0,MacNab,,,,,
2639,MacNail,0,0,MacNeil,,,,,
2640,Milnab,0,0,MacNab,,,,,
2641,MacAnaba,0,0,MacNab,,,,,
2642,Vatsoun,0,0,Watson,,,,,
2643,Boyce,0,0,,"Belboys,Boas,Boece,Boeis,Boes,Boess,Boice,Boiss,Boiste,Boos,Boost,Bos,Bouse,Boust,Bowayse,Bowes,Bowis,Bows,Bowys,Boyess,Boyis,Boys,Boyse,Boze,Buist,Buste",,,,
2644,Belboys,0,0,Boyce,,,,,
2645,Boas,0,0,Boyce,,,,,
2646,Boece,0,0,Boyce,,,,,
2647,Boeis,0,0,Boyce,,,,,
2648,Boes,0,0,Boyce,,,,,
2649,Boess,0,0,Boyce,,,,,
2650,Boice,0,0,Boyce,,,,,
2651,Boiss,0,0,Boyce,,,,,
2652,Boiste,0,0,Boyce,,,,,
2653,Boos,0,0,Boyce,,,,,
2654,Boost,0,0,Boyce,,,,,
2655,Bos,0,0,Boyce,,,,,
2656,Bouse,0,0,Boyce,,,,,
2657,Boust,0,0,Boyce,,,,,
2658,Bowayse,0,0,Boyce,,,,,
2659,Bowes,0,0,Boyce,,,,,
2660,Bowis,0,0,Boyce,,,,,
2661,Bows,0,0,Boyce,,,,,
2662,Bowys,0,0,Boyce,,,,,
2663,Boyess,0,0,Boyce,,,,,
2664,Boyis,0,0,Boyce,,,,,
2665,Boys,0,0,Boyce,,,,,
2666,Boyse,0,0,Boyce,,,,,
2667,Boze,0,0,Boyce,,,,,
2668,Buist,0,0,Boyce,,,,,
2669,Buste,0,0,Boyce,,,,,
2670,Vatsone,0,0,Watson,,,,,
2671,Wason,0,0,Watson,,,,,
2672,Wateson,0,0,Watson,,,,,
2673,Watsoune,0,0,Watson,,,,,
2674,Wattsone,0,0,Watson,,,,,
2675,Wasson,0,0,Watson,,,,,
2676,MacWatt,0,0,Watt,"MacQuat,MacQuattie,MacQuhat,MacQwat,MacRowatt",,,,
2676,MacWatt,0,0,Watson,"MacQuat,MacQuattie,MacQuhat,MacQwat,MacRowatt",,,,
2677,MacQuat,0,0,Watson,,,,,
2677,MacQuat,0,0,MacWatt,,,,,
2678,MacQuattie,0,0,Watson,,,,,
2678,MacQuattie,0,0,MacWatt,,,,,
2679,MacQuhat,0,0,Watson,,,,,
2679,MacQuhat,0,0,MacWatt,,,,,
2680,MacQwat,0,0,Watson,,,,,
2680,MacQwat,0,0,MacWatt,,,,,
2681,MacRowatt,0,0,Watson,,,,,
2681,MacRowatt,0,0,MacWatt,,,,,
2682,Wattie,0,0,Watt,,,,,
2683,Watsone,0,0,Watson,,,,,
2684,Watsoun,0,0,Watson,,,,,
2685,Wattson,0,0,Watson,,,,,
2686,Vod,0,0,Wood,,,,,
2687,Vode,0,0,Wood,,,,,
2688,Void,0,0,Wood,,,,,
2689,Voud,0,0,Wood,,,,,
2690,Voude,0,0,Wood,,,,,
2691,Vould,0,0,Wood,,,,,
2692,Wod,0,0,Wood,,,,,
2693,Wodde,0,0,Wood,,,,,
2694,Wode,0,0,Wood,,,,,
2695,Woid,0,0,Wood,,,,,
2696,Woide,0,0,Wood,,,,,
2697,Woyd,0,0,Wood,,,,,
2698,Walter,0,0,Walters,Walterson,,,,
2699,Walterson,0,0,Watson,,,,,
2699,Walterson,0,0,Walter,,,,,
2700,MacInnon,0,0,MacKinnon,,,,,
2701,MacKinney,0,0,MacKinnon,,,,,
2702,MacKinning,0,0,MacKinnon,,,,,
2703,MacKinven,0,0,MacKinnon,,,,,
2704,Kinney,0,0,MacKinnon,,,,,
2704,Kinney,0,0,Kenny,,,,,
2705,Kinnie,0,0,MacKinnon,,,,,
2705,Kinnie,0,0,Kenny,,,,,
2706,Kinnon,0,0,MacKinnon,,,,,
2707,MacCannan,0,0,MacKinnon,,,,,
2708,MacCannon,0,0,MacKinnon,,,,,
2709,MacKeenan,0,0,MacKinnon,,,,,
2710,MacKinin,0,0,MacKinnon,,,,,
2711,MacKinna,0,0,MacKinnon,,,,,
2712,MacKinnen,0,0,MacKinnon,,,,,
2713,MacKinoun,0,0,MacKinnon,,,,,
2714,MacKiynnan,0,0,MacKinnon,,,,,
2715,Makenone,0,0,MacKinnon,,,,,
2716,Makfingane,0,0,MacKinnon,,,,,
2717,Makfingoun,0,0,MacKinnon,,,,,
2718,Makkynine,0,0,MacKinnon,,,,,
2719,Makkynnon,0,0,MacKinnon,,,,,
2720,Kackinvan,0,0,MacKinnon,,,,,
2721,MacMorran,0,0,,"MacMoran,MacMorane,MacMoren,MacMorin,MacMorine,MacMorrane,MacMorrin,MacMoryn,MacMoryne,MacMurrin,Makmorane,Morin,Morran,Morrin,Murren,Morohan,Murran,Murrin,O'Moran,O'Mughrain,Ó Moghrain,Ó Móráin",,,,
2723,MacMoran,0,0,MacMorran,,,,,
2724,MacMorane,0,0,MacMorran,,,,,
2725,MacMoren,0,0,MacMorran,,,,,
2726,MacMorin,0,0,MacMorran,,,,,
2727,MacMorine,0,0,MacMorran,,,,,
2728,MacMorrane,0,0,MacMorran,,,,,
2729,MacMorrin,0,0,MacMorran,,,,,
2730,MacMoryn,0,0,MacMorran,,,,,
2731,MacMoryne,0,0,MacMorran,,,,,
2732,MacMurrin,0,0,MacMorran,,,,,
2733,Makmorane,0,0,MacMorran,,,,,
2734,Morin,0,0,MacMorran,,,,,
2735,Morran,0,0,MacMorran,,,,,
2736,Morrin,0,0,MacMorran,,,,,
2737,Murren,0,0,MacMorran,,,,,
2738,MacSherrie,0,0,,"MacSherry,MacShirie,MacShirrie",,,,
2739,MacSherry,0,0,MacSherrie,,,,,
2740,MacShirie,0,0,MacSherrie,,,,,
2741,MacShirrie,0,0,MacSherrie,,,,,
2742,MacKenna,0,0,,"MacKena,MacKenen,MacKeney,MacKenie,MacKennah,MacKennan,MacKennane,MacKennay,MacKinnay,MacKinnie,MacKynnay,MacKynnie,MacCionaoda,MacCinna,MacCionnaith,MacCionath,MacKennagh,MacKenney",,,,
2743,MacKena,0,0,MacKenna,,,,,
2744,MacKenen,0,0,MacKenna,,,,,
2745,MacKeney,0,0,MacKenna,,,,,
2746,MacKenie,0,0,MacKenna,,,,,
2747,MacKennah,0,0,MacKenna,,,,,
2748,MacKennan,0,0,MacKenna,,,,,
2749,MacKennane,0,0,MacKenna,,,,,
2750,MacKennay,0,0,MacKenna,,,,,
2751,MacKinnay,0,0,MacKenna,,,,,
2752,MacKinnie,0,0,MacKenna,,,,,
2753,MacKynnay,0,0,MacKenna,,,,,
2754,MacKynnie,0,0,MacKenna,,,,,
2755,Fergusson,0,0,Ferguson,,,,,
2756,Fergowsone,0,0,Ferguson,,,,,
2757,Fergeson,0,0,Ferguson,,,,,
2758,Fergusone,0,0,Ferguson,,,,,
2759,Furguson,0,0,Ferguson,,,,,
2760,Fergussoun,0,0,Ferguson,,,,,
2761,Fergousoune,0,0,Ferguson,,,,,
2762,Farguesoun,0,0,Ferguson,,,,,
2763,Fargisone,0,0,Ferguson,,,,,
2764,Fargussoun,0,0,Ferguson,,,,,
2765,Fargusone,0,0,Ferguson,,,,,
2766,Fargesoun,0,0,Ferguson,,,,,
2767,Forgusoun,0,0,Ferguson,,,,,
2768,MacAdie,0,0,,"Keddie,Kiddie,MacKeddie,Ceddy,Kiddy,Kede,Kady,Kadie,Kedie,Keddy,Kedde,Keadie,MacAde,MacAda,MacAdaidh,MacAid,MacAddie,MacCadie,MacChaddy,MacEddie,MacKadie,MacKiddie,MacKeddey,MacKedy",,,,
2769,Keddie,0,0,MacAdie,,,,,
2770,Kiddie,0,0,MacAdie,,,,,
2771,MacKeddie,0,0,MacAdie,,,,,
2772,Ceddy,0,0,MacAdie,,,,,
2773,Kiddy,0,0,MacAdie,,,,,
2774,Kede,0,0,MacAdie,,,,,
2775,Kady,0,0,MacAdie,,,,,
2776,Kadie,0,0,MacAdie,,,,,
2777,Kedie,0,0,MacAdie,,,,,
2778,Keddy,0,0,MacAdie,,,,,
2779,Kedde,0,0,MacAdie,,,,,
2780,Keadie,0,0,MacAdie,,,,,
2781,MacAde,0,0,MacAdie,,,,,
2782,MacAda,0,0,MacAdie,,,,,
2783,MacAdaidh,0,0,MacAdie,,,,,
2784,MacAid,0,0,MacAdie,,,,,
2785,MacAddie,0,0,MacAdie,,,,,
2786,MacCadie,0,0,MacAdie,,,,,
2787,MacChaddy,0,0,MacAdie,,,,,
2788,MacEddie,0,0,MacAdie,,,,,
2789,MacKadie,0,0,MacAdie,,,,,
2790,MacKiddie,0,0,MacAdie,,,,,
2791,MacKeddey,0,0,MacAdie,,,,,
2792,MacKedy,0,0,MacAdie,,,,,
2793,Ferries,0,0,,"Feres,Ferres,Ferris,Faires,Pheres,Phires,Farrie,Farries",,,,
2794,Feres,0,0,Ferries,,,,,
2795,Ferres,0,0,Ferries,,,,,
2796,Ferris,0,0,Ferries,,,,,
2797,Faires,0,0,Ferries,,,,,
2798,Pheres,0,0,Ferries,,,,,
2799,Phires,0,0,Ferries,,,,,
2800,Farrie,0,0,Ferries,,,,,
2801,Farries,0,0,Ferries,,,,,
2802,MacKerras,0,0,,"MacKersey,MacCersie,MacHerres,MacHerries,MacKaras,MacKeras,MacKerris,MacKeraish,MacKearsie,MacKersy,MacKersie,MacKearass,MacKearrois",,,,
2803,MacKersey,0,0,MacKerras,,,,,
2804,MacCersie,0,0,MacKerras,,,,,
2805,MacHerres,0,0,MacKerras,,,,,
2806,MacHerries,0,0,MacKerras,,,,,
2807,MacKaras,0,0,MacKerras,,,,,
2808,MacKeras,0,0,MacKerras,,,,,
2809,MacKerris,0,0,MacKerras,,,,,
2810,MacKeraish,0,0,MacKerras,,,,,
2811,MacKearsie,0,0,MacKerras,,,,,
2812,MacKersy,0,0,MacKerras,,,,,
2813,MacKersie,0,0,MacKerras,,,,,
2814,MacKearass,0,0,MacKerras,,,,,
2815,MacKearrois,0,0,MacKerras,,,,,
2816,MacNeiledge,0,0,MacNeil,,,,,
2817,MacNelly,0,0,MacNeil,,,,,
2818,MacNiel,0,0,MacNeil,,,,,
2827,O'Neil,0,0,MacNeil,,,,,
2828,O'Niel,0,0,MacNeil,,,,,
2829,MacKneale,0,0,MacNeil,,,,,
2830,MacKnilie,0,0,MacNeil,,,,,
2831,MacKnily,0,0,MacNeil,,,,,
2832,MacNaill,0,0,MacNeil,,,,,
2833,MacNale,0,0,MacNeil,,,,,
2834,MacNeall,0,0,MacNeil,,,,,
2835,MacNeel,0,0,MacNeil,,,,,
2836,MacNeelie,0,0,MacNeil,,,,,
2837,MacNeille,0,0,MacNeil,,,,,
2838,MacNeillie,0,0,MacNeil,,,,,
2839,MacNeal,0,0,MacNeil,,,,,
2840,MacNeale,0,0,MacNeil,,,,,
2841,MacNeilly,0,0,MacNeil,,,,,
2842,MacNele,0,0,MacNeil,,,,,
2843,MacNely,0,0,MacNeil,,,,,
2844,MacNeyll,0,0,MacNeil,,,,,
2845,MacNial,0,0,MacNeil,,,,,
2846,MacNielie,0,0,MacNeil,,,,,
2847,MacNillie,0,0,MacNeil,,,,,
2848,MacNily,0,0,MacNeil,,,,,
2849,Magneill,0,0,MacNeil,,,,,
2850,Makneill,0,0,MacNeil,,,,,
2851,Maknely,0,0,MacNeil,,,,,
2852,Makneyll,0,0,MacNeil,,,,,
2853,Maknill,0,0,MacNeil,,,,,
2854,MacNeally,0,0,MacNeil,,,,,
2855,Neal,0,0,MacNeil,,,,,
2856,Neale,0,0,MacNeil,,,,,
2857,Nelson,0,0,MacNeil,,,,,
2858,Niel,0,0,MacNeil,,,,,
2859,O'Neal,0,0,MacNeil,,,,,
2860,Nail,0,0,MacNeil,,,,,
2861,Neilly,0,0,MacNeil,,,,,
2862,Niall,0,0,MacNeil,,,,,
2863,MacNeilage,0,0,MacNeil,,,,,
2864,MacGuigan,0,0,,"MacGougan,MacGugan,Gugan,MacGreal,MacGuoga,Mag Uiginn,MacGoogan,MacGookin,MacGuckin,MacGuiggan,MacGuighan,MacGurgin,MacQuiggan,MacWiggan,Fidgeon,Pidgeon,Wigan",,,,
2865,MacGougan,0,0,MacGuigan,,,,,
2866,MacGugan,0,0,MacGuigan,,,,,
2869,Gugan,0,0,MacGuigan,,,,,
2870,MacGreal,0,0,MacGuigan,,,,,
2871,MacGuoga,0,0,MacGuigan,,,,,
2872,Mailvil,0,0,Melville,,,,,
2873,Mailvile,0,0,Melville,,,,,
2874,Mailvyll,0,0,Melville,,,,,
2875,Mailwill,0,0,Melville,,,,,
2876,Maleuile,0,0,Melville,,,,,
2877,Maleuyll,0,0,Melville,,,,,
2878,Malevil,0,0,Melville,,,,,
2879,Malevyle,0,0,Melville,,,,,
2880,Malewile,0,0,Melville,,,,,
2881,Mallwill,0,0,Melville,,,,,
2882,Maluel,0,0,Melville,,,,,
2883,Maluile,0,0,Melville,,,,,
2884,Maluill,0,0,Melville,,,,,
2885,Maluiyll,0,0,Melville,,,,,
2886,Malveyn,0,0,Melville,,,,,
2887,Malvil,0,0,Melville,,,,,
2888,Malvile,0,0,Melville,,,,,
2889,Malvyle,0,0,Melville,,,,,
2890,Malwill,0,0,Melville,,,,,
2891,Malwyle,0,0,Melville,,,,,
2892,Meiluill,0,0,Melville,,,,,
2893,Mellwell,0,0,Melville,,,,,
2894,Meluile,0,0,Melville,,,,,
2895,Meluill,0,0,Melville,,,,,
2896,Olephant,0,0,Oliphant,,,,,
2897,Olifant,0,0,Oliphant,,,,,
2898,Olifard,0,0,Oliphant,,,,,
2899,Olifart,0,0,Oliphant,,,,,
2900,Olifarth,0,0,Oliphant,,,,,
2901,Olifat,0,0,Oliphant,,,,,
2902,Olifaunt,0,0,Oliphant,,,,,
2903,Oliphand,0,0,Oliphant,,,,,
2904,Olyfant,0,0,Oliphant,,,,,
2905,Olyfard,0,0,Oliphant,,,,,
2906,Olyfart,0,0,Oliphant,,,,,
2907,Olyfat,0,0,Oliphant,,,,,
2908,Olyfaunt,0,0,Oliphant,,,,,
2909,Olyfawnt,0,0,Oliphant,,,,,
2910,Olyphaint,0,0,Oliphant,,,,,
2911,Olyphand,0,0,Oliphant,,,,,
2912,Mailueil,0,0,Melville,,,,,
2913,Mailuil,0,0,Melville,,,,,
2914,Mailuile,0,0,Melville,,,,,
2915,Mailuill,0,0,Melville,,,,,
2916,Mailuille,0,0,Melville,,,,,
2917,Melwill,0,0,Melville,,,,,
2918,Mailvene,0,0,Melville,,,,,
2919,Mailveyne,0,0,Melville,,,,,
2920,Mailvin,0,0,Melville,,,,,
2921,Mailvyne,0,0,Melville,,,,,
2922,Mailwyn,0,0,Melville,,,,,
2923,Mailwyne,0,0,Melville,,,,,
2924,Malevyn,0,0,Melville,,,,,
2925,Malevyne,0,0,Melville,,,,,
2926,Maling,0,0,Melville,,,,,
2927,Malling,0,0,Melville,,,,,
2928,Malvyn,0,0,Melville,,,,,
2929,Malvyne,0,0,Melville,,,,,
2930,Malwyn,0,0,Melville,,,,,
2931,Malwyne,0,0,Melville,,,,,
2932,Mellen,0,0,Melville,,,,,
2933,Mellon,0,0,Melville,,,,,
2934,Melven,0,0,Melville,,,,,
2935,Melvin,0,0,Melville,,,,,
2936,Melvyne,0,0,Melville,,,,,
2937,Melwene,0,0,Melville,,,,,
2938,Melwin,0,0,Melville,,,,,
2939,Melwing,0,0,Melville,,,,,
2940,Melwyn,0,0,Melville,,,,,
2941,Melwyne,0,0,Melville,,,,,
2942,Clelland,1,0,Cleland,,,,,
2943,Cleeland,0,0,Cleland,,,,,
2944,Clealand,0,0,Cleland,,,,,
2945,Cleiland,0,0,Cleland,,,,,
2946,Clelan,0,0,Cleland,,,,,
2947,Clellan,0,0,Cleland,,,,,
2948,Clellon,0,0,Cleland,,,,,
2949,Kneland,0,0,Cleland,,,,,
2950,Kneeland,0,0,Cleland,,,,,
2951,Clayland,0,0,Cleland,,,,,
2952,Cleaveland,0,0,Cleland,,,,,
2953,Clalan,0,0,Cleland,,,,,
2954,Clallan,0,0,Cleland,,,,,
2955,Claland,0,0,Cleland,,,,,
2956,Clalland,0,0,Cleland,,,,,
2957,Clealland,0,0,Cleland,,,,,
2958,Cleadland,0,0,Cleland,,,,,
2959,Cleadlande,0,0,Cleland,,,,,
2960,Cleilland,0,0,Cleland,,,,,
2961,Clelane,0,0,Cleland,,,,,
2962,Clelend,0,0,Cleland,,,,,
2963,Clelin,0,0,Cleland,,,,,
2964,Clellans,0,0,Cleland,,,,,
2965,Clellend,0,0,Cleland,,,,,
2966,Clellone,0,0,Cleland,,,,,
2967,Clelond,0,0,Cleland,,,,,
2968,Clellond,0,0,Cleland,,,,,
2969,Clenlande,0,0,Cleland,,,,,
2970,Clerland,0,0,Cleland,,,,,
2971,Cleuland,0,0,Cleland,,,,,
2972,Cleveland,0,0,Cleland,,,,,
2973,Cleyland,0,0,Cleland,,,,,
2974,Cliland,0,0,Cleland,,,,,
2975,Clieland,0,0,Cleland,,,,,
2976,Cliveland,0,0,Cleland,,,,,
2977,Coleeland,0,0,Cleland,,,,,
2978,Kalland,0,0,Cleland,,,,,
2979,Kealand,0,0,Cleland,,,,,
2980,Kealland,0,0,Cleland,,,,,
2981,Keeland,0,0,Cleland,,,,,
2982,Keelland,0,0,Cleland,,,,,
2983,Keilland,0,0,Cleland,,,,,
2984,Keland,0,0,Cleland,,,,,
2985,Kelland,0,0,Cleland,,,,,
2986,Klelland,0,0,Cleland,,,,,
2987,Kleland,0,0,Cleland,,,,,
2988,Knelands,0,0,Cleland,,,,,
2989,Kneband,0,0,Cleland,,,,,
2990,Clellane,0,0,Cleland,,,,,
2991,Clenel,0,0,Cleland,,,,,
2992,MacClelland,0,0,MacLellan,,,,,
2993,MacClellan,0,0,MacLellan,,,,,
2994,MacCleland,0,0,MacLellan,,,,,
2995,MacClallane,0,0,MacLellan,,,,,
2996,MacCleallane,0,0,MacLellan,,,,,
2997,MacClelan,0,0,MacLellan,,,,,
2998,MacCleilane,0,0,MacLellan,,,,,
2999,MacKnellan,0,0,MacLellan,,,,,
3000,MacKlellane,0,0,MacLellan,,,,,
3001,MacKlellan,0,0,MacLellan,,,,,
3002,Kneelands,0,0,Cleland,,,,,
3003,Kneilland,0,0,Cleland,,,,,
3004,Knieland,0,0,Cleland,,,,,
3005,Kniland,0,0,Cleland,,,,,
3006,Nealand,0,0,Cleland,,,,,
3007,Neeland,0,0,Cleland,,,,,
3008,Neland,0,0,Cleland,,,,,
3009,Neyland,0,0,Cleland,,,,,
3010,Nieland,0,0,Cleland,,,,,
3011,Nield,0,0,Cleland,,,,,
3012,Niland,0,0,Cleland,,,,,
3013,Nilland,0,0,Cleland,,,,,
3014,Noland,0,0,Cleland,,,,,
3015,Nyland,0,0,Cleland,,,,,
3016,Forbas,0,0,Forbes,,,,,
3017,Forebess,0,0,Forbes,,,,,
3018,Forbace,0,0,Forbes,,,,,
3019,Forbss,0,0,Forbes,,,,,
3020,Forbose,0,0,Forbes,,,,,
3021,Bannerman,1,0,,"Banarman,Banermain,Bennerman,Bannermane,Banerman",,,,
3022,Banarman,0,0,Bannerman,,,,,
3023,Banermain,0,0,Bannerman,,,,,
3024,Bennerman,0,0,Bannerman,,,,,
3025,Bannermane,0,0,Bannerman,,,,,
3026,Banerman,0,0,Bannerman,,,,,
3027,Wat,0,0,Watt,,,,,
3028,Vatt,0,0,Watt,,,,,
3029,MacCorrie,0,0,MacQuarrie,,,,,
3030,MacCorry,0,0,MacQuarrie,,,,,
3031,MacGorrie,0,0,MacQuarrie,,,,,
3032,MacGorry,0,0,MacQuarrie,,,,,
3033,MacCoirry,0,0,MacQuarrie,,,,,
3034,MacCory,0,0,MacQuarrie,,,,,
3035,MacGorie,0,0,MacQuarrie,,,,,
3036,MacGorre,0,0,MacQuarrie,,,,,
3037,MacGory,0,0,MacQuarrie,,,,,
3038,MacGuarrie,0,0,MacQuarrie,,,,,
3039,MacOuhir,0,0,MacQuarrie,,,,,
3040,MacQuaire,0,0,MacQuarrie,,,,,
3041,MacQuarie,0,0,MacQuarrie,,,,,
3042,MacQuhirr,0,0,MacQuarrie,,,,,
3043,MacQuarrey,0,0,MacQuarrie,,,,,
3044,MacQuharrie,0,0,MacQuarrie,,,,,
3045,MacQuharry,0,0,MacQuarrie,,,,,
3046,MacQuorie,0,0,MacQuarrie,,,,,
3047,MacQuorrie,0,0,MacQuarrie,,,,,
3048,MacWarie,0,0,MacQuarrie,,,,,
3049,MacWharrie,0,0,MacQuarrie,,,,,
3050,MacWhirrie,0,0,MacQuarrie,,,,,
3051,Makcorry,0,0,MacQuarrie,,,,,
3052,Makcory,0,0,MacQuarrie,,,,,
3053,Makquharie,0,0,MacQuarrie,,,,,
3054,Makquharry,0,0,MacQuarrie,,,,,
3055,MacQuarrane,0,0,MacQuarrie,,,,,
3056,Makquhary,0,0,MacQuarrie,,,,,
3057,Makquhory,0,0,MacQuarrie,,,,,
3058,Makquoyrie,0,0,MacQuarrie,,,,,
3059,MacGury,0,0,MacQuarrie,,,,,
3060,MacQuary,0,0,MacQuarrie,,,,,
3061,MacGuaire,0,0,Maguire,,,,,
3062,MacGuaran,0,0,Maguire,,,,,
3063,MacGuarie,0,0,Maguire,,,,,
3064,MacGuire,0,0,Maguire,,,,,
3065,MacQuire,0,0,Maguire,,,,,
3066,MacWhirr,0,0,Maguire,,,,,
3067,MacQueir,0,0,Maguire,,,,,
3068,MacQuhir,0,0,Maguire,,,,,
3069,MacQuhirrie,0,0,Maguire,,,,,
3070,MacQuhoire,0,0,Maguire,,,,,
3071,MacQuhorie,0,0,Maguire,,,,,
3072,MacQuore,0,0,Maguire,,,,,
3073,MacQuyre,0,0,Maguire,,,,,
3075,MacWheir,0,0,Maguire,,,,,
3076,MacWhir,0,0,Maguire,,,,,
3077,MacWhire,0,0,Maguire,,,,,
3078,Makquyre,0,0,Maguire,,,,,
3079,Makwir,0,0,Maguire,,,,,
3080,MacQuhore,0,0,MacQuarrie,,,,,
3081,MacQuhorre,0,0,MacQuarrie,,,,,
3082,MacQurrie,0,0,MacQuarrie,,,,,
3083,MacGurrie,0,0,MacQuarrie,,,,,
3084,M'guirey,0,0,MacQuarrie,,,,,
3085,Quarry,0,0,MacQuarrie,,,,,
3086,Wharrie,0,0,MacQuarrie,,,,,
3087,Quharrie,0,0,MacQuarrie,,,,,
3088,Quharry,0,0,MacQuarrie,,,,,
3089,Quherrie,0,0,MacQuarrie,,,,,
3090,Gorie,0,0,MacQuarrie,,,,,
3091,Gorrie,0,0,,"Gorey,Gorre,Quarrie,Gurr,MacGurr",,,,
3092,Gorey,0,0,Gorrie,,,,,
3093,Gorre,0,0,Gorrie,,,,,
3094,Quarrie,0,0,Gorrie,,,,,
3095,Gurr,0,0,Gorrie,,,,,
3096,MacGurr,0,0,Gorrie,,,,,
3097,Kerkyll,0,0,MacCorquodale,,,,,
3098,MacCorkindale,0,0,MacCorquodale,,,,,
3099,MacCorkill,0,0,MacCorquodale,,,,,
3100,MacCorkil,0,0,MacCorquodale,,,,,
3101,MacCorker,0,0,MacCorquodale,,,,,
3102,MacCordadill,0,0,MacCorquodale,,,,,
3103,MacCorcadill,0,0,MacCorquodale,,,,,
3104,MacCorcadale,0,0,MacCorquodale,,,,,
3105,MacCorcadail,0,0,MacCorquodale,,,,,
3106,MacKurkull,0,0,MacCorquodale,,,,,
3107,MacKorkitill,0,0,MacCorquodale,,,,,
3108,MacKorkyll,0,0,MacCorquodale,,,,,
3109,MacOrkill,0,0,MacCorquodale,,,,,
3110,MacThorcadail,0,0,MacCorquodale,,,,,
3111,MacThurkill,0,0,MacCorquodale,,,,,
3112,MacThorcuill,0,0,MacCorquodale,,,,,
3113,Makcocadill,0,0,MacCorquodale,,,,,
3114,Makcorquydill,0,0,MacCorquodale,,,,,
3115,Makcorquidill,0,0,MacCorquodale,,,,,
3116,Makcorcadell,0,0,MacCorquodale,,,,,
3117,Mikcorcadill,0,0,MacCorquodale,,,,,
3118,MacCorkie,0,0,MacCorquodale,,,,,
3119,Johnesson,0,0,Johnson,,,,,
3120,Johnnessone,0,0,Johnson,,,,,
3121,Joneson,0,0,Johnson,,,,,
3122,Jonesson,0,0,Johnson,,,,,
3123,Jonessone,0,0,Johnson,,,,,
3124,Jonson,0,0,Johnson,,,,,
3125,Jonsone,0,0,Johnson,,,,,
3126,Jonsoun,0,0,Johnson,,,,,
3127,Kean,0,0,MacIan,,,,,
3128,Cain,0,0,MacIan,,,,,
3129,Kain,0,0,MacIan,,,,,
3130,Keand,0,0,MacIan,,,,,
3131,MacAin,0,0,MacIan,,,,,
3132,MacAne,0,0,MacIan,,,,,
3133,MacCain,0,0,MacIan,,,,,
3134,MacCaine,0,0,MacIan,,,,,
3135,MacCane,0,0,MacIan,,,,,
3136,MacCayne,0,0,MacIan,,,,,
3137,MacEan,0,0,MacIan,,,,,
3138,MacEane,0,0,MacIan,,,,,
3139,MacEoin,0,0,MacIan,,,,,
3140,MacIain,0,0,MacIan,,,,,
3141,MacKain,0,0,MacIan,,,,,
3142,MacKane,0,0,MacIan,,,,,
3143,MacKeand,0,0,MacIan,,,,,
3144,MacKein,0,0,MacIan,,,,,
3145,Makane,0,0,MacIan,,,,,
3146,Makayn,0,0,MacIan,,,,,
3147,Makcane,0,0,MacIan,,,,,
3148,Makcayne,0,0,MacIan,,,,,
3149,Makkane,0,0,MacIan,,,,,
3150,MacAver,0,0,MacIver,,,,,
3151,MacEver,0,0,MacIver,,,,,
3152,MacEwer,0,0,MacIver,,,,,
3153,MacEwir,0,0,MacIver,,,,,
3154,MacEwyre,0,0,MacIver,,,,,
3155,MacGeever,0,0,MacIver,,,,,
3156,MacGiver,0,0,MacIver,,,,,
3157,MacIvar,0,0,MacIver,,,,,
3158,MacIverach,0,0,MacIver,,,,,
3159,MacIvirach,0,0,MacIver,,,,,
3160,MacKeur,0,0,MacIver,,,,,
3161,MacKever,0,0,MacIver,,,,,
3162,MacKevor,0,0,MacIver,,,,,
3163,MacKevors,0,0,MacIver,,,,,
3164,MacKewer,0,0,MacIver,,,,,
3165,MacKewyr,0,0,MacIver,,,,,
3166,MacKiver,0,0,MacIver,,,,,
3167,MacKivers,0,0,MacIver,,,,,
3168,MacCowir,0,0,MacIver,,,,,
3169,MacEiver,0,0,MacIver,,,,,
3170,MacEvar,0,0,MacIver,,,,,
3171,MacYuir,0,0,MacIver,,,,,
3172,Makcure,0,0,MacIver,,,,,
3173,Makewer,0,0,MacIver,,,,,
3174,Makiver,0,0,MacIver,,,,,
3175,Iverson,0,0,MacIver,,,,,
3176,MacKivirrich,0,0,MacIver,,,,,
3177,MacSuain,0,0,MacQueen,,,,,
3178,MacWhan,0,0,MacQueen,,,,,
3179,MacCuidhean,0,0,MacQueen,,,,,
3180,MacCuithean,0,0,MacQueen,,,,,
3181,MacCuithein,0,0,MacQueen,,,,,
3182,MacCuthan,0,0,MacQueen,,,,,
3183,MacGuin,0,0,MacQueen,,,,,
3184,MacHquan,0,0,MacQueen,,,,,
3185,MacHquhan,0,0,MacQueen,,,,,
3186,MacHuin,0,0,MacQueen,,,,,
3187,MacKqueane,0,0,MacQueen,,,,,
3188,MacKquyne,0,0,MacQueen,,,,,
3189,MacQuain,0,0,MacQueen,,,,,
3190,MacQuan,0,0,MacQueen,,,,,
3191,MacQuaynes,0,0,MacQueen,,,,,
3192,MacQuean,0,0,MacQueen,,,,,
3193,MacQueane,0,0,MacQueen,,,,,
3194,MacQuein,0,0,MacQueen,,,,,
3195,MacQueine,0,0,MacQueen,,,,,
3196,MacQuen,0,0,MacQueen,,,,,
3197,MacQuene,0,0,MacQueen,,,,,
3198,MacQueyn,0,0,MacQueen,,,,,
3199,MacQueyne,0,0,MacQueen,,,,,
3200,MacQuhan,0,0,MacQueen,,,,,
3201,MacQuheen,0,0,MacQueen,,,,,
3202,MacQuhen,0,0,MacQueen,,,,,
3203,MacQuhenn,0,0,MacQueen,,,,,
3204,MacQuhenne,0,0,MacQueen,,,,,
3205,MacQuheyne,0,0,MacQueen,,,,,
3206,MacQuhyn,0,0,MacQueen,,,,,
3207,MacQuhyne,0,0,MacQueen,,,,,
3208,MacQuien,0,0,MacQueen,,,,,
3209,MacQuin,0,0,MacQueen,,,,,
3210,MacQuine,0,0,MacQueen,,,,,
3211,MacQuinne,0,0,MacQueen,,,,,
3212,MacWhanne,0,0,MacQueen,,,,,
3213,MacWhin,0,0,MacQueen,,,,,
3214,MacWhinn,0,0,MacQueen,,,,,
3215,Makquean,0,0,MacQueen,,,,,
3216,Makquene,0,0,MacQueen,,,,,
3217,Makquhan,0,0,MacQueen,,,,,
3218,Makquhane,0,0,MacQueen,,,,,
3219,Makquhen,0,0,MacQueen,,,,,
3220,Makquhon,0,0,MacQueen,,,,,
3221,Maquhon,0,0,MacQueen,,,,,
3222,MacCrae,0,0,MacRae,,,,,
3223,MacCraith,0,0,MacGrath,,,,,
3223,MacCraith,0,0,MacRae,,,,,
3224,MacCray,0,0,MacRae,,,,,
3225,MacCrea,0,0,MacRae,,,,,
3226,MacCree,0,0,MacRae,,,,,
3227,MacCrie,0,0,MacRae,,,,,
3228,MacAree,0,0,MacRae,,,,,
3229,MacArra,0,0,MacRae,,,,,
3230,MacCara,0,0,MacRae,,,,,
3231,MacCarres,0,0,MacRae,,,,,
3232,MacCary,0,0,MacRae,,,,,
3233,MacChray,0,0,MacRae,,,,,
3234,MacCraie,0,0,MacRae,,,,,
3235,MacCrath,0,0,MacRae,,,,,
3236,MacCreich,0,0,MacRae,,,,,
3237,MacCreiff,0,0,MacRae,,,,,
3238,MacCreith,0,0,MacRae,,,,,
3239,MacKcrae,0,0,MacRae,,,,,
3240,MacKcrow,0,0,MacRae,,,,,
3241,MacKra,0,0,MacRae,,,,,
3242,MacKrae,0,0,MacRae,,,,,
3243,MacKraith,0,0,MacRae,,,,,
3244,MacKray,0,0,MacRae,,,,,
3245,MacKrayth,0,0,MacRae,,,,,
3246,MacKree,0,0,MacRae,,,,,
3247,MacKrie,0,0,MacRae,,,,,
3248,MacRad,0,0,MacRae,,,,,
3249,MacRah,0,0,MacRae,,,,,
3250,MacRaht,0,0,MacRae,,,,,
3251,MacRau,0,0,MacRae,,,,,
3252,MacRe,0,0,MacRae,,,,,
3253,MacRea,0,0,MacRae,,,,,
3254,MacReath,0,0,MacRae,,,,,
3255,MacReay,0,0,MacRae,,,,,
3256,MacRee,0,0,MacRae,,,,,
3257,MacReith,0,0,MacRae,,,,,
3258,MacReth,0,0,MacRae,,,,,
3259,MacRey,0,0,MacRae,,,,,
3260,MacRoe,0,0,MacRae,,,,,
3261,MacRow,0,0,MacRae,,,,,
3262,MacRoy,0,0,MacRae,,,,,
3263,MacWray,0,0,MacRae,,,,,
3264,Makcra,0,0,MacRae,,,,,
3265,Makcreith,0,0,MacRae,,,,,
3266,Makcrie,0,0,MacRae,,,,,
3267,Makerathe,0,0,MacRae,,,,,
3268,Makra,0,0,MacRae,,,,,
3269,Makraa,0,0,MacRae,,,,,
3270,Makrath,0,0,MacRae,,,,,
3271,Makreith,0,0,MacRae,,,,,
3272,MacAra,0,0,MacRae,,,,,
3273,MacCarra,0,0,MacRae,,,,,
3274,MacCra,0,0,MacRae,,,,,
3275,MacCrach,0,0,MacRae,,,,,
3276,MacCraw,0,0,MacRae,,,,,
3277,MacCreath,0,0,MacRae,,,,,
3278,MacCrow,0,0,MacRae,,,,,
3279,MacCroy,0,0,MacRae,,,,,
3280,MacHray,0,0,MacRae,,,,,
3281,MacRa,0,0,MacRae,,,,,
3282,MacRach,0,0,MacRae,,,,,
3283,MacRaith,0,0,MacRae,,,,,
3284,MacRath,0,0,MacRae,,,,,
3285,MacRaw,0,0,MacRae,,,,,
3286,MacRay,0,0,MacRae,,,,,
3287,MacRie,0,0,MacRae,,,,,
3288,Dinnes,0,0,Innes,,,,,
3289,Ennis,0,0,Innes,,,,,
3290,Innie,0,0,Innes,,,,,
3291,Innis,0,0,Innes,,,,,
3292,Innice,0,0,Innes,,,,,
3293,Ineys,0,0,Innes,,,,,
3294,Ineess,0,0,Innes,,,,,
3295,Inees,0,0,Innes,,,,,
3296,Inays,0,0,Innes,,,,,
3297,Ince,0,0,Innes,,,,,
3298,Michill,0,0,Mitchell,,,,,
3299,Mittchel,0,0,Mitchell,,,,,
3300,Mechel,0,0,Mitchell,,,,,
3301,Mitschael,0,0,Mitchell,,,,,
3302,Mitsschal,0,0,Mitchell,,,,,
3303,Meitchel,0,0,Mitchell,,,,,
3304,Mitchol,0,0,Mitchell,,,,,
3305,Michell,0,0,Mitchell,,,,,
3306,Mytchell,0,0,Mitchell,,,,,
3307,Mychell,0,0,Mitchell,,,,,
3308,Wylie,0,0,,"Wyllie,Wiley,Wylly,Willie,Wily,Wylye,Wyly",,,,
3309,Wyllie,0,0,Wylie,,,,,
3310,Wiley,0,0,Wylie,,,,,
3311,Wylly,0,0,Wylie,,,,,
3312,Willie,0,0,Wylie,,,,,
3312,Willie,0,0,Williamson,,,,,
3313,Wily,0,0,Wylie,,,,,
3314,Wylye,0,0,Wylie,,,,,
3315,Wyly,0,0,Wylie,,,,,
3316,Reidfurd,0,0,,"Reidfuird,Redford",,,,
3317,Reidfuird,0,0,Reidfurd,,,,,
3318,Redford,0,0,Reidfurd,,,,,
3319,Dynnes,0,0,Innes,,,,,
3320,Maver,0,0,,"Mavor,Mavers,Mawer,Mawar",,,"Maver , Maver Dress","12587, 12938"
3321,Mavor,0,0,Maver,,,,,
3322,Mavers,0,0,Maver,,,,,
3323,Mawer,0,0,Maver,,,,,
3324,Mawar,0,0,Maver,,,,,
3325,Tayne,0,0,Thain,,,,,
3326,Thayne,0,0,Thain,,,,,
3327,Thaine,0,0,Thain,,,,,
3328,Theyne,0,0,Thain,,,,,
3329,Thayn,0,0,Thain,,,,,
3330,Thane,0,0,Thain,,,,,
3331,MacRob,0,0,,"MacRobe,MacRobb,Makrob",,,,
3332,MacRobe,0,0,MacRob,,,,,
3333,MacRobb,0,0,MacRob,,,,,
3334,Makrob,0,0,MacRob,,,,,
3335,Meanies,0,0,Menzies,,,,,
3336,Means,0,0,Menzies,,,,,
3337,Mein,0,0,Menzies,,,,,
3338,Meine,0,0,Menzies,,,,,
3339,Mengues,0,0,Menzies,,,,,
3340,Mennie,0,0,Menzies,,,,,
3341,Meyners,0,0,Menzies,,,,,
3342,Minn,0,0,Menzies,,,,,
3343,Minnus,0,0,Menzies,,,,,
3344,Monzie,0,0,Menzies,,,,,
3345,Monzies,0,0,Menzies,,,,,
3346,Manzie,0,0,Menzies,,,,,
3347,Manzies,0,0,Menzies,,,,,
3348,Mean,0,0,Menzies,,,,,
3349,Meanie,0,0,Menzies,,,,,
3350,Megnies,0,0,Menzies,,,,,
3351,Meignees,0,0,Menzies,,,,,
3352,Mainzies,0,0,Menzies,,,,,
3353,Meigners,0,0,Menzies,,,,,
3354,Meignerys,0,0,Menzies,,,,,
3355,Meignes,0,0,Menzies,,,,,
3356,Meignez,0,0,Menzies,,,,,
3357,Meineris,0,0,Menzies,,,,,
3358,Meingnes,0,0,Menzies,,,,,
3359,Meingzeis,0,0,Menzies,,,,,
3360,Meingzes,0,0,Menzies,,,,,
3361,Meinn,0,0,Menzies,,,,,
3362,Meinyeis,0,0,Menzies,,,,,
3363,Meinyies,0,0,Menzies,,,,,
3364,Meinzeis,0,0,Menzies,,,,,
3365,Meinzies,0,0,Menzies,,,,,
3366,Menees,0,0,Menzies,,,,,
3367,Mengyeis,0,0,Menzies,,,,,
3368,Mengzeis,0,0,Menzies,,,,,
3369,Mengzes,0,0,Menzies,,,,,
3370,Maynhers,0,0,Menzies,,,,,
3371,Meigneis,0,0,Menzies,,,,,
3372,Mengzies,0,0,Menzies,,,,,
3373,Mennes,0,0,Menzies,,,,,
3374,Menyas,0,0,Menzies,,,,,
3375,Menyeis,0,0,Menzies,,,,,
3376,Menyheis,0,0,Menzies,,,,,
3377,Menyhes,0,0,Menzies,,,,,
3378,Menzas,0,0,Menzies,,,,,
3379,Menzeis,0,0,Menzies,,,,,
3380,Menzes,0,0,Menzies,,,,,
3381,Menzeys,0,0,Menzies,,,,,
3382,Menzheis,0,0,Menzies,,,,,
3383,Menzhers,0,0,Menzies,,,,,
3384,Menzis,0,0,Menzies,,,,,
3385,Meygners,0,0,Menzies,,,,,
3386,Meygnes,0,0,Menzies,,,,,
3387,Meyneiss,0,0,Menzies,,,,,
3388,Meyner,0,0,Menzies,,,,,
3389,Meyneris,0,0,Menzies,,,,,
3390,Meyness,0,0,Menzies,,,,,
3391,Miners,0,0,Menzies,,,,,
3392,Minnis,0,0,Menzies,,,,,
3393,Minnish,0,0,Menzies,,,,,
3394,Monsie,0,0,Menzies,,,,,
3395,Munnies,0,0,Menzies,,,,,
3396,MacKmunish,0,0,Menzies,,,,,
3397,MacMean,0,0,Menzies,,,,,
3398,MacMeans,0,0,Menzies,,,,,
3399,MacMein,0,0,Menzies,,,,,
3400,MacMeinn,0,0,Menzies,,,,,
3401,MacMen,0,0,Menzies,,,,,
3402,MacMina,0,0,Menzies,,,,,
3403,MacMine,0,0,Menzies,,,,,
3404,MacMinne,0,0,Menzies,,,,,
3405,MacMinnies,0,0,Menzies,,,,,
3406,MacMinnis,0,0,Menzies,,,,,
3407,MacMonnies,0,0,Menzies,,,,,
3408,MacMyn,0,0,Menzies,,,,,
3409,MacMyne,0,0,Menzies,,,,,
3410,MacMynneis,0,0,Menzies,,,,,
3411,Makmunish,0,0,Menzies,,,,,
3412,Makmynnes,0,0,Menzies,,,,,
3413,Graeme,0,0,Graham,,,,,
3414,Grahame,0,0,Graham,,,,,
3415,Grahym,0,0,Graham,,,,,
3416,Grim,0,0,Graham,,,,,
3417,Grymn,0,0,Graham,,,,,
3418,Bunting,0,0,,"Bontein,Bontine,Buntain,Bunten,Buntine,Buntyne,Buntyng,Bountene,Bunteyne,Buntynge,Bunton,Buntin,Buntyn,Buntene,Bontyne",,,,
3419,Bontein,0,0,Bunting,,,,,
3420,Bontine,0,0,Bunting,,,,,
3421,Buntain,0,0,Bunting,,,,,
3422,Bunten,0,0,Bunting,,,,,
3423,Buntine,0,0,Bunting,,,,,
3424,Allardyce,0,0,,"Alirdes,Alderdice,Alyrdes,Allardes,Allyrdas,Allyrdes,Allirdas,Allirdasse,Allirdes,Alerdice,Alerdyce,Allerdes,Allerdais,Allerdas,Alerdes",,,,
3425,Alirdes,0,0,Allardyce,,,,,
3426,Alderdice,0,0,Allardyce,,,,,
3427,Alyrdes,0,0,Allardyce,,,,,
3428,Buntyne,0,0,Bunting,,,,,
3429,Buntyng,0,0,Bunting,,,,,
3430,Bountene,0,0,Bunting,,,,,
3431,Bunteyne,0,0,Bunting,,,,,
3432,Buntynge,0,0,Bunting,,,,,
3433,Bunton,0,0,Bunting,,,,,
3434,Buntin,0,0,Bunting,,,,,
3435,Buntyn,0,0,Bunting,,,,,
3436,Buntene,0,0,Bunting,,,,,
3437,Bontyne,0,0,Bunting,,,,,
3438,Menteith,0,0,,"Monteath,Monteith,Manteeth,Mentayth,Montecht,Mentheth,Menteath,Mynteith,Myntethe,Munteith,Muntethe,Mynteth",,,,
3439,Monteath,0,0,Menteith,,,,,
3440,Monteith,1,0,Menteith,,,,,
3441,Manteeth,0,0,Menteith,,,,,
3442,Mentayth,0,0,Menteith,,,,,
3443,Montecht,0,0,Menteith,,,,,
3444,Mentheth,0,0,Menteith,,,,,
3445,Menteath,0,0,Menteith,,,,,
3446,Mynteith,0,0,Menteith,,,,,
3447,Myntethe,0,0,Menteith,,,,,
3448,Munteith,0,0,Menteith,,,,,
3449,Muntethe,0,0,Menteith,,,,,
3450,Mynteth,0,0,Menteith,,,,,
3451,Grym,0,0,Graham,,,,,
3452,Greym,0,0,Graham,,,,,
3453,Grahm,0,0,Graham,,,,,
3454,Greyme,0,0,Graham,,,,,
3455,Graheme,0,0,Graham,,,,,
3456,Grahem,0,0,Graham,,,,,
3457,Greme,0,0,Graham,,,,,
3458,Grahme,0,0,Graham,,,,,
3459,Graiham,0,0,Graham,,,,,
3460,Greeme,0,0,Graham,,,,,
3461,Gram,0,0,Graham,,,,,
3462,Grame,0,0,Graham,,,,,
3463,Graem,0,0,Graham,,,,,
3464,Grayme,0,0,Graham,,,,,
3465,Graym,0,0,Graham,,,,,
3466,Grem,0,0,Graham,,,,,
3467,Grimm,0,0,Graham,,,,,
3468,Grehme,0,0,Graham,,,,,
3469,Grime,0,0,Graham,,,,,
3470,Gruamach,0,0,Graham,,,,,
3471,Allardes,0,0,Allardyce,,,,,
3472,Allyrdas,0,0,Allardyce,,,,,
3473,Allyrdes,0,0,Allardyce,,,,,
3474,Allirdas,0,0,Allardyce,,,,,
3475,Allirdasse,0,0,Allardyce,,,,,
3476,Allirdes,0,0,Allardyce,,,,,
3477,Alerdice,0,0,Allardyce,,,,,
3478,Alerdyce,0,0,Allardyce,,,,,
3479,Allerdes,0,0,Allardyce,,,,,
3480,Allerdais,0,0,Allardyce,,,,,
3481,Allerdas,0,0,Allardyce,,,,,
3482,Alerdes,0,0,Allardyce,,,,,
3483,Gilrye,0,0,MacGillivray,,,,,
3484,MacGillevary,0,0,MacGillivray,,,,,
3485,MacGillavrach,0,0,MacGillivray,,,,,
3486,MacGillevoray,0,0,MacGillivray,,,,,
3487,MacGillevorie,0,0,MacGillivray,,,,,
3488,MacGillvray,0,0,MacGillivray,,,,,
3489,MacGillevray,0,0,MacGillivray,,,,,
3490,MacGillvra,0,0,MacGillivray,,,,,
3491,MacGillewra,0,0,MacGillivray,,,,,
3492,MacGillavery,0,0,MacGillivray,,,,,
3493,MacGillewray,0,0,MacGillivray,,,,,
3494,MacGillavary,0,0,MacGillivray,,,,,
3495,MacGillvery,0,0,MacGillivray,,,,,
3496,MacGillvary,0,0,MacGillivray,,,,,
3497,MacGillveray,0,0,MacGillivray,,,,,
3498,MacGillowray,0,0,MacGillivray,,,,,
3499,MacGillivary,0,0,MacGillivray,,,,,
3500,MacGillivry,0,0,MacGillivray,,,,,
3501,MacGillivraid,0,0,MacGillivray,,,,,
3502,MacGillivrie,0,0,MacGillivray,,,,,
3503,MacGilvory,0,0,MacGillivray,,,,,
3504,MacGilrey,0,0,MacGillivray,,,,,
3505,MacGilwrey,0,0,MacGillivray,,,,,
3506,MacGuilvery,0,0,MacGillivray,,,,,
3507,MacGilvary,0,0,MacGillivray,,,,,
3508,MacIlbraie,0,0,MacGillivray,,,,,
3509,MacGilvery,0,0,MacGillivray,,,,,
3510,MacIliwray,0,0,MacGillivray,,,,,
3511,MacIlvery,0,0,MacGillivray,,,,,
3512,MacIlvray,0,0,MacGillivray,,,,,
3513,MacIlvora,0,0,MacGillivray,,,,,
3514,MacIlwray,0,0,MacGillivray,,,,,
3515,MacIlveerie,0,0,MacGillivray,,,,,
3516,MacIlvrach,0,0,MacGillivray,,,,,
3517,MacIlvra,0,0,MacGillivray,,,,,
3518,MacIlray,0,0,MacGillivray,,,,,
3519,MacIluray,0,0,MacGillivray,,,,,
3520,MacIllvra,0,0,MacGillivray,,,,,
3521,MacIlvory,0,0,MacGillivray,,,,,
3522,MacIlra,0,0,MacGillivray,,,,,
3523,MacIlwra,0,0,MacGillivray,,,,,
3524,MacKelrae,0,0,MacGillivray,,,,,
3525,MacYlory,0,0,MacIlroy,,,,,
3526,Makkilrow,0,0,MacIlroy,,,,,
3527,Vcgillevorie,0,0,MacGillivray,,,,,
3528,MacIlvoray,0,0,MacGillivray,,,,,
3529,MacIllevorie,0,0,MacGillivray,,,,,
3530,Cathie,0,0,MacFie,,,,,
3531,Fee,0,0,MacFie,,,,,
3532,MacCaffie,0,0,MacFie,,,,,
3533,MacCathie,0,0,MacFie,,,,,
3534,MacFee,0,0,MacFie,,,,,
3535,MacHaffie,0,0,MacFie,,,,,
3536,MacVee,0,0,MacFie,,,,,
3537,MacVie,0,0,MacFie,,,,,
3538,Drommonde,0,0,Drummond,,,,,
3539,Drummont,0,0,Drummond,,,,,
3540,Drummot,0,0,Drummond,,,,,
3541,Drummyn,0,0,Drummond,,,,,
3542,Drumon,0,0,Drummond,,,,,
3543,Drumont,0,0,Drummond,,,,,
3544,Drumman,0,0,Drummond,,,,,
3545,Droumound,0,0,Drummond,,,,,
3546,Dromund,0,0,Drummond,,,,,
3547,Dromounde,0,0,Drummond,,,,,
3548,Drominth,0,0,Drummond,,,,,
3549,Dromonde,0,0,Drummond,,,,,
3550,Drumund,0,0,Drummond,,,,,
3551,Droman,0,0,Drummond,,,,,
3552,Drommount,0,0,Drummond,,,,,
3553,Dormondy,0,0,Drummond,,,,,
3554,Drumunde,0,0,Drummond,,,,,
3555,Dreumond,0,0,Drummond,,,,,
3556,Dormond,0,0,Drummond,,,,,
3557,MacCrouther,0,0,MacGregor,,,,,
3558,MacGrowther,0,0,MacGregor,,,,,
3559,MacGruder,0,0,MacGregor,,,,,
3560,MacGruther,0,0,MacGregor,,,,,
3561,MacGrouther,0,0,MacGregor,,,,,
3562,MacGruer,0,0,MacGregor,,,,,
3563,MacCrewer,0,0,MacGregor,,,,,
3564,MacCrouder,0,0,MacGregor,,,,,
3565,MacCrewir,0,0,MacGregor,,,,,
3566,MacCrowther,0,0,MacGregor,,,,,
3567,MacRobbie,0,0,,"MacRobert,MacRobie,MacCrobie,MacRobi,Makroby,MacRobin",,,,
3568,MacRobert,0,0,MacRobbie,,,,,
3569,MacRobie,0,0,MacRobbie,,,,,
3570,Crowder,0,0,Gregor,,,,,
3571,Growar,0,0,Gregor,,,,,
3572,Grewyr,0,0,Gregor,,,,,
3573,Grewer,0,0,Gregor,,,,,
3573,Grewer,0,0,Grewar,,,,,
3574,MacGrader,0,0,MacGregor,,,,,
3575,MacGrudder,0,0,MacGregor,,,,,
3576,MacHrudder,0,0,MacGregor,,,,,
3577,MacGruthar,0,0,MacGregor,,,,,
3578,MacGrewer,0,0,MacGregor,,,,,
3579,MacHruder,0,0,MacGregor,,,,,
3580,MacGrowder,0,0,MacGregor,,,,,
3581,MacGruar,1,0,,,,,,
3582,MacGrevar,0,0,MacGregor,,,,,
3583,MacGrudaire,0,0,MacGregor,,,,,
3584,MacRudder,0,0,MacGregor,,,,,
3585,MacRudrie,0,0,MacGregor,,,,,
3586,MacRuar,0,0,MacGregor,,,,,
3587,MacRuer,0,0,MacGregor,,,,,
3588,MacRither,0,0,MacGregor,,,,,
3589,Magruder,0,0,MacGregor,,,,,
3590,Makrudder,0,0,MacGregor,,,,,
3591,Makgruder,0,0,MacGregor,,,,,
3592,MacCrobie,0,0,MacRobbie,,,,,
3593,MacRobi,0,0,MacRobbie,,,,,
3594,Makroby,0,0,MacRobbie,,,,,
3595,MacRobin,0,0,MacRobbie,,,,,
3596,Brewster,0,0,,"Broustar,Brostar,Broustir,Browistar,Browstare,Broustare,Browster,Brouster,Broster,Brewester",,,,
3597,Broustar,0,0,Brewster,,,,,
3598,Brostar,0,0,Brewster,,,,,
3599,Broustir,0,0,Brewster,,,,,
3600,Browistar,0,0,Brewster,,,,,
3601,Browstare,0,0,Brewster,,,,,
3602,Broustare,0,0,Brewster,,,,,
3603,Browster,0,0,Brewster,,,,,
3604,Brouster,0,0,Brewster,,,,,
3605,Broster,0,0,Brewster,,,,,
3606,Doig,0,0,,"Dog,Doeg",,,,
3607,Dog,0,0,Doig,,,,,
3608,Doeg,0,0,Doig,,,,,
3609,Mushet,0,0,,"Muschate,Muschett,Muschet",,,,
3610,Muschate,0,0,Mushet,,,,,
3611,Muschett,0,0,Mushet,,,,,
3612,Muschet,0,0,Mushet,,,,,
3613,Cargil,0,0,Cargill,,,,,
3614,Carghille,0,0,Cargill,,,,,
3615,Cargile,0,0,Cargill,,,,,
3616,Cargyl,0,0,Cargill,,,,,
3617,Kergylle,0,0,Cargill,,,,,
3618,Kergyll,0,0,Cargill,,,,,
3619,Kergyl,0,0,Cargill,,,,,
3620,Kergille,0,0,Cargill,,,,,
3621,Kergill,0,0,Cargill,,,,,
3622,MacTaevis,0,0,MacTavish,,,,,
3623,MacTamhais,0,0,MacTavish,,,,,
3624,MacTaveis,0,0,MacTavish,,,,,
3625,MacTawisch,0,0,MacTavish,,,,,
3626,MacTawys,0,0,MacTavish,,,,,
3627,MacThamais,0,0,MacTavish,,,,,
3628,MacThamhais,0,0,MacTavish,,,,,
3629,MacThavish,0,0,MacTavish,,,,,
3630,Makavhis,0,0,MacTavish,,,,,
3631,Makawis,0,0,MacTavish,,,,,
3632,Makcaus,0,0,MacTavish,,,,,
3633,Makcawis,0,0,MacTavish,,,,,
3634,Makcaws,0,0,MacTavish,,,,,
3635,Taweson,0,0,Thomson,,,,,
3636,Tawesson,0,0,Thomson,,,,,
3637,Thom,0,0,Thomson,,,,,
3637,Thom,0,0,Thomas,,,,,
3638,Thomas,0,0,Thomson,"Tomas,Thomasett,Tamas,Thom,Thomason,Thompson,Thomson,Tomasett,Tomek,Tomey,Tomie,Tomislaw,Tomkin,Tomlin,Tomlinson,Tommey",,,"Thomas of Wales",4456
3639,Thomasin,0,0,Thomson,,,,,
3640,Thomason,0,0,Thomson,,,,,
3640,Thomason,0,0,Thomas,,,,,
3641,Thomassine,0,0,Thomson,,,,,
3642,Thomazin,0,0,Thomson,,,,,
3643,Thomerson,0,0,Thomson,,,,,
3644,Thomes,0,0,Thomson,,,,,
3645,Tam,0,0,Thomson,,,,,
3646,Tameson,0,0,Thomson,,,,,
3647,Tamesone,0,0,Thomson,,,,,
3648,Tamson,0,0,Thomson,,,,,
3649,Thomasson,0,0,Thomson,,,,,
3650,Thomassone,0,0,Thomson,,,,,
3651,Thomassoun,0,0,Thomson,,,,,
3652,Thomessone,0,0,Thomson,,,,,
3653,Thomsone,0,0,Thomson,,,,,
3654,Thomsoun,0,0,Thomson,,,,,
3655,Thomsoune,0,0,Thomson,,,,,
3656,Thomsson,0,0,Thomson,,,,,
3657,Tomsone,0,0,Thomson,,,,,
3659,Murrie,0,0,Murray,,,,,
3660,Mirrey,0,0,Murray,,,,,
3661,Muray,0,0,Murray,,,,,
3662,Murra,0,0,Murray,,,,,
3663,Murrai,0,0,Murray,,,,,
3664,Murraue,0,0,Murray,,,,,
3665,Murry,0,0,Murray,,,,,
3666,Mury,0,0,Murray,,,,,
3667,Fleming,1,0,,"Flamanc,Flamang,Flamench,Flamyng,Fleeman,Fleeming,Flemen,Flemmynge,Flemyn,Flemyne,Flemyng,Flemynge,Fleymen,Fleyming,Fliming,Flymen,Flymyng",,"scottish,english,welsh,irish",,
3668,Flamanc,0,0,Fleming,,,,,
3669,Flamang,0,0,Fleming,,,,,
3670,Flamench,0,0,Fleming,,,,,
3671,Flamyng,0,0,Fleming,,,,,
3672,Fleeman,0,0,Fleming,,,,,
3673,Fleeming,0,0,Fleming,,,,,
3674,Flemen,0,0,Fleming,,,,,
3675,Flemmynge,0,0,Fleming,,,,,
3676,Flemyn,0,0,Fleming,,,,,
3677,Flemyne,0,0,Fleming,,,,,
3678,Flemyng,0,0,Fleming,,,,,
3679,Flemynge,0,0,Fleming,,,,,
3680,Fleymen,0,0,Fleming,,,,,
3681,Fleyming,0,0,Fleming,,,,,
3682,Fliming,0,0,Fleming,,,,,
3683,Flymen,0,0,Fleming,,,,,
3684,Flymyng,0,0,Fleming,,,,,
3685,Dunsmore,0,0,,Dinsmore,,,,
3686,Dinsmore,0,0,Dunsmore,,,,,
3687,MacMurray,0,0,,"MacKmurrie,MacMurre,MacMurree,MacMurrie,MacMurry,MacMurrye,MacMury",,,,
3688,MacKmurrie,0,0,MacMurray,,,,,
3689,MacMurre,0,0,MacMurray,,,,,
3690,MacMurree,0,0,MacMurray,,,,,
3691,MacMurrie,0,0,MacMurray,,,,,
3692,MacMurry,0,0,MacMurray,,,,,
3693,MacMurrye,0,0,MacMurray,,,,,
3694,MacMury,0,0,MacMurray,,,,,
3695,Mowray,0,0,Murray,,,,,
3696,Morray,0,0,Murray,,,,,
3697,Mulmurray,0,0,Moncrieffe,,,,,
3698,Mulmury,0,0,Moncrieffe,,,,,
3699,Pepper,0,0,Moncrieffe,,,,,
3700,Spalding,1,0,,"Spaden,Spadine,Spaldene,Spaldeng,Spaldyn,Spaldyng,Spaldynge",,,,
3701,Spaden,0,0,Spalding,,,,,
3702,Spadine,0,0,Spalding,,,,,
3703,Spaldene,0,0,Spalding,,,,,
3704,Spaldeng,0,0,Spalding,,,,,
3705,Spaldyn,0,0,Spalding,,,,,
3706,Spaldyng,0,0,Spalding,,,,,
3707,Spaldynge,0,0,Spalding,,,,,
3708,Small,0,0,,"Smale,Smaill,Smal,Smalle,Smaw",,,,
3709,Smale,0,0,Small,,,,,
3710,Smaill,0,0,Small,,,,,
3711,Smal,0,0,Small,,,,,
3712,Smalle,0,0,Small,,,,,
3713,Smaw,0,0,Small,,,,,
3714,Keath,0,0,Keith,,,,,
3715,Keech,0,0,Keith,,,,,
3716,Keeth,0,0,Keith,,,,,
3717,Marchell,0,0,Marshall,,,,,
3718,Marchall,0,0,Marshall,,,,,
3719,Marchael,0,0,Marshall,,,,,
3720,Merschale,0,0,Marshall,,,,,
3721,Marschal,0,0,Marshall,,,,,
3722,Merchel,0,0,Marshall,,,,,
3723,Merschaell,0,0,Marshall,,,,,
3724,Marschel,0,0,Marshall,,,,,
3725,Merschell,0,0,Marshall,,,,,
3726,Mershael,0,0,Marshall,,,,,
3727,Mershell,0,0,Marshall,,,,,
3728,Marschale,0,0,Marshall,,,,,
3729,Marschell,0,0,Marshall,,,,,
3730,Merchell,0,0,Marshall,,,,,
3731,Ostaine,0,0,Austin,,,,,
3732,Oustian,0,0,Austin,,,,,
3733,Oustene,0,0,Austin,,,,,
3734,Oustiane,0,0,Austin,,,,,
3735,Oisteane,0,0,Austin,,,,,
3736,Ostien,0,0,Austin,,,,,
3737,Owstiane,0,0,Austin,,,,,
3738,Oustine,0,0,Austin,,,,,
3739,Owstine,0,0,Austin,,,,,
3740,Astine,0,0,Austin,,,,,
3741,Aston,0,0,Austin,,,,,
3742,Austen,0,0,Austin,,,,,
3743,Austie,0,0,Austin,,,,,
3744,Falconor,0,0,Falconer,,,,,
3745,Faulkner,0,0,Falconer,,,,,
3746,Austein,0,0,Austin,,,,,
3747,Austine,0,0,Austin,,,,,
3748,Austeane,0,0,Austin,,,,,
3749,Austyn,0,0,Austin,,,,,
3750,Austene,0,0,Austin,,,,,
3751,Ousteane,0,0,Austin,,,,,
3752,Oistiane,0,0,Austin,,,,,
3753,Ostian,0,0,Austin,,,,,
3754,Dickson,0,0,Richards,"Dickison,Dicson,Dixon,Dixson,Dikyson,Dicsoun,Diksonne,Dickeson,Dikson,Dickason,Dikiesoun,Dickie,Dikkyson,MacDickens,MacDickins,MacDickie,MacDicky,MacDickson,Dicksoun",,"scottish,english,welsh,irish","Dickson (Personal)",396168
3755,Dickison,0,0,Dickson,,,,,
3756,Dicson,0,0,Dickson,,,,,
3757,Dixon,0,0,Dickson,,,,,
3758,Dixson,0,0,Richards,,,,,
3758,Dixson,0,0,Dickson,,,,,
3759,Dikyson,0,0,Dickson,,,,,
3760,Dicsoun,0,0,Dickson,,,,,
3761,Diksonne,0,0,Dickson,,,,,
3762,Dickeson,0,0,Dickson,,,,,
3763,Dikson,0,0,Dickson,,,,,
3764,Dickason,0,0,Dickson,,,,,
3765,Dikiesoun,0,0,Dickson,,,,,
3766,Dikkyson,0,0,Dickson,,,,,
3767,MacDickens,0,0,Dickson,,,,,
3768,MacDickins,0,0,Dickson,,,,,
3769,MacDickie,0,0,Dickson,,,,,
3770,MacDicky,0,0,Dickson,,,,,
3771,MacDickson,0,0,Dickson,,,,,
3772,Lumgair,0,0,,"Lumgain,Lumgaine",,,,
3773,Lumgain,0,0,Lumgair,,,,,
3774,Lumgaine,0,0,Lumgair,,,,,
3775,Frazer,0,0,Fraser,,,,,
3776,Fresell,0,0,Fraser,,,,,
3777,Freser,0,0,Fraser,,,,,
3778,Frew,0,0,Fraser,,,,,
3779,Frezel,0,0,Fraser,,,,,
3780,Friscal,0,0,Fraser,,,,,
3781,Frisell,0,0,Fraser,,,,,
3782,Frissell,0,0,Fraser,,,,,
3783,Frizel,0,0,Fraser,,,,,
3784,Frizell,0,0,Fraser,,,,,
3785,Frizelle,0,0,Fraser,,,,,
3786,Fraiser,0,0,Fraser,,,,,
3787,Fraisser,0,0,Fraser,,,,,
3788,Fraissier,0,0,Fraser,,,,,
3789,Frasair,0,0,Fraser,,,,,
3790,Fraseir,0,0,Fraser,,,,,
3791,Frasier,0,0,Fraser,,,,,
3792,Frassel,0,0,Fraser,,,,,
3793,Frasser,0,0,Fraser,,,,,
3794,Fraysher,0,0,Fraser,,,,,
3795,Fraysser,0,0,Fraser,,,,,
3796,Frazier,0,0,Fraser,,,,,
3797,Fresal,0,0,Fraser,,,,,
3798,Fresale,0,0,Fraser,,,,,
3799,Fresall,0,0,Fraser,,,,,
3800,Fresare,0,0,Fraser,,,,,
3801,Frescell,0,0,Fraser,,,,,
3802,Fresel,0,0,Fraser,,,,,
3803,Fresill,0,0,Fraser,,,,,
3804,Fresle,0,0,Fraser,,,,,
3805,Fressair,0,0,Fraser,,,,,
3806,Fressell,0,0,Fraser,,,,,
3807,Fresser,0,0,Fraser,,,,,
3808,Freyser,0,0,Fraser,,,,,
3809,Frezer,0,0,Fraser,,,,,
3810,Friseal,0,0,Fraser,,,,,
3811,Friselle,0,0,Fraser,,,,,
3812,Friser,0,0,Fraser,,,,,
3813,Frisselle,0,0,Fraser,,,,,
3814,Frizzell,0,0,Fraser,,,,,
3815,Fryssar,0,0,Fraser,,,,,
3816,Fryssell,0,0,Fraser,,,,,
3817,Frysser,0,0,Fraser,,,,,
3818,Simson,0,0,,"Simpson,Sims,Semsone,Semsoun,Symesone,Symesoune,Symesson,Sympsone,Sympsoun,Sympsoune,Symson,Symsone,Symsoun,Symsoune",,,,
3819,Simpson,0,0,Simson,"Simpsone,Simsoun",,"scottish,english,welsh,irish",,
3820,Sims,0,0,Simson,,,,,
3821,Semsone,0,0,Simson,,,,,
3822,Semsoun,0,0,Simson,,,,,
3823,Symesone,0,0,Simson,,,,,
3824,Symesoune,0,0,Simson,,,,,
3825,Symesson,0,0,Simson,,,,,
3826,Sympsone,0,0,Simson,,,,,
3827,Sympsoun,0,0,Simson,,,,,
3828,Sympsoune,0,0,Simson,,,,,
3829,Symson,0,0,Simson,,,,,
3830,Symsone,0,0,Simson,,,,,
3831,Symsoun,0,0,Simson,,,,,
3832,Symsoune,0,0,Simson,,,,,
3833,Simon,0,0,Fitzsimmons,,,,,
3834,Symon,0,0,Fitzsimmons,,,,,
3835,Symons,0,0,Fitzsimmons,,,,,
3836,Symin,0,0,Fitzsimmons,,,,,
3837,Symmie,0,0,Fitzsimmons,,,,,
3840,Gruer,0,0,MacGregor,,,,,
3840,Gruer,0,0,Grewar,,,,,
3841,MacKim,0,0,,"MacImmey,MacImmie,MacKemie,MacKemmie,MacKemy,MacKenmie,MacKhimy,MacKimmy,MacKym,MacKymmie,Makemy,Makkymme,Makkymmie",,,,
3842,MacImmey,0,0,MacKim,,,,,
3843,MacImmie,0,0,MacKim,,,,,
3844,MacKemie,0,0,MacKim,,,,,
3845,MacKemmie,0,0,MacKim,,,,,
3846,MacKemy,0,0,MacKim,,,,,
3847,MacKenmie,0,0,MacKim,,,,,
3848,MacKhimy,0,0,MacKim,,,,,
3849,MacKimmy,0,0,MacKim,,,,,
3850,MacKym,0,0,MacKim,,,,,
3851,MacKymmie,0,0,MacKim,,,,,
3852,Makemy,0,0,MacKim,,,,,
3853,Makkymme,0,0,MacKim,,,,,
3854,Makkymmie,0,0,MacKim,,,,,
3855,MacIlriach,0,0,,MacIllrick,,,,
3856,MacIllrick,0,0,MacIlriach,,,,,
3857,Tweeddale,0,0,,"Twaddle,Tweedie,Twedie,Twedy,Tweeddy,Tweedy",,,,
3858,Twaddle,0,0,Tweeddale,,,,,
3859,Tweedie,0,0,Tweeddale,,,,,
3860,Twedie,0,0,Tweeddale,,,,,
3861,Twedy,0,0,Tweeddale,,,,,
3862,Tweeddy,0,0,Tweeddale,,,,,
3863,Tweedy,0,0,Tweeddale,,,,,
3864,MacMilane,0,0,MacMillan,,,,,
3865,MacMilland,0,0,MacMillan,,,,,
3866,MacMillen,0,0,MacMillan,,,,,
3867,MacMillin,0,0,MacMillan,,,,,
3868,MacMillon,0,0,MacMillan,,,,,
3869,MacMolan,0,0,MacMillan,,,,,
3870,MacMolane,0,0,MacMillan,,,,,
3871,MacMolland,0,0,MacMillan,,,,,
3872,MacMulan,0,0,MacMillan,,,,,
3873,MacMulane,0,0,MacMillan,,,,,
3874,MacMullan,0,0,MacMillan,,,,,
3874,MacMullan,0,0,Mullan,,,,,
3875,MacMullen,0,0,MacMillan,,,,,
3875,MacMullen,0,0,Mullan,,,,,
3876,MacMullin,0,0,MacMillan,,,,,
3877,MacMullon,0,0,MacMillan,,,,,
3878,MacMylan,0,0,MacMillan,,,,,
3879,MacMyllan,0,0,MacMillan,,,,,
3880,MacMyllane,0,0,MacMillan,,,,,
3881,Makmilane,0,0,MacMillan,,,,,
3882,Makmillem,0,0,MacMillan,,,,,
3883,Makmulane,0,0,MacMillan,,,,,
3884,Makmullane,0,0,MacMillan,,,,,
3885,Makmylan,0,0,MacMillan,,,,,
3886,Makmyllan,0,0,MacMillan,,,,,
3887,Makmyllane,0,0,MacMillan,,,,,
3888,Makmyllen,0,0,MacMillan,,,,,
3889,Valker,0,0,Walker,,,,,
3890,Waker,0,0,Walker,,,,,
3891,Walcair,0,0,Walker,,,,,
3892,Walcar,0,0,Walker,,,,,
3893,Walcare,0,0,Walker,,,,,
3894,Walcer,0,0,Walker,,,,,
3895,Walkar,0,0,Walker,,,,,
3896,Waulcar,0,0,Walker,,,,,
3897,Blue,0,0,,Bleu,,,,
3898,Bleu,0,0,Blue,,,,,
3899,MacNucator,0,0,,"MacInnocater,MacInnowcater,MacInnowcatter,MacInnugatour,MacInuctar,MacInucter,MacKnockater,MacKnocker,MacKnockiter,MacMigatour,MacMuckater,MacMuncater,MacMuncatter,MacMungatour,MacNowcater,MacNowcatter,MacNucadair,MacNucater,MacNucatter,MacNuctar,MacNuicator,Makinnocater,Nucator,MacInocader,MacNaucater",,,,
3900,MacInnocater,0,0,MacNucator,,,,,
3901,MacInnowcater,0,0,MacNucator,,,,,
3902,MacInnowcatter,0,0,MacNucator,,,,,
3903,MacInnugatour,0,0,MacNucator,,,,,
3904,MacInuctar,0,0,MacNucator,,,,,
3905,MacInucter,0,0,MacNucator,,,,,
3906,MacKnockater,0,0,MacNucator,,,,,
3907,MacKnocker,0,0,MacNucator,,,,,
3908,MacKnockiter,0,0,MacNucator,,,,,
3909,MacMigatour,0,0,MacNucator,,,,,
3910,MacMuckater,0,0,MacNucator,,,,,
3911,MacMuncater,0,0,MacNucator,,,,,
3912,MacMuncatter,0,0,MacNucator,,,,,
3913,MacMungatour,0,0,MacNucator,,,,,
3914,MacNowcater,0,0,MacNucator,,,,,
3915,MacNowcatter,0,0,MacNucator,,,,,
3916,MacNucadair,0,0,MacNucator,,,,,
3917,MacNucater,0,0,MacNucator,,,,,
3918,MacNucatter,0,0,MacNucator,,,,,
3919,MacNuctar,0,0,MacNucator,,,,,
3920,MacNuicator,0,0,MacNucator,,,,,
3921,Makinnocater,0,0,MacNucator,,,,,
3922,Nucator,0,0,MacNucator,,,,,
3923,MacNamell,0,0,,"MacNamaoile,MacNamil,MacNamill,MacNomiolle,MacNomoille",,,,
3924,MacNamaoile,0,0,MacNamell,,,,,
3925,MacNamil,0,0,MacNamell,,,,,
3926,MacNamill,0,0,MacNamell,,,,,
3927,MacNomiolle,0,0,MacNamell,,,,,
3928,MacNomoille,0,0,MacNamell,,,,,
3929,MacKmillan,0,0,MacMillan,,,,,
3930,MacMhaolain,0,0,MacMillan,,,,,
3931,MacInocader,0,0,MacNucator,,,,,
3932,MacNaucater,0,0,MacNucator,,,,,
3933,Sanclar,0,0,Sinclair,,,,,
3934,Santclar,0,0,Sinclair,,,,,
3935,Santclere,0,0,Sinclair,,,,,
3936,Sincklair,0,0,Sinclair,,,,,
3937,Sincklar,0,0,Sinclair,,,,,
3938,Sincklare,0,0,Sinclair,,,,,
3939,Sinckler,0,0,Sinclair,,,,,
3940,Sinclaire,0,0,Sinclair,,,,,
3941,Sincler,0,0,Sinclair,,,,,
3942,Singkler,0,0,Sinclair,,,,,
3943,Sinkaller,0,0,Sinclair,,,,,
3944,Sinkclair,0,0,Sinclair,,,,,
3945,Sinklare,0,0,Sinclair,,,,,
3946,Synclare,0,0,Sinclair,,,,,
3947,Syncleir,0,0,Sinclair,,,,,
3948,Syncler,0,0,Sinclair,,,,,
3949,Synclere,0,0,Sinclair,,,,,
3950,Synklair,0,0,Sinclair,,,,,
3951,Synklar,0,0,Sinclair,,,,,
3952,Linklater,0,0,,"Clinkclatter,Linckletter,Linklet,Linkletter,Linklittar,Lynclater,Lynkclet",,,,
3953,Clinkclatter,0,0,Linklater,,,,,
3954,Clouston,0,0,,"Clisten,Clistoun,Cloustan,Cloustane,Cloustone,Cloustoun,Clustane",,,,
3955,Clisten,0,0,Clouston,,,,,
3956,Clistoun,0,0,Clouston,,,,,
3957,Cloustan,0,0,Clouston,,,,,
3958,Cloustane,0,0,Clouston,,,,,
3959,Cloustone,0,0,Clouston,,,,,
3960,Cloustoun,0,0,Clouston,,,,,
3961,Clustane,0,0,Clouston,,,,,
3962,Gallie,0,0,,"Gailey,Galdie,Galie,Gallach,Gallaich,Galloch,Gally,Galy,Gauldie,Gelie,Gely,Gills,Gollach",,,,
3963,Gailey,0,0,Gallie,,,,,
3964,Galdie,0,0,Gallie,,,,,
3965,Galie,0,0,Gallie,,,,,
3966,Gallach,0,0,Gallie,,,,,
3967,Gallaich,0,0,Gallie,,,,,
3968,Galloch,0,0,Gallie,,,,,
3969,Gally,0,0,Gallie,,,,,
3970,Galy,0,0,Gallie,,,,,
3971,Gauldie,0,0,Gallie,,,,,
3972,Gelie,0,0,Gallie,,,,,
3973,Gely,0,0,Gallie,,,,,
3974,Linckletter,0,0,Linklater,,,,,
3975,Linklet,0,0,Linklater,,,,,
3976,Linkletter,0,0,Linklater,,,,,
3977,Linklittar,0,0,Linklater,,,,,
3978,Lynclater,0,0,Linklater,,,,,
3979,Lynkclet,0,0,Linklater,,,,,
3980,Mason,0,0,,"Maison,Maissone,Maissoun,Masone,Masoun,Masoune,Masson,Massoun,Mayssone,Meason,Measone,Measoun,Measoune,Meassone,MacHin,MacHon,Massen,Massons,Clacher",,"scottish,english,welsh,irish",,
3981,Maison,0,0,Mason,,,,,
3982,Maissone,0,0,Mason,,,,,
3983,Maissoun,0,0,Mason,,,,,
3984,Masone,0,0,Mason,,,,,
3985,Masoun,0,0,Mason,,,,,
3986,Masoune,0,0,Mason,,,,,
3987,Masson,0,0,Mason,,,,,
3988,Massoun,0,0,Mason,,,,,
3989,Mayssone,0,0,Mason,,,,,
3990,Meason,0,0,Mason,,,,,
3991,Measone,0,0,Mason,,,,,
3992,Measoun,0,0,Mason,,,,,
3993,Measoune,0,0,Mason,,,,,
3994,Meassone,0,0,Mason,,,,,
3995,MacLaghlan,0,0,MacLachlan,,,,,
3996,MacLauchlan,0,0,MacLachlan,,,,,
3997,MacLaughlan,0,0,MacLachlan,,,,,
3998,MacClachlane,0,0,MacLachlan,,,,,
3999,MacClachlene,0,0,MacLachlan,,,,,
4000,MacClaichlane,0,0,MacLachlan,,,,,
4001,MacClauchlan,0,0,MacLachlan,,,,,
4002,MacClauchlane,0,0,MacLachlan,,,,,
4003,MacClauchlin,0,0,MacLachlan,,,,,
4004,MacGlauchlin,0,0,MacLachlan,,,,,
4005,MacGlauflin,0,0,MacLachlan,,,,,
4006,MacHlachlan,0,0,MacLachlan,,,,,
4007,MacKlawchlane,0,0,MacLachlan,,,,,
4008,MacKlawklane,0,0,MacLachlan,,,,,
4009,MacLachan,0,0,MacLachlan,,,,,
4010,MacLachie,0,0,MacLachlan,,,,,
4011,MacLachlainn,0,0,MacLachlan,,,,,
4012,MacLachlane,0,0,MacLachlan,,,,,
4013,MacLachlin,0,0,MacLachlan,,,,,
4014,MacLackie,0,0,MacLachlan,,,,,
4015,MacLauchan,0,0,MacLachlan,,,,,
4016,MacLauchlane,0,0,MacLachlan,,,,,
4017,MacLauchleine,0,0,MacLachlan,,,,,
4018,MacLauchlen,0,0,MacLachlan,,,,,
4019,MacLauchlin,0,0,MacLachlan,,,,,
4020,MacLaughland,0,0,MacLachlan,,,,,
4021,MacLaughlane,0,0,MacLachlan,,,,,
4022,MacLaughlin,0,0,MacLachlan,,,,,
4023,MacLawchtlane,0,0,MacLachlan,,,,,
4024,MacLlauchland,0,0,MacLachlan,,,,,
4025,MacLochlainn,0,0,MacLachlan,,,,,
4026,MacLochlin,0,0,MacLachlan,,,,,
4027,MacLoghlin,0,0,MacLachlan,,,,,
4028,MacLouchlan,0,0,MacLachlan,,,,,
4029,MacLoughlin,0,0,MacLachlan,,,,,
4030,Makclachlane,0,0,MacLachlan,,,,,
4031,Makclauchlane,0,0,MacLachlan,,,,,
4032,Maklawchlane,0,0,MacLachlan,,,,,
4033,Vclauchlane,0,0,MacLachlan,,,,,
4034,Vclauchlayne,0,0,MacLachlan,,,,,
4035,Eunson,0,0,MacEwan,,,,,
4036,Ewan,0,0,MacEwan,,,,,
4036,Ewan,0,0,Owen,,,,,
4037,Ewen,0,0,Evans,,,,,
4037,Ewen,0,0,MacEwan,,,,,
4037,Ewen,0,0,Owen,,,,,
4038,Ewenson,0,0,MacEwan,,,,,
4039,Ewing,0,0,MacEwan,,,,,
4040,Eogan,0,0,MacEwan,,,,,
4041,Eogann,0,0,MacEwan,,,,,
4042,Eoghan,0,0,MacEwan,,,,,
4043,Eoghann,0,0,MacEwan,,,,,
4044,Eugene,0,0,MacEwan,,,,,
4045,Eunsone,0,0,MacEwan,,,,,
4046,Evanson,0,0,Evans,,,,,
4046,Evanson,0,0,MacEwan,,,,,
4047,Evinson,0,0,MacEwan,,,,,
4048,Ewain,0,0,MacEwan,,,,,
4049,Ewin,0,0,MacEwan,,,,,
4050,Ewinesone,0,0,MacEwan,,,,,
4051,Ewinn,0,0,MacEwan,,,,,
4052,Ewinson,0,0,MacEwan,,,,,
4053,Ewinsoun,0,0,MacEwan,,,,,
4054,Ewisone,0,0,MacEwan,,,,,
4055,Ewnesoune,0,0,MacEwan,,,,,
4056,Ewynson,0,0,MacEwan,,,,,
4057,Ewynsone,0,0,MacEwan,,,,,
4058,Ewynsoun,0,0,MacEwan,,,,,
4059,MacKewan,0,0,MacEwan,,,,,
4060,MacKewn,0,0,MacEwan,,,,,
4061,MacKuen,0,0,MacEwan,,,,,
4062,MacGilchrist,0,0,Gilchrist,,,,,
4063,MacGilcreist,0,0,Gilchrist,,,,,
4064,MacGilcrist,0,0,Gilchrist,,,,,
4065,MacIlchreist,0,0,Gilchrist,,,,,
4066,MacIlcrist,0,0,Gilchrist,,,,,
4067,MacKlechreist,0,0,Gilchrist,,,,,
4068,MacYllecrist,0,0,Gilchrist,,,,,
4069,MacOunn,0,0,MacEwan,,,,,
4070,MacCoun,0,0,MacEwan,,,,,
4071,MacCuinn,0,0,MacEwan,,,,,
4072,MacCunn,0,0,MacEwan,,,,,
4073,MacCwne,0,0,MacEwan,,,,,
4074,MacUne,0,0,MacEwan,,,,,
4075,Lachie,0,0,MacLachlan,,,,,
4076,Lachlan,0,0,MacLachlan,,,,,
4077,Lauchlan,0,0,MacLachlan,,,,,
4078,Lachaidh,0,0,MacLachlan,,,,,
4079,Lachann,0,0,MacLachlan,,,,,
4080,Lachillan,0,0,MacLachlan,,,,,
4081,Lachlainn,0,0,MacLachlan,,,,,
4082,Lachlane,0,0,MacLachlan,,,,,
4083,Lachlann,0,0,MacLachlan,,,,,
4084,Lachlanson,0,0,MacLachlan,,,,,
4085,Lachlin,0,0,MacLachlan,,,,,
4086,Lachy,0,0,MacLachlan,,,,,
4087,Lauchland,0,0,MacLachlan,,,,,
4088,Lauchlanesone,0,0,MacLachlan,,,,,
4089,Lauchlein,0,0,MacLachlan,,,,,
4090,Laughlan,0,0,MacLachlan,,,,,
4091,Laughland,0,0,MacLachlan,,,,,
4092,Laughlin,0,0,MacLachlan,,,,,
4093,Lochlain,0,0,MacLachlan,,,,,
4094,Lochlan,0,0,MacLachlan,,,,,
4095,Lochlane,0,0,MacLachlan,,,,,
4096,Lochlann,0,0,MacLachlan,,,,,
4097,Loghlan,0,0,MacLachlan,,,,,
4098,Lohlan,0,0,MacLachlan,,,,,
4099,Louchelan,0,0,MacLachlan,,,,,
4100,MacCune,0,0,MacEwan,,,,,
4101,MacLune,0,0,MacEwan,,,,,
4102,MacClaine,0,0,MacLaine,,,,,
4103,MacClane,0,0,MacLaine,,,,,
4104,MacClayne,0,0,MacLaine,,,,,
4105,MacIlaine,0,0,MacLaine,,,,,
4106,MacIllaine,0,0,MacLaine,,,,,
4107,MacIllayn,0,0,MacLaine,,,,,
4108,MacIlleain,0,0,MacLaine,,,,,
4109,MacKlain,0,0,MacLaine,,,,,
4110,MacKlan,0,0,MacLaine,,,,,
4111,MacKlane,0,0,MacLaine,,,,,
4112,MacLain,0,0,MacLaine,,,,,
4113,MacLane,0,0,MacLaine,,,,,
4114,MacLayne,0,0,MacLaine,,,,,
4115,MacOlaine,0,0,MacLaine,,,,,
4116,Makclane,0,0,MacLaine,,,,,
4117,Makclayne,0,0,MacLaine,,,,,
4118,Maklane,0,0,MacLaine,,,,,
4119,Maklayne,0,0,MacLaine,,,,,
4120,Cormac,0,0,MacCormick,,,,,
4121,Cormack,0,0,MacCormick,,,,,
4122,Cormag,0,0,MacCormick,,,,,
4123,Cormick,0,0,MacCormick,,,,,
4124,MacArmick,0,0,MacCormick,,,,,
4125,MacCarmick,0,0,MacCormick,,,,,
4126,MacCarmike,0,0,MacCormick,,,,,
4127,MacChormaig,0,0,MacCormick,,,,,
4128,MacComok,0,0,MacCormick,,,,,
4130,MacCormaig,0,0,MacCormick,,,,,
4131,MacCormock,0,0,MacCormick,,,,,
4132,MacCormok,0,0,MacCormick,,,,,
4133,MacCornick,0,0,MacCormick,,,,,
4134,MacCornock,0,0,MacCormick,,,,,
4135,MacCornok,0,0,MacCormick,,,,,
4136,MacFaden,0,0,MacFadzean,,,,,
4137,MacFadin,0,0,MacFadzean,,,,,
4138,MacFadion,0,0,MacFadzean,,,,,
4139,MacFadwyn,0,0,MacFadzean,,,,,
4140,MacFadyean,0,0,MacFadzean,,,,,
4141,MacFadyon,0,0,MacFadzean,,,,,
4142,MacFadzan,0,0,MacFadzean,,,,,
4143,MacFadzein,0,0,MacFadzean,,,,,
4144,MacFadzeon,0,0,MacFadzean,,,,,
4145,MacFattin,0,0,MacFadzean,,,,,
4146,MacFayden,0,0,MacFadzean,,,,,
4147,MacFedden,0,0,MacFadzean,,,,,
4148,MacFeyden,0,0,MacFadzean,,,,,
4149,MacFydeane,0,0,MacFadzean,,,,,
4150,MacGillane,0,0,MacFadzean,,,,,
4151,MacGillayne,0,0,MacGillivray,,,,,
4152,MacGillyane,0,0,MacGillivray,,,,,
4153,MacPhadden,0,0,MacFadzean,,,,,
4154,MacPadane,0,0,MacFadzean,,,,,
4155,MacPaden,0,0,MacFadzean,,,,,
4156,MacPhadan,0,0,MacFadzean,,,,,
4157,MacPhaddion,0,0,MacFadzean,,,,,
4158,MacPhadein,0,0,MacFadzean,,,,,
4159,MacPhaden,0,0,MacFadzean,,,,,
4160,MacPhadzen,0,0,MacFadzean,,,,,
4161,MacPhaidein,0,0,MacFadzean,,,,,
4162,MacPhaiden,0,0,MacFadzean,,,,,
4163,MacPhaidin,0,0,MacFadzean,,,,,
4164,MacPhyden,0,0,MacFadzean,,,,,
4165,Makillewray,0,0,MacGillivray,,,,,
4166,Munroe,0,0,Munro,,,,,
4167,Manro,0,0,Munro,,,,,
4168,Monroo,0,0,Munro,,,,,
4169,Munroy,0,0,Munro,,,,,
4170,Dingwall,0,0,,"Dinguel,Dingvaile,Dingvaille,Dingval,Dingvale,Dingvall,Dingvell,Dingwell,Dungwail,Dyngvale,Dyngwaile,Dyngwale",,,,
4171,Dinguel,0,0,Dingwall,,,,,
4172,Dingvaile,0,0,Dingwall,,,,,
4173,Dingvaille,0,0,Dingwall,,,,,
4174,Dingval,0,0,Dingwall,,,,,
4175,Dingvale,0,0,Dingwall,,,,,
4176,Dingvall,0,0,Dingwall,,,,,
4177,Dingvell,0,0,Dingwall,,,,,
4178,Dingwell,0,0,Dingwall,,,,,
4179,Dungwail,0,0,Dingwall,,,,,
4180,Dyngvale,0,0,Dingwall,,,,,
4181,Dyngwaile,0,0,Dingwall,,,,,
4182,Dyngwale,0,0,Dingwall,,,,,
4183,Fowlis,0,0,,"Faulis,Fawlis,Follis,Foules,Fouleys,Foulles,Foulls,Foulys,Fowliss,Fowlls",,,,
4184,Faulis,0,0,Fowlis,,,,,
4185,Fawlis,0,0,Fowlis,,,,,
4186,Follis,0,0,Fowlis,,,,,
4187,Foules,0,0,Fowlis,,,,,
4188,Fouleys,0,0,Fowlis,,,,,
4189,Foulles,0,0,Fowlis,,,,,
4190,Foulls,0,0,Fowlis,,,,,
4191,Foulys,0,0,Fowlis,,,,,
4192,Fowliss,0,0,Fowlis,,,,,
4193,Fowlls,0,0,Fowlis,,,,,
4194,MacLulich,0,0,MacCulloch,,,,"MacLulich ",14379
4195,MacLullich,0,0,MacCulloch,,,,,
4196,Culloch,0,0,MacCulloch,,,,,
4197,Gulloch,0,0,MacCulloch,,,,,
4198,MacAlach,0,0,MacCulloch,,,,,
4199,MacChullach,0,0,MacCulloch,,,,,
4200,MacClullich,0,0,MacCulloch,,,,,
4201,MacColloch,0,0,MacCulloch,,,,,
4202,MacCoulach,0,0,MacCulloch,,,,,
4203,MacCoulagh,0,0,MacCulloch,,,,,
4204,MacCoulaghe,0,0,MacCulloch,,,,,
4205,MacCowlach,0,0,MacCulloch,,,,,
4206,MacCuley,0,0,MacCulloch,,,,,
4207,MacCullach,0,0,MacCulloch,,,,,
4208,MacCullagh,0,0,MacCulloch,,,,,
4209,MacCullaghe,0,0,MacCulloch,,,,,
4210,MacCullaigh,0,0,MacCulloch,,,,,
4211,MacCullauch,0,0,MacCulloch,,,,,
4212,MacCullie,0,0,MacCulloch,,,,,
4213,MacCullo,0,0,MacCulloch,,,,,
4214,MacCullocht,0,0,MacCulloch,,,,,
4215,MacCulloh,0,0,MacCulloch,,,,,
4216,MacCullough,0,0,MacCulloch,,,,,
4217,MacCully,0,0,MacCulloch,,,,,
4218,MacHulagh,0,0,MacCulloch,,,,,
4219,MacHullie,0,0,MacCulloch,,,,,
4220,MacKculloch,0,0,MacCulloch,,,,,
4221,MacKowloch,0,0,MacCulloch,,,,,
4222,MacKowloche,0,0,MacCulloch,,,,,
4223,MacKulagh,0,0,MacCulloch,,,,,
4224,MacKullie,0,0,MacCulloch,,,,,
4225,MacKulloch,0,0,MacCulloch,,,,,
4226,MacKullouch,0,0,MacCulloch,,,,,
4227,MacLulaghe,0,0,MacCulloch,,,,,
4228,MacLulaich,0,0,MacCulloch,,,,,
4229,MacLulli,0,0,MacCulloch,,,,,
4230,MacLullick,0,0,MacCulloch,,,,,
4231,MacOulie,0,0,MacCulloch,,,,,
4232,MacOwlache,0,0,MacCulloch,,,,,
4233,MacUlagh,0,0,MacCulloch,,,,,
4234,MacUlaghe,0,0,MacCulloch,,,,,
4235,MacUllie,0,0,MacCulloch,,,,,
4236,MacUlloch,0,0,MacCulloch,,,,,
4237,Makawllauch,0,0,MacCulloch,,,,,
4238,Makcoulach,0,0,MacCulloch,,,,,
4239,Makcowllach,0,0,MacCulloch,,,,,
4240,Makcowloch,0,0,MacCulloch,,,,,
4241,Makcullo,0,0,MacCulloch,,,,,
4242,Makculloch,0,0,MacCulloch,,,,,
4243,Makcullocht,0,0,MacCulloch,,,,,
4244,Makhulagh,0,0,MacCulloch,,,,,
4245,Malcowlach,0,0,MacCulloch,,,,,
4246,Pattullo,0,0,,"Pathillock,Patillo,Patillok,Pattillo,Pattillock,Pattullok,Patullow,Pethilloch,Petillok,Pettillo,Pettillok,Pettillow,Pettullock,Petulloch,Petullow,Pitilloche,Pitiloch,Pittilloch,Pittillock,Pittillocke,Pittilluo,Pittulloch,Pitullich,Pyttyllok",,,,
4247,Pathillock,0,0,Pattullo,,,,,
4248,Patillo,0,0,Pattullo,,,,,
4249,Patillok,0,0,Pattullo,,,,,
4250,Pattillo,0,0,Pattullo,,,,,
4251,Pattillock,0,0,Pattullo,,,,,
4252,Pattullok,0,0,Pattullo,,,,,
4254,Patullow,0,0,Pattullo,,,,,
4255,Pethilloch,0,0,Pattullo,,,,,
4256,Petillok,0,0,Pattullo,,,,,
4257,Pettillo,0,0,Pattullo,,,,,
4258,Pettillok,0,0,Pattullo,,,,,
4259,Pettillow,0,0,Pattullo,,,,,
4260,Pettullock,0,0,Pattullo,,,,,
4261,Petulloch,0,0,Pattullo,,,,,
4262,Petullow,0,0,Pattullo,,,,,
4263,Pitilloche,0,0,Pattullo,,,,,
4264,Pitiloch,0,0,Pattullo,,,,,
4265,Pittilloch,0,0,Pattullo,,,,,
4266,Pittillock,0,0,Pattullo,,,,,
4267,Pittillocke,0,0,Pattullo,,,,,
4268,Pittilluo,0,0,Pattullo,,,,,
4269,Pittulloch,0,0,Pattullo,,,,,
4270,Pitullich,0,0,Pattullo,,,,,
4271,Pyttyllok,0,0,Pattullo,,,,,
4272,Vass,0,0,,"Vas,Vase,Vassie,Vaus,Vauss,Vaux,Vaws,Wais,Was,Waus,Wause,Wauss,Waux",,,,
4273,Vas,0,0,Vass,,,,,
4274,Vase,0,0,Vass,,,,,
4275,Vassie,0,0,Vass,,,,,
4276,Vaus,0,0,Vass,,,,,
4277,Vauss,0,0,Vass,,,,,
4278,Vaux,0,0,Vass,,,,,
4279,Vaws,0,0,Vass,,,,,
4280,Wais,0,0,Vass,,,,,
4281,Was,0,0,Vass,,,,,
4282,Waus,0,0,Vass,,,,,
4283,Wause,0,0,Vass,,,,,
4284,Wauss,0,0,Vass,,,,,
4285,Waux,0,0,Vass,,,,,
4286,Culchone,0,0,Colquhoun,,,,,
4287,Culchonecowan,0,0,Colquhoun,,,,,
4288,Cahun,0,0,Colquhoun,,,,,
4289,Calwhone,0,0,Colquhoun,,,,,
4290,Cahoun,0,0,Colquhoun,,,,,
4291,Cahune,0,0,Colquhoun,,,,,
4292,Cahoon,0,0,Colquhoun,,,,,
4293,Cahund,0,0,Colquhoun,,,,,
4294,Cachoune,0,0,Colquhoun,,,,,
4295,Calquhoun,0,0,Colquhoun,,,,,
4296,Calhoon,0,0,Colquhoun,,,,,
4297,Calquhoune,0,0,Colquhoun,,,,,
4298,Calhoun,0,0,Colquhoun,,,,,
4299,Cahoune,0,0,Colquhoun,,,,,
4300,Choquoyn,0,0,Colquhoun,,,,,
4301,Colquhoune,0,0,Colquhoun,,,,,
4302,Colquhowne,0,0,Colquhoun,,,,,
4303,Colquhone,0,0,Colquhoun,,,,,
4304,Colechon,0,0,Colquhoun,,,,,
4305,Cohune,0,0,Colquhoun,,,,,
4306,Colquhyn,0,0,Colquhoun,,,,,
4307,Colqhoun,0,0,Colquhoun,,,,,
4308,Colqwhone,0,0,Colquhoun,,,,,
4309,Colwhone,0,0,Colquhoun,,,,,
4310,Colqhuen,0,0,Colquhoun,,,,,
4311,Colfune,0,0,Colquhoun,,,,,
4312,Colhoun,0,0,Colquhoun,,,,,
4313,Colwhoun,0,0,Colquhoun,,,,,
4314,Collquhone,0,0,Colquhoun,,,,,
4315,Colchoun,0,0,Colquhoun,,,,,
4316,Colhoune,0,0,Colquhoun,,,,,
4317,Culchoun,0,0,Colquhoun,,,,,
4318,Culquhoun,0,0,Colquhoun,,,,,
4319,Culqwon,0,0,Colquhoun,,,,,
4320,Culquhoune,0,0,Colquhoun,,,,,
4321,Culwone,0,0,Colquhoun,,,,,
4322,Culqwhone,0,0,Colquhoun,,,,,
4323,Culqwone,0,0,Colquhoun,,,,,
4324,Culquhone,0,0,Colquhoun,,,,,
4325,Culchon,0,0,Colquhoun,,,,,
4326,Cowquhowne,0,0,Colquhoun,,,,,
4327,Gahn,0,0,Colquhoun,,,,,
4328,Kelquon,0,0,Colquhoun,,,,,
4329,Kilwhone,0,0,Colquhoun,,,,,
4330,Kulwoon,0,0,Colquhoun,,,,,
4331,Kulwoun,0,0,Colquhoun,,,,,
4332,Kylkone,0,0,Colquhoun,,,,,
4333,Qulchom,0,0,Colquhoun,,,,,
4334,Qulchone,0,0,Colquhoun,,,,,
4335,Quohon,0,0,Colquhoun,,,,,
4336,Qulwone,0,0,Colquhoun,,,,,
4337,MacCoan,0,0,Cowans,,,,,
4338,MacCowen,0,0,Cowans,,,,,
4339,MacCowne,0,0,Cowans,,,,,
4340,MacKowean,0,0,Cowans,,,,,
4341,MacKownne,0,0,Cowans,,,,,
4342,MacKowne,0,0,Cowans,,,,,
4343,MacKowyne,0,0,Cowans,,,,,
4344,MacKowen,0,0,Cowans,,,,,
4345,MacKowie,0,0,Cowans,,,,,
4346,MacKowin,0,0,Cowans,,,,,
4347,MacOwen,0,0,Owen,,,,,
4347,MacOwen,0,0,Cowans,,,,,
4348,Caan,0,0,Cowans,,,,,
4349,Caun,0,0,Cowans,,,,,
4350,Couen,0,0,Cowans,,,,,
4351,Kirkpatrick,0,0,,"Kilpatric,Kirkpatrik,Kylpatrik,Kylpatryk,Kilpatrick",,,,
4352,Kilpatric,0,0,Kirkpatrick,,,,,
4353,Kirkpatrik,0,0,Kirkpatrick,,,,,
4354,Kylpatrik,0,0,Kirkpatrick,,,,,
4355,Kylpatryk,0,0,Kirkpatrick,,,,,
4356,Kilpatrick,0,0,Fitzpatrick,,,,,
4356,Kilpatrick,0,0,Kirkpatrick,,,,,
4357,MacManus,0,0,,"MacMannus,MacMannas,MacMannes,MacMann,MacManes,MacManis,MacMain,MacMainess,MacMaines,MacMan,MacMains,MacMhannis,MacMayne,MacMagnus,MacIlmanus,Mainn,Mane,Mayne,MacMaghnuis,MacManners,Manus",,,,
4358,MacMannus,0,0,MacManus,,,,,
4359,MacMannas,0,0,MacManus,,,,,
4360,MacMannes,0,0,MacManus,,,,,
4361,MacMann,0,0,MacManus,,,,,
4362,MacManes,0,0,MacManus,,,,,
4363,MacManis,0,0,MacManus,,,,,
4364,MacMain,0,0,MacManus,,,,,
4365,MacMainess,0,0,MacManus,,,,,
4366,MacMaines,0,0,MacManus,,,,,
4367,MacMan,0,0,MacManus,,,,,
4368,MacMains,0,0,MacManus,,,,,
4369,MacMhannis,0,0,MacManus,,,,,
4370,MacMayne,0,0,MacManus,,,,,
4371,MacMagnus,0,0,MacManus,,,,,
4372,MacCowan,0,0,Cowans,,,,,
4373,MacOwan,0,0,Cowans,,,,,
4374,Cowhen,0,0,Cowans,,,,,
4375,Cowane,0,0,Cowans,,,,,
4376,Allister,0,0,MacAlister,,,,,
4377,MacAlaster,0,0,MacAlister,,,,,
4378,MacAlester,0,0,MacAlister,,,,,
4379,MacAllaster,0,0,MacAlister,,,,,
4380,MacAllister,0,0,MacAlister,,,,,
4385,Alester,0,0,MacAlister,,,,,
4386,Allaster,0,0,MacAlister,,,,,
4387,Allistair,0,0,MacAlister,,,,,
4388,Allester,0,0,MacAlister,,,,,
4389,Allasdair,0,0,MacAlister,,,,,
4390,Alasdair,0,0,MacAlister,,,,,
4391,Alaster,0,0,MacAlister,,,,,
4392,MacCallaster,0,0,MacAlister,,,,,
4393,MacAlasdair,0,0,MacAlister,,,,,
4394,MacCalister,0,0,MacAlister,,,,,
4395,MacAllester,0,0,MacAlister,,,,,
4396,MacAllestar,0,0,MacAlister,,,,,
4397,MacAlestar,0,0,MacAlister,,,,,
4398,MacAllestair,0,0,MacAlister,,,,,
4399,MacAlestir,0,0,MacAlister,,,,,
4400,MacAllestyr,0,0,MacAlister,,,,,
4401,MacAlstar,0,0,MacAlister,,,,,
4402,MacAlestare,0,0,MacAlister,,,,,
4403,MacAlestre,0,0,MacAlister,,,,,
4404,MacAlestere,0,0,MacAlister,,,,,
4405,MacAlastair,0,0,MacAlister,,,,,
4406,MacAlyschandir,0,0,MacAlister,,,,,
4407,MacCollister,0,0,MacAlister,,,,,
4408,MacKallister,0,0,MacAlister,,,,,
4409,MacQuhollastar,0,0,MacAlister,,,,,
4410,Makalestyr,0,0,MacAlister,,,,,
4411,Makeallyster,0,0,MacAlister,,,,,
4412,Makallastair,0,0,MacAlister,,,,,
4413,Makallestir,0,0,MacAlister,,,,,
4414,Makalester,0,0,MacAlister,,,,,
4415,Alastair,0,0,MacAlister,,,,,
4416,Alistair,0,0,MacAlister,,,,,
4417,Sanders,0,0,MacAlister,,,,,
4418,Alister,0,0,MacAlister,,,,,
4419,MacAlshoner,0,0,MacAlister,,,,,
4420,MacAlexander,0,0,MacAlister,,,,,
4421,MacAlshonair,0,0,MacAlister,,,,,
4422,MacKalexander,0,0,MacAlister,,,,,
4423,Makalexander,0,0,MacAlister,,,,,
4424,Saunderson,0,0,MacAlister,,,,,
4425,Sandrissoun,0,0,MacAlister,,,,,
4426,Sandrison,0,0,MacAlister,,,,,
4427,Sanderrissone,0,0,MacAlister,,,,,
4428,Sanderisone,0,0,MacAlister,,,,,
4429,Sandersounn,0,0,MacAlister,,,,,
4430,Sanderis,0,0,MacAlister,,,,,
4431,Sandersone,0,0,MacAlister,,,,,
4432,Sanderson,0,0,MacAlister,,,,,
4433,Alshinor,0,0,MacAlister,,,,,
4434,Alshonar,0,0,MacAlister,,,,,
4435,Alshioner,0,0,MacAlister,,,,,
4436,Aleschenor,0,0,MacAlister,,,,,
4437,Alschinner,0,0,MacAlister,,,,,
4438,Alshinder,0,0,MacAlister,,,,,
4439,Alshonder,0,0,MacAlister,,,,,
4440,Alschioner,0,0,MacAlister,,,,,
4441,Alschoner,0,0,MacAlister,,,,,
4442,Alshenour,0,0,MacAlister,,,,,
4443,Aleschunder,0,0,MacAlister,,,,,
4444,Alschonder,0,0,MacAlister,,,,,
4445,Alschunder,0,0,MacAlister,,,,,
4446,Alisandre,0,0,MacAlister,,,,,
4447,Alshumder,0,0,MacAlister,,,,,
4448,Ashioner,0,0,MacAlister,,,,,
4449,Aschenour,0,0,MacAlister,,,,,
4450,Alzenher,0,0,MacAlister,,,,,
4451,Alshoner,0,0,MacAlister,,,,,
4452,Alshunder,0,0,MacAlister,,,,,
4453,Alzenor,0,0,MacAlister,,,,,
4454,Alshonner,0,0,MacAlister,,,,,
4455,Alsinder,0,0,MacAlister,,,,,
4456,Alshonir,0,0,MacAlister,,,,,
4457,Elshener,0,0,MacAlister,,,,,
4458,Elshender,0,0,MacAlister,,,,,
4459,Elchuner,0,0,MacAlister,,,,,
4460,Elshenour,0,0,MacAlister,,,,,
4461,Elshenar,0,0,MacAlister,,,,,
4462,Elsender,0,0,MacAlister,,,,,
4463,Elsher,0,0,MacAlister,,,,,
4464,Elchyneur,0,0,MacAlister,,,,,
4465,Elzenour,0,0,MacAlister,,,,,
4466,Elshinar,0,0,MacAlister,,,,,
4467,Elshioner,0,0,MacAlister,,,,,
4468,Elshunder,0,0,MacAlister,,,,,
4469,Sandiesoune,0,0,MacAlister,,,,,
4470,Sandesoune,0,0,MacAlister,,,,,
4471,Sandie,0,0,MacAlister,,,,,
4472,Sandesoun,0,0,MacAlister,,,,,
4473,Sandesone,0,0,MacAlister,,,,,
4474,Sandesounn,0,0,MacAlister,,,,,
4475,Sandy,0,0,MacAlister,,,,,
4476,Sandison,0,0,MacAlister,,,,,
4477,Sandeson,0,0,MacAlister,,,,,
4478,Allesoune,0,0,MacAlister,,,,,
4479,Allesoun,0,0,MacAlister,,,,,
4480,Aleson,0,0,MacAlister,,,,,
4481,Allasone,0,0,MacAlister,,,,,
4482,Allason,0,0,MacAlister,,,,,
4483,Allasoun,0,0,MacAlister,,,,,
4484,Allasoune,0,0,MacAlister,,,,,
4485,Allasson,0,0,MacAlister,,,,,
4486,Alesoun,0,0,MacAlister,,,,,
4487,Allsoun,0,0,MacAlister,,,,,
4488,Allisone,0,0,MacAlister,,,,,
4489,Alason,0,0,MacAlister,,,,,
4490,Alleson,0,0,MacAlister,,,,,
4491,Alesone,0,0,MacAlister,,,,,
4492,Alysone,0,0,MacAlister,,,,,
4493,Aleinson,0,0,MacAlister,,,,,
4494,Allinson,0,0,MacAlister,,,,,
4495,Alinson,0,0,MacAlister,,,,,
4496,MacAlley,0,0,MacAulay,,,,,
4497,MacAuley,0,0,MacAulay,,,,,
4498,MacAully,0,0,MacAulay,,,,,
4499,Aulay,0,0,MacAulay,,,,,
4500,MacAuliffe,0,0,MacAulay,,,,,
4501,MacAulla,0,0,MacAulay,,,,,
4502,MacAullay,0,0,MacAulay,,,,,
4503,MacAula,0,0,MacAulay,,,,,
4504,MacAuihlay,0,0,MacAulay,,,,,
4505,MacAlay,0,0,MacAulay,,,,,
4506,MacCallow,0,0,MacAulay,,,,,
4507,MacAllay,0,0,MacAulay,,,,,
4508,MacCalla,0,0,MacAulay,,,,,
4509,MacAla,0,0,MacAulay,,,,,
4510,MacCally,0,0,MacAulay,,,,,
4511,MacCalley,0,0,MacAulay,,,,,
4512,MacCallay,0,0,MacAulay,,,,,
4513,MacCala,0,0,MacAulay,,,,,
4514,MacAwlay,0,0,MacAulay,,,,,
4515,MacAwla,0,0,MacAulay,,,,,
4516,MacCaulaw,0,0,MacAulay,,,,,
4517,MacCauley,0,0,MacAulay,,,,,
4518,MacCauly,0,0,MacAulay,,,,,
4519,MacCaula,0,0,MacAulay,,,,,
4520,MacCaulay,0,0,MacAulay,,,,,
4521,MacCawley,0,0,MacAulay,,,,,
4522,MacCorley,0,0,MacAulay,,,,,
4523,MacCowley,0,0,MacAulay,,,,,
4524,MacGawley,0,0,MacAulay,,,,,
4525,MacGaulay,0,0,MacAulay,,,,,
4526,MacKallay,0,0,MacAulay,,,,,
4527,MacKalla,0,0,MacAulay,,,,,
4528,MacKauley,0,0,MacAulay,,,,,
4529,MacKaula,0,0,MacAulay,,,,,
4530,Makally,0,0,MacAulay,,,,,
4531,Makcalla,0,0,MacAulay,,,,,
4532,Auleth,0,0,MacAulay,,,,,
4533,Makcaulay,0,0,MacAulay,,,,,
4534,Makalley,0,0,MacAulay,,,,,
4535,Makkalay,0,0,MacAulay,,,,,
4536,MacKail,0,0,MacAulay,,,,,
4537,MacKell,0,0,MacAulay,,,,,
4538,MacCaell,0,0,MacAulay,,,,,
4539,MacKall,0,0,MacAulay,,,,,
4540,Makcale,0,0,MacAulay,,,,,
4541,MacAull,0,0,MacAulay,,,,,
4542,MacCale,0,0,MacAulay,,,,,
4543,MacCaull,0,0,MacAulay,,,,,
4544,MacCaul,0,0,MacAulay,,,,,
4545,Makcaill,0,0,MacAulay,,,,,
4546,MacKale,0,0,MacAulay,,,,,
4547,MacKaill,0,0,MacAulay,,,,,
4548,MacKeil,0,0,MacAulay,,,,,
4549,MacIlveen,0,0,MacBean,,,,,
4550,MacVain,0,0,MacBean,,,,,
4551,MacVane,0,0,MacBean,,,,,
4552,MacVean,0,0,MacBean,,,,,
4553,MacBen,0,0,MacBean,,,,,
4554,MacBeane,0,0,MacBean,,,,,
4555,MacBehan,0,0,MacBean,,,,,
4557,MacBane,0,0,MacBean,,,,,
4558,MacBayne,0,0,MacBean,,,,,
4559,MacIlweine,0,0,MacBean,,,,,
4560,MacIlmeyne,0,0,MacBean,,,,,
4561,MacIllvain,0,0,MacBean,,,,,
4562,MacIlwain,0,0,MacBean,,,,,
4563,MacKilvane,0,0,MacBean,,,,,
4564,MacKilweyan,0,0,MacBean,,,,,
4565,MacKilven,0,0,MacBean,,,,,
4566,MacKilvain,0,0,MacBean,,,,,
4567,MacKilwein,0,0,MacBean,,,,,
4568,MacKilwyan,0,0,MacBean,,,,,
4569,MacKelvain,0,0,MacBean,,,,,
4570,MacLewain,0,0,MacBean,,,,,
4571,MacKlewain,0,0,MacBean,,,,,
4572,MacVeane,0,0,MacBean,,,,,
4573,MacVaine,0,0,MacBean,,,,,
4574,MacYlveine,0,0,MacBean,,,,,
4575,MacWean,0,0,MacBean,,,,,
4576,MacWeane,0,0,MacBean,,,,,
4577,Makgilvane,0,0,MacBean,,,,,
4578,Makilmain,0,0,MacBean,,,,,
4579,Makilvene,0,0,MacBean,,,,,
4580,Makilwyane,0,0,MacBean,,,,,
4581,Makilmeyn,0,0,MacBean,,,,,
4582,Makilwene,0,0,MacBean,,,,,
4583,Makilvane,0,0,MacBean,,,,,
4584,Mekilwaine,0,0,MacBean,,,,,
4587,MacIlveane,0,0,MacBean,,,,,
4588,MacIlvayne,0,0,MacBean,,,,,
4589,MacIlvean,0,0,MacBean,,,,,
4590,MacBeathy,0,0,MacBeth,,,,,
4591,MacBathe,0,0,MacBeth,,,,,
4592,MacBey,0,0,MacBeth,,,,,
4593,MacBee,0,0,MacBeth,,,,,
4594,MacBea,0,0,MacBeth,,,,,
4595,MacBheatha,0,0,MacBeth,,,,,
4596,MacBeatha,0,0,MacBeth,,,,,
4597,MacBheathain,0,0,MacBeth,,,,,
4598,MacBaith,0,0,MacBeth,,,,,
4599,MacBay,0,0,MacBeth,,,,,
4600,MacKbayth,0,0,MacBeth,,,,,
4601,Maelbeth,0,0,MacBeth,,,,,
4602,Malbeth,0,0,MacBeth,,,,,
4603,Melbeth,0,0,MacBeth,,,,,
4604,MacBetha,0,0,MacBeth,,,,,
4605,MacGillebeatha,0,0,MacBeth,,,,,
4608,Beattie,0,0,MacBeth,,,,,
4609,MacBeith,0,0,MacBeth,,,,,
4612,MacElveen,0,0,MacBean,,,,,
4613,MacElvain,0,0,MacBean,,,,,
4614,MacElwain,0,0,MacBean,,,,,
4615,MacGilweane,0,0,MacBean,,,,,
4616,MacGilvane,0,0,MacBean,,,,,
4617,MacHilmane,0,0,MacBean,,,,,
4618,MacIllveyan,0,0,MacBean,,,,,
4619,MacIlmeine,0,0,MacBean,,,,,
4620,MacIlmeane,0,0,MacBean,,,,,
4621,MacIlwaine,0,0,MacBean,,,,,
4622,MacIlvaine,0,0,MacBean,,,,,
4623,MacIlvian,0,0,MacBean,,,,,
4624,MacIlvane,0,0,MacBean,,,,,
4625,MacAlbea,0,0,MacBean,,,,,
4626,MacCaa,0,0,MacKay,,,,,
4627,MacCay,0,0,MacKay,,,,,
4628,MacGaa,0,0,MacKay,,,,,
4629,MacAth,0,0,MacKay,,,,,
4630,MacAy,0,0,MacKay,,,,,
4631,MacCa,0,0,MacKay,,,,,
4632,MacCaidh,0,0,MacKay,,,,,
4633,MacCaoidh,0,0,MacKay,,,,,
4634,MacCey,0,0,MacKay,,,,,
4635,MacCoid,0,0,MacKay,,,,,
4636,MacCoy,0,0,MacKay,,,,,
4637,MacGee,0,0,MacKay,,,,,
4638,MacGhee,0,0,MacKay,,,,,
4639,MacGhie,0,0,MacKay,,,,,
4640,MacHie,0,0,MacKay,,,,,
4641,MacKee,0,0,MacKay,,,,,
4642,MacQue,0,0,MacKay,,,,,
4643,MacQuery,0,0,MacKay,,,,,
4644,MacQuey,0,0,MacKay,,,,,
4645,MacVail,0,0,MacPhail,,,,,
4646,MacFaell,0,0,MacPhail,,,,,
4647,MacFail,0,0,MacPhail,,,,,
4648,MacFal,0,0,MacPhail,,,,,
4649,MacFale,0,0,MacPhail,,,,,
4650,MacFall,0,0,MacPhail,,,,,
4651,MacFaul,0,0,MacPhail,,,,,
4652,MacFauld,0,0,MacPhail,,,,,
4653,MacFaull,0,0,MacPhail,,,,,
4654,MacFayle,0,0,MacPhail,,,,,
4655,MacFoill,0,0,MacPhail,,,,,
4656,MacFyall,0,0,MacPhail,,,,,
4657,MacIye,0,0,MacKay,,,,,
4658,MacKa,0,0,MacKay,,,,,
4659,MacKaa,0,0,MacKay,,,,,
4660,MacKaay,0,0,MacKay,,,,,
4661,MacKai,0,0,MacKay,,,,,
4662,MacKe,0,0,MacKay,,,,,
4663,MacKeay,0,0,MacKay,,,,,
4664,MacKeiy,0,0,MacKay,,,,,
4665,MacKew,0,0,MacKay,,,,,
4666,MacKey,0,0,MacKay,,,,,
4667,MacPaill,0,0,MacPhail,,,,,
4668,MacPaul,0,0,MacPhail,,,,,
4669,MacPhael,0,0,MacPhail,,,,,
4670,MacPhaell,0,0,MacPhail,,,,,
4671,MacPhaile,0,0,MacPhail,,,,,
4672,MacPhaill,0,0,MacPhail,,,,,
4673,MacPhale,0,0,MacPhail,,,,,
4674,MacPhaul,0,0,MacPhail,,,,,
4675,MacPhaull,0,0,MacPhail,,,,,
4676,MacPhayll,0,0,MacPhail,,,,,
4677,MacPhell,0,0,MacPhail,,,,,
4678,MacPhial,0,0,MacPhail,,,,,
4679,MacPhiel,0,0,MacPhail,,,,,
4680,MacKphaill,0,0,MacPhail,,,,,
4681,Makfaill,0,0,MacPhail,,,,,
4682,Makfale,0,0,MacPhail,,,,,
4683,Makfele,0,0,MacPhail,,,,,
4684,Makphaile,0,0,MacPhail,,,,,
4685,Poleson,0,0,MacPhail,,,,,
4686,Polson,0,0,MacPhail,,,,,
4687,MacWhaugh,0,0,MacKay,,,,,
4688,MacWhaw,0,0,MacKay,,,,,
4689,MacWhey,0,0,MacKay,,,,,
4690,MacWhy,0,0,MacKay,,,,,
4691,MacYe,0,0,MacKay,,,,,
4692,Makaw,0,0,MacKay,,,,,
4693,Makay,0,0,MacKay,,,,,
4694,Makca,0,0,MacKay,,,,,
4695,Makcaw,0,0,MacKay,,,,,
4696,Makcawe,0,0,MacKay,,,,,
4697,Makcoe,0,0,MacKay,,,,,
4698,Makkaw,0,0,MacKay,,,,,
4699,Makkcae,0,0,MacKay,,,,,
4700,Makke,0,0,MacKay,,,,,
4701,Makkee,0,0,MacKay,,,,,
4702,Makkey,0,0,MacKay,,,,,
4703,Makkie,0,0,MacKay,,,,,
4704,Maky,0,0,MacKay,,,,,
4705,Morgund,0,0,MacKay,,,,,
4706,Murgan,0,0,MacKay,,,,,
4707,Neelson,0,0,MacKay,,,,,
4708,Neillsone,0,0,MacKay,,,,,
4709,Neilsone,0,0,MacKay,,,,,
4710,Neilsoun,0,0,MacKay,,,,,
4711,Neilsoune,0,0,MacKay,,,,,
4712,Neleson,0,0,MacKay,,,,,
4713,Nelesoun,0,0,MacKay,,,,,
4714,Nelsone,0,0,MacKay,,,,,
4715,Nelsonne,0,0,MacKay,,,,,
4716,Nelsoun,0,0,MacKay,,,,,
4717,Neylsone,0,0,MacKay,,,,,
4718,Nilson,0,0,MacKay,,,,,
4719,Nilsone,0,0,MacKay,,,,,
4720,Nilsoune,0,0,MacKay,,,,,
4721,Nylson,0,0,MacKay,,,,,
4722,Pal,0,0,MacPhail,,,,,
4723,Paule,0,0,MacPhail,,,,,
4724,Paull,0,0,MacPhail,,,,,
4725,Paulson,0,0,MacPhail,,,,,
4726,Paulsoun,0,0,MacPhail,,,,,
4727,Poilson,0,0,MacPhail,,,,,
4728,Poilsone,0,0,MacPhail,,,,,
4729,Poilsoun,0,0,MacPhail,,,,,
4730,Pol,0,0,MacPhail,,,,,
4731,Pollsoun,0,0,MacPhail,,,,,
4732,Polsone,0,0,MacPhail,,,,,
4733,Polsoun,0,0,MacPhail,,,,,
4734,Polsun,0,0,MacPhail,,,,,
4735,Polyson,0,0,MacPhail,,,,,
4736,Polysoun,0,0,MacPhail,,,,,
4737,Poulson,0,0,MacPhail,,,,,
4738,MacAllane,0,0,MacAllan,,,,,
4739,MacAoidh,0,0,MacKay,,,,,
4740,MacKy,0,0,MacKay,,,,,
4741,MacKye,0,0,MacKay,,,,,
4742,MacQha,0,0,MacKay,,,,,
4743,MacQua,0,0,MacKay,,,,,
4744,MacVale,0,0,MacPhail,,,,,
4745,Vail,0,0,MacPhail,,,,,
4746,MacQuoid,0,0,,"MacQuade,MacQuaid,MacQuid,Quaid,Quay,Quoid",,,,
4747,MacQuade,0,0,MacQuoid,,,,,
4748,MacQuaid,0,0,MacQuoid,,,,,
4749,MacQuid,0,0,MacQuoid,,,,,
4750,Quaid,0,0,MacQuoid,,,,,
4751,Quay,0,0,MacQuoid,,,,,
4752,Quoid,0,0,MacQuoid,,,,,
4753,MacQuhae,0,0,MacKay,,,,,
4754,MacCue,0,0,MacKay,,,,,
4755,MacEth,0,0,MacBeth,,,,,
4756,MacEthe,0,0,MacBeth,,,,,
4757,MacHeth,0,0,MacBeth,,,,,
4758,Nielson,0,0,MacKay,,,,,
4759,Deassoun,0,0,Deas,,,,,
4760,Dausoun,0,0,Deas,,,,,
4761,Deason,0,0,Deas,,,,,
4762,Deasson,0,0,Deas,,,,,
4763,Dasone,0,0,Deas,,,,,
4764,Desson,0,0,Deas,,,,,
4765,Daw,0,0,Deas,,,,,
4766,Dawe,0,0,Deas,,,,,
4767,Dawes,0,0,Deas,,,,,
4768,Day,0,0,Deas,,,,,
4768,Day,0,0,Davies,,,,,
4769,Dey,0,0,Deas,,,,,
4770,Dow,0,0,Deas,,,,,
4771,Dye,0,0,Deas,,,,,
4772,MacTear,0,0,MacTier,,,,,
4773,MacTeer,0,0,MacTier,,,,,
4774,MacTeir,0,0,MacTier,,,,,
4775,MacTer,0,0,MacTier,,,,,
4776,MacTere,0,0,MacTier,,,,,
4777,MacTeyr,0,0,MacTier,,,,,
4778,MacTyr,0,0,MacTier,,,,,
4779,Makteir,0,0,MacTier,,,,,
4780,Mtier,0,0,MacTier,,,,,
4781,MacCork,0,0,MacGurk,,,,,
4782,MacGurkich,0,0,MacGurk,,,,,
4783,MacGurgh,0,0,MacGurk,,,,,
4784,MacKork,0,0,MacGurk,,,,,
4785,MacCenzie,0,0,MacKenzie,,,,,
4786,MacEinzie,0,0,MacKenzie,,,,,
4787,MacEnzie,0,0,MacKenzie,,,,,
4788,MacKainzie,0,0,MacKenzie,,,,,
4789,MacKanze,0,0,MacKenzie,,,,,
4790,MacKeanzie,0,0,MacKenzie,,,,,
4791,MacKeinezie,0,0,MacKenzie,,,,,
4792,MacKeinzie,0,0,MacKenzie,,,,,
4793,MacKenezie,0,0,MacKenzie,,,,,
4794,MacKenyee,0,0,MacKenzie,,,,,
4795,MacKenyie,0,0,MacKenzie,,,,,
4796,MacKenzy,0,0,MacKenzie,,,,,
4797,MacKinyie,0,0,MacKenzie,,,,,
4798,MacKinze,0,0,MacKenzie,,,,,
4799,MacKinzie,0,0,MacKenzie,,,,,
4800,MacQuhenzie,0,0,MacKenzie,,,,,
4801,MacQuhinze,0,0,MacKenzie,,,,,
4802,MacQuhynze,0,0,MacKenzie,,,,,
4803,Makcainze,0,0,MacKenzie,,,,,
4804,Makcanze,0,0,MacKenzie,,,,,
4805,Makeinzie,0,0,MacKenzie,,,,,
4806,Makenze,0,0,MacKenzie,,,,,
4807,Makkanze,0,0,MacKenzie,,,,,
4808,Makkenze,0,0,MacKenzie,,,,,
4809,Makkinze,0,0,MacKenzie,,,,,
4810,Makquhinze,0,0,MacKenzie,,,,,
4811,Makquhynze,0,0,MacKenzie,,,,,
4812,Mkenzi,0,0,MacKenzie,,,,,
4813,Bartholomew,0,0,,"Bartill,Bartelmew,Bertholmew,Bartilmew,Bertholomei,Bertillmew",,,,
4814,Bartill,0,0,Bartholomew,,,,,
4815,Bartelmew,0,0,Bartholomew,,,,,
4816,Bertholmew,0,0,Bartholomew,,,,,
4817,Bartilmew,0,0,Bartholomew,,,,,
4818,Bertholomei,0,0,Bartholomew,,,,,
4819,Bertillmew,0,0,Bartholomew,,,,,
4820,Iverach,0,0,MacIver,,,,,
4821,Evar,0,0,MacIver,,,,,
4822,Evir,0,0,MacIver,,,,,
4823,Ivar,0,0,MacIver,,,,,
4824,Iver,0,0,MacIver,,,,,
4825,Ivirach,0,0,MacIver,,,,,
4826,Ivor,0,0,MacIver,,,,,
4827,Yvar,0,0,MacIver,,,,,
4828,Yvir,0,0,MacIver,,,,,
4829,MacMurchy,0,0,,"MacCurchie,MacMhurchaidh,MacMoroquhy,MacMurachy,MacMurchaidh,MacMurchou,MacMurd,MacMurdo,MacMurdoch,MacMurdy,MacMuredig,MacMurphy,MacMurquhe,MacMurquhie,MacMurtchie,MacUrchie,MacUrchy,MacVorchie,MacVurchie,Makmurche,Makmurquhy,Mhurchaidh,Murchad,Murchadh,Murchaidh,Murcheson,Murchesoun,Murchieson,Murchosone,Murchosoun,Murchy,Murquhason,Murquhasson,Murquhessoun,Murquhosoun,Murtchie,MacMordoch,Makmurdie,Makmurriche,Murdoson,MacMurdich",,,,
4830,MacCurchie,0,0,MacMurchy,,,,,
4831,MacMhurchaidh,0,0,MacMurchy,,,,,
4832,MacMoroquhy,0,0,MacMurchy,,,,,
4833,MacMurachy,0,0,MacMurchy,,,,,
4834,MacMurchaidh,0,0,MacMurchy,,,,,
4835,MacMurchou,0,0,MacMurchy,,,,,
4836,MacMurd,0,0,MacMurchy,,,,,
4837,MacMurdo,0,0,MacMurchy,,,,,
4838,MacMurdoch,0,0,Murdoch,,,,,
4838,MacMurdoch,0,0,MacMurchy,,,,,
4839,MacMurdy,0,0,MacMurchy,,,,,
4840,MacMuredig,0,0,MacMurchy,,,,,
4841,MacMurphy,0,0,MacMurchy,,,,,
4841,MacMurphy,0,0,Murphy,,,,,
4842,MacMurquhe,0,0,MacMurchy,,,,,
4843,MacMurquhie,0,0,MacMurchy,,,,,
4844,MacMurtchie,0,0,MacMurchy,,,,,
4845,MacUrchie,0,0,MacMurchy,,,,,
4846,MacUrchy,0,0,MacMurchy,,,,,
4847,MacVorchie,0,0,MacMurchy,,,,,
4848,MacVurchie,0,0,MacMurchy,,,,,
4849,Makmurche,0,0,MacMurchy,,,,,
4850,Makmurquhy,0,0,MacMurchy,,,,,
4851,Mhurchaidh,0,0,MacMurchy,,,,,
4852,Murchad,0,0,MacMurchy,,,,,
4853,Murchadh,0,0,MacMurchy,,,,,
4854,Murchaidh,0,0,MacMurchy,,,,,
4855,Murcheson,0,0,MacMurchy,,,,,
4856,Murchesoun,0,0,MacMurchy,,,,,
4857,Murchieson,0,0,MacMurchy,,,,,
4858,Murchosone,0,0,MacMurchy,,,,,
4859,Murchosoun,0,0,MacMurchy,,,,,
4860,Murchy,0,0,MacMurchy,,,,,
4861,Murquhason,0,0,MacMurchy,,,,,
4862,Murquhasson,0,0,MacMurchy,,,,,
4863,Murquhessoun,0,0,MacMurchy,,,,,
4864,Murquhosoun,0,0,MacMurchy,,,,,
4865,Murtchie,0,0,MacMurchy,,,,,
4866,Orr,0,0,,"Orre,Oure,Ure,Urie,Urri,Urrie,Urry,Euer,Ewar,Ewer,Ewers,Iwur,Ywar,Ore,Orres",,"scottish,english,welsh,irish",,
4867,Orre,0,0,Orr,,,,,
4868,Oure,0,0,Orr,,,,,
4869,Ure,0,0,Orr,,,,,
4870,Urie,0,0,Orr,,,,,
4871,Urri,0,0,Orr,,,,,
4872,Urrie,0,0,Orr,,,,,
4873,Urry,0,0,Orr,,,,,
4874,MacWhinnie,0,0,,"MacAweeney,MacWeeny,MacWhinney,MacWhunye,MacWhynie,MacWinney,MacQuhine,MacQuhinny,MacVennie,MacVinie",,,,
4875,MacAweeney,0,0,MacWhinnie,,,,,
4876,MacWeeny,0,0,MacWhinnie,,,,,
4877,Kenneth,0,0,,"Kennach,Kennachtsoun,Kennagh,Kennauch,Kenndochson,Kenneochson,Kennochsen,Kineth,Kyneth,Kynnoch",,,,
4878,Kennach,0,0,Kenneth,,,,,
4879,Kennachtsoun,0,0,Kenneth,,,,,
4880,Kennagh,0,0,Kenneth,,,,,
4881,Kennauch,0,0,Kenneth,,,,,
4882,Kenndochson,0,0,Kenneth,,,,,
4883,Kenneochson,0,0,Kenneth,,,,,
4884,Kennochsen,0,0,Kenneth,,,,,
4885,Kineth,0,0,Kenneth,,,,,
4886,Kyneth,0,0,Kenneth,,,,,
4887,Kynnoch,0,0,Kenneth,,,,,
4888,MacWhinney,0,0,MacWhinnie,,,,,
4889,MacWhunye,0,0,MacWhinnie,,,,,
4890,MacWhynie,0,0,MacWhinnie,,,,,
4891,MacWinney,0,0,MacWhinnie,,,,,
4892,MacEur,0,0,MacIver,,,,,
4893,MacEure,0,0,MacIver,,,,,
4894,MacCuir,0,0,MacIver,,,,,
4895,MacCur,0,0,MacIver,,,,,
4896,MacCure,0,0,MacIver,,,,,
4897,MacEuer,0,0,MacIver,,,,,
4898,MacEuir,0,0,MacIver,,,,,
4899,MacHinzie,0,0,MacKenzie,,,,,
4900,MacUir,0,0,MacIver,,,,,
4901,MacUre,0,0,MacIver,,,,,
4902,MacKerlie,0,0,,"MacArlich,MacArliche,MacCairlich,MacCairlie,MacCairly,MacCarlach,MacCarlich,MacCarliche,MacCarlie,MacCarlycht,MacCharles,MacCharlie,MacCherlich,MacHerlick,MacHerloch,MacKairlie,MacKairly,MacKarlich,MacKearlie,MacKearly,MacKerley,MacKerliche,Makarlich,Makerliche",,,,
4903,MacArlich,0,0,MacKerlie,,,,,
4904,MacArliche,0,0,MacKerlie,,,,,
4905,MacCairlich,0,0,MacKerlie,,,,,
4906,MacCairlie,0,0,MacKerlie,,,,,
4907,MacCairly,0,0,MacKerlie,,,,,
4908,MacCarlach,0,0,MacKerlie,,,,,
4909,MacCarlich,0,0,MacKerlie,,,,,
4910,MacCarliche,0,0,MacKerlie,,,,,
4911,MacCarlie,0,0,MacKerlie,,,,,
4912,MacCarlycht,0,0,MacKerlie,,,,,
4913,MacCharles,0,0,MacKerlie,,,,,
4914,MacCharlie,0,0,MacKerlie,,,,,
4915,MacCherlich,0,0,MacKerlie,,,,,
4916,MacHerlick,0,0,MacKerlie,,,,,
4917,MacHerloch,0,0,MacKerlie,,,,,
4918,MacKairlie,0,0,MacKerlie,,,,,
4919,MacKairly,0,0,MacKerlie,,,,,
4920,MacKarlich,0,0,MacKerlie,,,,,
4921,MacKearlie,0,0,MacKerlie,,,,,
4922,MacKearly,0,0,MacKerlie,,,,,
4923,MacKerley,0,0,MacKerlie,,,,,
4924,MacKerliche,0,0,MacKerlie,,,,,
4925,Makarlich,0,0,MacKerlie,,,,,
4926,Makerliche,0,0,MacKerlie,,,,,
4927,MacQuhine,0,0,MacWhinnie,,,,,
4928,MacQuhinny,0,0,MacWhinnie,,,,,
4929,MacVennie,0,0,MacWhinnie,,,,,
4930,MacVinie,0,0,MacWhinnie,,,,,
4931,Cromarty,0,0,,"Cromartie,Cromate,Crumbacy,Crumbathy,Crummartie",,,,
4932,Cromartie,0,0,Cromarty,,,,,
4933,Cromate,0,0,Cromarty,,,,,
4934,Crumbacy,0,0,Cromarty,,,,,
4935,Crumbathy,0,0,Cromarty,,,,,
4936,Crummartie,0,0,Cromarty,,,,,
4937,Makeinny,0,0,MacKenzie,,,,,
4938,Makkennych,0,0,MacKenzie,,,,,
4939,Makkeny,0,0,MacKenzie,,,,,
4940,Makkenych,0,0,MacKenzie,,,,,
4941,Makkynnay,0,0,MacKenzie,,,,,
4942,Aindrea,0,0,Anderson,,,,,
4943,Andie,0,0,Anderson,,,,,
4944,Andrewes,0,0,Anderson,,,,,
4945,Andro,0,0,Anderson,,,,,
4946,Androe,0,0,Anderson,,,,,
4947,Androw,0,0,Anderson,,,,,
4948,Andy,0,0,Anderson,,,,,
4949,Anndra,0,0,Anderson,,,,,
4950,Corbett,0,0,,"Corbart,Corbat,Corbatt,Corbeth",,,,
4951,Corbart,0,0,Corbett,,,,,
4952,Corbat,0,0,Corbett,,,,,
4953,Corbatt,0,0,Corbett,,,,,
4954,Corbeth,0,0,Corbett,,,,,
4955,Duthie,0,0,,Duthe,,,,
4956,Duthe,0,0,Duthie,,,,,
4957,Gillanders,0,0,,"Gallanders,Gilanders,Gilandres,Gilandrias,Gillaindreis,Gillandres,Gillandris,Gilleanndrais,Gilleanris,Gillenders,Gillendrias",,,,
4958,Gallanders,0,0,Gillanders,,,,,
4959,Gilanders,0,0,Gillanders,,,,,
4960,Gilandres,0,0,Gillanders,,,,,
4961,Gilandrias,0,0,Gillanders,,,,,
4962,Gillaindreis,0,0,Gillanders,,,,,
4963,Gillandres,0,0,Gillanders,,,,,
4964,Gillandris,0,0,Gillanders,,,,,
4965,Gilleanndrais,0,0,Gillanders,,,,,
4966,Gilleanris,0,0,Gillanders,,,,,
4967,Gillenders,0,0,Gillanders,,,,,
4968,Gillendrias,0,0,Gillanders,,,,,
4969,MacOloghe,0,0,MacCulloch,,,,,
4970,MacKyntagart,0,0,MacTaggart,,,,,
4971,MacKyntaggart,0,0,MacTaggart,,,,,
4972,MacSagart,0,0,MacTaggart,,,,,
4973,MacTagart,0,0,MacTaggart,,,,,
4974,MacTaggard,0,0,MacTaggart,,,,,
4975,MacTaggate,0,0,MacTaggart,,,,,
4976,MacTaggert,0,0,MacTaggart,,,,,
4977,MacTaggit,0,0,MacTaggart,,,,,
4978,MacIntagart,0,0,MacTaggart,,,,,
4979,MacIntagerit,0,0,MacTaggart,,,,,
4980,MacIntargart,0,0,MacTaggart,,,,,
4981,MacKinsagart,0,0,MacTaggart,,,,,
4982,MacKintaggart,0,0,MacTaggart,,,,,
4983,Myketagart,0,0,MacTaggart,,,,,
4984,Ros,0,0,Ross,,,,,
4985,Rosse,0,0,Ross,,,,,
4986,Cullen,0,0,,"Culane,Colen,Coleyn",,,,
4987,Culane,0,0,Cullen,,,,,
4988,Durward,0,0,Dorward,,,,,
4989,Jopp,0,0,,"Jupp,Jupe,Jappy,Joip,Jaip,Jap,Juppie,Juppe,Jape,Japp,Jaap,Jop,Jappie,Tode,Yeap,Yep,Yape",,,,
4990,Jupp,0,0,Jopp,,,,,
4991,Leng,0,0,Lang,,,,,
4992,Ling,0,0,Lang,,,,,
4993,Milne,0,0,,"Miln,Mylne,Myll,Mylnar,Milln,Milnes,Millin,Millen,Myln,Mylen,Millan,Mills,Milner,Mill,Milles",,"scottish,english,welsh,irish",,
4994,Miln,0,0,Milne,,,,,
4995,Mylne,0,0,Milne,,,,,
4996,Addison,0,0,,"Adiesoun,Adison,Adesone,Adisoun,Adye,Adyson,Aedieson,Addesoun,Aydeson,Adeson,Adieson,Adiesone,Adesoun",,,,
4997,Adiesoun,0,0,Addison,,,,,
4998,Adison,0,0,Addison,,,,,
4999,Adesone,0,0,Addison,,,,,
5000,Adisoun,0,0,Addison,,,,,
5001,Adye,0,0,Addison,,,,,
5002,Adyson,0,0,Addison,,,,,
5003,Aedieson,0,0,Addison,,,,,
5004,Addesoun,0,0,Addison,,,,,
5005,Aydeson,0,0,Addison,,,,,
5006,Adeson,0,0,Addison,,,,,
5007,Addie,0,0,,"Ady,Aedie,Addy,Ade,Aidye,Aiddie,Aidy,Aidie",,,,
5008,Ady,0,0,Addie,,,,,
5009,Aedie,0,0,Addie,,,,,
5010,Addy,0,0,Addie,,,,,
5011,Ade,0,0,Addie,,,,,
5012,Aidye,0,0,Addie,,,,,
5013,Aiddie,0,0,Addie,,,,,
5014,Aidy,0,0,Addie,,,,,
5015,Aidie,0,0,Addie,,,,,
5016,Colen,0,0,Cullen,,,,,
5017,Coleyn,0,0,Cullen,,,,,
5018,Edison,0,0,,"Edisone,Edisoun",,,,
5019,Edisone,0,0,Edison,,,,,
5020,Edisoun,0,0,Edison,,,,,
5021,Esslemont,0,0,,"Essilmounthe,Esselmont",,,,
5022,Essilmounthe,0,0,Esslemont,,,,,
5023,Esselmont,0,0,Esslemont,,,,,
5024,Jupe,0,0,Jopp,,,,,
5025,Jappy,0,0,Jopp,,,,,
5026,Joip,0,0,Jopp,,,,,
5027,Jaip,0,0,Jopp,,,,,
5028,Jap,0,0,Jopp,,,,,
5029,Juppie,0,0,Jopp,,,,,
5030,Juppe,0,0,Jopp,,,,,
5031,Jape,0,0,Jopp,,,,,
5032,Japp,0,0,Jopp,,,,,
5033,Jaap,0,0,Jopp,,,,,
5034,Jop,0,0,Jopp,,,,,
5035,Jappie,0,0,Jopp,,,,,
5036,Tode,0,0,Jopp,,,,,
5037,Yeap,0,0,Jopp,,,,,
5038,Yep,0,0,Jopp,,,,,
5039,Yape,0,0,Jopp,,,,,
5040,Achisoune,0,0,Aitchison,,,,,
5041,Achisone,0,0,Aitchison,,,,,
5042,Achesoun,0,0,Aitchison,,,,,
5043,Achinsoun,0,0,Aitchison,,,,,
5044,Achesune,0,0,Aitchison,,,,,
5045,Achenson,0,0,Aitchison,,,,,
5046,Acheson,0,0,Aitchison,,,,,
5047,Achiesoun,0,0,Aitchison,,,,,
5048,Achesoune,0,0,Aitchison,,,,,
5049,Achieson,0,0,Aitchison,,,,,
5050,Achesone,0,0,Aitchison,,,,,
5051,Aitcheson,0,0,Aitchison,,,,,
5051,Aitcheson,0,0,Aitken,,,,,
5052,Aichesone,0,0,Aitchison,,,,,
5053,Aitchesoun,0,0,Aitchison,,,,,
5054,Aitchesoune,0,0,Aitchison,,,,,
5055,Aithchinson,0,0,Aitchison,,,,,
5056,Aitchysoune,0,0,Aitchison,,,,,
5057,Aichensoun,0,0,Aitchison,,,,,
5058,Aicheson,0,0,Aitchison,,,,,
5059,Atzensone,0,0,Aitchison,,,,,
5060,Atzeson,0,0,Aitchison,,,,,
5061,Atyesoun,0,0,Aitchison,,,,,
5062,Atchesone,0,0,Aitchison,,,,,
5063,Atchisone,0,0,Aitchison,,,,,
5064,Atchison,0,0,Aitchison,,,,,
5065,Aticione,0,0,Aitchison,,,,,
5066,Aschesone,0,0,Aitchison,,,,,
5067,Echesone,0,0,Aitchison,,,,,
5068,Etzesone,0,0,Aitchison,,,,,
5069,Eticione,0,0,Aitchison,,,,,
5070,Ackin,0,0,Aitken,,,,,
5071,Ackyn,0,0,Aitken,,,,,
5072,Ackyne,0,0,Aitken,,,,,
5073,Aitkene,0,0,Aitken,,,,,
5074,Aikeyne,0,0,Aitken,,,,,
5075,Aikine,0,0,Aitken,,,,,
5076,Aikin,0,0,Aitken,,,,,
5077,Aitkyn,0,0,Aitken,,,,,
5078,Akene,0,0,Aitken,,,,,
5079,Aicken,0,0,Aitken,,,,,
5080,Aickin,0,0,Aitken,,,,,
5081,Aitkane,0,0,Aitken,,,,,
5082,Aitkine,0,0,Aitken,,,,,
5083,Akin,0,0,Aitken,,,,,
5084,Aickine,0,0,Aitken,,,,,
5085,Aitcken,0,0,Aitken,,,,,
5086,Aitkyne,0,0,Aitken,,,,,
5087,Aiking,0,0,Aitken,,,,,
5088,Akine,0,0,Aitken,,,,,
5089,Aicking,0,0,Aitken,,,,,
5090,Aken,0,0,Aitken,,,,,
5091,Aikne,0,0,Aitken,,,,,
5092,Aikein,0,0,Aitken,,,,,
5093,Aikyne,0,0,Aitken,,,,,
5094,Aikun,0,0,Aitken,,,,,
5095,Aitkin,0,0,Aitken,,,,,
5096,Akyne,0,0,Aitken,,,,,
5097,Aukin,0,0,Aitken,,,,,
5098,Atkine,0,0,Aitken,,,,,
5099,Atken,0,0,Aitken,,,,,
5100,Aytkyne,0,0,Aitken,,,,,
5101,Atkyn,0,0,Aitken,,,,,
5102,Aytkyn,0,0,Aitken,,,,,
5103,Aytkine,0,0,Aitken,,,,,
5104,Aykkyne,0,0,Aitken,,,,,
5105,Eakin,0,0,Aitken,,,,,
5106,Eckin,0,0,Aitken,,,,,
5107,Eakins,0,0,Aitken,,,,,
5108,Gardner,0,0,Jardine,"Gardynnyr,Gardynar,Gardnard,Gardinar,Gardenar,Gardenare,Gardnare,Gardener,Gardennar,Gardnar,Gardinare",,,,
5109,Gardynnyr,0,0,Gardner,,,,,
5110,Gardynar,0,0,Gardner,,,,,
5111,Gardnard,0,0,Gardner,,,,,
5112,Gardinar,0,0,Gardner,,,,,
5113,Gardenar,0,0,Gardner,,,,,
5114,Gardenare,0,0,Gardner,,,,,
5115,Gardnare,0,0,Gardner,,,,,
5116,Gardener,0,0,Gardner,,,,,
5117,Gardennar,0,0,Gardner,,,,,
5118,Gardnar,0,0,Gardner,,,,,
5119,Gardinare,0,0,Gardner,,,,,
5120,Larrie,0,0,Laurie,,,,,
5121,Lawry,0,0,Laurie,,,,,
5122,Lowrey,0,0,Laurie,,,,,
5123,MacAdam,0,0,,"MacAdaim,MacAddame,MacAdame,MacAddam,MacCadame,MacCaddame,MacCaddim,MacCaddam,MacCadam,MacKadem,MacKadam,Makadem,Makcaddam,Makadame,Makadam,Mkkadam",,,,
5124,MacAdaim,0,0,MacAdam,,,,,
5125,MacAddame,0,0,MacAdam,,,,,
5126,MacAdame,0,0,MacAdam,,,,,
5127,MacAddam,0,0,MacAdam,,,,,
5128,MacCadame,0,0,MacAdam,,,,,
5129,MacCaddame,0,0,MacAdam,,,,,
5130,MacCaddim,0,0,MacAdam,,,,,
5131,MacCaddam,0,0,MacAdam,,,,,
5132,MacCadam,0,0,MacAdam,,,,,
5133,MacKadem,0,0,MacAdam,,,,,
5134,MacKadam,0,0,MacAdam,,,,,
5135,Makadem,0,0,MacAdam,,,,,
5136,Makcaddam,0,0,MacAdam,,,,,
5137,Makadame,0,0,MacAdam,,,,,
5138,Makadam,0,0,MacAdam,,,,,
5139,Mkkadam,0,0,MacAdam,,,,,
5140,Morice,0,0,Morris,,,,,
5141,Jessiman,0,0,,"Jessimen,Jessyman,Jessamine,Jesseman,Jessemond,Jessieman,Jasemond,Jassimine",,,,
5142,Jessimen,0,0,Jessiman,,,,,
5143,Jessyman,0,0,Jessiman,,,,,
5144,Jessamine,0,0,Jessiman,,,,,
5145,Jesseman,0,0,Jessiman,,,,,
5146,Jessemond,0,0,Jessiman,,,,,
5147,Jessieman,0,0,Jessiman,,,,,
5148,Atkynson,0,0,Aitchison,,,,,
5149,Atkynsoun,0,0,Aitchison,,,,,
5150,Atzinson,0,0,Aitchison,,,,,
5151,Attkinsone,0,0,Aitchison,,,,,
5152,Atknson,0,0,Aitchison,,,,,
5153,Jasemond,0,0,Jessiman,,,,,
5154,Jassimine,0,0,Jessiman,,,,,
5155,Laurri,0,0,Laurie,,,,,
5156,Laury,0,0,Laurie,,,,,
5156,Laury,0,0,O'Leary,,,,,
5157,Crombie,0,0,,"Cromb,Crum,Cromy,Crommie,Croume,Crumbie,Crummy",,,,
5158,Cromb,0,0,Crombie,,,,,
5159,Crum,0,0,Crombie,,,,,
5160,Cromy,0,0,Crombie,,,,,
5161,Crommie,0,0,Crombie,,,,,
5162,Croume,0,0,Crombie,,,,,
5163,Crumbie,0,0,Crombie,,,,,
5164,Crummy,0,0,Crombie,,,,,
5165,Adieson,0,0,Addison,,,,,
5166,Adiesone,0,0,Addison,,,,,
5167,Adesoun,0,0,Addison,,,,,
5168,Myll,0,0,Milne,,,,,
5169,Mylnar,0,0,Milne,,,,,
5170,Milln,0,0,Milne,,,,,
5171,Milnes,0,0,Milne,,,,,
5172,Millin,0,0,Milne,,,,,
5173,Millen,0,0,Milne,,,,,
5174,Myln,0,0,Milne,,,,,
5175,Mylen,0,0,Milne,,,,,
5176,Millan,0,0,Milne,,,,,
5177,Lowrie,0,0,Laurie,,,,,
5178,MacClean,0,0,MacLean,,,,,
5179,Paton,0,0,,"Padon,Patten,Patton,Peden,Padan,Padyne,Patein,Paten,Patone,Patonson,Patonsoun,Patoun,Patoune,Patowne,Pattone,Pattoun,Pattoune,Pautoun,Pawton,Pawtoun,Pawtoune,Pait,Paitt,Patair,Pate,Patric,Pattie,Pattounsoun,Paty,Patynson,Patyrson,Pawtonsoun,Peathine,Pedair,Pedan,Pedden,Pedin,Padson,Padair,Pethein,Pethin,Phadair,Patin,Pattin",,,,
5180,Padon,0,0,Paton,,,,,
5181,Patten,0,0,Paton,,,,,
5182,Patton,0,0,Paton,,,,,
5183,Peden,0,0,Paton,,,,,
5184,Beathy,0,0,Beaton,,,,,
5185,Beatoun,0,0,Beaton,,,,,
5186,Beattone,0,0,Beaton,,,,,
5187,Beattoun,0,0,Beaton,,,,,
5188,Bethon,0,0,Beaton,,,,,
5189,Betoin,0,0,Beaton,,,,,
5190,Beton,0,0,Beaton,,,,,
5191,Betone,0,0,Beaton,,,,,
5192,Betoun,0,0,Beaton,,,,,
5193,Betown,0,0,Beaton,,,,,
5194,Betowne,0,0,Beaton,,,,,
5195,Betton,0,0,Beaton,,,,,
5196,Bettune,0,0,Beaton,,,,,
5197,Beutan,0,0,Beaton,,,,,
5198,Bittoune,0,0,Beaton,,,,,
5199,Blac,0,0,Black,,,,,
5200,Blacke,0,0,Black,,,,,
5201,Blak,0,0,Black,,,,,
5202,Clanahan,0,0,MacLean,,,,,
5203,Clannachan,0,0,MacLean,,,,,
5204,Clanochan,0,0,MacLean,,,,,
5205,Clean,0,0,MacLean,,,,,
5206,Clenachan,0,0,MacLean,,,,,
5207,Clenaghan,0,0,MacLean,,,,,
5208,Clenochan,0,0,MacLean,,,,,
5209,Leatch,0,0,Leach,,,,,
5210,Lech,0,0,Leach,,,,,
5211,Leche,0,0,Leach,,,,,
5212,Leeche,0,0,Leach,,,,,
5213,Leetch,0,0,Leach,,,,,
5214,Leiche,0,0,Leach,,,,,
5215,Leitche,0,0,Leach,,,,,
5216,Leyche,0,0,Leach,,,,,
5217,Liche,0,0,Leach,,,,,
5218,Liech,0,0,Leach,,,,,
5219,Lietch,0,0,Leach,,,,,
5220,Litch,0,0,Leach,,,,,
5221,MacBae,0,0,MacBeth,,,,,
5222,MacClan,0,0,MacLean,,,,,
5223,MacCleane,0,0,MacLean,,,,,
5224,MacClen,0,0,MacLean,,,,,
5225,MacKilleane,0,0,MacLean,,,,,
5226,MacKlen,0,0,MacLean,,,,,
5227,MacLeand,0,0,MacLean,,,,,
5228,MacLeane,0,0,MacLean,,,,,
5229,MacLein,0,0,MacLean,,,,,
5230,MacLen,0,0,MacLean,,,,,
5231,MacLene,0,0,MacLean,,,,,
5232,MacLin,0,0,MacLean,,,,,
5233,MacLyn,0,0,MacLean,,,,,
5234,MacOleane,0,0,MacLean,,,,,
5235,Makclean,0,0,MacLean,,,,,
5236,MacRankin,0,0,,"MacRankein,MacRankine,MacRanking,MacRankyne",,,,
5237,MacRankein,0,0,MacRankin,,,,,
5238,MacRankine,0,0,MacRankin,,,,,
5239,MacRanking,0,0,MacRankin,,,,,
5240,MacRankyne,0,0,MacRankin,,,,,
5241,Makcleane,0,0,MacLean,,,,,
5242,Makclen,0,0,MacLean,,,,,
5243,Padan,0,0,Paton,,,,,
5244,Padyne,0,0,Paton,,,,,
5245,Patein,0,0,Paton,,,,,
5246,Paten,0,0,Paton,,,,,
5247,Patone,0,0,Paton,,,,,
5248,Patonson,0,0,Paton,,,,,
5249,Patonsoun,0,0,Paton,,,,,
5250,Patoun,0,0,Paton,,,,,
5251,Patoune,0,0,Paton,,,,,
5252,Patowne,0,0,Paton,,,,,
5253,Pattone,0,0,Paton,,,,,
5254,Pattoun,0,0,Paton,,,,,
5255,Pattoune,0,0,Paton,,,,,
5256,Pautoun,0,0,Paton,,,,,
5257,Pawton,0,0,Paton,,,,,
5258,Pawtoun,0,0,Paton,,,,,
5259,Pawtoune,0,0,Paton,,,,,
5260,MacJames,0,0,,"MacKames,MacKeamish,MacJamis,MacKjames",,,,
5261,MacKames,0,0,MacJames,,,,,
5262,MacKeamish,0,0,MacJames,,,,,
5263,Gunni,0,0,Gunn,,,,,
5264,Gun,0,0,Gunn,,,,,
5265,MacIlmanus,0,0,MacManus,,,,,
5267,Swanney,0,0,,"Swaneson,Swannie,Swanne,Swannay,Swanie,Swainson",,,,
5268,Swaneson,0,0,Swanney,,,,,
5269,Swannie,0,0,Swanney,,,,,
5270,Swanne,0,0,Swanney,,,,,
5271,Swannay,0,0,Swanney,,,,,
5272,Swanie,0,0,Swanney,,,,,
5273,Swainson,0,0,Swanney,,,,,
5274,Gills,0,0,Gallie,,,,,
5275,Gollach,0,0,Gallie,,,,,
5276,MacJamis,0,0,MacJames,,,,,
5277,MacKjames,0,0,MacJames,,,,,
5278,Mainsoun,0,0,Manson,,,,,
5279,Mansoun,0,0,Manson,,,,,
5280,Mansone,0,0,Manson,,,,,
5281,Manssoun,0,0,Manson,,,,,
5282,Mansioun,0,0,Manson,,,,,
5283,Mansson,0,0,Manson,,,,,
5284,Monson,0,0,Manson,,,,,
5285,Maunusone,0,0,Manson,,,,,
5286,Maunsone,0,0,Manson,,,,,
5287,Robb,0,0,,"Robesoun,Robisone,Robeson,Robsone,Rabbe,Rob,Robe,Robie,Roby,Robye,Robson",,,,
5288,Robesoun,0,0,Robb,,,,,
5289,Robisone,0,0,Robb,,,,,
5290,Robeson,0,0,Robinson,,,,,
5290,Robeson,0,0,Robb,,,,,
5291,Robsone,0,0,Robb,,,,,
5292,Williamson,0,0,Williams,"Willeamsoun,Willameson,Wilyemsoun,Wilyamson,Williamsone,Willyamsone,Wyllyamson,Will,Willie,Williams,Wilson,Willson,MacWilliams",,"scottish,english,welsh,irish",,
5293,Willeamsoun,0,0,Williamson,,,,,
5294,Willameson,0,0,Williamson,,,,,
5295,Wilyemsoun,0,0,Williamson,,,,,
5296,Wilyamson,0,0,Williamson,,,,,
5297,Williamsone,0,0,Williamson,,,,,
5298,Willyamsone,0,0,Williamson,,,,,
5299,Wyllyamson,0,0,Williamson,,,,,
5300,Wolsoun,0,0,Wilson,,,,,
5301,Wolson,0,0,Wilson,,,,,
5302,Wilsowne,0,0,Wilson,,,,,
5303,Wulsone,0,0,Wilson,,,,,
5304,Villsone,0,0,Wilson,,,,,
5305,Wyleson,0,0,Wilson,,,,,
5306,Willsone,0,0,Wilson,,,,,
5307,Wilsoune,0,0,Wilson,,,,,
5308,Vylsone,0,0,Wilson,,,,,
5309,Wilsone,0,0,Wilson,,,,,
5310,Vilsone,0,0,Wilson,,,,,
5311,Vilsoun,0,0,Wilson,,,,,
5312,Wulson,0,0,Wilson,,,,,
5313,Willsoun,0,0,Wilson,,,,,
5314,Willesoun,0,0,Wilson,,,,,
5315,Wilsoun,0,0,Wilson,,,,,
5316,Wilsoine,0,0,Wilson,,,,,
5317,Willson,0,0,Wilson,,,,,
5317,Willson,0,0,Williamson,,,,,
5318,Wylson,0,0,Wilson,,,,,
5319,Wylsoune,0,0,Wilson,,,,,
5320,Mainn,0,0,MacManus,,,,,
5321,Mane,0,0,MacManus,,,,,
5322,Mayne,0,0,MacManus,,,,,
5323,MacKilliam,0,0,MacWilliam,,,,,
5324,MacKwilliam,0,0,MacWilliam,,,,,
5325,MacQuilliam,0,0,MacWilliam,,,,,
5326,MacUilleim,0,0,MacWilliam,,,,,
5327,MacUilam,0,0,MacWilliam,,,,,
5328,MacWillie,0,0,MacWilliam,,,,,
5329,MacWilliame,0,0,MacWilliam,,,,,
5330,MacWilliams,0,0,MacWilliam,,,,,
5330,MacWilliams,0,0,Williamson,,,,,
5331,MacVillie,0,0,MacWilliam,,,,,
5332,MacWyllie,0,0,MacWilliam,,,,,
5333,Makwillie,0,0,MacWilliam,,,,,
5334,Makwilliam,0,0,MacWilliam,,,,,
5335,Morse,0,0,Morris,,,,,
5336,Morus,0,0,Morris,,,,,
5337,Morys,0,0,Morris,,,,,
5338,Maurice,0,0,Morris,,,,,
5339,Mar,1,0,Marr,,,,,
5340,Allanach,0,0,,"Alanach,Alenach,Allanache,Allanock,Allenoch",,,,
5341,Alanach,0,0,Allanach,,,,,
5342,Alenach,0,0,Allanach,,,,,
5343,Allanache,0,0,Allanach,,,,,
5344,Allanock,0,0,Allanach,,,,,
5345,Allenoch,0,0,Allanach,,,,,
5346,Elliotti,0,0,Elliot,,,,,
5347,Elliott,0,0,Elliot,,,,,
5348,Ellet,0,0,Elliot,,,,,
5349,Ellette,0,0,Elliot,,,,,
5350,Ellett,0,0,Elliot,,,,,
5351,Eliot,0,0,Elliot,,,,,
5352,Eliott,0,0,Elliot,,,,,
5353,Elleot,0,0,Elliot,,,,,
5354,Ellat,0,0,Elliot,,,,,
5355,Elluat,0,0,Elliot,,,,,
5356,Illot,0,0,Elliot,,,,,
5357,MacErracher,0,0,,"MacEarachar,MacKerchar,MacKerracher,MacEaracher,MacErchar",,,,
5358,MacEarachar,0,0,MacErracher,,,,,
5359,MacKerchar,0,0,MacErracher,,,,,
5360,MacKerracher,0,0,MacErracher,,,,,
5361,MacEaracher,0,0,MacErracher,,,,,
5362,MacErchar,0,0,MacErracher,,,,,
5363,Cassillis,0,0,,"Cassilis,Cassells,Cassellis,Cassils",,,,
5364,Cassilis,0,0,Cassillis,,,,,
5365,Cassells,0,0,Cassillis,,,,,
5366,Cassellis,0,0,Cassillis,,,,,
5367,Cassils,0,0,Cassillis,,,,,
5368,Douglass,0,0,Douglas,,,,,
5369,Dowglass,0,0,Douglas,,,,,
5370,Dovglas,0,0,Douglas,,,,,
5371,Dowglas,0,0,Douglas,,,,,
5372,Dulglas,0,0,Douglas,,,,,
5373,Douglace,0,0,Douglas,,,,,
5374,Douglase,0,0,Douglas,,,,,
5375,Dogles,0,0,Douglas,,,,,
5376,Dowglace,0,0,Douglas,,,,,
5377,Dulglass,0,0,Douglas,,,,,
5378,Douglis,0,0,Douglas,,,,,
5379,Dowglasse,0,0,Douglas,,,,,
5380,Dougles,0,0,Douglas,,,,,
5381,Duglas,0,0,Douglas,,,,,
5382,Douglles,0,0,Douglas,,,,,
5383,Lockerby,0,0,,Lockery,,,,
5384,Lockery,0,0,Lockerby,,,,,
5385,Dickey,0,0,Dickie,,,,,
5386,MacEoghann,0,0,MacEwan,,,,,
5387,MacEogan,0,0,MacEwan,,,,,
5388,MacEven,0,0,MacEwan,,,,,
5389,MacEvine,0,0,MacEwan,,,,,
5390,MacEvan,0,0,MacEwan,,,,,
5391,MacEun,0,0,MacEwan,,,,,
5392,MacEuen,0,0,MacEwan,,,,,
5393,MacEvin,0,0,MacEwan,,,,,
5394,MacEoghainn,0,0,MacEwan,,,,,
5395,MacEwn,0,0,MacEwan,,,,,
5396,MacEwin,0,0,MacEwan,,,,,
5397,MacEwine,0,0,MacEwan,,,,,
5398,MacEwing,0,0,MacEwan,,,,,
5399,MacEwingstoun,0,0,MacEwan,,,,,
5400,MacKewnie,0,0,MacEwan,,,,,
5401,MacKewin,0,0,MacEwan,,,,,
5402,MacKewyne,0,0,MacEwan,,,,,
5403,MacKevin,0,0,MacEwan,,,,,
5404,MacKuenn,0,0,MacEwan,,,,,
5405,MacKuinn,0,0,MacEwan,,,,,
5406,MacKone,0,0,MacEwan,,,,,
5407,MacYewin,0,0,MacEwan,,,,,
5408,MacYwene,0,0,MacEwan,,,,,
5409,MacYowin,0,0,MacEwan,,,,,
5410,Makewn,0,0,MacEwan,,,,,
5411,Yewnsoun,0,0,MacEwan,,,,,
5412,Keown,0,0,MacEwan,,,,,
5413,Makcvne,0,0,MacEwan,,,,,
5414,Makcune,0,0,MacEwan,,,,,
5415,MacKune,0,0,MacEwan,,,,,
5416,MacKoen,0,0,MacEwan,,,,,
5417,MacKeown,0,0,MacEwan,,,,,
5418,MacKeon,0,0,MacEwan,,,,,
5419,MacKeowan,0,0,MacEwan,,,,,
5420,Faubus,0,0,Forbes,,,,,
5421,Fobes,0,0,Forbes,,,,,
5422,Forbush,0,0,Forbes,,,,,
5423,Fordice,0,0,Forbes,,,,,
5424,Furbush,0,0,Forbes,,,,,
5425,Fordyse,0,0,Forbes,,,,,
5426,Ffordyce,0,0,Forbes,,,,,
5427,Fordise,0,0,Forbes,,,,,
5428,Fordys,0,0,Forbes,,,,,
5429,Foirdyse,0,0,Forbes,,,,,
5430,MacCowatt,0,0,Watson,,,,,
5431,MacHouat,0,0,Watson,,,,,
5432,MacHuat,0,0,Watson,,,,,
5433,MacKwatt,0,0,Watson,,,,,
5434,MacVat,0,0,Watson,,,,,
5435,MacWete,0,0,Watson,,,,,
5436,MacWatte,0,0,Watson,,,,,
5437,MacWat,0,0,Watson,,,,,
5438,Makwete,0,0,Watson,,,,,
5439,Makwat,0,0,Watson,,,,,
5440,MacWatty,0,0,Watson,,,,,
5441,MacWattie,0,0,Watt,,,,,
5441,MacWattie,0,0,Watson,,,,,
5442,Makwatty,0,0,Watson,,,,,
5443,Watty,0,0,Watson,,,,,
5444,MacQuatty,0,0,Watson,,,,,
5445,MacOuat,0,0,Watson,,,,,
5446,MacOwat,0,0,Watson,,,,,
5447,Michie,0,0,Mitchell,"Mechie,Mekie,Meechie,Michieson",,,,
5448,Mechie,0,0,Michie,,,,,
5449,Mekie,0,0,Michie,,,,,
5450,Meechie,0,0,Michie,,,,,
5451,Michieson,0,0,Michie,,,,,
5452,Colville,1,0,,"Colvil,Colvel,Colvile,Colvill,Collvill,Collville,Colleville,Colvell,Colveill,Coleville,Colvylle,Colven,Colevil,MacColeville,MacColvill",,,,
5453,Colvil,0,0,Colville,,,,,
5454,Colvel,0,0,Colville,,,,,
5455,Colvile,0,0,Colville,,,,,
5456,Colvill,0,0,Colville,,,,,
5457,Collvill,0,0,Colville,,,,,
5458,Collville,0,0,Colville,,,,,
5459,Colleville,0,0,Colville,,,,,
5460,Colvell,0,0,Colville,,,,,
5461,Colveill,0,0,Colville,,,,,
5462,Coleville,0,0,Colville,,,,,
5463,Colvylle,0,0,Colville,,,,,
5464,Colven,0,0,Colville,,,,,
5465,Colevil,0,0,Colville,,,,,
5466,MacColeville,0,0,Colville,,,,,
5467,MacColvill,0,0,Colville,,,,,
5468,MacConnal,0,0,MacConnell,,,,,
5470,Buchan,1,0,,"Buqahan,Buccan,Buchane,Bucchan,Bochane,Bughan,Bucchaine,Boghan",,,,
5471,Buqahan,0,0,Buchan,,,,,
5472,Buccan,0,0,Buchan,,,,,
5473,Buchane,0,0,Buchan,,,,,
5474,Bucchan,0,0,Buchan,,,,,
5475,Bochane,0,0,Buchan,,,,,
5476,Bughan,0,0,Buchan,,,,,
5477,Bucchaine,0,0,Buchan,,,,,
5478,Boghan,0,0,Buchan,,,,,
5479,Roberson,0,0,Robertson,,,,,
5480,Collier,0,0,,"Coalyear,Coilzear,Colliar,Collyar,Colyeer,Colyer,Colzear,Coolyear",,,,
5481,Coalyear,0,0,Collier,,,,,
5482,Coilzear,0,0,Collier,,,,,
5483,Colliar,0,0,Collier,,,,,
5484,Collyar,0,0,Collier,,,,,
5485,Colyeer,0,0,Collier,,,,,
5486,Colyer,0,0,Collier,,,,,
5487,Colzear,0,0,Collier,,,,,
5488,Coolyear,0,0,Collier,,,,,
5489,MacConchie,0,0,MacDonagh,,,,,
5490,MacConechy,0,0,MacDonagh,,,,,
5491,MacConich,0,0,MacDonagh,,,,,
5492,MacConnechy,0,0,MacDonagh,,,,,
5493,MacConnochie,0,0,MacDonagh,,,,,
5494,MacConochie,0,0,MacDonagh,,,,,
5495,MacDonachie,0,0,MacDonagh,,,,,
5496,MacOnachie,0,0,MacDonagh,,,,,
5497,MacChonachy,0,0,MacDonagh,,,,,
5498,MacConachy,0,0,MacDonagh,,,,,
5499,MacConaghy,0,0,MacDonagh,,,,,
5500,MacConche,0,0,MacDonagh,,,,,
5501,MacConchy,0,0,MacDonagh,,,,,
5502,MacCondach,0,0,MacDonagh,,,,,
5503,MacCondachie,0,0,MacDonagh,,,,,
5504,MacCondachy,0,0,MacDonagh,,,,,
5505,MacCondochie,0,0,MacDonagh,,,,,
5506,MacCondoquhy,0,0,MacDonagh,,,,,
5507,MacConechie,0,0,MacDonagh,,,,,
5508,MacConiquhy,0,0,MacDonagh,,,,,
5509,MacConkey,0,0,MacDonagh,,,,,
5510,MacConnachie,0,0,MacDonagh,,,,,
5511,MacConnaghy,0,0,MacDonagh,,,,,
5512,MacConnchye,0,0,MacDonagh,,,,,
5513,MacConnechie,0,0,MacDonagh,,,,,
5514,MacConnichie,0,0,MacDonagh,,,,,
5515,MacConnoquhy,0,0,MacDonagh,,,,,
5516,MacConnquhy,0,0,MacDonagh,,,,,
5517,MacConochey,0,0,MacDonagh,,,,,
5518,MacConoughey,0,0,MacDonagh,,,,,
5519,MacConquhie,0,0,MacDonagh,,,,,
5520,MacConquhy,0,0,MacDonagh,,,,,
5521,MacConquy,0,0,MacDonagh,,,,,
5522,MacDhonchaidh,0,0,MacDonagh,,,,,
5523,MacDhonnachie,0,0,MacDonagh,,,,,
5524,MacKchonchie,0,0,MacDonagh,,,,,
5525,MacKondachy,0,0,MacDonagh,,,,,
5526,MacKonochie,0,0,MacDonagh,,,,,
5527,MacKunuchie,0,0,MacDonagh,,,,,
5528,MacOnachy,0,0,MacDonagh,,,,,
5529,MacOnchie,0,0,MacDonagh,,,,,
5530,MacOndochie,0,0,MacDonagh,,,,,
5531,MacOndoquhy,0,0,MacDonagh,,,,,
5532,MacOnechy,0,0,MacDonagh,,,,,
5533,MacOnochie,0,0,MacDonagh,,,,,
5534,MacOnohie,0,0,MacDonagh,,,,,
5535,Donnaghy,0,0,MacDonagh,,,,,
5536,Donaghy,0,0,MacDonagh,,,,,
5537,Donnachie,0,0,MacDonagh,,,,,
5538,Donnchad,0,0,MacDonagh,,,,,
5539,Donnchadh,0,0,MacDonagh,,,,,
5540,Donnchaidh,0,0,MacDonagh,,,,,
5541,Duncanson,0,0,,"Duncaneson,Duncanus,Dunckiesone,Dunkanson,Dunkansoun,Dunkeson,Dunkesone,Dunkesoun,Dunkinssone,Dunkysoun",,,,
5542,Duncaneson,0,0,Duncanson,,,,,
5543,Duncanus,0,0,Duncanson,,,,,
5544,Dunckiesone,0,0,Duncanson,,,,,
5545,Duncane,0,0,Duncan,,,,,
5546,Dunchad,0,0,Duncan,,,,,
5547,Dunckane,0,0,Duncan,,,,,
5548,Dunecan,0,0,Duncan,,,,,
5549,Dunecanus,0,0,Duncan,,,,,
5550,Dunkan,0,0,Duncan,,,,,
5551,Dunkane,0,0,Duncan,,,,,
5552,Read,0,0,Reid,,,,,
5553,Reade,0,0,Reid,,,,,
5554,Red,0,0,Reid,,,,,
5555,Rede,0,0,Reid,,,,,
5556,Reede,0,0,Reid,,,,,
5557,Reide,0,0,Reid,,,,,
5558,Reyd,0,0,Reid,,,,,
5559,Rid,0,0,Reid,,,,,
5560,Ride,0,0,Reid,,,,,
5561,Tonnochy,0,0,,Tonnoch,,,,
5562,Tonnoch,0,0,Tonnochy,,,,,
5563,Rabbe,0,0,Robb,,,,,
5564,Rob,0,0,Robb,,,,,
5565,Robe,0,0,Robb,,,,,
5566,Robie,0,0,Robb,,,,,
5567,Roby,0,0,Robb,,,,,
5568,Robye,0,0,Robb,,,,,
5569,Makchonachy,0,0,MacDonagh,,,,,
5570,Makconchie,0,0,MacDonagh,,,,,
5571,Makconoch,0,0,MacDonagh,,,,,
5572,MacLaggen,0,0,MacLaggan,,,,,
5573,MacLagine,0,0,MacLaggan,,,,,
5574,MacLaglan,0,0,MacLaggan,,,,,
5575,MacLaglen,0,0,MacLaggan,,,,,
5576,MacLagone,0,0,MacLaggan,,,,,
5577,MacLugane,0,0,MacLaggan,,,,,
5578,Makclaggan,0,0,MacLaggan,,,,,
5579,Makonoquhy,0,0,MacDonagh,,,,,
5580,Stark,0,0,,"Starke,Sterk,Stirk",,,,
5581,Starke,0,0,Stark,,,,,
5582,Sterk,0,0,Stark,,,,,
5583,Stirk,0,0,Stark,,,,,
5584,MacGlagan,0,0,MacLaggan,,,,,
5585,MacKlagan,0,0,MacLaggan,,,,,
5586,MacLagain,0,0,MacLaggan,,,,,
5587,MacLagane,0,0,MacLaggan,,,,,
5588,MacClagan,0,0,MacLaggan,,,,,
5589,MacClagane,0,0,MacLaggan,,,,,
5590,MacClagnan,0,0,MacLaggan,,,,,
5591,MacClaugan,0,0,MacLaggan,,,,,
5592,MacConacher,0,0,MacDonagh,,,,,
5593,MacConcher,0,0,MacDonagh,,,,,
5594,MacConnacher,0,0,MacDonagh,,,,,
5595,MacConquhar,0,0,MacDonagh,,,,,
5596,MacCrobert,0,0,MacDonagh,,,,,
5597,MacDonach,0,0,MacDonagh,,,,,
5598,MacDonachy,0,0,MacDonagh,,,,,
5599,MacDonchy,0,0,MacDonagh,,,,,
5600,MacDonnach,0,0,MacDonagh,,,,,
5601,MacDonnchaidh,0,0,MacDonagh,,,,,
5602,MacDonochie,0,0,MacDonagh,,,,,
5603,MacDonough,0,0,MacDonagh,,,,,
5604,MacDonquhy,0,0,MacDonagh,,,,,
5605,MacDouagh,0,0,MacDonagh,,,,,
5606,MacHonichy,0,0,MacDonagh,,,,,
5607,MacInechy,0,0,MacDonagh,,,,,
5608,Dunkanson,0,0,Duncanson,,,,,
5609,Dunkansoun,0,0,Duncanson,,,,,
5610,Dunkeson,0,0,Duncanson,,,,,
5611,Dunkesone,0,0,Duncanson,,,,,
5612,Dunkesoun,0,0,Duncanson,,,,,
5613,Dunkinssone,0,0,Duncanson,,,,,
5614,Dunkysoun,0,0,Duncanson,,,,,
5615,MacGilleglash,0,0,MacGlashan,,,,,
5616,MacGlashen,0,0,MacGlashan,,,,,
5617,MacGlashin,0,0,MacGlashan,,,,,
5618,MacGlassan,0,0,MacGlashan,,,,,
5619,MacGlassin,0,0,MacGlashan,,,,,
5620,MacGlasson,0,0,MacGlashan,,,,,
5621,MacIlleglass,0,0,MacGlashan,,,,,
5622,MacKglesson,0,0,MacGlashan,,,,,
5623,Galashan,0,0,MacGlashan,,,,,
5624,Glashan,0,0,MacGlashan,,,,,
5625,Glashen,0,0,MacGlashan,,,,,
5626,Glashin,0,0,MacGlashan,,,,,
5627,Steuarde,0,0,Stewart,,,,,
5628,Steuarte,0,0,Stewart,,,,,
5629,Steward,0,0,Stewart,,,,,
5630,Stiuard,0,0,Stewart,,,,,
5631,Stiubhard,0,0,Stewart,,,,,
5632,Stiward,0,0,Stewart,,,,,
5633,Stuard,0,0,Stewart,,,,,
5634,Stuarde,0,0,Stewart,,,,,
5635,Stuerd,0,0,Stewart,,,,,
5636,Stuward,0,0,Stewart,,,,,
5637,Steuard,0,0,Stewart,,,,,
5638,Steuart,0,0,Stewart,,,,,
5639,MacLey,0,0,MacLeay,,,,,
5640,Makley,0,0,MacLeay,,,,,
5641,MacAnally,0,0,MacInally,,,,,
5642,MacAnnally,0,0,MacInally,,,,,
5643,MacCannally,0,0,MacInally,,,,,
5644,Sproul,0,0,,"Sproule,Sprowl,Spruill,Spruyle,Spruylle",,,,
5645,Sproule,0,0,Sproul,,,,,
5646,Sprowl,0,0,Sproul,,,,,
5647,Spruill,0,0,Sproul,,,,,
5648,Spruyle,0,0,Sproul,,,,,
5649,Spruylle,0,0,Sproul,,,,,
5650,MacGarrow,0,0,,"Garro,Garroch,Gerrow",,,,
5651,Garro,0,0,MacGarrow,,,,,
5652,Garroch,0,0,MacGarrow,,,,,
5653,Gerrow,0,0,MacGarrow,,,,,
5654,Glay,0,0,MacLeay,,,,,
5655,Gley,0,0,MacLeay,,,,,
5656,Galloway,1,0,,"Gallaway,Gallouay,Gallowaye,Gallowey,Galoway,Galowey",,,,
5657,Gallaway,0,0,Galloway,,,,,
5658,Gallouay,0,0,Galloway,,,,,
5659,Gallowaye,0,0,Galloway,,,,,
5660,Gallowey,0,0,Galloway,,,,,
5661,Galoway,0,0,Galloway,,,,,
5662,Galowey,0,0,Galloway,,,,,
5663,MacGillemhicheil,0,0,,,,,,
5665,MacGillemichel,0,0,,,,,,
5666,MacGillemitchell,0,0,,,,,,
5667,MacGillemithel,0,0,,,,,,
5668,MacGillimichael,0,0,,,,,,
5669,MacGillmichell,0,0,,,,,,
5670,MacGillmitchell,0,0,,,,,,
5671,MacGilmichal,0,0,,,,,,
5672,MacGilmichel,0,0,,,,,,
5673,MacIlmichael,0,0,,,,,,
5674,MacIlmichaell,0,0,,,,,,
5675,MacIlmichall,0,0,,,,,,
5676,MacIlmichell,0,0,,,,,,
5677,MacKillimichael,0,0,,,,,,
5678,MacKillmichaell,0,0,,,,,,
5679,MacKilmichael,0,0,,,,,,
5680,MacKilmichel,0,0,,,,,,
5681,MacMicheil,0,0,,,,,,
5682,MacMichell,0,0,,,,,,
5683,MacMitchel,0,0,,,,,,
5684,MacMitchell,0,0,,,,,,
5685,MacMychel,0,0,,,,,,
5686,MacMychele,0,0,,,,,,
5687,MacOlmichaell,0,0,,,,,,
5688,Makgillemichell,0,0,,,,,,
5689,Makgilmichel,0,0,,,,,,
5690,Makmychell,0,0,,,,,,
5691,MacCloy,0,0,MacLeay,,,,,
5692,Lyle,1,0,,Lisle,,,,
5693,Lisle,0,0,Lyle,,,,,
5694,MacLae,0,0,MacLeay,,,,,
5695,MacLea,1,0,MacLeay,,,,,
5696,MacLaruan,0,0,MacLaren,,,,,
5697,MacLauren,0,0,MacLaren,,,,,
5698,MacLaurie,0,0,MacLaren,,,,,
5699,MacLaurin,0,0,MacLaren,,,,,
5700,MacLeran,0,0,MacLaren,,,,,
5701,MacLaran,0,0,MacLaren,,,,,
5703,MacLarin,0,0,MacLaren,,,,,
5706,MacClarin,0,0,MacLaren,,,,,
5707,Faed,0,0,,"Fade,Faid,Fead,Feid,Fied",,,,
5708,Fade,0,0,Faed,,,,,
5709,Faid,0,0,Faed,,,,,
5710,Fead,0,0,Faed,,,,,
5711,Feid,0,0,Faed,,,,,
5712,Fied,0,0,Faed,,,,,
5713,Patersone,0,0,Paterson,,,,,
5714,Patersoun,0,0,Paterson,,,,,
5715,Patersoune,0,0,Paterson,,,,,
5716,Patesone,0,0,Paterson,,,,,
5717,Patheson,0,0,Paterson,,,,,
5718,Pathruig,0,0,Paterson,,,,,
5719,Patieson,0,0,Paterson,,,,,
5720,Patirsone,0,0,Paterson,,,,,
5721,Patirsoun,0,0,Paterson,,,,,
5722,Patison,0,0,Paterson,,,,,
5723,Patisone,0,0,Paterson,,,,,
5724,Patisoune,0,0,Paterson,,,,,
5725,Pattinson,0,0,Paterson,,,,,
5726,Pattison,0,0,Paterson,,,,,
5727,Pattisoune,0,0,Paterson,,,,,
5728,Pattowsone,0,0,Paterson,,,,,
5729,Pait,0,0,Paton,,,,,
5730,Paitt,0,0,Paton,,,,,
5731,Patair,0,0,Paton,,,,,
5732,Pate,0,0,Paton,,,,,
5733,Patric,0,0,Paton,,,,,
5734,Pattie,0,0,Paton,,,,,
5735,Pattounsoun,0,0,Paton,,,,,
5736,Paty,0,0,Paton,,,,,
5737,Patynson,0,0,Paton,,,,,
5738,Patyrson,0,0,Paton,,,,,
5739,Pawtonsoun,0,0,Paton,,,,,
5740,Peathine,0,0,Paton,,,,,
5741,Pedair,0,0,Paton,,,,,
5742,Pedan,0,0,Paton,,,,,
5743,Pedden,0,0,Paton,,,,,
5744,Pedin,0,0,Paton,,,,,
5745,Smeayth,0,0,Smith,,,,,
5746,Smyith,0,0,Smith,,,,,
5747,Smyithe,0,0,Smith,,,,,
5748,Smyth,0,0,Smith,,,,,
5749,Smythe,0,0,Smith,,,,,
5750,Clarkson,0,0,,"Clercsone,Clerkson,Clerksone,Clerksoun,Clerksson,Clearkson,Clarksone",,,,
5751,Clercsone,0,0,Clarkson,,,,,
5752,Clerkson,0,0,Clarkson,,,,,
5753,Clerksone,0,0,Clarkson,,,,,
5754,Clerksoun,0,0,Clarkson,,,,,
5755,Clerksson,0,0,Clarkson,,,,,
5756,Clarke,0,0,Clark,,,,,
5757,Cleric,0,0,Clark,,,,,
5758,Clerie,0,0,Clark,,,,,
5759,Couric,0,0,Currie,,,,,
5760,Curie,0,0,Currie,,,,,
5761,Curray,0,0,Currie,,,,,
5762,Curre,0,0,Currie,,,,,
5763,Curri,0,0,Currie,,,,,
5764,Currye,0,0,Currie,,,,,
5765,Feresoun,0,0,MacPherson,,,,,
5766,Ferson,0,0,MacPherson,,,,,
5767,Galeaspe,0,0,Gillespie,,,,,
5768,Ghillaspic,0,0,Gillespie,,,,,
5769,Gilasp,0,0,Gillespie,,,,,
5770,Gilaspy,0,0,Gillespie,,,,,
5771,Gilhaspy,0,0,Gillespie,,,,,
5772,Gilhespy,0,0,Gillespie,,,,,
5773,Gilispie,0,0,Gillespie,,,,,
5774,Gillaspik,0,0,Gillespie,,,,,
5775,Gillaspy,0,0,Gillespie,,,,,
5776,Gillespey,0,0,Gillespie,,,,,
5777,Gellas,0,0,Gillies,,,,,
5778,Gilies,0,0,Gillies,,,,,
5779,Gilise,0,0,Gillies,,,,,
5780,Gillas,0,0,Gillies,,,,,
5781,Gilleis,0,0,Gillies,,,,,
5782,Gilles,0,0,Gillies,,,,,
5783,Gillice,0,0,Gillies,,,,,
5784,Gilliosa,0,0,Gillies,,,,,
5785,Gillise,0,0,Gillies,,,,,
5786,Gilliss,0,0,Gillies,,,,,
5787,Gylis,0,0,Gillies,,,,,
5788,Gyllis,0,0,Gillies,,,,,
5789,Gove,0,0,Gow,,,,,
5790,Gowen,0,0,Gow,,,,,
5791,Gowie,0,0,Gow,,,,,
5792,Gowin,0,0,Gow,,,,,
5793,MacA'phearsain,0,0,MacPherson,,,,,
5794,MacA'phearsoin,0,0,MacPherson,,,,,
5795,MacElpersoun,0,0,MacPherson,,,,,
5796,MacFarsane,0,0,MacPherson,,,,,
5797,MacFarsne,0,0,MacPherson,,,,,
5798,MacFarson,0,0,MacPherson,,,,,
5799,MacFerson,0,0,MacPherson,,,,,
5800,MacFersoune,0,0,MacPherson,,,,,
5801,MacForsoun,0,0,MacPherson,,,,,
5802,MacInferson,0,0,MacPherson,,,,,
5803,MacKilferson,0,0,MacPherson,,,,,
5804,MacKinfarsoun,0,0,MacPherson,,,,,
5805,MacKperson,0,0,MacPherson,,,,,
5806,MacKpharsone,0,0,MacPherson,,,,,
5807,MacPearson,0,0,MacPherson,,,,,
5808,MacPerson,0,0,MacPherson,,,,,
5809,MacPersone,0,0,MacPherson,,,,,
5810,MacPersonn,0,0,MacPherson,,,,,
5811,MacPharson,0,0,MacPherson,,,,,
5812,MacPhearson,0,0,MacPherson,,,,,
5813,MacPhersen,0,0,MacPherson,,,,,
5814,MacPhersone,0,0,MacPherson,,,,,
5815,Makfersoun,0,0,MacPherson,,,,,
5816,Makferssoun,0,0,MacPherson,,,,,
5817,Makimpersone,0,0,MacPherson,,,,,
5818,Makphersone,0,0,MacPherson,,,,,
5819,Makynparsone,0,0,MacPherson,,,,,
5820,MacChlery,0,0,,"MacAleerie,MacChlerich,MacClearey,MacCleche,MacClerie,MacClery,MacEleary,MacInclerich,MacInclerie,MacInclerycht,MacKleiry,MacLeerie,MacLerich,Maklearie,MacClerich,Cleary,Clerach,MacCleriche,MacClirie,MacClurich",,,,
5821,MacAleerie,0,0,MacChlery,,,,,
5822,MacChlerich,0,0,MacChlery,,,,,
5823,MacClearey,0,0,MacChlery,,,,,
5824,MacCleche,0,0,MacChlery,,,,,
5825,MacClerie,0,0,MacChlery,,,,,
5826,MacClery,0,0,MacChlery,,,,,
5827,MacEleary,0,0,MacChlery,,,,,
5828,Pairsone,0,0,Pearson,,,,,
5829,Pearsain,0,0,Pearson,,,,,
5830,Pearsone,0,0,Pearson,,,,,
5831,Peirson,0,0,Pearson,,,,,
5832,Peirsond,0,0,Pearson,,,,,
5833,Peirsonde,0,0,Pearson,,,,,
5834,Peirsone,0,0,Pearson,,,,,
5835,Peirsoun,0,0,Pearson,,,,,
5836,Peirsound,0,0,Pearson,,,,,
5837,Peirsounde,0,0,Pearson,,,,,
5838,Peresone,0,0,Pearson,,,,,
5839,Perison,0,0,Pearson,,,,,
5840,Perisone,0,0,Pearson,,,,,
5841,Persone,0,0,Pearson,,,,,
5842,Persoun,0,0,Pearson,,,,,
5843,Peryson,0,0,Pearson,,,,,
5844,Perysoun,0,0,Pearson,,,,,
5845,Peyrson,0,0,Pearson,,,,,
5846,Peyrsoune,0,0,Pearson,,,,,
5847,Pieresone,0,0,Pearson,,,,,
5848,Pierson,0,0,Pearson,,,,,
5849,Pirieson,0,0,Pearson,,,,,
5850,Piriesoun,0,0,Pearson,,,,,
5851,Versen,0,0,Pearson,,,,,
5852,MacMurrich,0,0,,"Makmurthe,Makvirriche,Muireach,Muireadhach,MacMhuireadhaigh,MacMhuirich,MacMhuirrich,MacMuiredhaigh,MacMuiredhuigh,MacMuirigh,MacMurriche,MacMurrycht,MacUrich,MacVarraich,MacVarrich,MacVeirrich,MacVirrich,MacVirriche,MacVoerich,MacVorich,MacVoriche,MacVorrich,MacVourich,MacVurie,MacVuririch,MacVurriche,MacMuirich,MacMurich,MacBurrich,MacBurie,MacKurrich,MacMhourich,MacOurich,MacVurich,MacVurirch",,,,
5853,Makmurthe,0,0,MacMurrich,,,,,
5854,Makvirriche,0,0,MacMurrich,,,,,
5855,Muireach,0,0,MacMurrich,,,,,
5856,Muireadhach,0,0,MacMurrich,,,,,
5857,MacMhuireadhaigh,0,0,MacMurrich,,,,,
5858,MacMhuirich,0,0,MacMurrich,,,,,
5859,MacMhuirrich,0,0,MacMurrich,,,,,
5860,MacMuiredhaigh,0,0,MacMurrich,,,,,
5861,MacMuiredhuigh,0,0,MacMurrich,,,,,
5862,MacMuirigh,0,0,MacMurrich,,,,,
5863,MacMurriche,0,0,MacMurrich,,,,,
5864,MacMurrycht,0,0,MacMurrich,,,,,
5865,MacUrich,0,0,MacMurrich,,,,,
5866,MacVarraich,0,0,MacMurrich,,,,,
5867,MacVarrich,0,0,MacMurrich,,,,,
5868,MacVeirrich,0,0,MacMurrich,,,,,
5869,MacVirrich,0,0,MacMurrich,,,,,
5870,MacVirriche,0,0,MacMurrich,,,,,
5871,MacVoerich,0,0,MacMurrich,,,,,
5872,MacVorich,0,0,MacMurrich,,,,,
5873,MacVoriche,0,0,MacMurrich,,,,,
5874,MacVorrich,0,0,MacMurrich,,,,,
5875,MacVourich,0,0,MacMurrich,,,,,
5876,MacVurie,0,0,MacMurrich,,,,,
5877,MacVuririch,0,0,MacMurrich,,,,,
5878,MacVurriche,0,0,MacMurrich,,,,,
5879,Makfarson,0,0,MacPherson,,,,,
5880,Makfassane,0,0,MacPherson,,,,,
5881,Makfersan,0,0,MacPherson,,,,,
5882,Makfersone,0,0,MacPherson,,,,,
5883,Tayllur,0,0,Taylor,,,,,
5884,Taylowre,0,0,Taylor,,,,,
5885,Taylyour,0,0,Taylor,,,,,
5886,Telyour,0,0,Taylor,,,,,
5887,Tayler,0,0,Taylor,,,,,
5888,Tayliour,0,0,Taylor,,,,,
5889,Taillor,0,0,Taylor,,,,,
5890,Taillyer,0,0,Taylor,,,,,
5891,Taylyhour,0,0,Taylor,,,,,
5892,Tayleur,0,0,Taylor,,,,,
5893,Tailliour,0,0,Taylor,,,,,
5894,Talzior,0,0,Taylor,,,,,
5895,Talzeor,0,0,Taylor,,,,,
5896,Taillur,0,0,Taylor,,,,,
5897,Talyhour,0,0,Taylor,,,,,
5898,Taillzier,0,0,Taylor,,,,,
5899,Talzour,0,0,Taylor,,,,,
5900,Tailleur,0,0,Taylor,,,,,
5901,Tailer,0,0,Taylor,,,,,
5902,Tailyeour,0,0,Taylor,,,,,
5903,Talyeor,0,0,Taylor,,,,,
5904,Tailzer,0,0,Taylor,,,,,
5905,Tailzieor,0,0,Taylor,,,,,
5906,Tailzieour,0,0,Taylor,,,,,
5907,Tyllour,0,0,Taylor,,,,,
5908,Cambrin,0,0,Cameron,,,,,
5909,Camron,0,0,Cameron,,,,,
5910,Camrone,0,0,Cameron,,,,,
5911,Camroun,0,0,Cameron,,,,,
5912,Camrowne,0,0,Cameron,,,,,
5913,Camrun,0,0,Cameron,,,,,
5914,Cameronne,0,0,Cameron,,,,,
5915,Cambrone,0,0,Cameron,,,,,
5916,Cambernon,0,0,Cameron,,,,,
5917,Cammeron,0,0,Cameron,,,,,
5918,Camirun,0,0,Cameron,,,,,
5919,Clearkson,0,0,Clarkson,,,,,
5920,Clarksone,0,0,Clarkson,,,,,
5921,Chalmers,1,0,,"Chalmour,Chalmer,Challmers,Chalmbers,Chalmyr,Chamer,Chamber,Chamyr,Chalmair,Chaumer,Chamers,Chalmairs",,"scottish,english,welsh,irish",,
5922,Chalmour,0,0,Chalmers,,,,,
5923,Chalmer,0,0,Chalmers,,,,,
5924,Challmers,0,0,Chalmers,,,,,
5925,Chalmbers,0,0,Chalmers,,,,,
5926,Chalmyr,0,0,Chalmers,,,,,
5927,Chamer,0,0,Chalmers,,,,,
5928,Chamber,0,0,Chalmers,,,,,
5929,Chamyr,0,0,Chalmers,,,,,
5930,Chalmair,0,0,Chalmers,,,,,
5931,Fall,0,0,MacPhail,,,,,
5932,Fail,0,0,MacPhail,,,,,
5933,Nickphaile,0,0,MacPhail,,,,,
5934,Pole,0,0,MacPhail,,,,,
5935,Claerk,0,0,Clark,,,,,
5936,Gilruth,0,0,,"Gilruff,Gelruth,Gilleroth,Gilrouth,Gilrooff,Gilrowth,Gilreith,Gillreith,Gylruth,Gylleroch,Gilrucht,Gilrod,Gilroth,Gilrooth",,,,
5937,Gilruff,0,0,Gilruth,,,,,
5938,Gelruth,0,0,Gilruth,,,,,
5939,Gilleroth,0,0,Gilruth,,,,,
5940,Gilrouth,0,0,Gilruth,,,,,
5941,Gilrooff,0,0,Gilruth,,,,,
5942,Gilrowth,0,0,Gilruth,,,,,
5943,Gilreith,0,0,Gilruth,,,,,
5944,Gillreith,0,0,Gilruth,,,,,
5945,Gylruth,0,0,Gilruth,,,,,
5946,Gylleroch,0,0,Gilruth,,,,,
5947,Chaumer,0,0,Chalmers,,,,,
5948,MacMartin,0,0,,"MacGillemartin,MacGillemertin,MacGilmartine,MacIlmartine,MacIlmertin,MacKillmartine,MacMertene,MacMertein,MacMertin,Mairtin,Makmartin,MacMarten,MacMartyne,MacMartun,Martine,Martyn,Martein,Martyne",,,,
5949,MacGillemartin,0,0,MacMartin,,,,,
5950,MacGillemertin,0,0,MacMartin,,,,,
5951,MacGilmartine,0,0,MacMartin,,,,,
5952,MacIlmartine,0,0,MacMartin,,,,,
5953,MacIlmertin,0,0,MacMartin,,,,,
5954,MacKillmartine,0,0,MacMartin,,,,,
5955,MacMertene,0,0,MacMartin,,,,,
5956,MacMertein,0,0,MacMartin,,,,,
5957,MacMertin,0,0,MacMartin,,,,,
5958,Mairtin,0,0,MacMartin,,,,,
5959,Makmartin,0,0,MacMartin,,,,,
5960,MacMarten,0,0,MacMartin,,,,,
5961,MacMartyne,0,0,MacMartin,,,,,
5962,MacMartun,0,0,MacMartin,,,,,
5963,Martine,0,0,MacMartin,,,,,
5964,Martyn,0,0,Martin,,,,,
5964,Martyn,0,0,MacMartin,,,,,
5965,Martein,0,0,MacMartin,,,,,
5966,Martyne,0,0,MacMartin,,,,,
5967,MacSorley,0,0,,"MacSorle,MacSorlle,MacSoirle,MacSorrle,MacSouarl,MacSorrill,MacSorll,Soirlie,Serle,Sorill,Surly,Sorlet,Surley,Surleus,Surlay,Sorlle,Sorll,Sorrie,Sourle,Sorleyson,MacSorlie,Sorlie",,,,
5968,MacSorle,0,0,MacSorley,,,,,
5969,MacSorlle,0,0,MacSorley,,,,,
5970,MacSoirle,0,0,MacSorley,,,,,
5971,MacSorrle,0,0,MacSorley,,,,,
5972,MacSouarl,0,0,MacSorley,,,,,
5973,MacSorrill,0,0,MacSorley,,,,,
5974,MacSorll,0,0,MacSorley,,,,,
5975,Soirlie,0,0,MacSorley,,,,,
5976,Serle,0,0,MacSorley,,,,,
5977,Sorill,0,0,MacSorley,,,,,
5978,Surly,0,0,MacSorley,,,,,
5979,Sorlet,0,0,MacSorley,,,,,
5980,Surley,0,0,MacSorley,,,,,
5981,Surleus,0,0,MacSorley,,,,,
5982,Surlay,0,0,MacSorley,,,,,
5983,Sorlle,0,0,MacSorley,,,,,
5984,Sorll,0,0,MacSorley,,,,,
5985,Sorrie,0,0,MacSorley,,,,,
5986,Sourle,0,0,MacSorley,,,,,
5987,Sorleyson,0,0,MacSorley,,,,,
5988,MacSorlie,0,0,MacSorley,,,,,
5989,Gilrucht,0,0,Gilruth,,,,,
5990,Gilrod,0,0,Gilruth,,,,,
5991,Gilroth,0,0,Gilruth,,,,,
5992,Gilrooth,0,0,Gilruth,,,,,
5993,Mordac,0,0,Murdoch,,,,,
5994,Mordake,0,0,Murdoch,,,,,
5995,Mordik,0,0,Murdoch,,,,,
5996,Mordoc,0,0,Murdoch,,,,,
5997,Mordok,0,0,Murdoch,,,,,
5998,Mordyk,0,0,Murdoch,,,,,
5999,Moreduc,0,0,Murdoch,,,,,
6000,Morthaich,0,0,Murdoch,,,,,
6001,Mourdac,0,0,Murdoch,,,,,
6002,Muiredach,0,0,Murdoch,,,,,
6003,Murdac,0,0,Murdoch,,,,,
6004,Murdak,0,0,Murdoch,,,,,
6005,Murdoc,0,0,Murdoch,,,,,
6006,Murdy,0,0,Murdoch,,,,,
6007,Murreich,0,0,Murdoch,,,,,
6008,Murthac,0,0,Murdoch,,,,,
6009,Murthak,0,0,Murdoch,,,,,
6010,Murdaugh,0,0,Murdoch,,,,,
6011,Murdo,0,0,Murdoch,,,,,
6012,Murdock,0,0,Murdoch,,,,,
6013,Cattanach,0,0,,"Caidh,Cananaich,Catan,Catanach,Catanache,Catanoch,Cate,Cathan,Catnach,Cattan,Cattanoch,Cattenach,Cattenoch,Ceiteach",,,,
6014,Caidh,0,0,Cattanach,,,,,
6015,Cananaich,0,0,Cattanach,,,,,
6016,Catan,0,0,Cattanach,,,,,
6017,Catanach,0,0,Cattanach,,,,,
6018,Catanache,0,0,Cattanach,,,,,
6019,Catanoch,0,0,Cattanach,,,,,
6020,Cate,0,0,Cattanach,,,,,
6021,Cathan,0,0,Cattanach,,,,,
6022,Catnach,0,0,Cattanach,,,,,
6023,Cattan,0,0,Cattanach,,,,,
6024,Cattanoch,0,0,Cattanach,,,,,
6025,Cattenach,0,0,Cattanach,,,,,
6026,Cattenoch,0,0,Cattanach,,,,,
6027,Ceiteach,0,0,Cattanach,,,,,
6028,MacInclerich,0,0,MacChlery,,,,,
6029,MacInclerie,0,0,MacChlery,,,,,
6030,MacInclerycht,0,0,MacChlery,,,,,
6031,MacKleiry,0,0,MacChlery,,,,,
6032,MacLeerie,0,0,MacChlery,,,,,
6033,MacLerich,0,0,MacChlery,,,,,
6034,Maklearie,0,0,MacChlery,,,,,
6035,MacClerich,0,0,MacChlery,,,,,
6036,Cleary,0,0,MacChlery,,,,,
6037,Clerach,0,0,MacChlery,,,,,
6038,MacCleriche,0,0,MacChlery,,,,,
6039,MacClirie,0,0,MacChlery,,,,,
6040,MacClurich,0,0,MacChlery,,,,,
6041,MacMuirich,0,0,MacMurrich,,,,,
6042,MacMurich,0,0,MacMurrich,,,,,
6043,MacBurrich,0,0,MacMurrich,,,,,
6044,MacBurie,0,0,MacMurrich,,,,,
6045,MacKurrich,0,0,MacMurrich,,,,,
6046,MacMhourich,0,0,MacMurrich,,,,,
6047,MacOurich,0,0,MacMurrich,,,,,
6048,MacVurich,0,0,MacMurrich,,,,,
6049,MacVurirch,0,0,MacMurrich,,,,,
6050,MacLeash,0,0,MacLeish,,,,,
6051,MacLeesh,0,0,MacLeish,,,,,
6052,MacLeich,0,0,MacLeish,,,,,
6053,MacLese,0,0,MacLeish,,,,,
6054,MacLess,0,0,MacLeish,,,,,
6055,MacLiss,0,0,MacLeish,,,,,
6056,Makleis,0,0,MacLeish,,,,,
6057,MacAlees,0,0,MacLeish,,,,,
6058,MacAliece,0,0,MacLeish,,,,,
6059,MacClees,0,0,MacLeish,,,,,
6060,MacCleiche,0,0,MacLeish,,,,,
6061,MacCleisch,0,0,MacLeish,,,,,
6062,MacCleishe,0,0,MacLeish,,,,,
6063,MacCleisich,0,0,MacLeish,,,,,
6064,MacClese,0,0,MacLeish,,,,,
6065,MacCleys,0,0,MacLeish,,,,,
6066,MacCliesh,0,0,MacLeish,,,,,
6067,MacColeis,0,0,MacLeish,,,,,
6068,MacColleis,0,0,MacLeish,,,,,
6069,MacHillies,0,0,MacLeish,,,,,
6070,MacIlees,0,0,MacLeish,,,,,
6071,MacIleish,0,0,MacLeish,,,,,
6072,MacIlishe,0,0,MacLeish,,,,,
6073,MacIllees,0,0,MacLeish,,,,,
6074,MacIlleese,0,0,MacLeish,,,,,
6075,MacIlleish,0,0,MacLeish,,,,,
6076,MacGleish,0,0,MacLeish,,,,,
6077,MacKethe,0,0,MacLeish,,,,,
6078,MacCracken,0,0,,"MacIlliduy,MacIllhuy,MacKildaiye,MacKeldey,MacKilday,MacAlduie,MacCachren,MacCarken,MacCrackan,MacCrackans,MacCrackens,MacCrackin,MacCrackins,MacCracktin,MacCracktine,MacCraken,MacCratic,MacCrocken,MacCrocklin,Makcrakan,Makcrakane,Makcraken,MacCraccan,MacCrachan,MacCrachen,MacCraikane,MacCrekan,MacCrekane,MacCrokane,MacKraken,MacKrekane,MacRac,MacRack,MacRacken,MacRackin,MacRagan,MacRaggan,MacReachain,MacReachan,MacRuck,MacRucke,MacGrachin,MacGrattan,MacGratten,MacGrattin,MacGreachain,MacGreachan,MacKracherne,Mannise",,,,
6079,MacIlliduy,0,0,MacCracken,,,,,
6080,MacIllhuy,0,0,MacCracken,,,,,
6081,MacKildaiye,0,0,MacCracken,,,,,
6082,MacKeldey,0,0,MacCracken,,,,,
6083,MacKilday,0,0,MacCracken,,,,,
6084,MacAlduie,0,0,MacCracken,,,,,
6085,MacNachtan,0,0,MacNaughton,,,,,
6086,MacNachten,0,0,MacNaughton,,,,,
6087,MacNachton,0,0,MacNaughton,,,,,
6088,MacNack,0,0,MacNaughton,,,,,
6089,MacNagen,0,0,MacNaughton,,,,,
6090,MacNaghtan,0,0,MacNaughton,,,,,
6091,MacNaghten,0,0,MacNaughton,,,,,
6092,MacNaghtin,0,0,MacNaughton,,,,,
6093,MacNaight,0,0,MacNaughton,,,,,
6094,MacNatt,0,0,MacNaughton,,,,,
6095,MacNattie,0,0,MacNaughton,,,,,
6096,MacNatton,0,0,MacNaughton,,,,,
6097,MacNatty,0,0,MacNaughton,,,,,
6098,MacNauchton,0,0,MacNaughton,,,,,
6099,MacNaugh,0,0,MacNaughton,,,,,
6100,MacNaught,0,0,MacNaughton,,,,,
6101,MacNaughtan,0,0,MacNaughton,,,,,
6102,MacNaughten,0,0,MacNaughton,,,,,
6103,MacNete,0,0,MacNaughton,,,,,
6104,MacNette,0,0,MacNaughton,,,,,
6105,MacNetten,0,0,MacNaughton,,,,,
6106,MacNetton,0,0,MacNaughton,,,,,
6107,MacNight,0,0,MacNaughton,,,,,
6108,MacNitt,0,0,MacNaughton,,,,,
6109,MacNorton,0,0,MacNaughton,,,,,
6110,MacNott,0,0,MacNaughton,,,,,
6111,MacNeight,0,0,MacNaughton,,,,,
6112,MacNought,0,0,MacNaughton,,,,,
6113,MacNoughtan,0,0,MacNaughton,,,,,
6114,MacNoughton,0,0,MacNaughton,,,,,
6115,MacNut,0,0,MacNaughton,,,,,
6116,MacNutt,0,0,MacNaughton,,,,,
6117,Nachtan,0,0,MacNaughton,,,,,
6118,Nachten,0,0,MacNaughton,,,,,
6119,Nactan,0,0,MacNaughton,,,,,
6120,Nacten,0,0,MacNaughton,,,,,
6121,Naghton,0,0,MacNaughton,,,,,
6122,Natton,0,0,MacNaughton,,,,,
6123,Naughten,0,0,MacNaughton,,,,,
6124,Naughtie,0,0,MacNaughton,,,,,
6125,Naughton,0,0,MacNaughton,,,,,
6126,Naughty,0,0,MacNaughton,,,,,
6127,Nechtan,0,0,MacNaughton,,,,,
6128,Nechten,0,0,MacNaughton,,,,,
6129,Nectan,0,0,MacNaughton,,,,,
6130,Necten,0,0,MacNaughton,,,,,
6131,Nought,0,0,MacNaughton,,,,,
6132,Nutt,0,0,MacNaughton,,,,,
6133,Manaugh,0,0,MacNaughton,,,,,
6134,MacKnaught,0,0,MacNaughton,,,,,
6135,MacKnaughtane,0,0,MacNaughton,,,,,
6136,MacKnawcht,0,0,MacNaughton,,,,,
6137,MacKnaycht,0,0,MacNaughton,,,,,
6138,MacKnayt,0,0,MacNaughton,,,,,
6139,MacNacht,0,0,MacNaughton,,,,,
6140,MacNachtane,0,0,MacNaughton,,,,,
6141,MacNachtin,0,0,MacNaughton,,,,,
6142,MacNaght,0,0,MacNaughton,,,,,
6143,MacNaghtane,0,0,MacNaughton,,,,,
6144,MacNaicht,0,0,MacNaughton,,,,,
6145,MacNaichtane,0,0,MacNaughton,,,,,
6146,MacNait,0,0,MacNaughton,,,,,
6147,MacNauch,0,0,MacNaughton,,,,,
6148,MacNauche,0,0,MacNaughton,,,,,
6149,MacNauchtan,0,0,MacNaughton,,,,,
6150,MacNauchtane,0,0,MacNaughton,,,,,
6151,MacNauth,0,0,MacNaughton,,,,,
6152,MacNauton,0,0,MacNaughton,,,,,
6153,MacNicht,0,0,MacNaughton,,,,,
6154,Makknacht,0,0,MacNaughton,,,,,
6155,Makknaicht,0,0,MacNaughton,,,,,
6156,Maknacht,0,0,MacNaughton,,,,,
6157,Maknachtan,0,0,MacNaughton,,,,,
6158,Maknauch,0,0,MacNaughton,,,,,
6159,Maknaucht,0,0,MacNaughton,,,,,
6160,Makenaght,0,0,MacNaughton,,,,,
6161,MacCachren,0,0,MacCracken,,,,,
6162,MacCarken,0,0,MacCracken,,,,,
6163,MacCrackan,0,0,MacCracken,,,,,
6164,MacCrackans,0,0,MacCracken,,,,,
6165,MacCrackens,0,0,MacCracken,,,,,
6166,MacCrackin,0,0,MacCracken,,,,,
6167,MacCrackins,0,0,MacCracken,,,,,
6168,MacCracktin,0,0,MacCracken,,,,,
6169,MacCracktine,0,0,MacCracken,,,,,
6170,MacCraken,0,0,MacCracken,,,,,
6171,MacCratic,0,0,MacCracken,,,,,
6172,MacCrocken,0,0,MacCracken,,,,,
6173,MacCrocklin,0,0,MacCracken,,,,,
6174,MacKeracken,0,0,MacKendrick,,,,,
6175,Nevinson,0,0,Niven,,,,,
6176,Nivens,0,0,Niven,,,,,
6177,Nivenson,0,0,Niven,,,,,
6178,MacHarrie,0,0,MacKendrick,,,,,
6179,MacHarry,0,0,MacKendrick,,,,,
6180,MacKendricks,0,0,MacKendrick,,,,,
6181,MacKenerick,0,0,MacKendrick,,,,,
6182,MacKenerie,0,0,MacKendrick,,,,,
6183,MacKenery,0,0,MacKendrick,,,,,
6184,MacKindrick,0,0,MacKendrick,,,,,
6185,MacKindricks,0,0,MacKendrick,,,,,
6186,MacKinrick,0,0,MacKendrick,,,,,
6187,MacNair,0,0,,"MacInair,MacKnaer,MacKnair,MacKnaire,MacKynnair,MacKynnayr,MacNar,MacNare,MacNayair,MacNayr,MacNeacain,MacNeer,MacInayr,MacNairy,MacNarie,MacNary,MacNayer,MacNayre,MacNear,MacNeir,MacNet,Maknair,Maknayr,Makynnair,Maknare",,,,
6188,MacInair,0,0,MacNair,,,,,
6189,MacKnaer,0,0,MacNair,,,,,
6190,MacKnair,0,0,MacNair,,,,,
6191,MacKnaire,0,0,MacNair,,,,,
6192,MacKynnair,0,0,MacNair,,,,,
6193,MacKynnayr,0,0,MacNair,,,,,
6194,MacNar,0,0,MacNair,,,,,
6195,MacNare,0,0,MacNair,,,,,
6196,MacNayair,0,0,MacNair,,,,,
6197,MacNayr,0,0,MacNair,,,,,
6198,MacNeacain,0,0,MacNair,,,,,
6199,MacNeer,0,0,MacNair,,,,,
6200,MacInayr,0,0,MacNair,,,,,
6201,MacNuir,0,0,,"MacInnuier,MacInuar,MacInuire,MacInuyer,MacKrachin,MacNewer,MacNoyar,MacNoyare,MacNoyiar,MacNuer,MacNuire,MacNure",,,,
6202,MacInnuier,0,0,MacNuir,,,,,
6203,MacInuar,0,0,MacNuir,,,,,
6204,MacInuire,0,0,MacNuir,,,,,
6205,MacInuyer,0,0,MacNuir,,,,,
6206,MacKrachin,0,0,MacNuir,,,,,
6207,MacNewer,0,0,MacNuir,,,,,
6208,MacNoyar,0,0,MacNuir,,,,,
6209,MacNoyare,0,0,MacNuir,,,,,
6210,MacNoyiar,0,0,MacNuir,,,,,
6211,MacNuer,0,0,MacNuir,,,,,
6212,MacNuire,0,0,MacNuir,,,,,
6213,MacNure,0,0,MacNuir,,,,,
6214,MacNairy,0,0,MacNair,,,,,
6215,MacNarie,0,0,MacNair,,,,,
6216,MacNary,0,0,MacNair,,,,,
6217,MacNayer,0,0,MacNair,,,,,
6218,MacNayre,0,0,MacNair,,,,,
6219,MacNear,0,0,MacNair,,,,,
6220,MacNeir,0,0,MacNair,,,,,
6221,MacNet,0,0,MacNair,,,,,
6222,Makcrakan,0,0,MacCracken,,,,,
6223,Makcrakane,0,0,MacCracken,,,,,
6224,Makcraken,0,0,MacCracken,,,,,
6225,MacCraccan,0,0,MacCracken,,,,,
6226,MacCrachan,0,0,MacCracken,,,,,
6227,MacCrachen,0,0,MacCracken,,,,,
6228,MacCraikane,0,0,MacCracken,,,,,
6229,MacCrekan,0,0,MacCracken,,,,,
6230,MacCrekane,0,0,MacCracken,,,,,
6231,MacCrokane,0,0,MacCracken,,,,,
6232,MacKraken,0,0,MacCracken,,,,,
6233,MacKrekane,0,0,MacCracken,,,,,
6234,MacRac,0,0,MacCracken,,,,,
6235,MacRack,0,0,MacCracken,,,,,
6236,MacRacken,0,0,MacCracken,,,,,
6237,MacRackin,0,0,MacCracken,,,,,
6238,MacRagan,0,0,MacCracken,,,,,
6239,MacRaggan,0,0,MacCracken,,,,,
6240,MacReachain,0,0,MacCracken,,,,,
6241,MacReachan,0,0,MacCracken,,,,,
6242,MacRuck,0,0,MacCracken,,,,,
6243,MacRucke,0,0,MacCracken,,,,,
6244,MacVicar,0,0,,"MacQwaker,MacWiccar,MacHanvichar,MacVickar,MacVickars,MacVicker,MacVickers,MacVig,MacVige",,,,
6245,MacQwaker,0,0,MacVicar,,,,,
6246,MacWiccar,0,0,MacVicar,,,,,
6247,MacHanvichar,0,0,MacVicar,,,,,
6248,MacVickar,0,0,MacVicar,,,,,
6249,MacVickars,0,0,MacVicar,,,,,
6250,MacVicker,0,0,MacVicar,,,,,
6251,MacVickers,0,0,MacVicar,,,,,
6252,MacVig,0,0,MacVicar,,,,,
6253,MacVige,0,0,MacVicar,,,,,
6254,MacWaughton,0,0,MacNaughton,,,,,
6255,MacNachdan,0,0,MacNaughton,,,,,
6256,MacNerie,0,0,MacKendrick,,,,,
6257,MacNery,0,0,MacKendrick,,,,,
6258,MacNevens,0,0,MacNiven,,,,,
6259,MacNevins,0,0,MacNiven,,,,,
6260,MacNivan,0,0,MacNiven,,,,,
6261,MacNivans,0,0,MacNiven,,,,,
6262,MacGrachin,0,0,MacCracken,,,,,
6263,MacGrattan,0,0,MacCracken,,,,,
6264,MacGratten,0,0,MacCracken,,,,,
6265,MacGrattin,0,0,MacCracken,,,,,
6266,MacGreachain,0,0,MacCracken,,,,,
6267,MacGreachan,0,0,MacCracken,,,,,
6268,MacNeachdainn,0,0,MacNaughton,,,,,
6269,MacNeachden,0,0,MacNaughton,,,,,
6270,MacNeit,0,0,MacNaughton,,,,,
6271,MacKracherne,0,0,MacCracken,,,,,
6272,Mannise,0,0,MacCracken,,,,,
6273,MacNeacden,0,0,MacNaughton,,,,,
6274,MacKnot,0,0,MacNaughton,,,,,
6275,Henry,0,0,Harry,"Henerdy,Henrie",,,,
6276,Henerdy,0,0,Henry,,,,,
6277,Henrie,0,0,Henry,,,,,
6278,Kendrich,0,0,MacKendrick,,,,,
6279,Kendrick,0,0,MacKendrick,,,,,
6280,Kenrick,0,0,MacKendrick,,,,,
6281,Kinrick,0,0,MacKendrick,,,,,
6282,Inrick,0,0,MacKendrick,,,,,
6283,Inrig,0,0,MacKendrick,,,,,
6284,Eanrig,0,0,MacKendrick,,,,,
6285,Eanruig,0,0,MacKendrick,,,,,
6286,Enrick,0,0,MacKendrick,,,,,
6287,MacBrayne,1,0,,"MacBrayn,MacBreen,MacBrine,MacBrinn,MacBrain,MacBraine,MacBrayan,MacBreyane,MacBreyne",,,,
6288,MacBrayn,0,0,MacBrayne,,,,,
6289,MacBreen,0,0,MacBrayne,,,,,
6290,MacBrine,0,0,MacBrayne,,,,,
6291,MacBrinn,0,0,MacBrayne,,,,,
6292,MacBrain,0,0,MacBrayne,,,,,
6293,MacBraine,0,0,MacBrayne,,,,,
6294,MacBrayan,0,0,MacBrayne,,,,,
6295,MacBreyane,0,0,MacBrayne,,,,,
6296,MacBreyne,0,0,MacBrayne,,,,,
6297,Blake,0,0,,"Blaick,Blaik,Blaike,Blaikie,Blaikey",,,,
6298,Blaick,0,0,Blake,,,,,
6299,Blaik,0,0,Blake,,,,,
6300,Blaike,0,0,Blake,,,,,
6301,Blaikie,0,0,Blake,,,,,
6302,Blaikey,0,0,Blake,,,,,
6303,Padesone,0,0,Paterson,,,,,
6304,Lemond,0,0,Lamont,,,,,
6305,Limond,0,0,Lamont,,,,,
6306,Limont,0,0,Lamont,,,,,
6307,Lamonson,0,0,Lamont,,,,,
6308,Lamond,0,0,Lamont,,,,,
6309,Lemmont,0,0,Lamont,,,,,
6310,Lawmondson,0,0,Lamont,,,,,
6311,Sorlie,0,0,MacSorley,,,,,
6312,Lambie,0,0,,"Lambe,Lambi,Lamme,Lam,Lamby,Lamie",,,,
6313,Lambe,0,0,Lambie,,,,,
6314,Lambi,0,0,Lambie,,,,,
6315,Lamme,0,0,Lambie,,,,,
6316,Lam,0,0,Lambie,,,,,
6317,Lamby,0,0,Lambie,,,,,
6318,Lamie,0,0,Lambie,,,,,
6319,Padson,0,0,Paton,,,,,
6320,Padair,0,0,Paton,,,,,
6321,Pethein,0,0,Paton,,,,,
6322,Pethin,0,0,Paton,,,,,
6323,Phadair,0,0,Paton,,,,,
6324,MacPatrick,0,0,,"MacIllepatrick,MacIllephadrick,MacIlpatrick,MacIllfatrick,MacIlpadrick,MacIlfadrich,MacIliphadrick,MacIlpedder,MacKilpatrick,MacPharick,MacPhadrig,MacPhadrik,MacPartick,MacPhatrick,MacPhadrick,MacPhadruig,MacPhatricke,MacPhadruck,MacPhadraig,MacPhadryk,MacPhatryk,MacOlphatrick,Malpatric,Makfatrick,Makpatrik,Meiklfatrick,Patricksone,Paruig,Patricson,Patrickson,MacGillefatrik,MacGilliphatrick,MacGillepatrick,MacGilfatrick,MacGilfatrik,MacGillepatrik,MacGillifudricke,MacGillephadrick,MacGillephadruig,MacGillphatrik,MacGilphadrick,MacGilpharick,MacGyllepatric,MacGilparick,MacIllephudrick,MacIlfatrik,MacHpatrick,MacFaid,MacFadrick,MacFaddrik",,,,
6325,MacIllepatrick,0,0,MacPatrick,,,,,
6326,MacIllephadrick,0,0,MacPatrick,,,,,
6327,MacIlpatrick,0,0,MacPatrick,,,,,
6328,MacIllfatrick,0,0,MacPatrick,,,,,
6329,MacIlpadrick,0,0,MacPatrick,,,,,
6330,MacIlfadrich,0,0,MacPatrick,,,,,
6331,MacIliphadrick,0,0,MacPatrick,,,,,
6332,MacIlpedder,0,0,MacPatrick,,,,,
6333,MacKilpatrick,0,0,MacPatrick,,,,,
6334,MacPharick,0,0,MacPatrick,,,,,
6335,MacPhadrig,0,0,MacPatrick,,,,,
6336,MacPhadrik,0,0,MacPatrick,,,,,
6337,MacPartick,0,0,MacPatrick,,,,,
6338,MacPhatrick,0,0,MacPatrick,,,,,
6339,MacPhadrick,0,0,MacPatrick,,,,,
6340,MacPhadruig,0,0,MacPatrick,,,,,
6341,MacPhatricke,0,0,MacPatrick,,,,,
6342,MacPhadruck,0,0,MacPatrick,,,,,
6343,MacPhadraig,0,0,MacPatrick,,,,,
6344,MacPhadryk,0,0,MacPatrick,,,,,
6345,MacPhatryk,0,0,MacPatrick,,,,,
6346,MacOlphatrick,0,0,MacPatrick,,,,,
6347,Malpatric,0,0,MacPatrick,,,,,
6348,Makfatrick,0,0,MacPatrick,,,,,
6349,Makpatrik,0,0,MacPatrick,,,,,
6350,Meiklfatrick,0,0,MacPatrick,,,,,
6351,Patricksone,0,0,MacPatrick,,,,,
6352,Paruig,0,0,MacPatrick,,,,,
6353,Patricson,0,0,MacPatrick,,,,,
6354,Patrickson,0,0,MacPatrick,,,,,
6355,MacGilledow,0,0,,"MacGillefedder,MacGildui,MacGilevie,MacGilleduibh,MacGilleduf,MacGillewie,MacGilliduffi,MacGilliewie,MacGillewye,MacGilewe,MacGilladubh,MacGilldowie,MacIldoui,MacIldowie,MacIldeus,MacIldew,MacIldowy,MacIldeu,MacIlday,MacIldue,MacIlduf,MacIlduy,MacIlduff,MacHilliegowie,MacIlewe,MacIlghuie,MacIlguy,MacAldowie,MacAldowrie,MacAldowy,MacElduff,MacGillegowie,MacGillewe,MacGillewey,MacGillewy,MacGilligowie,MacGilligowy,MacGilliue,MacGilliver,MacGilliwie,MacGillogowy,MacGilvie,Dowie",,,,
6356,MacGillefedder,0,0,MacGilledow,,,,,
6357,MacGildui,0,0,MacGilledow,,,,,
6358,MacGilevie,0,0,MacGilledow,,,,,
6359,MacGilleduibh,0,0,MacGilledow,,,,,
6360,MacGilleduf,0,0,MacGilledow,,,,,
6361,MacGillewie,0,0,MacGilledow,,,,,
6362,MacGilliduffi,0,0,MacGilledow,,,,,
6363,MacGilliewie,0,0,MacGilledow,,,,,
6364,MacGillewye,0,0,MacGilledow,,,,,
6365,MacGilewe,0,0,MacGilledow,,,,,
6366,MacGilladubh,0,0,MacGilledow,,,,,
6367,MacGilldowie,0,0,MacGilledow,,,,,
6368,MacIldoui,0,0,MacGilledow,,,,,
6369,MacIldowie,0,0,MacGilledow,,,,,
6370,MacIldeus,0,0,MacGilledow,,,,,
6371,MacIldew,0,0,MacGilledow,,,,,
6372,MacIldowy,0,0,MacGilledow,,,,,
6373,MacIldeu,0,0,MacGilledow,,,,,
6374,MacIlday,0,0,MacGilledow,,,,,
6375,MacIldue,0,0,MacGilledow,,,,,
6376,MacIlduf,0,0,MacGilledow,,,,,
6377,MacIlduy,0,0,MacGilledow,,,,,
6378,MacIlduff,0,0,MacGilledow,,,,,
6379,MacHilliegowie,0,0,MacGilledow,,,,,
6380,MacIlewe,0,0,MacGilledow,,,,,
6381,MacIlghuie,0,0,MacGilledow,,,,,
6382,MacIlguy,0,0,MacGilledow,,,,,
6383,MacGillefatrik,0,0,MacPatrick,,,,,
6384,MacGilliphatrick,0,0,MacPatrick,,,,,
6385,MacGillepatrick,0,0,MacPatrick,,,,,
6386,MacGilfatrick,0,0,MacPatrick,,,,,
6387,MacGilfatrik,0,0,MacPatrick,,,,,
6388,MacGillepatrik,0,0,MacPatrick,,,,,
6389,MacGillifudricke,0,0,MacPatrick,,,,,
6390,MacGillephadrick,0,0,MacPatrick,,,,,
6391,MacGillephadruig,0,0,MacPatrick,,,,,
6392,MacGillphatrik,0,0,MacPatrick,,,,,
6393,MacGilphadrick,0,0,MacPatrick,,,,,
6394,MacGilpharick,0,0,MacPatrick,,,,,
6395,MacGyllepatric,0,0,MacPatrick,,,,,
6396,MacGilparick,0,0,MacPatrick,,,,,
6397,MacIllephudrick,0,0,MacPatrick,,,,,
6398,MacIlfatrik,0,0,MacPatrick,,,,,
6399,MacHpatrick,0,0,MacPatrick,,,,,
6400,MacLamond,0,0,,"MacClemont,MacCliments,MacClements,MacClamon,MacClement,MacLawmane,MacLemme,MacLammie,MacLaomuinm,MacLamon,MacLeman,MacLemon,MacLemond,MacLamont,MacLaiman,MacLimont,Meiklam,Meiklem,Vcclymont,MacClimont,MacClaman,MacClymond,MacLymont",,,,
6401,MacClemont,0,0,MacLamond,,,,,
6402,MacCliments,0,0,MacLamond,,,,,
6403,MacClements,0,0,MacLamond,,,,,
6404,MacClamon,0,0,MacLamond,,,,,
6405,MacClement,0,0,MacLamond,,,,,
6406,MacLawmane,0,0,MacLamond,,,,,
6407,MacLemme,0,0,MacLamond,,,,,
6408,MacLammie,0,0,MacLamond,,,,,
6409,MacLaomuinm,0,0,MacLamond,,,,,
6410,MacLamon,0,0,MacLamond,,,,,
6411,MacLeman,0,0,MacLamond,,,,,
6412,MacLemon,0,0,MacLamond,,,,,
6413,MacLemond,0,0,MacLamond,,,,,
6414,MacLaiman,0,0,MacLamond,,,,,
6415,MacLimont,0,0,MacLamond,,,,,
6416,Meiklam,0,0,MacLamond,,,,,
6417,Meiklem,0,0,MacLamond,,,,,
6418,Vcclymont,0,0,MacLamond,,,,,
6419,MacAldowie,0,0,MacGilledow,,,,,
6420,MacAldowrie,0,0,MacGilledow,,,,,
6421,MacAldowy,0,0,MacGilledow,,,,,
6422,MacElduff,0,0,MacGilledow,,,,,
6423,MacFaid,0,0,MacPatrick,,,,,
6424,MacFadrick,0,0,MacPatrick,,,,,
6425,MacFaddrik,0,0,MacPatrick,,,,,
6426,MacClimont,0,0,MacLamond,,,,,
6427,MacClaman,0,0,MacLamond,,,,,
6428,MacClymond,0,0,MacLamond,,,,,
6429,Burden,0,0,,"Burdone,Burdun,Burdoun",,,,
6430,Burdone,0,0,Burden,,,,,
6431,Burdun,0,0,Burden,,,,,
6432,Burdoun,0,0,Burden,,,,,
6433,MacLymont,0,0,MacLamond,,,,,
6434,Clay,0,0,MacLeay,,,,,
6435,MacColly,0,0,MacLeay,,,,,
6436,MacCollea,0,0,MacLeay,,,,,
6437,MacClae,0,0,MacLeay,,,,,
6438,MacClay,0,0,MacLeay,,,,,
6439,MacClew,0,0,MacLeay,,,,,
6440,MacConlea,0,0,MacLeay,,,,,
6441,MacDonleavy,0,0,,"Conlay,Conley,Dunslef,Donleavy,Donlevy,Dunleavy,MacOnlay,MacDimslea",,,,
6442,Conlay,0,0,MacDonleavy,,,,,
6443,Conley,0,0,MacDonleavy,,,,,
6444,Dunslef,0,0,MacDonleavy,,,,,
6445,Donleavy,0,0,MacDonleavy,,,,,
6446,Donlevy,0,0,MacDonleavy,,,,,
6447,Dunleavy,0,0,MacDonleavy,,,,,
6448,MacOnlay,0,0,MacDonleavy,,,,,
6449,MacDimslea,0,0,MacDonleavy,,,,,
6450,Mills,0,0,Milne,"Meiles,Mylles",,,,
6451,Milner,0,0,Milne,,,,,
6452,Mill,0,0,Milne,,,,,
6453,Maknair,0,0,MacNair,,,,,
6454,Maknayr,0,0,MacNair,,,,,
6455,Makynnair,0,0,MacNair,,,,,
6456,Maknare,0,0,MacNair,,,,,
6457,Alansoun,0,0,MacAllan,,,,,
6458,Alanesoun,0,0,MacAllan,,,,,
6459,Alanson,0,0,MacAllan,,,,,
6460,Alansone,0,0,MacAllan,,,,,
6461,Alynson,0,0,MacAllan,,,,,
6462,Alwyn,0,0,MacAllan,,,,,
6463,Callan,0,0,Allan,,,,,
6463,Callan,0,0,MacAllan,,,,,
6464,Callen,0,0,MacAllan,,,,,
6465,Calland,0,0,MacAllan,,,,,
6466,MacAilin,0,0,MacAllan,,,,,
6467,MacAilein,0,0,MacAllan,,,,,
6468,MacCalloun,0,0,MacAllan,,,,,
6469,MacCallane,0,0,MacAllan,,,,,
6470,MacKallan,0,0,MacAllan,,,,,
6471,Makallane,0,0,MacAllan,,,,,
6472,Walkster,0,0,Walker,,,,,
6473,Peattie,0,0,,"Peddie,Peddy,Pedy",,,,
6474,Peddie,0,0,Peattie,,,,,
6475,Peddy,0,0,Peattie,,,,,
6476,Pedy,0,0,Peattie,,,,,
6477,MacGregare,0,0,MacGregor,,,,,
6478,MacGregur,0,0,MacGregor,,,,,
6479,MacGillegowie,0,0,MacGilledow,,,,,
6480,MacGillewe,0,0,MacGilledow,,,,,
6481,MacGillewey,0,0,MacGilledow,,,,,
6482,MacGillewy,0,0,MacGilledow,,,,,
6483,MacGilligowie,0,0,MacGilledow,,,,,
6484,MacGilligowy,0,0,MacGilledow,,,,,
6485,MacGilliue,0,0,MacGilledow,,,,,
6486,MacGilliver,0,0,MacGilledow,,,,,
6487,MacGilliwie,0,0,MacGilledow,,,,,
6488,MacGillogowy,0,0,MacGilledow,,,,,
6489,MacGilvie,0,0,MacGilledow,,,,,
6490,Brewester,0,0,Brewster,,,,,
6492,MacGrigor,0,0,MacGregor,,,,,
6493,Bouchannane,0,0,Buchanan,,,,,
6494,Bohannan,0,0,Buchanan,,,,,
6495,Gracie,0,0,,"Greasaighe,Griasaich,Grassiche,Greusaich,Greoshich,Gresich,Greshach,Grassichsone,Grasseich,Greoschich,Grasich,Graysich,Grecie,Greasich,Greishich,Gracy,Gracey,Grevsach,Grasycht,Grass,Griesck,Grasse,Grassick,Grassie,Grosse,Grayshich,MacGrasiche,Greusach",,,,
6496,Greasaighe,0,0,Gracie,,,,,
6497,Griasaich,0,0,Gracie,,,,,
6498,Grassiche,0,0,Gracie,,,,,
6499,Greusaich,0,0,Gracie,,,,,
6500,Greoshich,0,0,Gracie,,,,,
6501,Gresich,0,0,Gracie,,,,,
6502,Greshach,0,0,Gracie,,,,,
6503,Grassichsone,0,0,Gracie,,,,,
6504,Grasseich,0,0,Gracie,,,,,
6505,Greoschich,0,0,Gracie,,,,,
6506,Grasich,0,0,Gracie,,,,,
6507,Graysich,0,0,Gracie,,,,,
6508,Grecie,0,0,Gracie,,,,,
6509,Greasich,0,0,Gracie,,,,,
6510,Greishich,0,0,Gracie,,,,,
6511,Gracy,0,0,Gracie,,,,,
6512,Gracey,0,0,Gracie,,,,,
6513,Grevsach,0,0,Gracie,,,,,
6514,Grasycht,0,0,Gracie,,,,,
6515,Grass,0,0,Gracie,,,,,
6516,Griesck,0,0,Gracie,,,,,
6517,Grasse,0,0,Gracie,,,,,
6518,Gibsoune,0,0,Gibson,,,,,
6519,Gipson,0,0,Gibson,,,,,
6520,Gipsone,0,0,Gibson,,,,,
6521,Gipsoun,0,0,Gibson,,,,,
6522,Gilbertsone,0,0,Gibson,,,,,
6523,Gybsone,0,0,Gibson,,,,,
6524,Gybbesone,0,0,Gibson,,,,,
6525,Gybsoun,0,0,Gibson,,,,,
6526,Gypsone,0,0,Gibson,,,,,
6527,Gybson,0,0,Gibson,,,,,
6528,MacCowbyn,0,0,MacCormick,,,,,
6529,MacGresche,0,0,MacCormick,,,,,
6530,MacKernock,0,0,MacCormick,,,,,
6531,MacKermick,0,0,MacCormick,,,,,
6532,MacKornok,0,0,MacCormick,,,,,
6533,MacKornock,0,0,MacCormick,,,,,
6534,MacOrmack,0,0,MacCormick,,,,,
6535,Makarmik,0,0,MacCormick,,,,,
6536,Makcormok,0,0,MacCormick,,,,,
6537,Gibbinson,0,0,Gibson,,,,,
6538,Gibbie,0,0,Gibson,,,,,
6539,Gibbisone,0,0,Gibson,,,,,
6540,Gibbeson,0,0,Gibson,,,,,
6541,Gibbieson,0,0,Gibson,,,,,
6542,Gib,0,0,Gibson,,,,,
6543,Geib,0,0,Gibson,,,,,
6544,Gibsone,0,0,Gibson,,,,,
6545,Gibsoun,0,0,Gibson,,,,,
6546,Gebbieson,0,0,Gibson,,,,,
6547,Grassick,0,0,Gracie,,,,,
6548,Grassie,0,0,Gracie,,,,,
6549,Grosse,0,0,Gracie,,,,,
6550,Grayshich,0,0,Gracie,,,,,
6551,MacGrasiche,0,0,Gracie,,,,,
6552,Boqhannan,0,0,Buchanan,,,,,
6553,Boquhennane,0,0,Buchanan,,,,,
6554,Buquhannane,0,0,Buchanan,,,,,
6555,Boquhennnan,0,0,Buchanan,,,,,
6556,Bucquannane,0,0,Buchanan,,,,,
6557,Buhannane,0,0,Buchanan,,,,,
6558,Bochnannane,0,0,Buchanan,,,,,
6559,Bucqhannane,0,0,Buchanan,,,,,
6560,Buchquannan,0,0,Buchanan,,,,,
6561,Buchquhannan,0,0,Buchanan,,,,,
6562,Buchquhannane,0,0,Buchanan,,,,,
6563,Buquhannan,0,0,Buchanan,,,,,
6564,Yool,0,0,Yule,,,,,
6565,Yuille,0,0,Yule,,,,,
6566,Yull,0,0,Yule,,,,,
6567,Zuill,0,0,Yule,,,,,
6568,Youel,0,0,Yule,,,,,
6569,Yuile,0,0,Yule,,,,,
6570,Yulle,0,0,Yule,,,,,
6571,Pinkerton,0,0,,"Pynkertoun,Pynkertoune,Pincartone,Pinkertoune,Pyncartoun,Pinkcartoune,Pincriton,Pincartoune,Pinkartoun,Pyncartoune,Pynkertone,Penkerton",,,,
6572,Pynkertoun,0,0,Pinkerton,,,,,
6573,Pynkertoune,0,0,Pinkerton,,,,,
6574,Pincartone,0,0,Pinkerton,,,,,
6575,Pinkertoune,0,0,Pinkerton,,,,,
6576,Pyncartoun,0,0,Pinkerton,,,,,
6577,Pinkcartoune,0,0,Pinkerton,,,,,
6578,Pincriton,0,0,Pinkerton,,,,,
6579,Pincartoune,0,0,Pinkerton,,,,,
6580,Pinkartoun,0,0,Pinkerton,,,,,
6581,Pyncartoune,0,0,Pinkerton,,,,,
6582,Pynkertone,0,0,Pinkerton,,,,,
6583,Penkerton,0,0,Pinkerton,,,,,
6584,Cambel,0,0,Campbell,,,,,
6585,Cammell,0,0,Campbell,,,,,
6586,Cambele,0,0,Campbell,,,,,
6587,Cambale,0,0,Campbell,,,,,
6588,Cambal,0,0,Campbell,,,,,
6589,Cambell,0,0,Campbell,,,,,
6590,Cambelle,0,0,Campbell,,,,,
6591,Camble,0,0,Campbell,,,,,
6592,Campbele,0,0,Campbell,,,,,
6593,Campble,0,0,Campbell,,,,,
6594,Campbill,0,0,Campbell,,,,,
6595,Thowms,0,0,Thomson,,,,,
6596,Thome,0,0,Thomson,,,,,
6597,Thoms,0,0,Thomson,,,,,
6598,Thowmis,0,0,Thomson,,,,,
6599,Swane,0,0,Swan,,,,,
6600,Swann,0,0,Swan,,,,,
6601,Swyde,0,0,Swan,,,,,
6602,Sweyne,0,0,Swan,,,,,
6603,Swayne,0,0,Swan,,,,,
6604,Sweing,0,0,Swan,,,,,
6605,Swyn,0,0,Swan,,,,,
6606,Swein,0,0,Swan,,,,,
6607,Swain,0,0,Swan,,,,,
6608,Swen,0,0,Swan,,,,,
6609,Swyne,0,0,Swan,,,,,
6610,Sweyn,0,0,Swan,,,,,
6611,Sween,0,0,Swan,,,,,
6612,Suain,0,0,Swan,,,,,
6613,Sveinn,0,0,Swan,,,,,
6614,Svan,0,0,Swan,,,,,
6615,Seah,0,0,Shaw,,,,,
6616,Sheath,0,0,Shaw,,,,,
6617,Sheach,0,0,Shaw,,,,,
6618,Seith,0,0,Shaw,,,,,
6619,Shiach,0,0,Shaw,,,,,
6620,Seth,0,0,Shaw,,,,,
6621,Seath,0,0,Shaw,,,,,
6622,Sith,0,0,Shaw,,,,,
6623,Rychze,0,0,Ritchie,,,,,
6624,Riche,0,0,Ritchie,,,,,
6625,Rytchie,0,0,Ritchie,,,,,
6626,Rychy,0,0,Ritchie,,,,,
6627,Richie,0,0,Richards,,,,,
6627,Richie,0,0,Ritchie,,,,,
6628,Roeoch,0,0,Ritchie,,,,,
6629,Rioche,0,0,Ritchie,,,,,
6630,Riauch,0,0,Ritchie,,,,,
6631,Rioch,0,0,Ritchie,,,,,
6632,Rechie,0,0,Ritchie,,,,,
6633,Rechtie,0,0,Ritchie,,,,,
6634,Rechy,0,0,Ritchie,,,,,
6635,Revans,0,0,Ritchie,,,,,
6636,Revan,0,0,Ritchie,,,,,
6637,Reithe,0,0,Ritchie,,,,,
6638,Reith,0,0,Ritchie,,,,,
6639,Raich,0,0,Ritchie,,,,,
6640,Reiach,0,0,Ritchie,,,,,
6641,Reaich,0,0,Ritchie,,,,,
6642,Reoche,0,0,Ritchie,,,,,
6643,Riach,0,0,Ritchie,,,,,
6644,Reuch,0,0,Ritchie,,,,,
6645,Reach,0,0,Ritchie,,,,,
6646,Reche,0,0,Ritchie,,,,,
6647,Reacht,0,0,Ritchie,,,,,
6648,Reaucht,0,0,Ritchie,,,,,
6649,Reoch,0,0,Ritchie,,,,,
6650,Reauch,0,0,Ritchie,,,,,
6651,Rethe,0,0,Ritchie,,,,,
6652,Reyth,0,0,Ritchie,,,,,
6653,Levingstoun,0,0,Livingstone,,,,,
6654,Levingston,0,0,Livingstone,,,,,
6655,Levingstone,0,0,Livingstone,,,,,
6656,Levingstoune,0,0,Livingstone,,,,,
6657,Levingestun,0,0,Livingstone,,,,,
6658,Levington,0,0,Livingstone,,,,,
6659,Levingestoune,0,0,Livingstone,,,,,
6660,Levyngstoun,0,0,Livingstone,,,,,
6661,Lewynstoun,0,0,Livingstone,,,,,
6662,Lewynston,0,0,Livingstone,,,,,
6663,Lewynstone,0,0,Livingstone,,,,,
6664,Levystone,0,0,Livingstone,,,,,
6665,Lewingstoune,0,0,Livingstone,,,,,
6666,Levistone,0,0,Livingstone,,,,,
6667,Levnstoun,0,0,Livingstone,,,,,
6668,Levyngistoun,0,0,Livingstone,,,,,
6669,Lewynstoune,0,0,Livingstone,,,,,
6670,Lewyngstoun,0,0,Livingstone,,,,,
6671,Levynston,0,0,Livingstone,,,,,
6672,Lewinston,0,0,Livingstone,,,,,
6673,Levinston,0,0,Livingstone,,,,,
6674,Levynstoune,0,0,Livingstone,,,,,
6675,Docherty,0,0,,"Dochart,Docharty,Dogherty,Dougharty,Dougherty,O'Doherty",,"scottish,english,welsh,irish",,
6676,Dochart,0,0,Docherty,,,,,
6677,Docharty,0,0,Docherty,,,,,
6678,Gregorson,0,0,MacGregor,,,,,
6679,Beal,0,0,Bell,,,,,
6680,Beale,0,0,Bell,,,,,
6681,Beall,0,0,Bell,,,,,
6682,Dalape,0,0,Dunlop,,,,,
6683,Dewlap,0,0,Dunlop,,,,,
6684,Donaldson,0,0,Donald,,,"scottish,english,welsh,irish",,
6685,Euer,0,0,Orr,,,,,
6686,Ewar,0,0,Orr,,,,,
6687,Ewer,0,0,Orr,,,,,
6688,Ewers,0,0,Orr,,,,,
6689,Iwur,0,0,Orr,,,,,
6690,Ywar,0,0,Orr,,,,,
6691,MacCorkle,0,0,MacCorquodale,,,,,
6692,Sym,0,0,Syme,,,,,
6693,Sim,0,0,Syme,,,,,
6694,MacMordoch,0,0,MacMurchy,,,,,
6695,Makmurdie,0,0,MacMurchy,,,,,
6696,Makmurriche,0,0,MacMurchy,,,,,
6697,Murdoson,0,0,Murdoch,,,,,
6697,Murdoson,0,0,MacMurchy,,,,,
6698,MacMurdich,0,0,MacMurchy,,,,,
6699,Robson,0,0,Robertson,,,,,
6699,Robson,0,0,Robinson,,,,,
6699,Robson,0,0,Robb,,,,,
6700,Dowie,0,0,MacGilledow,,,,,
6701,Greusach,0,0,Gracie,,,,,
6702,Yuill,0,0,Yule,,,,,
6703,Stuart,0,0,Stewart,,,,,
6704,Dalzeil,0,0,Dalziel,,,,,
6705,Dinwiddie,0,0,Dinwoodie,,,,,
6706,Dunwoddie,0,0,Dinwoodie,,,,,
6707,MacPhedran,0,0,MacFadzean,,,,,
6708,MacPhadran,0,0,MacFadzean,,,,,
6709,Milles,0,0,Milne,,,,,
6710,Fairbairn,0,0,,,,,,
6711,Fortenbras,0,0,,,,,,
6712,Nixon,0,0,,,,,,
6713,Haxton,0,0,,,,,,
6714,Hurrie,0,0,,,,,,
6715,MacMoil,0,0,,,,,,
6716,MacBlair,0,0,,,,,,
6717,Chambers,0,0,,Chalmairs,,,,
6718,Gibbon,0,0,,,,,,
6719,Gilbertson,0,0,,,,,,
6720,Leary,0,0,O'Leary,,,,,
6721,Lonbie,0,0,,,,,,
6722,MacAlonie,0,0,,,,,,
6723,MacClair,0,0,,,,,,
6724,MacGillery,0,0,,,,,,
6725,MacGillonie,0,0,,,,,,
6726,MacLeary,0,0,,,,,,
6727,MacOnie,0,0,,,,,,
6728,MacUlrig,0,0,,,,,,
6729,MacWalrick,0,0,,,,,,
6730,Paul,0,0,,,,,,
6731,Sorley,0,0,,,,,,
6732,Carlyle,0,0,,,,,,
6733,Crosbie,1,0,,,,,,
6734,Randolph,0,0,,,,,,
6735,Stenhouse,0,0,,,,,,
6736,Allanson,0,0,,,,,,
6737,Pratt,0,0,,,,,,
6738,Suttie,0,0,,,,,,
6739,Begg,0,0,,,,,,
6740,Brewer,0,0,,,,,,
6741,Dock,0,0,,,,,,
6742,Bucky,0,0,,,,,,
6743,Coleman,0,0,,,,,,
6744,Cornick,0,0,,,,,,
6745,Dove,0,0,,,,,,
6746,Dowe,0,0,,,,,,
6747,Gibb,0,0,Gibson,,,,,
6748,Gilbert,0,0,,,,,,
6749,Harper,0,0,,"Harpar,Harepur,Hurpur,MacChruiter",,"scottish,english,welsh,irish",,
6750,Harperson,0,0,,,,,,
6751,Lenny,0,0,,,,,,
6752,Masterson,1,0,,,,,,
6753,MacCalman,0,0,,,,,,
6754,Richardson,0,0,Richards,"Richarson,Richerson",,,,
6755,Runcy,0,0,,,,,,
6756,Rusk,0,0,,,,,,
6757,Ruskin,0,0,,,,,,
6758,Spittel,0,0,,,,,,
6759,Waters,0,0,Walters,,,,,
6760,West,0,0,,,,,,
6761,Blackhall,0,0,,,,,,
6762,Abernethy,1,0,,,,,,
6763,Cowie,0,0,,,,,,
6764,Bannatyne,1,0,,,,,,
6765,Burnes,0,0,,,,,,
6766,Burness,0,0,,,,,,
6767,Calder,1,0,,,,,,
6768,Cattell,0,0,,,,,,
6769,Fisher,0,0,,Fischer,,,,
6770,Hawes,0,0,,,,,,
6771,Haws,0,0,,,,,,
6772,Hawson,0,0,,,,,,
6773,Hurry,0,0,,,,,,
6774,Isaac,0,0,,,,,,
6775,Isaacs,0,0,,,,,,
6776,Keller,0,0,,,,,,
6777,Loudon,0,0,,,,,,
6778,MacDermott,0,0,,"MacDiarmada,MacDermot,MacDormand,MacDermid,MacDermitt,MacDermont,MacKermott,Darmody,Dermody,Dermott,Kermode,O'Moroney,MacRony,Mulrooney,Roe",,,,
6779,MacGibbon,0,0,,,,,,
6780,MacQuaker,0,0,,,,,,
6781,Clunie,0,0,,,,,,
6782,Dawson,0,0,Davies,,,,,
6783,Dean,0,0,,,,,,
6784,Finlay,0,0,,"Findlay,Findlaw,Findlow,Finlayson,Finley",,"scottish,english,welsh,irish",,
6785,MacHardie,0,0,,,,,,
6786,MacKelecan,0,0,,,,,,
6787,MacRitchie,0,0,,,,,,
6788,MacSwan,0,0,,,,,,
6789,Noble,0,0,,,,,,
6790,Tarrill,0,0,,,,,,
6791,Toash,0,0,,,,,,
6792,Fenton,1,0,,,,,,
6793,Ingram,0,0,,,,,,
6794,MacLinden,0,0,,,,,,
6795,Common,0,0,,,,,,
6796,Commons,0,0,,,,,,
6797,Deane,0,0,,,,,,
6798,Kay,0,0,,,,,,
6799,Kaye,0,0,,,,,,
6800,MacDavid,0,0,,,,,,
6801,Slora,0,0,,,,,,
6802,Slorach,0,0,,,,,,
6803,Cavers,0,0,,,,,,
6804,Drysdale,0,0,,,,,,
6805,Glendinning,1,0,,,,,,
6806,MacGuffie,0,0,,,,,,
6807,MacGuffock,0,0,,,,,,
6808,Morton,0,0,,,,,,
6809,Sandilands,1,0,,,,,,
6810,Airlie,0,0,,,,,,
6811,Fothy,0,0,,,,,,
6812,Futhie,0,0,,,,,,
6813,Cheyne,1,0,,,,,,
6814,Clyne,0,0,,,,,,
6815,Duffus,0,0,,,,,,
6816,Federith,0,0,,,,,,
6817,Clugston,0,0,,,,,,
6818,Edgar,0,0,,,,,,
6819,Heryng,0,0,,,,,,
6820,Strickland,0,0,,,,,,
6821,Wedderburn,1,0,,,,,,
6822,Barrie,0,0,Barry,,,,,
6823,Bowman,0,0,,,,,,
6824,Cromar,0,0,,,,,,
6825,Farquhar,0,0,,,,,,
6826,Findlay,0,0,Finlay,,,,,
6827,Findlayson,0,0,,,,,,
6828,Kellas,0,0,,,,,,
6829,MacCaig,0,0,,,,,,
6830,Fergus,0,0,,,,,,
6831,MacFergus,0,0,,,,,,
6832,MacClester,0,0,,,,,,
6833,MacFleger,0,0,,,,,,
6834,MacInlister,0,0,,,,,,
6835,Berry,0,0,,,,,,
6836,Fordyce,0,0,,,,,,
6837,Meldrum,1,0,,,,,,
6838,Appin,0,0,,,,,,
6839,Atholl,0,0,,,,,,
6840,Cook,0,0,,"Cooke,Cooks",,"scottish,english,welsh,irish",,
6841,Denniston,1,0,,Dennistoun,,,,
6842,Duilach,0,0,,,,,,
6843,France,0,0,,,,,,
6844,Garrow,0,0,,,,,,
6845,Levack,0,0,,,,,,
6846,Lombard,0,0,,,,,,
6847,Lorne,0,0,,,,,,
6848,MacCombich,0,0,,,,,,
6849,MacCombie,0,0,,,,,,
6850,MacComie,0,0,Combie,,,,,
6851,MacLew,0,0,,,,,,
6852,MacMunn,0,0,,,,,,
6853,MacNairn,0,0,,,,,,
6854,Mitchelson,0,0,,,,,,
6855,Moodie,0,0,,,,,,
6856,Sharp,0,0,,,,,,
6858,Atkin,0,0,Aitken,,,,,
6859,Atkins,0,0,,,,,,
6860,Atkinson,0,0,,,,,,
6861,Barry,0,0,Harry,"Barre,Barrey,Barrie",,,,
6862,Connon,0,0,,,,,,
6863,Darge,0,0,,,,,,
6864,Garrick,0,0,,,,,,
6865,Morrice,0,0,Morris,,,,,
6866,Troup,1,0,,,,,,
6867,Airth,0,0,,,,,,
6868,Bonar,0,0,,,,,,
6869,Hadden,0,0,,,,,,
6870,Haldane,1,0,,,,,,
6871,MacGilvernock,0,0,,,,,,
6872,MacGrime,0,0,,,,,,
6873,Pye,0,0,,,,,,
6874,Pyott,0,0,,,,,,
6875,Ganson,0,0,,,,,,
6876,Georgeson,0,0,,,,,,
6877,Jamieson,0,0,,"Jameson,Jimerson,Jamesone,Jamison,Jimisone,Jamyson",,"scottish,english,welsh,irish",,
6878,Keene,0,0,,,,,,
6879,MacOmish,0,0,Combie,,,,,
6880,Magnus,0,0,,,,,,
6881,Main,0,0,,,,,,
6882,Neilson,0,0,,,,,,
6883,Swanson,0,0,,,,,,
6884,Wills,0,0,,,,,,
6885,Deaula,0,0,,,,,,
6886,MacHall,0,0,,,,,,
6887,Cadzow,0,0,,,,,,
6888,Constable,0,0,,,,,,
6889,Gifford,0,0,,,,,,
6890,MacKester,0,0,,,,,,
6891,Buncle,0,0,,,,,,
6892,Eaton,0,0,,,,,,
6893,Greenlaw,0,0,,,,,"Greenlaw American",396861
6894,Haliburton,1,0,,,,,,
6895,Landale,0,0,,,,,,
6896,MacK,0,0,,,,,,
6897,Inch,0,0,,,,,,
6898,Cessford,0,0,,,,,,
6899,Culbin,0,0,,,,,,
6900,Burdon,0,0,,,,,,
6901,Gildowie,0,0,,,,,,
6902,Lamb,0,0,,,,,,
6903,Lamondson,0,0,,,,,,
6904,Landers,0,0,,,,,,
6905,Lucas,0,0,,,,,,
6906,Luke,0,0,,,,,,
6907,MacIlwhom,0,0,,,,,,
6908,MacLucas,0,0,,,,,,
6909,MacPhorich,0,0,,,,,,
6910,Meikleham,0,0,,,,,,
6911,Munn,0,0,,,,,,
6912,Patrick,0,0,,,,,,
6913,Toward,0,0,,,,,,
6914,Turner,0,0,,"Turnor,Turnour",,,,
6915,White,0,0,,"Whyte,Wight",,"scottish,english,welsh,irish",,
6916,Cobb,0,0,,,,,,
6917,Downie,0,0,,,,,,
6918,Fotheringham,1,0,,,,,,
6919,Rhind,0,0,,,,,,
6920,Summers,0,0,,Symmers,,,,
6921,Saunders,0,0,,,,,,
6922,Ballach,0,0,,,,,,
6923,Balloch,0,0,,,,,,
6924,Beath,0,0,,,,,,
6925,Bullock,0,0,,,,,,
6926,Coull,0,0,,,,,,
6927,Cririe,0,0,,,,,,
6928,Daniel,0,0,,,,,,
6929,Donnell,0,0,,,,,,
6930,Gilbride,0,0,,,,,,
6931,Gorry,0,0,,,,,,
6932,Gowans,0,0,,,,,,
6933,Hawthorn,0,0,,,,,,
6934,Howe,0,0,,,,,,
6935,Jeffrey,0,0,,,,,,
6936,MacCuish,0,0,,,,,,
6937,MacCutcheon,0,0,,,,,,
6938,MacDaniel,0,0,,,,,,
6939,MacGeachan,0,0,,,,,,
6940,MacGilp,0,0,,,,,,
6941,MacRorie,0,0,,,,,,
6942,MacVurrich,0,0,,,,,,
6943,Mark,0,0,,,,,,
6944,Arrowsmith,0,0,,,,,,
6945,Bower,0,0,,,,,,
6946,Bowmaker,0,0,,,,,,
6947,Caird,0,0,,,,,,
6948,Comrie,0,0,,,,,,
6949,Dennison,0,0,,,,,,
6950,Gregory,0,0,,,,,,
6951,Greig,0,0,,,,,,
6952,Greyson,0,0,,,,,,
6953,Grigor,0,0,,,,,,
6954,King,0,0,,Kings,,"scottish,english,welsh,irish",,
6955,MacAngus,0,0,,,,,,
6956,MacAnish,0,0,,,,,,
6957,MacCance,0,0,,,,,,
6958,MacChoiter,0,0,,,,,,
6959,MacConachie,0,0,,,,,,
6960,MacInstalker,0,0,,,,,,
6961,MacLiver,0,0,,,,,,
6962,MacNess,0,0,,,,,,
6963,MacNie,0,0,,,,,,
6964,MacNiesh,0,0,,,,,,
6965,MacNocaird,0,0,,,,,,
6966,MacPeter,0,0,Peter,,,,,
6967,MacPetrie,0,0,,,,,,
6968,Malloch,0,0,,,,,,
6969,Nice,0,0,,,,,,
6970,Nish,0,0,,,,,,
6971,Peat,0,0,,,,,,
6972,Peter,1,0,,MacPeter,,,,
6973,Peterkin,0,0,,,,,,
6974,Peters,0,0,,,,,,
6975,Petrie,0,0,,,,,,
6976,Stalker,0,0,,,,,,
6977,Stringer,0,0,,,,,,
6978,MacQuiod,0,0,,,,,,
6979,Reay,0,0,Rae,,,,,
6980,Scobie,0,0,,,,,,
6981,Charles,0,0,,,,,,
6982,Clunies,0,0,,,,,,
6983,Smart,0,0,,,,,,
6984,Love,0,0,,,,,,
6985,Gothbrith,0,0,,,,,,
6986,Gowrie,0,0,,,,,,
6987,Laurence,0,0,,,,,,
6988,MacGrory,0,0,,,,,,
6989,Peterson,0,0,,,,,,
6990,Gillian,0,0,,,,,,
6991,MacFetridge,0,0,,,,,,
6992,MacLergain,0,0,,,,,,
6993,MacVey,0,0,,,,,,
6994,Balneaves,0,0,,,,,,
6995,Neaves,0,0,,,,,,
6996,Piper,0,0,,,,,,
6997,Abbot,0,0,,,,,,
6998,Abbotson,0,0,,,,,,
6999,MacAnir,0,0,,,,,,
7000,MacCratick,0,0,,,,,,
7001,MacKnight,0,0,,,,,,
7002,Porter,0,0,,,,,,
7003,Archibald,0,0,,,,,,
7004,Carson,0,0,,,,,,
7005,Goudie,0,0,,,,,,
7006,Gowan,0,0,,,,,,
7007,Lees,0,0,,,,,,
7008,MacCleish,0,0,,,,,,
7009,MacCurrach,0,0,,,,,,
7010,MacCurrie,0,0,,,,,,
7011,MacGillies,0,0,,,,,,
7012,MacGow,0,0,,,,,,
7013,MacGrail,0,0,,,,,,
7014,MacKeith,0,0,,,,,,
7015,MacLees,0,0,,,,,,
7016,Laidlaw,0,0,,,,,,
7017,Langlands,1,0,,,,,,
7018,Micklehose,0,0,,,,,,
7019,Combie,0,0,,"MacOmie,MacOmish,MacColm,MacComas,MacComb,MacCombe,MacComie,MacComish",,,,
7028,Lauderdale,0,0,,,,,,
7029,Bairnson,0,0,,,,,,
7030,MacBirnie,0,0,,,,,,
7031,MacMahon,0,0,,"MacMathghamhna,Mahon,Mahan,Mann,Maughan",,,,
7032,Massie,0,0,,,,,,
7033,Adair,1,0,,,,,,
7034,Brieve,0,0,,,,,,
7035,Gilmore,0,0,,,,,,
7036,Judge,0,0,,,,,,
7037,MacAlowne,0,0,,,,,,
7038,Phelps,0,0,,,,,,
7039,Connochie,0,0,,,,,,
7040,Cunnison,0,0,,,,,,
7041,Dobbie,0,0,,,,,,
7042,Dobbin,0,0,,,,,,
7043,Dobson,0,0,,,,,,
7044,Hobson,0,0,,,,,,
7045,Kynoch,0,0,,,,,,
7046,MacLagan,0,0,,,,,,
7047,Baron,0,0,,,,,,
7048,Fairlie,1,0,,,,,,
7049,Crow,0,0,,,,,,
7050,Denoon,0,0,,,,,,
7051,Fair,0,0,,,,,,
7052,Haggart,0,0,,,,,,
7053,Taggart,0,0,,,,,,
7054,Blank,0,0,,,,,,
7055,Budge,0,0,,,,,,
7056,Groat,0,0,,,,,,
7057,Lyall,0,0,,,,,,
7058,Wares,0,0,,,,,,
7059,Cariston,0,0,,,,,,
7060,Carnie,0,0,,,,,,
7061,Hallyard,0,0,,,,,,
7062,Elcho,0,0,,,,,,
7063,"Stewart of Appin",1,0,,,,,"Stewart of Appin, Stewart of Appin #2, Stewart of Appin Hunting, Stewart of Appin 1842 Variant","4311, 4312, 4315, 4957"
7064,MacLennan,1,0,,,,"scottish,english,welsh,irish",,
7065,MacNeil,1,0,,"MacNail,MacNeiledge,MacNelly,MacNiel,O'Neil,O'Niel,MacKneale,MacKnilie,MacKnily,MacNaill,MacNale,MacNeall,MacNeel,MacNeelie,MacNeille,MacNeillie,MacNeal,MacNeale,MacNeilly,MacNele,MacNely,MacNeyll,MacNial,MacNielie,MacNillie,MacNily,Magneill,Makneill,Maknely,Makneyll,Maknill,MacNeally,Neal,Neale,Nelson,Niel,O'Neal,Nail,Neilly,Niall,MacNeilage,O'Neall,Uí Néill,O'Neill","MacGuigan,MacNeil of Colonsay",,,
7072,Haig,1,0,,,,"scottish,english,welsh,irish",,
7077,"MacLaine of Lochbuie",1,0,,,,,"MacLaine of LochBuie (Cockburn)",2860
7078,"Campbell of Breadalbane",1,0,,,,,"Campbell of Breadalbane (Clan), Campbell of Breadalbane #2","697, 698"
7079,"Fraser of Lovat",1,0,,,,,"Fraser of Lovat",1449
7081,"MacDonald of Clanranald",1,0,,,,,"MacDonald of Clanranald, MacDonald of Clanranald #2, MacDonald of Clanranald #3, MacDonald of Clanranald Dress","2659, 2660, 2661, 9829"
7082,"Campbell of Cawdor",1,0,,,,,"Campbell of Cawdor, Campbell of Cawdor; Dress","701, 702"
7083,"MacDonald of Sleat",1,0,,,,,"MacDonald of Sleat",2671
7084,Webb,0,0,,Webbe,,,,
7085,Webbe,0,0,Webb,,,,,
7086,Fitzjames,0,0,James,,,,,
7087,Geames,0,0,James,,,,,
7088,Jaimes,0,0,James,,,,,
7090,Turnor,0,0,Turner,,,,,
7091,Turnour,0,0,Turner,,,,,
7092,Midleton,0,0,Middleton,,,,,
7093,Bennett,0,0,,"Benet,Benett,Bennet",,,,
7094,Benet,0,0,Bennett,,,,,
7095,Benett,0,0,Bennett,,,,,
7096,Bennet,0,0,Bennett,,,,,
7097,Morey,0,0,Murray,,,,,
7097,Morey,0,0,Moore,,,,,
7098,Morrey,0,0,Murray,,,,,
7099,Murrey,0,0,Murray,,,,,
7100,Holme,0,0,Holmes,,,,,
7101,Holms,0,0,Holmes,,,,,
7102,Hulme,0,0,Holmes,,,,,
7103,Hulmes,0,0,Holmes,,,,,
7104,Coupar,0,0,Cooper,,,,,
7105,Chapman,0,0,,"Chappman,Chepman,Cheppman",,,,
7106,Chappman,0,0,Chapman,,,,,
7107,Chepman,0,0,Chapman,,,,,
7108,Cheppman,0,0,Chapman,,,,,
7109,Redd,0,0,Reid,,,,,
7110,Lloid,0,0,Lloyd,,,,,
7111,Lwyd,0,0,Lloyd,,,,,
7112,Trotter,1,0,,"Troter,Trottar,Trotman,Troutman",,,,
7113,Troter,0,0,Trotter,,,,,
7114,Trottar,0,0,Trotter,,,,,
7115,Trotman,0,0,Trotter,,,,,
7116,Troutman,0,0,Trotter,,,,,
7117,Lewess,0,0,Lewis,,,,,
7118,Lews,0,0,Lewis,,,,,
7119,Llewis,0,0,Lewis,,,,,
7120,Llewiss,0,0,Lewis,,,,,
7121,Llewys,0,0,Lewis,,,,,
7122,Morgaine,0,0,Morgan,,,,,
7123,Morgrain,0,0,Morgan,,,,,
7124,Marescal,0,0,Marshall,,,,,
7125,Marescall,0,0,Marshall,,,,,
7126,Marshal,0,0,Marshall,,,,,
7127,Marshale,0,0,Marshall,,,,,
7128,Marischal,0,0,Marshall,,,,,
7129,Hews,0,0,Hughes,,,,,
7130,Hues,0,0,Hughes,,,,,
7131,Huse,0,0,Hughes,,,,,
7132,Moris,0,0,Morris,,,,,
7133,Moriss,0,0,Morris,,,,,
7134,Morriss,0,0,Morris,,,,,
7135,Watts,0,0,Watt,,,,,
7135,Watts,0,0,Watson,,,,,
7135,Watts,0,0,Watkins,,,,,
7136,Booth,0,0,,Boothe,,,,
7137,Boothe,0,0,Booth,,,,,
7138,Davies,0,0,,"Dakin,Daves,Davidson,Divis,Dawson,Day,Dafydd,Dai,David,Davieson,Davie,Dawkins,Dewi,Davydd",,,"Davies of Wales",1076
7139,Dakin,0,0,Davies,,,,,
7140,Daves,0,0,Davies,,,,,
7141,Divis,0,0,Davies,,,,,
7142,Cooke,0,0,Cook,,,,,
7143,Jenkin,0,0,Jenkins,,,,,
7144,Jenkinson,0,0,Jenkins,,,,,
7145,Jenkyns,0,0,Jenkins,,,,,
7146,Michel,0,0,Mitchell,,,,,
7147,Mitcham,0,0,Mitchell,,,,,
7148,Steele,0,0,,"Steal,Steel,Steeles",,,,
7149,Steal,0,0,Steele,,,,,
7150,Steel,0,0,Steele,,,,,
7151,Steeles,0,0,Steele,,,,,
7152,Patin,0,0,Paton,,,,,
7153,Pattin,0,0,Paton,,,,,
7154,Younge,0,0,Young,,,,,
7155,Youngson,0,0,Young,,,,,
7156,Rogers,0,0,Rosser,"Rodger,Rodgers,Roger",,,,
7157,Rodger,0,0,Rogers,,,,,
7158,Rodgers,0,0,Rogers,,,,,
7158,Rodgers,0,0,Rosser,,,,,
7159,Roger,0,0,Rogers,,,,,
7160,Andersen,0,0,Anderson,,,,,
7161,Andersson,0,0,Anderson,,,,,
7162,Andresen,0,0,Anderson,,,,,
7163,Fuller,0,0,,"Fullar,Fullere",,,,
7164,Fullar,0,0,Fuller,,,,,
7165,Fullere,0,0,Fuller,,,,,
7166,Edward,0,0,Edwards,,,,,
7167,Cox,0,0,,"Cock,Cocks,Coxe,Coxen,Coxon",,,,
7168,Cock,0,0,Cox,,,,,
7169,Cocks,0,0,Cox,,,,,
7170,Coxe,0,0,Cox,,,,,
7171,Coxen,0,0,Cox,,,,,
7172,Coxon,0,0,Cox,,,,,
7173,Roussel,0,0,Russell,,,,,
7175,Lea,0,0,Lee,,,,,
7176,Legh,0,0,Lee,,,,,
7177,Leigh,0,0,Lee,,,,,
7178,Ley,0,0,Lee,,,,,
7179,Leyie,0,0,Lee,,,,,
7180,Waulker,0,0,Walker,,,,,
7181,Walkere,0,0,Walker,,,,,
7182,Harrison,0,0,Harry,"Harieson,Harris,Harries,Harryson",,,,
7183,Harieson,0,0,Harrison,,,,,
7184,Harries,0,0,Harry,,,,,
7184,Harries,0,0,Harrison,,,,,
7185,Harryson,0,0,Harrison,,,,,
7186,Car,0,0,,"Kar,Kerr,Cearr,O'Carra",,,,
7187,Cearr,0,0,Car,,,,,
7188,O'Carra,0,0,Car,,,,,
7189,Freeman,0,0,,"Freman,Friman,Fryman",,,,
7190,Freman,0,0,Freeman,,,,,
7191,Friman,0,0,Freeman,,,,,
7192,Fryman,0,0,Freeman,,,,,
7193,Robbie,0,0,Robertson,,,,,
7194,Meiles,0,0,Mills,,,,,
7195,Mylles,0,0,Mills,,,,,
7196,Palmer,0,0,,"Pallmer,Parmer",,,,
7197,Pallmer,0,0,Palmer,,,,,
7198,Parmer,0,0,Palmer,,,,,
7199,Green,0,0,,"Grean,Greene,Grene",,,,
7200,Grean,0,0,Green,,,,,
7201,Grene,0,0,Green,,,,,
7202,Carter,0,0,,,,,,
7203,Robart,0,0,Roberts,,,,,
7204,Robarts,0,0,Roberts,,,,,
7205,Robert,0,0,Roberts,,,,,
7206,Robberds,0,0,Roberts,,,,,
7207,Whyte,0,0,White,,,,,
7208,Wight,0,0,White,,,,,
7209,Wilksinson,0,0,Wilkinson,,,,,
7210,Wilkenson,0,0,Wilkinson,,,,,
7211,Wilkennson,0,0,Wilkinson,,,,,
7212,Wilkieson,0,0,Wilkinson,,,,,
7213,Wilkie,0,0,Wilkinson,,,,,
7214,Wilkins,0,0,Wilkinson,,,,,
7215,Haugh,0,0,Hall,,,,,
7217,Fischer,0,0,Fisher,,,,,
7218,Jacson,0,0,Jackson,,,,,
7219,Jacksone,0,0,Jackson,,,,,
7220,Jackston,0,0,Jackson,,,,,
7221,Jackstone,0,0,Jackson,,,,,
7222,Owens,0,0,Owen,,,,,
7223,Owenson,0,0,Owen,,,,,
7224,Owenby,0,0,Owen,,,,,
7225,Ellianson,0,0,Ellis,,,,,
7226,Eliss,0,0,Ellis,,,,,
7227,Elliss,0,0,Ellis,,,,,
7228,Ellys,0,0,Ellis,,,,,
7229,Hill,0,0,,"Hille,Hills,Hyll",,"scottish,english,welsh,irish",,
7230,Hille,0,0,Hill,,,,,
7231,Hills,0,0,Hill,,,,,
7232,Hyll,0,0,Hill,,,,,
7233,Simpsone,0,0,Simpson,,,,,
7234,Simsoun,0,0,Simpson,,,,,
7235,Philp,0,0,Phillips,,,,,
7236,Philips,0,0,Phillips,,,,,
7237,Philipson,0,0,Phillips,,,,,
7238,Phillipson,0,0,Phillips,,,,,
7239,Phillip,0,0,Phillips,,,,,
7240,Phipps,0,0,Phillips,,,,,
7241,Parkers,0,0,Parker,,,,,
7242,Millar,0,0,Miller,,,,,
7243,Millers,0,0,Miller,,,,,
7244,Chalmairs,0,0,Chalmers,,,,,
7244,Chalmairs,0,0,Chambers,,,,,
7245,Chamers,0,0,Chalmers,,,,,
7246,Knight,0,0,,"Knightley,Knights",,,,
7247,Knightley,0,0,Knight,,,,,
7248,Knights,0,0,Knight,,,,,
7249,Evands,0,0,Evans,,,,,
7250,Evens,0,0,Evans,,,,,
7251,Evenson,0,0,Evans,,,,,
7252,Evins,0,0,Evans,,,,,
7253,Richarson,0,0,Richardson,,,,,
7254,Richerson,0,0,Richardson,,,,,
7255,Matthews,0,0,,"Mathew,Matthew,Mathewson",,,,
7256,Mathew,0,0,Matthews,,,,,
7257,Matthew,0,0,Matthews,,,,,
7258,Shays,0,0,Shaw,,,,,
7259,Graye,0,0,Gray,,,,,
7260,Grays,0,0,Gray,,,,,
7261,Grey,0,0,Gray,,,,,
7262,Groy,0,0,Gray,,,,,
7263,Forrest,0,0,Forrester,,,,,
7263,Forrest,0,0,Foster,,,,,
7264,Forrestor,0,0,Foster,,,,,
7265,Powel,0,0,Powell,,,,,
7266,Percy,0,0,,Percie,,,,
7267,Percie,0,0,Percy,,,,,
7268,Tailler,0,0,Taylor,,,,,
7269,Tailor,0,0,Taylor,,,,,
7270,Barnes,0,0,,"Barness,Barnis,Barns,Bernys",,,,
7271,Barness,0,0,Barnes,,,,,
7272,Barnis,0,0,Barnes,,,,,
7273,Barns,0,0,Barnes,,,,,
7274,Bernys,0,0,Barnes,,,,,
7275,May,0,0,,"Maye,Mays",,,,
7276,Maye,0,0,May,,,,,
7277,Mays,0,0,May,,,,,
7278,Johnston,0,0,Johnson,,,,,
7279,Joynson,0,0,Johnson,,,,,
7280,Jonas,0,0,Jones,,,,,
7281,Jone,0,0,Jones,,,,,
7282,Joness,0,0,Jones,,,,,
7283,Hervey,0,0,Harvey,,,,,
7284,Hervie,0,0,Harvey,,,,,
7285,Hunt,0,0,,Huntar,,,,
7286,Richey,0,0,Ritchie,,,,,
7287,Ritchey,0,0,Ritchie,,,,,
7288,Richies,0,0,Ritchie,,,,,
7289,MacRichie,0,0,Ritchie,,,,,
7290,Roull,0,0,Turnbull,,,,,
7291,Rule,0,0,Turnbull,,,,,
7292,Thrumbald,0,0,Turnbull,,,,,
7293,Tremble,0,0,Turnbull,,,,,
7294,Turnball,0,0,Turnbull,,,,,
7295,Turnbell,0,0,Turnbull,,,,,
7296,Turnbow,0,0,Turnbull,,,,,
7297,Ray,0,0,Rae,,,,,
7298,Raith,0,0,Rae,,,,,
7299,Wath,0,0,Watt,,,,,
7300,Wathes,0,0,Watt,,,,,
7301,Wattys,0,0,Watt,,,,,
7302,Watties,0,0,Watt,,,,,
7303,Reynolds,0,0,,"Renaud,Rennell,Rennels,Rennie,Reynalds,MacRanald,MacRannald,MacRaynold,MacReynolds",,"scottish,english,welsh,irish",,
7304,Renaud,0,0,Reynolds,,,,,
7305,Rennell,0,0,Reynolds,,,,,
7306,Rennels,0,0,Reynolds,,,,,
7307,Rennie,0,0,Reynolds,,,,,
7308,Reynalds,0,0,Reynolds,,,,,
7309,MacRanald,0,0,Reynolds,,,,,
7310,MacRannald,0,0,Reynolds,,,,,
7311,MacRaynold,0,0,Reynolds,,,,,
7312,MacReynolds,0,0,Reynolds,,,,,
7313,Aiken,0,0,Aitken,,,,,
7314,Aikens,0,0,Aitken,,,,,
7315,Aitkens,0,0,Aitken,,,,,
7316,Ged,0,0,Geddes,,,,,
7317,Geddies,0,0,Geddes,,,,,
7318,Geddie,0,0,Geddes,,,,,
7319,Geddy,0,0,Geddes,,,,,
7320,Gel,0,0,Geddes,,,,,
7321,Geadais,0,0,Geddes,,,,,
7322,Geadasach,0,0,Geddes,,,,,
7323,Forest,0,0,Forrester,,,,,
7324,Forister,0,0,Forrester,,,,,
7325,Cooks,0,0,Cook,,,,,
7326,Robbison,0,0,Robinson,,,,,
7327,Robbinson,0,0,Robinson,,,,,
7328,Robison,0,0,Robinson,,,,,
7330,Blaire,0,0,Blair,,,,,
7331,Bleher,0,0,Blair,,,,,
7332,Gibbons,0,0,Gibson,,,,,
7333,Gibbsone,0,0,Gibson,,,,,
7334,Gibsons,0,0,Gibson,,,,,
7335,Gilson,0,0,Gibson,,,,,
7336,Gippson,0,0,Gibson,,,,,
7337,Taite,0,0,Tait,,,,,
7338,Tayt,0,0,Tait,,,,,
7339,Bayly,0,0,Baillie,,,,,
7343,Harpar,0,0,Harper,,,,,
7344,Harepur,0,0,Harper,,,,,
7345,Hurpur,0,0,Harper,,,,,
7346,MacChruiter,0,0,Harper,,,,,
7347,MacMurdack,0,0,Murdoch,,,,,
7348,Agnev,0,0,Agnew,,,,,
7349,MacGnive,0,0,MacAgnew,,,,,
7350,O'Gnive,0,0,Agnew,,,,,
7351,MacHin,0,0,Mason,,,,,
7352,MacHon,0,0,Mason,,,,,
7353,Massen,0,0,Mason,,,,,
7354,Massons,0,0,Mason,,,,,
7355,Clacher,0,0,Mason,,,,,
7356,Jameson,0,0,Jamieson,,,,,
7357,Jimerson,0,0,Jamieson,,,,,
7358,Jamesone,0,0,Jamieson,,,,,
7359,Jamison,0,0,James,,,,,
7359,Jamison,0,0,Jamieson,,,,,
7360,Jimisone,0,0,Jamieson,,,,,
7361,Jamyson,0,0,Jamieson,,,,,
7362,Creag,0,0,Craig,,,,,
7363,Creagh,0,0,Craig,,,,,
7364,Leland,0,0,MacLellan,,,,,
7367,Carmichail,0,0,Carmichael,,,,,
7368,Carmichale,0,0,Carmichael,,,,,
7369,Carmichan,0,0,Carmichael,,,,,
7370,Carmackhell,0,0,Carmichael,,,,,
7371,MacGillemichael,0,0,Carmichael,,,,,
7372,MacMichael,0,0,Carmichael,,,,,
7373,Woods,0,0,Wood,,,,,
7374,Gairdner,0,0,Jardine,,,,,
7375,Gardiner,0,0,Jardine,,,,,
7376,Jardines,0,0,Jardine,,,,,
7377,Steanson,0,0,Stevenson,,,,,
7378,Steenson,0,0,Stevenson,,,,,
7379,Stenson,0,0,Stevenson,,,,,
7380,Stephansan,0,0,Stevenson,,,,,
7381,Stephensen,0,0,Stevenson,,,,,
7382,Stimson,0,0,Stevenson,,,,,
7383,Steen,0,0,Stevenson,,,,,
7384,MacCalaster,0,0,MacAlister,,,,,
7385,MacCalester,0,0,MacAlister,,,,,
7386,MacCallister,0,0,MacAlister,,,,,
7387,MacLester,0,0,MacAlister,,,,,
7388,MacLister,0,0,MacAlister,,,,,
7389,Christe,0,0,Christie,,,,,
7390,Christy,0,0,Christie,,,,,
7391,MacChristie,0,0,Christie,,,,,
7393,MacChristy,0,0,Christie,,,,,
7395,Dicksoun,0,0,Dickson,,,,,
7396,Ore,0,0,Orr,,,,,
7397,Orres,0,0,Orr,,,,,
7398,Addams,0,0,Adam,,,,,
7400,Findlaw,0,0,Finlay,,,,,
7401,Findlow,0,0,Finlay,,,,,
7402,Finlayson,0,0,Finlay,,,,,
7403,Finley,0,0,Finlay,,,,,
7404,Will,0,0,Williamson,,,,,
7407,John,0,0,Jones,"Johne,Johns",,,,
7408,Johne,0,0,John,,,,,
7409,Johns,0,0,John,,,,,
7410,Pew,0,0,Pugh,,,,,
7411,Pughe,0,0,Pugh,,,,,
7412,Reece,0,0,Rees,,,,,
7413,Reese,0,0,Rees,,,,,
7414,Bohan,0,0,Bowen,,,,,
7415,Bowan,0,0,Bowen,,,,,
7416,Bowane,0,0,Bowen,,,,,
7417,Bowene,0,0,Bowen,,,,,
7418,Bowne,0,0,Bowen,,,,,
7419,Bowin,0,0,Bowen,,,,,
7420,Pryce,0,0,Price,,,,,
7421,Hariss,0,0,Harris,,,,,
7422,Harrie,0,0,Harris,,,,,
7422,Harrie,0,0,Harry,,,,,
7423,Watkins,0,0,,"Watkens,Watkiss,Watson,Watt,Watts,Wattars,Watkyns,Watkin",,,"Watkins of Wales",4659
7424,Prickard,0,0,Pritchard,,,,,
7425,Pritcher,0,0,Pritchard,,,,,
7426,Humphreys,0,0,,"Homfray,Humfrey,Humfreys,Humfrie,Humfries,Humphries,Humpherson,Humphrey,Humphreyson,Humphry",,,,
7427,Homfray,0,0,Humphreys,,,,,
7428,Humfrey,0,0,Humphreys,,,,,
7429,Humfreys,0,0,Humphreys,,,,,
7430,Humfrie,0,0,Humphreys,,,,,
7431,Humfries,0,0,Humphreys,,,,,
7432,Humpherson,0,0,Humphreys,,,,,
7433,Humphrey,0,0,Humphreys,,,,,
7434,Humphreyson,0,0,Humphreys,,,,,
7435,Humphry,0,0,Humphreys,,,,,
7436,Pearce,0,0,,Pears,,,,
7437,Ricard,0,0,Richards,,,,,
7438,Richard,0,0,Richards,,,,,
7439,Rycard,0,0,Richards,,,,,
7440,Tomas,0,0,Thomas,,,,,
7441,Thomasett,0,0,Thomas,,,,,
7442,Hopkines,0,0,Hopkins,,,,,
7443,Hopkinson,0,0,Hopkins,,,,,
7444,Hopkyns,0,0,Hopkins,,,,,
7445,Rowlands,0,0,,"Rolan,Roland,Rolland,Rollons,Rowland,Rowlandson",,,,
7446,Rolan,0,0,Rowlands,,,,,
7447,Roland,0,0,Rowlands,,,,,
7448,Rolland,0,0,Rowlands,,,,,
7449,Rollons,0,0,Rowlands,,,,,
7450,Rowland,0,0,Rowlands,,,,,
7451,Rowlandson,0,0,Rowlands,,,,,
7452,William,0,0,Williams,,,,,
7453,Williman,0,0,Williams,,,,,
7454,Willimon,0,0,Williams,,,,,
7455,Wilcox,0,0,Williams,,,,,
7456,Parry,0,0,,"Parrey,Parrie,Perre,Pendry,Penry,Perry",,,,
7457,Parrey,0,0,Parry,,,,,
7458,Parrie,0,0,Parry,,,,,
7459,Perre,0,0,Parry,,,,,
7460,Quinn,0,0,,"Ó Cuinn,Quin,O'Cuinn,O'Coinne,O'Quinn,Queen,Quen,Quinne,MacQuinn",,,,
7461,"Ó Cuinn",0,0,Quinn,,,,,
7462,Quin,0,0,Quinn,,,,,
7463,O'Cuinn,0,0,Quinn,,,,,
7464,O'Coinne,0,0,Quinn,,,,,
7465,O'Quinn,0,0,Quinn,,,,,
7466,Queen,0,0,Quinn,,,,,
7467,Quen,0,0,Quinn,,,,,
7468,Quinne,0,0,Quinn,,,,,
7470,MacQuinn,0,0,Quinn,,,,,
7471,MacGiollaPhádraig,0,0,Fitzpatrick,,,,,
7472,Fitzpatricks,0,0,Fitzpatrick,,,,,
7473,Fityz-Patrick,0,0,Fitzpatrick,,,,,
7474,MacGilpatrick,0,0,Fitzpatrick,,,,,
7475,Shera,0,0,Fitzpatrick,,,,,
7476,Sherar,0,0,Fitzpatrick,,,,,
7478,MacCárthaigh,0,0,MacCarthy,,,,,
7479,MacCarty,0,0,MacCarthy,,,,,
7480,MacArty,0,0,MacCarthy,,,,,
7481,MacArthy,0,0,MacCarthy,,,,,
7483,MacCurdy,0,0,MacCarthy,,,,,
7484,Carthy,0,0,MacCarthy,,,,,
7485,MacCardy,0,0,MacCarthy,,,,,
7486,Boyle,1,0,,"Ó Baoighill,O'Boyle,Baoghal,Boile,Baole,Boghill,Bohill,Boylan",,,,
7487,"Ó Baoighill",0,0,Boyle,,,,,
7488,Baoghal,0,0,Boyle,,,,,
7489,Boile,0,0,Boyle,,,,,
7490,Baole,0,0,Boyle,,,,,
7491,Boghill,0,0,Boyle,,,,,
7492,Bohill,0,0,Boyle,,,,,
7493,Boylan,0,0,Boyle,,,,,
7495,"Mag Uiginn",0,0,MacGuigan,,,,,
7496,MacGoogan,0,0,MacGuigan,,,,,
7498,MacGookin,0,0,MacGuigan,,,,,
7499,MacGuckin,0,0,MacGuigan,,,,,
7500,MacGuiggan,0,0,MacGuigan,,,,,
7501,MacGuighan,0,0,MacGuigan,,,,,
7502,MacGurgin,0,0,MacGuigan,,,,,
7503,MacQuiggan,0,0,MacGuigan,,,,,
7504,MacWiggan,0,0,MacGuigan,,,,,
7505,Fidgeon,0,0,MacGuigan,,,,,
7506,Pidgeon,0,0,MacGuigan,,,,,
7507,Wigan,0,0,MacGuigan,,,,,
7508,"Ó Ceallacain",0,0,Callaghan,,,,,
7509,O'Callahan,0,0,Callaghan,,,,,
7510,O'Gallaghan,0,0,Callaghan,,,,,
7511,Callahan,0,0,Callaghan,,,,,
7512,Callaghane,0,0,Callaghan,,,,,
7513,Ceallachan,0,0,Callaghan,,,,,
7514,Cellachain,0,0,Callaghan,,,,,
7515,Ceallachain,0,0,Callaghan,,,,,
7516,MacCallaghne,0,0,Callaghan,,,,,
7517,"Ó hÉalaigh",0,0,Healy,,,,,
7518,"Ó hÉilidhe",0,0,Healy,,,,,
7519,O'Healy,0,0,Healy,,,,,
7520,O'Healey,0,0,Healy,,,,,
7521,O'Hely,0,0,Healy,,,,,
7522,Healey,0,0,Healy,,,,,
7523,Hely,0,0,Healy,,,,,
7524,Heely,0,0,Healy,,,,,
7525,Heeley,0,0,Healy,,,,,
7526,O'Leary,0,0,,"Lary,Laury,Learey,Learie,Leary,O'Leery,O'Laoghaire,O'Laoire,O'Laohaire,Uí Laoghaire",,,,
7527,Lary,0,0,O'Leary,,,,,
7528,Learey,0,0,O'Leary,,,,,
7529,Learie,0,0,O'Leary,,,,,
7530,O'Leery,0,0,O'Leary,,,,,
7531,O'Laoghaire,0,0,O'Leary,,,,,
7532,O'Laoire,0,0,O'Leary,,,,,
7533,O'Laohaire,0,0,O'Leary,,,,,
7534,"Uí Laoghaire",0,0,O'Leary,,,,,
7536,MacMathghamhna,0,0,MacMahon,,,,,
7537,Mahon,0,0,MacMahon,,,,,
7539,Mahan,0,0,MacMahon,,,,,
7540,Maughan,0,0,MacMahon,,,,,
7541,Flaherty,0,0,,"Ó Flaithbheartaigh,O'Flagerty,O'Flaherty,Faherty,Fairty,Feherty,Flaverty,Fleharty,Fluharty,Lafferty,Laverty",,,,
7542,"Ó Flaithbheartaigh",0,0,Flaherty,,,,,
7543,O'Flagerty,0,0,Flaherty,,,,,
7544,O'Flaherty,0,0,Flaherty,,,,,
7545,Faherty,0,0,Flaherty,,,,,
7546,Fairty,0,0,Flaherty,,,,,
7547,Feherty,0,0,Flaherty,,,,,
7548,Flaverty,0,0,Flaherty,,,,,
7549,Fleharty,0,0,Flaherty,,,,,
7550,Fluharty,0,0,Flaherty,,,,,
7551,Lafferty,0,0,Flaherty,,,,,
7552,Laverty,0,0,Flaherty,,,,,
7553,Foley,0,0,,"Ó Foghladha,Ó Foghlú,O'Foley,Foaley,Foalie,Fowlie,MacSharey,MacSharry,Sharrie",,,,
7554,"Ó Foghladha",0,0,Foley,,,,,
7555,"Ó Foghlú",0,0,Foley,,,,,
7556,O'Foley,0,0,Foley,,,,,
7557,Foaley,0,0,Foley,,,,,
7558,Foalie,0,0,Foley,,,,,
7559,Fowlie,0,0,Foley,,,,,
7560,MacSharey,0,0,Foley,,,,,
7562,MacSharry,0,0,Foley,,,,,
7563,Sharrie,0,0,Foley,,,,,
7564,Walsh,0,0,,"Branagh,Brannagh,Walch,Wallace,Wallis,Walshe,Welch,Welsh",,,,
7565,Branagh,0,0,Walsh,,,,,
7566,Brannagh,0,0,Walsh,,,,,
7567,Walch,0,0,Walsh,,,,,
7568,Wallis,0,0,Walsh,,,,,
7569,Walshe,0,0,Walsh,,,,,
7570,Welch,0,0,Walsh,,,,,
7571,Welsh,0,0,Walsh,,,,,
7572,Carroll,0,0,,"Ó Caerbhal,O'Carroll,MacCarroll",,,,
7573,"Ó Caerbhal",0,0,Carroll,,,,,
7574,O'Carroll,0,0,Carroll,,,,,
7575,MacCarroll,0,0,Carroll,,,,,
7577,"Ó Dochartaigh",0,0,Doherty,,,,,
7578,O'Doherty,0,0,Docherty,,,,,
7579,Dogherty,0,0,Docherty,,,,,
7580,Dougharty,0,0,Docherty,,,,,
7581,Dougherty,0,0,Docherty,,,,,
7583,MacDiarmada,0,0,MacDermott,,,,,
7584,MacDermot,0,0,MacDermott,,,,,
7585,MacDormand,0,0,MacDermott,,,,,
7586,MacDermid,0,0,MacDermott,,,,,
7587,MacDermitt,0,0,MacDermott,,,,,
7588,MacDermont,0,0,MacDermott,,,,,
7590,MacKermott,0,0,MacDermott,,,,,
7591,Darmody,0,0,MacDermott,,,,,
7592,Dermody,0,0,MacDermott,,,,,
7593,Dermott,0,0,MacDermott,,,,,
7594,Kermode,0,0,MacDermott,,,,,
7595,O'Moroney,0,0,MacDermott,,,,,
7596,MacRony,0,0,MacDermott,,,,,
7597,Mulrooney,0,0,MacDermott,,,,,
7598,Roe,0,0,MacDermott,,,,,
7599,MacThréinfhir,0,0,Traynor,,,,,
7600,Trainor,0,0,Traynor,,,,,
7601,Tranor,0,0,Traynor,,,,,
7602,Treanor,0,0,Traynor,,,,,
7603,Trenor,0,0,Traynor,,,,,
7604,Kane,0,0,,"Ó Catháin,Cahan,O'Cahan,O'Cain,Kayne,Keane",,,,
7605,"Ó Catháin",0,0,Kane,,,,,
7606,Cahan,0,0,Kane,,,,,
7607,O'Cahan,0,0,Kane,,,,,
7608,O'Cain,0,0,Kane,,,,,
7610,Kayne,0,0,Kane,,,,,
7611,Keane,0,0,Kane,,,,,
7612,Whelan,0,0,,"Ó Faoláin,O'Faelan,Ó Faeláin,O'Felan,Felan,Filan,Phelan,Whalen",,,,
7613,"Ó Faoláin",0,0,Whelan,,,,,
7614,O'Faelan,0,0,Whelan,,,,,
7615,"Ó Faeláin",0,0,Whelan,,,,,
7616,O'Felan,0,0,Whelan,,,,,
7617,Felan,0,0,Whelan,,,,,
7618,Filan,0,0,Whelan,,,,,
7619,Phelan,0,0,Whelan,,,,,
7620,Whalen,0,0,Whelan,,,,,
7621,O'Shea,0,0,,"Ó Séaghdha,Ó Shéaghdha,O'Shee,MacShea,MacShee,Shea,Shee",,,,
7622,"Ó Séaghdha",0,0,O'Shea,,,,,
7623,"Ó Shéaghdha",0,0,O'Shea,,,,,
7624,O'Shee,0,0,O'Shea,,,,,
7625,MacShea,0,0,O'Shea,,,,,
7626,MacShee,0,0,O'Shea,,,,,
7627,Shea,0,0,O'Shea,,,,,
7628,Shee,0,0,O'Shea,,,,,
7629,Flynn,0,0,,"Ó Floinn,O'Flynn,Flinn,O'Lynn,Lynn",,,,
7630,"Ó Floinn",0,0,Flynn,,,,,
7631,O'Flynn,0,0,Flynn,,,,,
7632,Flinn,0,0,Flynn,,,,,
7633,O'Lynn,0,0,Flynn,,,,,
7634,O'Halloran,0,0,,"Ó hAllmhuráin,O'Halleron,Haloran,Halleron,Holleran,Holoran,Halloran,Holloron",,,,
7635,"Ó hAllmhuráin",0,0,O'Halloran,,,,,
7636,O'Halleron,0,0,O'Halloran,,,,,
7637,Haloran,0,0,O'Halloran,,,,,
7638,Halleron,0,0,O'Halloran,,,,,
7639,Holleran,0,0,O'Halloran,,,,,
7640,Holoran,0,0,O'Halloran,,,,,
7641,Halloran,0,0,O'Halloran,,,,,
7642,Holloron,0,0,O'Halloran,,,,,
7643,Gallagher,0,0,,"Ó Gallchobhair,O'Gallagher,Gallacher,Gallaher,Gallaugher,Goliger",,,,
7644,"Ó Gallchobhair",0,0,Gallagher,,,,,
7645,O'Gallagher,0,0,Gallagher,,,,,
7646,Gallacher,0,0,Gallagher,,,,,
7647,Gallaher,0,0,Gallagher,,,,,
7648,Gallaugher,0,0,Gallagher,,,,,
7649,Goliger,0,0,Gallagher,,,,,
7651,Morohan,0,0,MacMorran,,,,,
7652,Murran,0,0,MacMorran,,,,,
7653,Murrin,0,0,MacMorran,,,,,
7655,O'Moran,0,0,MacMorran,,,,,
7656,O'Mughrain,0,0,MacMorran,,,,,
7657,"Ó Moghrain",0,0,MacMorran,,,,,
7658,"Ó Móráin",0,0,MacMorran,,,,,
7660,MacCionaoda,0,0,MacKenna,,,,,
7661,MacCinna,0,0,MacKenna,,,,,
7662,MacCionnaith,0,0,MacKenna,,,,,
7663,MacCionath,0,0,MacKenna,,,,,
7664,MacKennagh,0,0,MacKenna,,,,,
7665,MacKenney,0,0,MacKenna,,,,,
7666,O'Grady,0,0,Brady,"Ó Grádaigh,Ó Gráda,Grady,Graidy,Brady,O'Brady",,,,
7667,"Ó Grádaigh",0,0,O'Grady,,,,,
7668,"Ó Gráda",0,0,O'Grady,,,,,
7669,Grady,0,0,O'Grady,,,,,
7669,Grady,0,0,Brady,,,,,
7670,Graidy,0,0,O'Grady,,,,,
7671,Brady,0,0,O'Grady,"MacBradaigh,Bradie,Braidie,Bradigan,Braidy,Braydy,Braydie,Grady,Graidie,MacBrady,O'Grady",,,,
7672,O'Brady,0,0,O'Grady,,,,,
7673,Doyle,0,0,,"Ó Dubhghaill,Ó Dúill,O'Doyle,Doyel,Dougall,Dowell,MacDowall,MacDowell,MacDoughall,MacDowel",,,,
7674,"Ó Dubhghaill",0,0,Doyle,,,,,
7675,"Ó Dúill",0,0,Doyle,,,,,
7676,O'Doyle,0,0,Doyle,,,,,
7677,Doyel,0,0,Doyle,,,,,
7678,Dougall,0,0,Doyle,,,,,
7679,Dowell,0,0,Doyle,,,,,
7680,MacDowall,1,0,Doyle,,,,"MacDowall ",402143
7681,MacDowell,0,0,Doyle,,,,,
7684,MacDoughall,0,0,Doyle,,,,,
7686,MacDowel,0,0,Doyle,,,,,
7688,Hogan,0,0,,"Ó hOgáin,O'Hogan,Ogan,Ougin",,,,
7689,"Ó hOgáin",0,0,Hogan,,,,,
7690,O'Hogan,0,0,Hogan,,,,,
7691,Ogan,0,0,Hogan,,,,,
7692,Ougin,0,0,Hogan,,,,,
7693,Donovan,0,0,,"Ó Donamháin,Ó Donnabháin,O'Donovan,Donavan,Donavon,Donevan,Donnavan,Donnavon,Donnovan",,,,
7694,"Ó Donamháin",0,0,Donovan,,,,,
7695,"Ó Donnabháin",0,0,Donovan,,,,,
7696,O'Donovan,0,0,Donovan,,,,,
7697,Donavan,0,0,Donovan,,,,,
7698,Donavon,0,0,Donovan,,,,,
7699,Donevan,0,0,Donovan,,,,,
7700,Donnavan,0,0,Donovan,,,,,
7701,Donnavon,0,0,Donovan,,,,,
7702,Donnovan,0,0,Donovan,,,,,
7703,Griffen,0,0,Griffiths,,,,,
7703,Griffen,0,0,Griffin,,,,,
7704,Griffey,0,0,Griffin,,,,,
7705,Griffy,0,0,Griffin,,,,,
7706,O'Griffin,0,0,Griffin,,,,,
7707,O'Griffey,0,0,Griffin,,,,,
7708,"Ó Gríobhtha",0,0,Griffin,,,,,
7709,"Ó Gríobtha",0,0,Griffin,,,,,
7710,"Ó Gríofa",0,0,Griffin,,,,,
7711,Donnelly,0,0,,"ÓDomhnaill,Ó Donnaghaile,Donelly,Donneely,O'Donnell,O'Donnelly",,,,
7712,ÓDomhnaill,0,0,Donnelly,,,,,
7713,"Ó Donnaghaile",0,0,Donnelly,,,,,
7714,Donelly,0,0,Donnelly,,,,,
7715,Donneely,0,0,Donnelly,,,,,
7716,O'Donnell,0,0,Donnelly,,,,,
7717,O'Donnelly,0,0,Donnelly,,,,,
7718,Murphy,0,0,,"Ó Murchada,Morphy,MacMurrough,O'Murphy,MacMurphy",,,,
7719,"Ó Murchada",0,0,Murphy,,,,,
7720,Morphy,0,0,Murphy,,,,,
7721,MacMurrough,0,0,Murphy,,,,,
7723,O'Murphy,0,0,Murphy,,,,,
7725,Kenny,0,0,,"Keany,Keaney,Keeney,Kenney,Kennie,Kinney,Kinnie,MacKeany,MacKenny,O'Kenny,O'Kinney,Ó Cionaith,Ó Cionnaith,,Ó Cionaodha,Ó Cionnaoith,Ó Coinnigh",,,,
7726,Keany,0,0,Kenny,,,,,
7727,Keaney,0,0,Kenny,,,,,
7728,Keeney,0,0,Kenny,,,,,
7729,Kenney,0,0,Kenny,,,,,
7730,Kennie,0,0,Kenny,,,,,
7731,MacKeany,0,0,Kenny,,,,,
7733,MacKenny,0,0,Kenny,,,,,
7734,O'Kenny,0,0,Kenny,,,,,
7735,O'Kinney,0,0,Kenny,,,,,
7736,"Ó Cionaith",0,0,Kenny,,,,,
7737,"Ó Cionnaith,",0,0,Kenny,,,,,
7738,"Ó Cionaodha",0,0,Kenny,,,,,
7739,"Ó Cionnaoith",0,0,Kenny,,,,,
7740,"Ó Coinnigh",0,0,Kenny,,,,,
7741,O'Connor,0,0,,"Ó Conchobhair,Ó Concubain,O'Conor,O'Conner,Conners,Conor,Connors",,,"O'Connor #2, O'Connor Dress, O'Connor Royal Na Connaught","3459, 3460, 3461"
7742,"Ó Conchobhair",0,0,O'Connor,,,,,
7743,"Ó Concubain",0,0,O'Connor,,,,,
7744,O'Conor,0,0,O'Connor,,,,,
7745,O'Conner,0,0,O'Connor,,,,,
7746,Conners,0,0,O'Connor,,,,,
7747,Conor,0,0,O'Connor,,,,,
7748,Connors,0,0,O'Connor,,,,,
7749,Casey,0,0,,"Ó Cathasaigh,O'Casey,MacCathasaigh",,,,
7750,"Ó Cathasaigh",0,0,Casey,,,,,
7751,O'Casey,0,0,Casey,,,,,
7752,MacCathasaigh,0,0,Casey,,,,,
7753,Kavanagh,0,0,,"Caomhánach,Chaomhánach,O'Cavanagh,Cavanagh,Cavanaugh,Kavanah,Kavanaugh,Keevan",,,,
7754,Caomhánach,0,0,Kavanagh,,,,,
7755,Chaomhánach,0,0,Kavanagh,,,,,
7756,O'Cavanagh,0,0,Kavanagh,,,,,
7757,Cavanagh,0,0,Kavanagh,,,,,
7758,Cavanaugh,0,0,Kavanagh,,,,,
7759,Kavanah,0,0,Kavanagh,,,,,
7760,Kavanaugh,0,0,Kavanagh,,,,,
7761,Keevan,0,0,Kavanagh,,,,,
7762,Reilly,0,0,,"Ó Raghailligh,Riley,O'Reilly,Rahilly,Raleigh",,,,
7763,"Ó Raghailligh",0,0,Reilly,,,,,
7764,Riley,0,0,Reilly,,,,,
7765,O'Reilly,0,0,Reilly,,,,,
7766,Rahilly,0,0,Reilly,,,,,
7767,Raleigh,0,0,Reilly,,,,,
7768,"Ó Ceallaigh",0,0,Kelly,,,,,
7769,Kelley,0,0,Kelly,,,,,
7770,Kilkelly,0,0,Kelly,,,,,
7771,MacKillely,0,0,Kelly,,,,,
7772,O'Kelly,0,0,Kelly,,,,,
7773,Gilkelly,0,0,Kelly,,,,,
7774,O'Cadhla,0,0,Kelly,,,,,
7775,MacGoila,0,0,Kelly,,,,,
7776,O'Dwyer,0,0,,"Dwire,Dwier,Dwyer,Dyer,MacDuibher,Ó Dubhuir,O'Duibhir,Ó Duibhuir",,,,
7777,Dwire,0,0,O'Dwyer,,,,,
7778,Dwier,0,0,O'Dwyer,,,,,
7779,Dwyer,0,0,O'Dwyer,,,,,
7780,MacDuibher,0,0,O'Dwyer,,,,,
7781,"Ó Dubhuir",0,0,O'Dwyer,,,,,
7782,O'Duibhir,0,0,O'Dwyer,,,,,
7783,"Ó Duibhuir",0,0,O'Dwyer,,,,,
7784,Higgins,0,0,,"Higgans,Higgens,Higgin,Higginson,O'Higgin,O'Higgins,Ó hAodhagain,Ó hUigínn",,,,
7785,Higgans,0,0,Higgins,,,,,
7786,Higgens,0,0,Higgins,,,,,
7787,Higgin,0,0,Higgins,,,,,
7788,Higginson,0,0,Higgins,,,,,
7789,O'Higgin,0,0,Higgins,,,,,
7790,O'Higgins,0,0,Higgins,,,,,
7791,"Ó hAodhagain",0,0,Higgins,,,,,
7792,"Ó hUigínn",0,0,Higgins,,,,,
7793,Mullan,0,0,,"MacMaoláin,Ó Maoláin,Ó Meallain,MacMullan,MacMullen,Mullen,Mullens,Mullin,Mullins,O'Mullan,O'Mullen,O'Mullin",,,,
7794,MacMaoláin,0,0,Mullan,,,,,
7795,"Ó Maoláin",0,0,Mullan,,,,,
7796,"Ó Meallain",0,0,Mullan,,,,,
7797,Mullen,0,0,Mullan,,,,,
7798,Mullens,0,0,Mullan,,,,,
7799,Mullin,0,0,Mullan,,,,,
7800,Mullins,0,0,Mullan,,,,,
7801,O'Mullan,0,0,Mullan,,,,,
7802,O'Mullen,0,0,Mullan,,,,,
7803,O'Mullin,0,0,Mullan,,,,,
7804,Burke,0,0,,"Bourke,Burgh,Burk",,,,
7807,Bourke,0,0,Burke,,,,,
7808,Burgh,0,0,Burke,,,,,
7809,Burk,0,0,Burke,,,,,
7810,MacGerailt,0,0,Fitzgerald,,,,,
7811,Fitz-Gerald,0,0,Fitzgerald,,,,,
7812,Gerald,0,0,Fitzgerald,,,,,
7813,Geralds,0,0,Fitzgerald,,,,,
7814,Geraldine,0,0,Fitzgerald,,,,,
7815,"Ó Siodhacháin",0,0,Sheehan,,,,,
7816,"Ó Siocháin",0,0,Sheehan,,,,,
7817,O'Sheahan,0,0,Sheehan,,,,,
7818,O'Sheehan,0,0,Sheehan,,,,,
7819,Sheahan,0,0,Sheehan,,,,,
7820,Shean,0,0,Sheehan,,,,,
7821,Sheen,0,0,Sheehan,,,,,
7822,Rooney,0,0,,"Ó Ruanaidh,O'Roney,O'Rooney,Roonay,Roney,Roony",,,,
7823,"Ó Ruanaidh",0,0,Rooney,,,,,
7824,O'Roney,0,0,Rooney,,,,,
7825,O'Rooney,0,0,Rooney,,,,,
7826,Roonay,0,0,Rooney,,,,,
7827,Roney,0,0,Rooney,,,,,
7828,Roony,0,0,Rooney,,,,,
7829,Coyle,0,0,,"MacGiollaChomhgaill,O'Coyle,MacCoyle,MacCool,MacIlhoyle,Coyl,Coyles,Coile,Coiles,Coils,Coyls",,,,
7830,MacGiollaChomhgaill,0,0,Coyle,,,,,
7831,O'Coyle,0,0,Coyle,,,,,
7832,MacCoyle,0,0,Coyle,,,,,
7834,MacCool,0,0,Coyle,,,,,
7835,MacIlhoyle,0,0,Coyle,,,,,
7836,Coyl,0,0,Coyle,,,,,
7837,Coyles,0,0,Coyle,,,,,
7838,Coile,0,0,Coyle,,,,,
7839,Coiles,0,0,Coyle,,,,,
7840,Coils,0,0,Coyle,,,,,
7841,Coyls,0,0,Coyle,,,,,
7842,Malone,0,0,,"ÓMaoileoin,Mallon,Mallone,Mallonee",,,,
7843,ÓMaoileoin,0,0,Malone,,,,,
7844,Mallon,0,0,Malone,,,,,
7845,Mallone,0,0,Malone,,,,,
7846,Mallonee,0,0,Malone,,,,,
7847,O'Keeffe,0,0,,"Ó Caoimh,O'Keefe,Coemh,Coohm,Keefe,Keeffe",,,,
7848,"Ó Caoimh",0,0,O'Keeffe,,,,,
7849,Coemh,0,0,O'Keeffe,,,,,
7850,Coohm,0,0,O'Keeffe,,,,,
7851,Keefe,0,0,O'Keeffe,,,,,
7852,Keeffe,0,0,O'Keeffe,,,,,
7853,Collins,0,0,,"Ó Coileáin,Ó Cuilleáin,O'Collins,O'Cullane,Cullane,Collinson",,,,
7854,"Ó Coileáin",0,0,Collins,,,,,
7855,"Ó Cuilleáin",0,0,Collins,,,,,
7856,O'Collins,0,0,Collins,,,,,
7857,O'Cullane,0,0,Collins,,,,,
7858,Cullane,0,0,Collins,,,,,
7859,Collinson,0,0,Collins,,,,,
7861,MacMaghnuis,0,0,MacManus,,,,,
7863,MacManners,0,0,MacManus,,,,,
7864,Manus,0,0,MacManus,,,,,
7865,O'Dowd,0,0,,"Ó Dubhda,O'Dowda,Doody,Dowd,Dowds,Duddy",,,,
7866,"Ó Dubhda",0,0,O'Dowd,,,,,
7867,O'Dowda,0,0,O'Dowd,,,,,
7868,Doody,0,0,O'Dowd,,,,,
7869,Dowd,0,0,O'Dowd,,,,,
7870,Dowds,0,0,O'Dowd,,,,,
7871,Duddy,0,0,O'Dowd,,,,,
7872,Doran,0,0,,"Ó Deoradhain,Ó Deoráin,O'Deoran,O'Doran,Dorain,Dorran,Dorrian",,,,
7873,"Ó Deoradhain",0,0,Doran,,,,,
7874,"Ó Deoráin",0,0,Doran,,,,,
7875,O'Deoran,0,0,Doran,,,,,
7876,O'Doran,0,0,Doran,,,,,
7877,Dorain,0,0,Doran,,,,,
7878,Dorran,0,0,Doran,,,,,
7879,Dorrian,0,0,Doran,,,,,
7880,Brennan,0,0,,"Ó Braonain,MacBranan,MacBranain,O'Branain,O'Brennan,Brannan,Branny",,,,
7881,"Ó Braonain",0,0,Brennan,,,,,
7882,MacBranan,0,0,Brennan,,,,,
7883,MacBranain,0,0,Brennan,,,,,
7884,O'Branain,0,0,Brennan,,,,,
7885,O'Brennan,0,0,Brennan,,,,,
7886,Brannan,0,0,Brennan,,,,,
7887,Branny,0,0,Brennan,,,,,
7888,MacNamara,0,0,,MacConmara,,,,
7889,MacConmara,0,0,MacNamara,,,,,
7891,Cassidy,0,0,,"Ó Caiside,O'Cassidy,Casada,Casaday,Casidy,Cassiday,Cassity,Cassedy",,,,
7892,"Ó Caiside",0,0,Cassidy,,,,,
7893,O'Cassidy,0,0,Cassidy,,,,,
7894,Casada,0,0,Cassidy,,,,,
7895,Casaday,0,0,Cassidy,,,,,
7896,Casidy,0,0,Cassidy,,,,,
7897,Cassiday,0,0,Cassidy,,,,,
7898,Cassity,0,0,Cassidy,,,,,
7899,Cassedy,0,0,Cassidy,,,,,
7900,Sweeney,0,0,,"MacSuibhne,MacSweeney,MacSweeny,MacSwiney,MacSwyn,MacSwyny,Sevnagh,Sweeny,Sweney,Swiney,MacQueen",,,,
7901,MacSuibhne,0,0,Sweeney,,,,,
7902,MacSweeney,0,0,Sweeney,,,,,
7903,MacSweeny,0,0,Sweeney,,,,,
7904,MacSwiney,0,0,Sweeney,,,,,
7905,MacSwyn,0,0,Sweeney,,,,,
7906,MacSwyny,0,0,Sweeney,,,,,
7907,Sevnagh,0,0,Sweeney,,,,,
7908,Sweeny,0,0,Sweeney,,,,,
7909,Sweney,0,0,Sweeney,,,,,
7910,Swiney,0,0,Sweeney,,,,,
7911,Barre,0,0,Barry,,,,,
7912,Barrey,0,0,Barry,,,,,
7916,Byrne,0,0,,"Ó Brion,O'Byrne,O'Byrnes,O'Brin,O'Brion,O'Burns,Burns,Beirne,Brin,Boirn",,,,
7917,"Ó Brion",0,0,Byrne,,,,,
7918,O'Byrne,0,0,Byrne,,,,,
7919,O'Byrnes,0,0,Byrne,,,,,
7920,O'Brin,0,0,Byrne,,,,,
7921,O'Brion,0,0,Byrne,,,,,
7922,O'Burns,0,0,Byrne,,,,,
7923,Beirne,0,0,Byrne,,,,,
7924,Brin,0,0,Byrne,,,,,
7925,Boirn,0,0,Byrne,,,,,
7926,Farrell,0,0,,"Ó Fearghail,O'Farrell,O'Farrely,O'Farrel,O'Farelly,O'Farel,O'Farely,O'Farley,O'Farrill,O'Ferrill",,,,
7927,"Ó Fearghail",0,0,Farrell,,,,,
7928,O'Farrely,0,0,Farrell,,,,,
7929,O'Farrel,0,0,Farrell,,,,,
7930,O'Farelly,0,0,Farrell,,,,,
7931,O'Farel,0,0,Farrell,,,,,
7932,O'Farely,0,0,Farrell,,,,,
7933,O'Farley,0,0,Farrell,,,,,
7934,O'Farrill,0,0,Farrell,,,,,
7935,O'Ferrill,0,0,Farrell,,,,,
7937,MacCormaic,0,0,MacCormick,,,,,
7938,Carmack,0,0,MacCormick,,,,,
7939,Cormach,0,0,MacCormick,,,,,
7940,Cormich,0,0,MacCormick,,,,,
7941,Cormiche,0,0,MacCormick,,,,,
7942,Cormyck,0,0,MacCormick,,,,,
7943,Kormack,0,0,MacCormick,,,,,
7944,Kormick,0,0,MacCormick,,,,,
7946,Nolan,0,0,,"Ó Nualláin",,,,
7947,"Ó Ruairc",0,0,O'Rourke,,,,,
7948,O'Roark,0,0,O'Rourke,,,,,
7949,O'Rork,0,0,O'Rourke,,,,,
7950,O'Rorke,0,0,O'Rourke,,,,,
7951,Roark,0,0,O'Rourke,,,,,
7952,Roarke,0,0,O'Rourke,,,,,
7953,Rorke,0,0,O'Rourke,,,,,
7954,Rourk,0,0,O'Rourke,,,,,
7955,Rourke,0,0,O'Rourke,,,,,
7956,"Ó Loingsigh",0,0,Lynch,,,,,
7957,O'Lynch,0,0,Lynch,,,,,
7958,Linch,0,0,Lynch,,,,,
7959,Ward,0,0,,"MacAnward,MacAward,MacWard,MacanBháird",,,,
7960,MacAnward,0,0,Ward,,,,,
7961,MacAward,0,0,Ward,,,,,
7962,MacWard,0,0,Ward,,,,,
7964,MacanBháird,0,0,Ward,,,,,
7965,Kennedie,0,0,Kennedy,,,,,
7966,O'Kennedy,0,0,Kennedy,,,,,
7967,"Ó Cinnéide",0,0,Kennedy,,,,,
7968,"Ó Ceannéidigh",0,0,Kennedy,,,,,
7969,Sullivan,0,0,O'Sullivan,"Ó Súileabháin,Sullivant,Sillivant,Silliphant,Sillifant,Sully",,,,
7970,"Ó Súileabháin",0,0,Sullivan,,,,,
7972,Sullivant,0,0,Sullivan,,,,,
7973,Sillivant,0,0,Sullivan,,,,,
7974,Silliphant,0,0,Sullivan,,,,,
7975,Sillifant,0,0,Sullivan,,,,,
7976,Sully,0,0,Sullivan,,,,,
7977,Connolly,0,0,,"Ó Conghalaigh,Ó Coinheallaigh,Ó Conghaile,O'Conolly,O'Connolly,Connally,Connelly,Connelay,Coneley,Conolly",,,"Connolly Hunting, Connolly Dress","298907, 298908"
7978,"Ó Conghalaigh",0,0,Connolly,,,,,
7979,"Ó Coinheallaigh",0,0,Connolly,,,,,
7980,"Ó Conghaile",0,0,Connolly,,,,,
7981,O'Conolly,0,0,Connolly,,,,,
7982,O'Connolly,0,0,Connolly,,,,,
7983,Connally,0,0,Connolly,,,,,
7984,Connelly,0,0,Connolly,,,,,
7985,Connelay,0,0,Connolly,,,,,
7986,Coneley,0,0,Connolly,,,,,
7987,Conolly,0,0,Connolly,,,,,
7988,Duffy,0,0,,"Ó Dubthaigh,O'Duffy,Dowey,Duffie,Duffey,Doohey",,,,
7989,"Ó Dubthaigh",0,0,Duffy,,,,,
7990,O'Duffy,0,0,Duffy,,,,,
7991,Dowey,0,0,Duffy,,,,,
7992,Duffie,0,0,Duffy,,,,,
7993,Duffey,0,0,Duffy,,,,,
7994,Doohey,0,0,Duffy,,,,,
7995,Sheridan,0,0,,"Ó Sirideáin,O'Sheridan,Sheridin,Sheridon",,,,
7996,"Ó Sirideáin",0,0,Sheridan,,,,,
7997,O'Sheridan,0,0,Sheridan,,,,,
7998,Sheridin,0,0,Sheridan,,,,,
7999,Sheridon,0,0,Sheridan,,,,,
8000,"Ó Ríagáin",0,0,Reagan,,,,,
8001,O'Reagan,0,0,Reagan,,,,,
8002,O'Regan,0,0,Reagan,,,,,
8003,Flannagan,0,0,,"Ó Flannagáin,O'Flanagan,Flanagen,Flanigan,Flanagin,Flanigen,Flannagen,Flanaghan,Flannagin,Flannigan,Flannigen",,,,
8004,"Ó Flannagáin",0,0,Flannagan,,,,,
8005,O'Flanagan,0,0,Flannagan,,,,,
8006,Flanagen,0,0,Flannagan,,,,,
8007,Flanigan,0,0,Flannagan,,,,,
8008,Flanagin,0,0,Flannagan,,,,,
8009,Flanigen,0,0,Flannagan,,,,,
8010,Flannagen,0,0,Flannagan,,,,,
8011,Flanaghan,0,0,Flannagan,,,,,
8012,Flannagin,0,0,Flannagan,,,,,
8013,Flannigan,0,0,Flannagan,,,,,
8014,Flannigen,0,0,Flannagan,,,,,
8015,"Ó Briain",0,0,O'Brien,,,,,
8016,O'Breen,0,0,O'Brien,,,,,
8017,O'Bryon,0,0,O'Brien,,,,,
8018,O'Bryan,0,0,O'Brien,,,,,
8019,O'Bryant,0,0,O'Brien,,,,,
8020,Breen,0,0,O'Brien,,,,,
8021,Bryan,0,0,O'Brien,,,,,
8022,Bryen,0,0,O'Brien,,,,,
8023,Brian,0,0,O'Brien,,,,,
8024,Brien,0,0,O'Brien,,,,,
8025,Briend,0,0,O'Brien,,,,,
8026,Briens,0,0,O'Brien,,,,,
8027,Brion,0,0,O'Brien,,,,,
8028,MacBrein,0,0,O'Brien,,,,,
8029,MacBryen,0,0,O'Brien,,,,,
8030,MacBrian,0,0,O'Brien,,,,,
8031,MacBrien,0,0,O'Brien,,,,,
8035,Grath,0,0,MacGrath,,,,,
8036,MacGra,0,0,MacGrath,,,,,
8037,MacGraw,0,0,MacGrath,,,,,
8039,Magrath,0,0,MacGrath,,,,,
8040,Magraw,0,0,MacGrath,,,,,
8041,O'Hara,0,0,,"Ó hEaghra,O'Hare,O'Harra,O'Hehir,O'Hora",,,,
8042,"Ó hEaghra",0,0,O'Hara,,,,,
8043,O'Hare,0,0,O'Hara,,,,,
8044,O'Harra,0,0,O'Hara,,,,,
8045,O'Hehir,0,0,O'Hara,,,,,
8046,O'Hora,0,0,O'Hara,,,,,
8048,"Ó Máoilsheáchlainn",0,0,MacLachlan,,,,,
8049,"O Melaghlin",0,0,MacLachlan,,,,,
8050,MacGloughlin,0,0,MacLachlan,,,,,
8051,MacGloughin,0,0,MacLachlan,,,,,
8053,MacBradaigh,0,0,Brady,,,,,
8054,Bradie,0,0,Brady,,,,,
8055,Braidie,0,0,Brady,,,,,
8056,Bradigan,0,0,Brady,,,,,
8057,Braidy,0,0,Brady,,,,,
8058,Braydy,0,0,Brady,,,,,
8059,Braydie,0,0,Brady,,,,,
8060,Graidie,0,0,Brady,,,,,
8061,MacBrady,0,0,Brady,,,,,
8062,"Ó Mordha",0,0,Moore,,,,,
8063,O'Moore,0,0,Moore,,,,,
8064,O'More,0,0,Moore,,,,,
8065,"Ó Doibhilin",0,0,Devlin,,,,,
8066,"Ó Duibhlin",0,0,Devlin,,,,,
8067,O'Dobhalen,0,0,Devlin,,,,,
8068,O'Develin,0,0,Devlin,,,,,
8069,O'Devlin,0,0,Devlin,,,,,
8070,Davlin,0,0,Devlin,,,,,
8071,Defflin,0,0,Devlin,,,,,
8072,Develin,0,0,Devlin,,,,,
8073,Devline,0,0,Devlin,,,,,
8074,Devolin,0,0,Devlin,,,,,
8075,Devoline,0,0,Devlin,,,,,
8076,Clancy,0,0,,"MacFhlannchaidh,Magfhlannchadha,Clancey,Clanchey,Clanchy,Clansey,Glancy,MacClancy",,,,
8077,MacFhlannchaidh,0,0,Clancy,,,,,
8078,Magfhlannchadha,0,0,Clancy,,,,,
8079,Clancey,0,0,Clancy,,,,,
8080,Clanchey,0,0,Clancy,,,,,
8081,Clanchy,0,0,Clancy,,,,,
8082,Clansey,0,0,Clancy,,,,,
8083,Glancy,0,0,Clancy,,,,,
8084,MacClancy,0,0,Clancy,,,,,
8085,MacUidhir,0,0,Maguire,,,,,
8086,"Mag Uidhir",0,0,Maguire,,,,,
8088,MacGwire,0,0,Maguire,,,,,
8089,Guire,0,0,Maguire,,,,,
8090,Guirey,0,0,Maguire,,,,,
8091,Guiry,0,0,Maguire,,,,,
8092,Ryan,0,0,,"Ó Maolriain,Ó Maoilriaghain,Mulrian,O'Mulryan,O'Ryan,O'Riain",,,,
8093,"Ó Maolriain",0,0,Ryan,,,,,
8094,"Ó Maoilriaghain",0,0,Ryan,,,,,
8095,Mulrian,0,0,Ryan,,,,,
8096,O'Mulryan,0,0,Ryan,,,,,
8097,O'Ryan,0,0,Ryan,,,,,
8098,O'Riain,0,0,Ryan,,,,,
8099,Daly,0,0,,"Ó Dálaigh,O'Dalaigh,O'Daly,Daley,Daily,Dailey,Dayley,Dawley",,,,
8100,"Ó Dálaigh",0,0,Daly,,,,,
8101,O'Dalaigh,0,0,Daly,,,,,
8102,O'Daly,0,0,Daly,,,,,
8103,Daley,0,0,Daly,,,,,
8104,Daily,0,0,Daly,,,,,
8105,Dailey,0,0,Daly,,,,,
8106,Dayley,0,0,Daly,,,,,
8107,Dawley,0,0,Daly,,,,,
8108,Dunne,0,0,,"Ó Duinn,Donn,Dun,Dunn,O'Doinn,O'Dunn,O'Dunne,O'Doyne",,,,
8109,"Ó Duinn",0,0,Dunne,,,,,
8110,Donn,0,0,Dunne,,,,,
8111,Dun,0,0,Dunne,,,,,
8112,Dunn,0,0,Dunne,,,,,
8113,O'Doinn,0,0,Dunne,,,,,
8114,O'Dunn,0,0,Dunne,,,,,
8115,O'Dunne,0,0,Dunne,,,,,
8116,O'Doyne,0,0,Dunne,,,,,
8118,O'Neall,0,0,MacNeil,,,,,
8119,"Uí Néill",0,0,MacNeil,,,,,
8120,Joyce,0,0,,"Seoighe,Joyes,Joy,Joice,Joisce,Joss,Joicey",,,,
8121,Seoighe,0,0,Joyce,,,,,
8122,Joyes,0,0,Joyce,,,,,
8123,Joy,0,0,Joyce,,,,,
8124,Joice,0,0,Joyce,,,,,
8125,Joisce,0,0,Joyce,,,,,
8126,Joicey,0,0,Joyce,,,,,
8127,Carruthers,1,0,,,,,"Carruthers ",11383
8128,Aikenhead,1,0,,,,,,
8129,Allardice,1,0,,,,,,
8130,Anstruther,1,0,,,,,,
8131,Arnott,1,0,,,,,,
8132,Auchinleck,1,0,,,,,,
8133,Belshes,1,0,,,,,,
8134,Beveridge,1,0,,,,,,
8135,Blackadder,1,0,,,,,,
8136,Blane,1,0,,,,,,
8137,Blyth,1,0,,,,,,
8138,Boswell,1,0,,,,,"Boswell Dress",445
8139,Butter,1,0,,,,,,
8140,Byres,1,0,,Byses,,,,
8141,Cairns,1,0,,,"Cairns of Finavon",,,
8142,Callender,1,0,,,,,,
8143,Charteris,1,0,,,,,,
8144,Clephane,1,0,,,,,,
8145,Congilton,1,0,,,,,,
8146,Dalmahoy,1,0,,,,,,
8147,Darroch,1,0,,,,,,
8148,Dennistoun,0,0,Denniston,,,,,
8149,Edmonstone,1,0,,,,,Edmonstone,1272
8150,Fullarton,1,0,,,,,,
8151,Gartshore,1,0,,,,,,
8152,Gladstains,0,0,,,,,,
8153,Glen,1,0,,,,,,
8154,Grierson,1,0,,,,,,
8155,Hope,1,0,,,,,,
8156,Hutton,1,0,,,,,Hutton,1992
8157,Kinloch,1,0,,,,,,
8158,Kinnear,1,0,,,,,,
8159,Kinninmont,1,0,,,,,,
8160,Kirkcaldy,1,0,,,,,,
8161,Lammie,1,0,,,,,,
8162,Learmonth,1,0,,,,,,
8163,Logie,1,0,,,,,,
8164,Lundin,1,0,,,,,,
8165,MacKie,1,0,,,,,,
8166,Makgill,0,0,MacGill,,,,,
8167,Maule,1,0,,,,,,
8169,Mercer,1,0,,,,,,
8170,Moncur,1,0,,,,,,
8172,Moubray,1,0,,,,,,
8173,Mow,1,0,,,,,,
8175,Newton,1,0,,,,,,
8176,Norvel,1,0,,,,,,
8177,Orrock,1,0,,,,,,
8178,Pennycook,1,0,,,,,,
8179,Pitblado,1,0,,,,,,
8180,Polwarth,1,0,,,,,,
8182,Preston,1,0,,,,,,
8183,Primrose,1,0,,,,,,
8184,Purves,1,0,,,,,,
8185,Rait,1,0,,,,,,
8186,Renton,1,0,,,,,Renton,3800
8187,Riddell,1,0,,,,,,
8188,Rossie,1,0,,,,,,
8189,Routledge,1,0,,,,,,
8190,Skirving,1,0,,,,,,
8191,Spottiswood,1,0,,,,,,
8193,Straiton,1,0,,,,,,
8194,Strange,1,0,,,"Strange of Balcaskie",,,
8195,Swinton,1,0,,,,,,
8198,Tailyour,0,0,Taylor,,,,,
8200,Udny,1,0,,,,,,
8201,Vans,1,0,,,,,,
8202,Walkinshaw,1,0,,,,,,
8203,Wauchope,1,0,,,,,,
8204,Whiteford,1,0,,Whitefoord,,,,
8205,Whitefoord,0,0,Whiteford,,,,,
8206,Brown,1,0,,"Bron,Browne,Browyn,Brwne,Brun,Brune,Brouin,Broune,Braun","Brown of Castledean,Brown of Castlehaven","scottish,english,welsh,irish",Brown,549
8207,"MacDonald of Keppoch",0,0,,,,,,
8208,"MacLeod of the Lewes",1,0,,,,,,
8210,Abercromby,0,0,Abercrombie,,,,,
8211,"Campbell of Possil",0,0,,,,,,
8212,Caldwell,1,0,,,,,,
8213,Donnachaidh,0,0,Donachie,,,,,
8214,Whitelaw,1,0,,,,,,
8218,Horsburgh,1,0,,,,,,
8219,Herries,1,0,,,,,,
8220,Heron,1,0,,,,,,
8221,Halket,1,0,,,,,,
8222,Halkerston,1,0,,,,,,
8223,Glas,1,0,,,,,,
8224,Badden,0,0,Batten,,,,,
8225,Battin,0,0,Batten,,,,,
8226,Batton,0,0,Batten,,,,,
8227,Baddenach,0,0,Batten,,,,,
8228,Birrell,0,0,Birral,,,,,
8229,Burrell,0,0,Birral,,,,,
8230,Blayloch,0,0,Blaylock,,,,,
8231,Russel,0,0,Russell,,,,,
8232,Lyndsey,0,0,Lindsay,,,,,
8233,"Prince Charles Edward Stewart",0,0,,,,,,
8234,Willison,0,0,Wilson,,,,,
8236,Robens,0,0,Robinson,,,,,
8237,Kings,0,0,King,,,,,
8238,Right,0,0,Wright,,,,,
8239,Watkens,0,0,Watkins,,,,,
8240,Pears,0,0,Pearce,,,,,
8241,Hawell,0,0,Howells,,,,,
8242,Doherty,0,0,,"Ó Dochartaigh",,,,
8243,"Ó Nualláin",0,0,Nolan,,,,,
8425,"Alexander of Menstry",0,0,,,,,"Alexander of Menstry, Alexander of Menstry Dress, Alexander of Menstry Hunting","60, 61, 62"
8426,"Anderson of Ardbrake",0,0,,,,,"Anderson of Ardbrake",115
8427,"Anderson of Kinneddar",0,0,,,,,"Anderson of Kinneddar Hunting, Anderson of Kinneddar Red","116, 117"
8428,"Baillie of Lamington",0,0,,,,,"Baillie of Lamington",225
8429,"Baillie of Polkemmet",0,0,,,,,"Baillie of Polkemmet, Baillie of Polkemmet; Red","226, 227"
8430,"Baxter of Balgavies",0,0,,,,,"Baxter of Balgavies",312
8433,"Brown of Castledean",0,0,,,,,"Brown of Castledean",548
8434,"Bruce of Kinnaird",0,0,,,,,"Bruce of Kinnaird",561
8435,"Burnett of Leys",0,0,,,,,"Burnett of Leys",606
8436,"Burnett of Powis",0,0,,,,,"Burnett of Powis",607
8437,"Cairns of Finavon",0,0,,,,,"Cairns of Finavon",635
8438,"Cameron of Erracht",0,0,,,,,"Cameron of Erracht, Cameron of Erracht; Dress, Cameron of Erracht; Dress #2, Cameron of Erracht (Old Colours), Cameron of Erracht; Highland 4","672, 674, 675, 4968, 5387"
8439,"Cameron of Locheil",0,0,,,,,"Cameron of Locheil",676
8440,"Cameron of Lochiel",0,0,,,,,"Cameron of Lochiel; Hunting",678
8441,"Campbell of Argyle",0,0,,,,,"Campbell of Argyle #3, Campbell of Argyle #4, Campbell of Argyle; Black guards","689, 690, 691"
8442,"Campbell of Argyll",0,0,,,,,"Campbell of Argyll, Campbell of Argyll; 1815 variant, Campbell of Argyll; no guards","692, 693, 694"
8443,"Campbell of Armaddie",0,0,,,,,"Campbell of Armaddie",695
8444,"Campbell of Glenlyon",0,0,,,,,"Campbell of Glenlyon",703
8445,"Campbell of Inveraray",0,0,,,,,"Campbell of Inveraray",704
8446,"Campbell of Lochawe",0,0,,,,,"Campbell of Lochawe",705
8447,"Campbell of Lochlane",0,0,,,,,"Campbell of Lochlane",706
8448,"Campbell of Loudon",0,0,,,,,"Campbell of Loudon, Campbell of Loudon; Plaid","707, 709"
8449,"Casely of Mannerston",0,0,,,,,"Casely of Mannerston",766
8450,"Cheape of Torosay",0,0,,,,,"Cheape of Torosay",812
8451,"Chisholm of Strathglass",0,0,,,,,"Chisholm of Strathglass",832
8452,"Cian of Ely",0,0,,,,,"Cian of Ely, Cian of Ely; Hunting","842, 844"
8453,"Clergy of Ulva",0,0,,,,,"Clergy of Ulva, Clergy of Ulva; New","878, 879"
8454,"Cockburn of Ormiston",0,0,,,,,"Cockburn of Ormiston; Dress",894
8455,"Currie of Arran",0,0,,,,,"Currie of Arran",1029
8456,"Dalrymple of Castleton",0,0,,,,,"Dalrymple of Castleton, Dalrymple of Castleton #2","1058, 1059"
8457,"Davidson of Tulloch",0,0,,,,,"Davidson of Tulloch , Davidson of Tulloch Dress, Davidson of Tulloch #2","1072, 1073, 1075"
8459,"Donachie of Brochloch",0,0,,,,,"Donachie of Brochloch Hunting",1126
8460,"Douglas of Roxburgh",0,0,,,,,"Douglas of Roxburgh",1142
8461,"Drummond of Fingask",0,0,,,,,"Drummond of Fingask",1161
8462,"Drummond of Perth",0,0,,,,,"Drummond of Perth",1162
8463,"Drummond of Strathallan",0,0,,,,,"Drummond of Strathallan",1164
8464,"Dunbar of Pitgaveny",0,0,,,,,"Dunbar of Pitgaveny",1192
8468,"Ferguson of Balquhidder",0,0,,,,,"Ferguson of Balquhidder",1355
8469,"Fletcher of Dunans",0,0,,,,,"Fletcher of Dunans",1399
8470,"Forbes of Druinnor",0,0,,,,,"Forbes of Druinnor",1410
8471,"Fraser of Altyre",0,0,,,,,"Fraser of Altyre, Fraser of Altyre - Reconst","1446, 1447"
8472,"Fraser of Boblainy",0,0,,,,,"Fraser of Boblainy; Hugh",1448
8473,"Fraser of Reelig",0,0,,,,,"Fraser of Reelig",1450
8474,"Gordon of Abergeldie",0,0,,,,,"Gordon of Abergeldie",1642
8475,"Graham of Menteith",0,0,,,,,"Graham of Menteith, Graham of Menteith #2, Graham of Menteith; Red","1656, 1657, 1658"
8476,"Graham of Montrose",0,0,,,,,"Graham of Montrose",1659
8477,"Grant of Achnarrow",0,0,,,,,"Grant of Achnarrow #1, Grant of Achnarrow #3, Grant of Achnarrow #4","1674, 1675, 1676"
8478,"Grant of Edinchat",0,0,,,,,"Grant of Edinchat",1678
8479,"Grant of Lurg",0,0,,,,,"Grant of Lurg",1679
8480,"Grant of Monymusk",0,0,,,,,"Grant of Monymusk",1680
8481,"Grant of Rothiemurchus",0,0,,,,,"Grant of Rothiemurchus",1681
8484,"Hamilton of Brandon",0,0,,,,,"Hamilton of Brandon",1750
8485,"Hamilton of Clayton",0,0,,,,,"Hamilton of Clayton",1752
8486,"Hanna of Leith",0,0,,,,,"Hanna of Leith",1758
8487,"Hanna of Stirlingshire",0,0,,,,,"Hanna of Stirlingshire",1759
8491,"Hunter of Bute",0,0,,,,,"Hunter of Bute",1976
8492,"Hunter of Hunterston",0,0,,,,,"Hunter of Hunterston",1977
8493,"Hunter of Peebleshire",0,0,,,,,"Hunter of Peebleshire",1978
8494,"Innes of Cowie",0,0,,,,,"Innes of Cowie",2025
8495,"Irvine of Bonshaw",0,0,,,,,"Irvine of Bonshaw",2054
8497,"Jardine of Castlemilk",0,0,,,,,"Jardine of Castlemilk",2094
8500,"Kelly of Sleat",0,0,,,,,"Kelly of Sleat; Hunting, Kelly of Sleat; Hunting #2, Kelly of Sleat; Red","2165, 2166, 2167"
8501,"Laing of Archiestown",0,0,,,,,"Laing of Archiestown",2281
8502,"Leslie of the Hebrides",0,0,,,,,"Leslie of the Hebrides",2371
8504,"Little of Morton",0,0,,,,,"Little of Morton Rigg",2401
8507,"Lumsden of Clova",0,0,,,,,"Lumsden of Clova",2526
8508,"Lumsden of Kintore",0,0,,,,,"Lumsden of Kintore",2527
8509,"MacAlister of Glenbarr",0,0,,,,,"MacAlister of Glenbarr, MacAlister of Glenbarr; Hunting","2552, 2553"
8510,"MacAlister of Skye",0,0,,,,,"MacAlister of Skye",2554
8511,"MacArthur of Milton",0,0,,,,,"MacArthur of Milton",2563
8512,"MacAulay of Lewis",0,0,,,,,"MacAulay of Lewis",2573
8513,"MacBean of Tomatin",0,0,,,,,"MacBean of Tomatin",2580
8514,"MacCallum of Berwick",0,0,,,,,"MacCallum of Berwick",2598
8515,"MacDonald of Aird",0,0,,,,,"MacDonald of Aird & Valley",2655
8516,"MacDonald of Ardnamurchan",0,0,,,,,"MacDonald of Ardnamurchan",2656
8517,"MacDonald of Boisdale",0,0,,,,,"MacDonald of Boisdale",2657
8518,"MacDonald of Borrodale",0,0,,,,,"MacDonald of Borrodale",2658
8519,"MacDonald of Glenaladale",0,0,,,,,"MacDonald of Glenaladale, MacDonald of Glenaladale (2006 variant), MacDonald of Glenaladale #2","2663, 2664, 2665"
8520,"MacDonald of Glencoe",0,0,,,,,"MacDonald of Glencoe ",2666
8521,"MacDonald of Kingsburgh",0,0,,,,,"MacDonald of Kingsburgh",2668
8522,"MacDonald of Lochmaddy",0,0,,,,,"MacDonald of Lochmaddy",2669
8523,"MacDonald of P.E.",0,0,,,,,"MacDonald of P.E. Island",2670
8524,"MacDonald of Staffa",0,0,,,,,"MacDonald of Staffa",2672
8525,"MacDonald of the Isles",0,0,,,,,,
8526,"MacDonell of Glengarry",1,0,,"MacDonnell of Glengarry",,,"MacDonell of Glengarry; Dress, MacDonell of Glengarry , MacDonell of Glengarry; MacKay No4 Variant, MacDonell of Glengarry (Old Colours)","2680, 2683, 4947, 4965"
8527,"MacDonell of Keppoch",1,0,,"MacDonnell of Keppoch",,,"MacDonell of Keppoch , MacDonell of Keppoch; 1847 Variant, MacDonell of Keppoch; 1906 Variant","2681, 2682, 4948"
8528,"MacDonnell of Glengarry",0,0,"MacDonell of Glengarry",,,,,
8529,"MacDonnell of Keppoch",0,0,"MacDonell of Keppoch",,,,"MacDonnell of Keppoch ",2684
8530,"MacFie of Colonsay",0,0,,,,,"MacFie of Colonsay; Dress",2716
8531,"MacGregor of Balquhidder",0,0,,,,,"MacGregor of Balquhidder",2749
8532,"MacGregor of Cardney",0,0,,,,,"MacGregor of Cardney",2750
8533,"MacGregor of Glengyle",0,0,,,,,"MacGregor of Glengyle",2751
8534,"MacIntyre of Glenorchy",0,0,,,,,"MacIntyre of Glenorchy, MacIntyre of Glenorchy #2","2782, 6367"
8535,"MacIntyre of Littleport",0,0,,,,,"MacIntyre of Littleport",2783
8536,"MacIver of Strome",0,0,,,,,"MacIver of Strome",2791
8537,"MacKay of Strathnaver",0,0,,,,,"MacKay of Strathnaver ",2799
8538,"MacLaren of Broich",0,0,,,,,"MacLaren of Broich",2867
8539,"MacLean of Duart",0,0,,,,,"MacLean of Duart, MacLean of Duart Hunting (Vestiarium Scoticum), MacLean of Duart Dress Burgundy, MacLean of Duart Dress Red, MacLean of Duart (Old Colours), MacLean of Duart; Hunting (Old Colours)","2872, 2873, 2874, 2875, 4962, 4967"
8540,"MacLeod of Assynt",0,0,,,,,"MacLeod of Assynt ",2890
8541,"MacLeod of California",0,0,,,,,"MacLeod of California",2891
8542,"MacLeod of Gesto",0,0,,,,,"MacLeod of Gesto",2892
8543,"MacLeod of Harris",0,0,,,MacCuaig,,"MacLeod of Harris",2893
8544,"MacLeod of Lewis",0,0,,,,,"MacLeod of Lewis",2894
8545,"MacLeod of Raasay",0,0,,,,,"MacLeod of Raasay",2895
8546,"MacLeod of Skeabost",0,0,,,,,"MacLeod of Skeabost",2896
8547,"MacLeod of Skye",0,0,,,,,"MacLeod of Skye",2897
8548,"MacLeod of Tullibardine",0,0,,,,,"MacLeod of Tullibardine",2898
8549,"MacNeil of Colonsay",1,0,,,,,"MacNeil of Colonsay , MacNeil of Colonsay (Highland Society of London)","2937, 2938"
8550,"MacPherson of Cluny",0,0,,,,,"MacPherson of Cluny, MacPherson of Cluny Black & White, MacPherson of Cluny Red","2964, 2965, 2966"
8551,"MacPherson of Glentruim",0,0,,,,,"MacPherson of Glentruim",2967
8552,"MacPherson of Pitmain",0,0,,,,,"MacPherson of Pitmain",2968
8553,"MacRae of America",0,0,,,,,"MacRae of America",2977
8554,"MacRae of Ardentoul",0,0,,,,,"MacRae of Ardentoul",2978
8555,"MacRae of Conchra",0,0,,,,,"MacRae of Conchra, MacRae of Conchra; Dress","2979, 4928"
8556,"MacRae of Inverinate",0,0,,,,,"MacRae of Inverinate",2980
8557,"Menzies of Culdares",0,0,,,,,"Menzies of Culdares",3155
8559,"Moncrieffe of Atholl",0,0,,,,,"Moncrieffe of Atholl",3224
8560,"Murray of Abercairney",0,0,,,,,"Murray of Abercairney, Murray of Abercairney Portrait, Murray of Abercairney; James #2","3247, 3248, 3249"
8563,"Murray of Atholl",1,0,,,,,"Murray of Atholl , Murray of Atholl Dress, Murray of Atholl Red Dress, Murray of Atholl variation","3301, 3302, 3303, 3304"
8564,"Murray of Elibank",0,0,,,,,"Murray of Elibank ",3305
8565,"Murray of Ochtertyre",0,0,,,,,"Murray of Ochtertyre",3306
8566,"Murray of Polmaise",0,0,,,,,"Murray of Polmaise (unmirrored), Murray of Polmaise ","3307, 300787"
8567,"Ogilvie of Airlie",0,0,,,,,"Ogilvie of Airlie",3501
8568,"Ogilvie of Inverarity",0,0,,,,,"Ogilvie of Inverarity (Vestiarium Scoticum), Ogilvie of Inverarity (Wilson)","3502, 3503"
8569,"Ogilvie of Strathallan",0,0,,,,,"Ogilvie of Strathallan",3504
8578,"Rattray of Lude",0,0,,,,,"Rattray of Lude",3766
8582,"Robertson of Struan",0,0,,,,,"Robertson of Struan",3830
8583,"Rose of Kilravock",0,0,,,,,"Rose of Kilravock",3865
8584,"Scrimgeour of Glassary",0,0,,,,,"Scrimgeour of Glassary",4081
8585,"Shaw of Tordarroch",0,0,,,,,"Shaw of Tordarroch, Shaw of Tordarroch; Hunting","4110, 4111"
8586,"Sinclair of Ulster",0,0,,,,,"Sinclair of Ulster",4143
8587,"Skene of Cromar",0,0,,,,,"Skene of Cromar, Skene of Cromar (Cant version)","4148, 4149"
8588,"Stewart of Ardshiel",0,0,,,,,"Stewart of Ardshiel",4316
8589,"Stewart of Atholl",0,0,,,,,"Stewart of Atholl, Stewart of Atholl Small Check","4317, 4944"
8590,"Stewart of Fingask",0,0,,,,,"Stewart of Fingask, Stewart of Fingask #2","4318, 4319"
8591,"Stewart of Galloway",0,0,,,,,"Stewart of Galloway, Stewart of Galloway (VS)","4320, 4321"
8592,"Stewart of Killiecrankie",0,0,,,,,"Stewart of Killiecrankie",4322
8593,"Stewart of Rothesay",0,0,,,,,"Stewart of Rothesay",4323
8594,"Sutherland of Duffus",0,0,,,,,"Sutherland of Duffus",4386
8599,"MacDonald of Glengarry",0,0,,,,,"MacDonald of Glengarry",4890
8601,"MacDuff of Duff",0,0,,,,,"MacDuff of Duff",5921
8602,"Dalgliesh of Tinna",0,0,,,,,"Dalgliesh of Tinna Water",6206
8603,"Donachie of Brockloch",0,0,,,,,"Donachie of Brockloch Ancient Hunting",6279
8604,"Stirling of Keir",0,0,,,,,"Stirling of Keir",6485
8605,"Fraser of Atholl",0,0,,,,,"Fraser of Atholl",6682
8606,MacOmie,0,0,Combie,,,,,
8611,MacColm,0,0,Combie,,,,,
8612,MacComas,0,0,Combie,,,,,
8613,MacComb,0,0,Combie,,,,,
8614,MacCombe,0,0,Combie,,,,,
8615,MacComish,0,0,Combie,,,,,
8617,Hopkirk,1,0,,,,,,
8618,Maxton,1,0,,,,,,
8621,Ver,0,0,Weir,,,,,
8622,"MacKenzie (Seaforth)",1,0,,"Mackenzie seaforth",,,"MacKenzie Seaforth Highland No 2",2823
8623,Adamson,0,0,Adam,,,,,
8624,Baine,0,0,Bain,,,,,
8625,Baines,0,0,Bain,,,,,
8626,MacBaine,0,0,MacBain,,,,,
8631,Binning,1,0,,"Binnie,Binney,Binny",,,,
8632,Binnie,0,0,Binning,,,,,
8634,Binney,0,0,Binning,,,,,
8635,Binny,0,0,Binning,,,,,
8636,Byses,0,0,Byres,,,,,
8637,"Bell of the Borders",0,0,,,,,"Bell of the Borders ",331
8639,Doneld,0,0,Donald,,,,,
8640,Donnald,0,0,Donald,,,,,
8641,Donnaldson,0,0,Donald,,,,,
8642,Don,1,0,,Daun,,,,
8643,Daun,0,0,Don,,,,,
8644,Gibbs,0,0,,,,,,
8645,Gillon,1,0,,,,,,
8646,Grewar,1,0,,"Gruar,Grewer,Gruer,Grower,Gurir",,,"Grewar ",13137
8648,Gruar,0,0,Grewar,,,,,
8649,Grower,0,0,Grewar,,,,,
8650,Gurir,0,0,Grewar,,,,,
8652,Hog,0,0,Hogg,,,,,
8653,Houston,1,0,,,,,,
8654,Arthur,1,0,,,,,,
8655,MacPhee,1,0,,MacPhie,,,,
8656,MacGeachie,1,0,,,,,,
8657,Meikle,1,0,,,,,,
8658,Roberton,1,0,,,,,,
8659,"Rampant Lion",0,1,,,,,,
8660,Masonic,0,1,,,,,,
8661,"Scottish Piper",0,1,,,,,,
8662,"Scottish Thistle",0,1,,,,,,
8663,"St. Andrews",0,1,,,,,,
8664,"Flower of Scotland",0,1,,,,,,
8665,Scotland,0,1,,,,,,
8666,Clark,1,0,,"Clerk,Clerke,Claerk,Cleric,Clerie,Clarke",,,"Clergy #2, Clark ","864, 877"
8667,"Black Watch",0,1,,,,,"Black Watch Large Sett, Black Watch Small sett","13650, 299243"
8668,"Gordon Highlanders",0,1,,,,,,
8670,"Brown of Castlehaven",0,0,,,,,,
8671,MacCann,0,0,,,,,"MacCann (2017)",13717
8672,"Murray of Tullibardine",0,0,,,,,"Murray of Tullibardine ",13884
8673,MacCuaig,0,0,,,,,,
8675,Tamsone,0,0,Thomson,,,,,
8676,O'Buckley,0,0,,,,,"O'Buckley Dress, O'Buckley Hunting","14265, 301029"
8678,"Mackenzie seaforth",0,0,"MacKenzie (Seaforth)",,,,,
8679,Head,0,0,,,,,,
8680,Grantham,0,0,,,,,,
8681,Scarlett,0,0,,,,,,
8682,Torrence,0,0,,,,,,
8683,Carbonell,0,0,,,,,,
8684,Gedding,0,0,,,,,,
8685,Orton,0,0,,,,,,
8686,Somerset,0,0,,,,,,
8687,Fairweather,0,0,,,,,,
8688,Walwyn,0,0,,,,,,
8689,Moreland,0,0,,,,,,
8690,Pendred,0,0,,,,,,
8691,Smallwood,0,0,,,,,,
8692,Kent,0,0,,,,,,
8693,Corey,0,0,,,,,,
8694,Bendall,0,0,,,,,,
8695,Eades,0,0,,,,,,
8696,Hodgson,0,0,,,,,,
8697,Cleaver,0,0,,,,,,
8698,Stowe,0,0,,,,,,
8699,Trevor,0,0,,,,,,
8700,Drew,0,0,,,,,,
8701,Brooke,0,0,,,,,,
8702,Meech,0,0,,,,,,
8703,Jefferson,0,0,,,,,,
8704,Paddy,0,0,,,,,,
8705,Whitehall,0,0,,,,,,
8706,Chichester,0,0,,,,,,
8707,Wheelock,0,0,,,,,,
8708,Waldegrave,0,0,,,,,,
8709,Pickford,0,0,,,,,,
8710,Selwyn,0,0,,,,,,
8711,Earley,0,0,,,,,,
8712,Abingdon,0,0,,,,,,
8713,Sturt,0,0,,,,,,
8714,Zachary,0,0,,,,,,
8715,Pelton,0,0,,,,,,
8716,Yarborough,0,0,,,,,,
8717,Clarkeson,0,0,,,,,,
8718,Grieve,0,0,,,,,,
8719,Bury,0,0,,,,,,
8720,Colt,0,0,,,,,,
8721,Crompton,0,0,,,,,,
8722,Grimshaw,0,0,,,,,,
8723,Lubbock,0,0,,,,,,
8724,Brisco,0,0,,,,,,
8725,Fulford,0,0,,,,,,
8726,Tye,0,0,,,,,,
8727,Spranger,0,0,,,,,,
8728,Wakeley,0,0,,,,,,
8729,Cookesey,0,0,,,,,,
8730,Slough,0,0,,,,,,
8731,Ballard,0,0,,,,,,
8732,Booker,0,0,,,,,,
8733,Stanhope,0,0,,,,,,
8734,Oxford,0,0,,,,,,
8735,Callow,0,0,,,,,,
8736,Pridmore,0,0,,,,,,
8737,Rotheram,0,0,,,,,,
8738,Tempest,0,0,,,,,,
8739,Chesterfield,0,0,,,,,,
8740,Raines,0,0,,,,,,
8741,Allgood,0,0,,,,,,
8742,Massey,0,0,,,,,,
8743,Rowley,0,0,,,,,,
8744,Herne,0,0,,,,,,
8745,Baynes,0,0,,,,,,
8746,Whitham,0,0,,,,,,
8747,Cholmeley,0,0,,,,,,
8748,Molins,0,0,,,,,,
8749,Michelson,0,0,,,,,,
8750,Woodall,0,0,,,,,,
8751,Yerbury,0,0,,,,,,
8752,Cornwall,0,0,,,,,,
8753,Pigeon,0,0,,,,,,
8754,Crull,0,0,,,,,,
8755,Wortham,0,0,,,,,,
8756,Heyman,0,0,,,,,,
8757,Whistler,0,0,,,,,,
8758,Darby,0,0,,,,,,
8759,Ashborne,0,0,,,,,,
8760,Hanford,0,0,,,,,,
8761,Marbury,0,0,,,,,,
8762,Colston,0,0,,,,,,
8763,Vine,0,0,,,,,,
8764,Gamage,0,0,,,,,,
8765,Mahew,0,0,,,,,,
8766,Royse,0,0,,,,,,
8767,Coghill,0,0,,,,,,
8768,Holland,0,0,,,,,,
8769,Tyler,0,0,,,,,,
8770,Sharples,0,0,,,,,,
8771,Aldrington,0,0,,,,,,
8772,Prideaux,0,0,,,,,,
8773,Frances,0,0,,,,,,
8774,Clough,0,0,,,,,,
8775,Partridge,0,0,,,,,,
8776,Perceval,0,0,,,,,,
8777,Betts,0,0,,,,,,
8778,Caster,0,0,,,,,,
8779,Elton,0,0,,,,,,
8780,Purnell,0,0,,,,,,
8781,Higgs,0,0,,,,,,
8782,Clegg,0,0,,,,,,
8783,Besse,0,0,,,,,,
8784,Lupton,0,0,,,,,,
8785,Hornby,0,0,,,,,,
8786,Lockwood,0,0,,,,,,
8787,Trew,0,0,,,,,,
8788,Turpin,0,0,,,,,,
8789,Towse,0,0,,,,,,
8790,Radford,0,0,,,,,,
8791,Skerett,0,0,,,,,,
8792,Parkhouse,0,0,,,,,,
8793,Washington,0,0,,,,,,
8794,Luton,0,0,,,,,,
8795,Goodall,0,0,,,,,,
8796,Emery,0,0,,,,,,
8797,Jenner,0,0,,,,,,
8798,Greenway,0,0,,,,,,
8799,Ogarde,0,0,,,,,,
8800,Carew,0,0,,,,,,
8801,Townsend,0,0,,,,,,
8802,Fielding,0,0,,,,,,
8803,Tench,0,0,,,,,,
8804,Grubb,0,0,,,,,,
8805,Lonsdale,0,0,,,,,,
8806,Frank,0,0,,,,,,
8807,Ridler,0,0,,,,,,
8808,Pawley,0,0,,,,,,
8809,Matson,0,0,,,,,,
8810,Robartes,0,0,Roberts,,,,,
8811,Isham,0,0,,,,,,
8812,Rolleston,0,0,,,,,,
8813,Kirkton,0,0,,,,,,
8814,Knighton,0,0,,,,,,
8815,Rush,0,0,,,,,,
8816,Anne,0,0,,,,,,
8817,Lancelot,0,0,,,,,,
8818,Townley,0,0,,,,,,
8819,Dickinson,0,0,,,,,,
8820,Powis,0,0,,,,,,
8821,Whitehorse,0,0,,,,,,
8822,Grace,0,0,,,,,,
8823,Broadley,0,0,,,,,,
8824,Bullen,0,0,,,,,,
8825,Weymouth,0,0,,,,,,
8826,Langholm,0,0,,,,,,
8827,Whiteway,0,0,,,,,,
8828,Wentworth,0,0,,,,,,
8829,Astley,0,0,,,,,,
8830,Norton,0,0,,,,,,
8831,Darnell,0,0,,,,,,
8832,Appleyard,0,0,,,,,,
8833,Wadham,0,0,,,,,,
8834,Newburgh,0,0,,,,,,
8835,Trussel,0,0,,,,,,
8836,Dalton,0,0,,,,,,
8837,Holtby,0,0,,,,,,
8838,Dandridge,0,0,,,,,,
8839,Needham,0,0,,,,,,
8840,Segar,0,0,,,,,,
8841,Whitcombe,0,0,,,,,,
8842,Marlow,0,0,,,,,,
8843,Glanvile,0,0,,,,,,
8844,Quelch,0,0,,,,,,
8845,Farrington,0,0,,,,,,
8846,Barner,0,0,,,,,,
8847,Penrith,0,0,,,,,,
8848,Coote,0,0,,,,,,
8849,Coventry,0,0,,,,,,
8850,Bugge,0,0,,,,,,
8851,Holden,0,0,,,,,,
8852,Arnet,0,0,,,,,,
8853,Paxton,0,0,,,,,,
8854,Knightly,0,0,,,,,,
8855,Stephens,0,0,,,,,,
8856,Mumford,0,0,,,,,,
8857,Barnard,0,0,,,,,,
8858,Rundle,0,0,,,,,,
8859,Tony,0,0,,,,,,
8860,Brocket,0,0,,,,,,
8861,Sidley,0,0,,,,,,
8862,Worseley,0,0,,,,,,
8863,Hallet,0,0,,,,,,
8864,Sumner,0,0,,,,,,
8865,Burton,0,0,,,,,,
8866,Scriven,0,0,,,,,,
8867,Stanfield,0,0,,,,,,
8868,Codd,0,0,,,,,,
8869,Hirst,0,0,,,,,,
8870,Parfitt,0,0,,,,,,
8871,Terrell,0,0,,,,,,
8872,Mordaunt,0,0,,,,,,
8873,Breton,0,0,,,,,,
8874,Wegg,0,0,,,,,,
8875,Sowdon,0,0,,,,,,
8876,Beckering,0,0,,,,,,
8877,Norwich,0,0,,,,,,
8878,D'Anvers,0,0,,,,,,
8879,Hulton,0,0,,,,,,
8880,Marley,0,0,,,,,,
8881,Lovet,0,0,,,,,,
8882,Torner,0,0,,,,,,
8883,Harington,0,0,,,,,,
8884,Hyde,0,0,,,,,,
8885,Byron,0,0,,,,,,
8886,Cobham,0,0,,,,,,
8887,Lorty,0,0,,,,,,
8888,Salmon,0,0,,,,,,
8889,Musgrave,0,0,,,,,,
8890,Walcot,0,0,,,,,,
8891,Stackhouse,0,0,,,,,,
8892,Odin,0,0,,,,,,
8893,Dolby,0,0,,,,,,
8894,Stockdale,0,0,,,,,,
8895,Hone,0,0,,,,,,
8896,Whitbread,0,0,,,,,,
8897,Kellaway,0,0,,,,,,
8898,Nathan,0,0,,,,,,
8899,Timpson,0,0,,,,,,
8900,Adderley,0,0,,,,,,
8901,Wetherby,0,0,,,,,,
8902,Woodgate,0,0,,,,,,
8903,Thurburn,0,0,,,,,,
8904,Greenall,0,0,,,,,,
8905,Mower,0,0,,,,,,
8906,Ingleby,0,0,,,,,,
8907,Card,0,0,,,,,,
8908,Maxfield,0,0,,,,,,
8909,Mogg,0,0,,,,,,
8910,Hawley,0,0,,,,,,
8911,Deacon,0,0,,,,,,
8912,Burdett,0,0,,,,,,
8913,Reeves,0,0,,,,,,
8914,Bermingham,0,0,,,,,,
8915,Reading,0,0,,,,,,
8916,Nevill,0,0,,,,,,
8917,Gadsby,0,0,,,,,,
8918,Draycott,0,0,,,,,,
8919,Butterworth,0,0,,,,,,
8920,Lark,0,0,,,,,,
8921,Delafield,0,0,,,,,,
8922,Savery,0,0,,,,,,
8923,Bristow,0,0,,,,,,
8924,Hodges,0,0,,,,,,
8925,Shepley,0,0,,,,,,
8926,Horton,0,0,,,,,,
8927,Troughton,0,0,,,,,,
8928,Pellett,0,0,,,,,,
8929,Ryland,0,0,,,,,,
8930,Stapleton,0,0,,,,,,
8931,Brigham,0,0,,,,,,
8932,Brocas,0,0,,,,,,
8933,Walthers,0,0,,,,,,
8934,Ascough,0,0,,,,,,
8935,Beavis,0,0,,,,,,
8936,Lytton,0,0,,,,,,
8937,Miles,0,0,,,,,,
8938,Brabant,0,0,,,,,,
8939,Cagan,0,0,,,,,,
8940,Essington,0,0,,,,,,
8941,Pollen,0,0,,,,,,
8942,Laver,0,0,,,,,,
8943,Nightingale,0,0,,,,,,
8944,New,0,0,,,,,,
8945,Manchester,0,0,,,,,,
8946,Heath,0,0,,,,,,
8947,Lampson,0,0,,,,,,
8948,Bromley,0,0,,,,,,
8949,Wootton,0,0,,,,,,
8950,Cross,0,0,,,,,,
8951,Easton,0,0,,,,,,
8952,Hallewell,0,0,,,,,,
8953,Oakeley,0,0,,,,,,
8954,Elliston,0,0,,,,,,
8955,Glyn,0,0,,,,,,
8956,Mostyn,0,0,,,,,,
8957,Goodyear,0,0,,,,,,
8958,Armitage,0,0,,,,,,
8959,Hoar,0,0,,,,,,
8960,Rawson,0,0,,,,,,
8961,London,0,0,,,,,,
8962,Fish,0,0,,,,,,
8963,Edmonds,0,0,,,,,,
8964,Whiting,0,0,,,,,,
8965,Raper,0,0,,,,,,
8966,Bingley,0,0,,,,,,
8967,Aylworth,0,0,,,,,,
8968,Somerfield,0,0,,,,,,
8969,Knapp,0,0,,,,,,
8970,Villiers,0,0,,,,,,
8971,Hammer,0,0,,,,,,
8972,Pyle,0,0,,,,,,
8973,Wigmore,0,0,,,,,,
8974,Nash,0,0,,,,,,
8975,Seale,0,0,,,,,,
8976,Ramsden,0,0,,,,,,
8977,Marsden,0,0,,,,,,
8978,Kitchin,0,0,,,,,,
8979,Braddock,0,0,,,,,,
8980,Hartford,0,0,,,,,,
8981,Sheffield,0,0,,,,,,
8982,Gant,0,0,,,,,,
8983,Dogget,0,0,,,,,,
8984,Romney,0,0,,,,,,
8985,Butterfield,0,0,,,,,,
8986,Raymond,0,0,,,,,,
8987,Gurney,0,0,,,,,,
8988,Mell,0,0,,,,,,
8989,English,0,0,,,,,,
8990,Arden,0,0,,,,,,
8991,Goldwell,0,0,,,,,,
8992,Trane,0,0,,,,,,
8993,Curson,0,0,,,,,,
8994,Dobbs,0,0,,,,,,
8995,Robin,0,0,Roberts,,,,,
8996,Curtis,0,0,,,,,,
8997,Studley,0,0,,,,,,
8998,Ascot,0,0,,,,,,
8999,Linnet,0,0,,,,,,
9000,Weaver,0,0,,,,,,
9001,Bothell,0,0,,,,,,
9002,Hyatt,0,0,,,,,,
9003,Harold,0,0,,,,,,
9004,Prentice,0,0,,,,,,
9005,Woodwards,0,0,,,,,,
9006,Clayton,0,0,,,,,,
9007,Bare,0,0,,,,,,
9008,Greenwood,0,0,,,,,,
9009,Gough,0,0,,,,,,
9010,Proud,0,0,,,,,,
9011,Calley,0,0,,,,,,
9012,Purefoy,0,0,,,,,,
9013,Hayes,0,0,,,,,,
9014,Pannell,0,0,,,,,,
9015,Ashurst,0,0,,,,,,
9016,Berenger,0,0,,,,,,
9017,Jolly,0,0,,,,,,
9018,Whaley,0,0,,,,,,
9019,Penny,0,0,,,,,,
9020,Luscombe,0,0,,,,,,
9021,Storr,0,0,,,,,,
9022,Gallay,0,0,,,,,,
9023,Fane,0,0,,,,,,
9024,D'Arcy,0,0,,,,,,
9025,Hitchins,0,0,,,,,,
9026,Kenning,0,0,,,,,,
9027,Lexington,0,0,,,,,,
9028,Goldsworthy,0,0,,,,,,
9029,Ames,0,0,,,,,,
9030,Winchell,0,0,,,,,,
9031,Torrington,0,0,,,,,,
9032,Spooner,0,0,,,,,,
9033,Leeson,0,0,,,,,,
9034,Borough,0,0,,,,,,
9035,Irby,0,0,,,,,,
9036,Toler,0,0,,,,,,
9037,Dryden,0,0,,,,,,
9038,Jenison,0,0,,,,,,
9039,Pape,0,0,,,,,,
9040,Quilter,0,0,,,,,,
9041,Gunning,0,0,,,,,,
9042,Bingham,0,0,,,,,,
9043,Manley,0,0,,,,,,
9044,Crewe,0,0,,,,,,
9045,Seward,0,0,,,,,,
9046,Dugdale,0,0,,,,,,
9047,Bedford,0,0,,,,,,
9048,Windsor,0,0,,,,,,
9049,Esmond,0,0,,,,,,
9050,Eastwood,0,0,,,,,,
9051,Haselwood,0,0,,,,,,
9052,Buckle,0,0,,,,,,
9053,Crispe,0,0,,,,,,
9054,Barrington,0,0,,,,,,
9055,Barkham,0,0,,,,,,
9056,Garth,0,0,,,,,,
9057,Valentine,0,0,,,,,,
9058,Laxton,0,0,,,,,,
9059,Trendall,0,0,,,,,,
9060,Paveley,0,0,,,,,,
9061,Blackstone,0,0,,,,,,
9062,Foxall,0,0,,,,,,
9063,Downing,0,0,,,,,,
9064,Buckton,0,0,,,,,,
9065,Dowman,0,0,,,,,,
9066,Herst,0,0,,,,,,
9067,Squibb,0,0,,,,,,
9068,Strutt,0,0,,,,,,
9069,Lander,0,0,,,,,,
9070,Petty,0,0,,,,,,
9071,Paddon,0,0,,,,,,
9072,Trist,0,0,,,,,,
9073,Lincolne,0,0,,,,,,
9074,Sweeting,0,0,,,,,,
9075,Upton,0,0,,,,,,
9076,Shelley,0,0,,,,,,
9077,Dodington,0,0,,,,,,
9078,Pym,0,0,,,,,,
9079,Ashley,0,0,,,,,,
9080,Stranger,0,0,,,,,,
9081,Tippet,0,0,,,,,,
9082,Bellamy,0,0,,,,,,
9083,Woodroff,0,0,,,,,,
9084,Derby,0,0,,,,,,
9085,Pettet,0,0,,,,,,
9086,Stagg,0,0,,,,,,
9087,Mules,0,0,,,,,,
9088,Boughton,0,0,,,,,,
9089,Parsons,0,0,,,,,,
9090,Crossman,0,0,,,,,,
9091,Eardley,0,0,,,,,,
9092,Ryder,0,0,,,,,,
9093,Close,0,0,,,,,,
9094,Mickleton,0,0,,,,,,
9095,Petit,0,0,,,,,,
9096,Shears,0,0,,,,,,
9097,Rodway,0,0,,,,,,
9098,Fairfield,0,0,,,,,,
9099,Otteley,0,0,,,,,,
9100,Thorber,0,0,,,,,,
9101,Dewhurst,0,0,,,,,,
9102,Somer,0,0,,,,,,
9103,Penrice,0,0,,,,,,
9104,Canfield,0,0,,,,,,
9105,Knell,0,0,,,,,,
9106,Parkes,0,0,,,,,,
9107,Mayo,0,0,,,,,,
9108,Harford,0,0,,,,,,
9109,Pusey,0,0,,,,,,
9110,Rushworth,0,0,,,,,,
9111,Boult,0,0,,,,,,
9112,Spicer,0,0,,,,,,
9113,Chamberlayn,0,0,,,,,,
9114,Hampson,0,0,,,,,,
9115,Winckley,0,0,,,,,,
9116,Willoughby,0,0,,,,,,
9117,Hatcliffe,0,0,,,,,,
9118,Bligh,0,0,,,,,,
9119,Pashley,0,0,,,,,,
9120,Rich,0,0,,,,,,
9121,Combe,0,0,,,,,,
9122,Hebden,0,0,,,,,,
9123,Drury,0,0,,,,,,
9124,Ellerker,0,0,,,,,,
9125,Kingsley,0,0,,,,,,
9126,Rutter,0,0,,,,,,
9127,Glegg,0,0,,,,,,
9128,Moyle,0,0,,,,,,
9129,Lilly,0,0,,,,,,
9130,Rider,0,0,,,,,,
9131,Gabriel,0,0,,,,,,
9132,Browning,0,0,,,,,,
9133,Northcote,0,0,,,,,,
9134,Sparke,0,0,,,,,,
9135,Tisdale,0,0,,,,,,
9136,Tristram,0,0,,,,,,
9137,Langstaff,0,0,,,,,,
9138,Peel,0,0,,,,,,
9139,Hurst,0,0,,,,,,
9140,Taap,0,0,,,,,,
9141,Atton,0,0,,,,,,
9142,Ellison,0,0,,,,,,
9143,Gold,0,0,,,,,,
9144,Everingham,0,0,,,,,,
9145,Francis,0,0,,,,,,
9146,Beauchamp,0,0,,,,,,
9147,Packer,0,0,,,,,,
9148,Storey,0,0,,,,,,
9149,Whitley,0,0,,,,,,
9150,Rowntree,0,0,,,,,,
9151,Ibbetson,0,0,,,,,,
9152,Kellam,0,0,,,,,,
9153,Sedgewick,0,0,,,,,,
9154,Darrell,0,0,,,,,,
9155,Halton,0,0,,,,,,
9156,Benton,0,0,,,,,,
9157,Pound,0,0,,,,,,
9158,Hinchman,0,0,,,,,,
9159,Buller,0,0,,,,,,
9160,Kirke,0,0,,,,,,
9161,Ordway,0,0,,,,,,
9162,Talbot,0,0,,,,,,
9163,Wortley,0,0,,,,,,
9164,"St John",0,0,,,,,,
9165,Stoke,0,0,,,,,,
9166,Barton,0,0,,,,,,
9167,Dale,0,0,,,,,,
9168,Gideon,0,0,,,,,,
9169,Cornish,0,0,,,,,,
9170,Westerman,0,0,,,,,,
9171,Bassett,0,0,,,,,,
9172,Reynes,0,0,,,,,,
9173,Halsey,0,0,,,,,,
9174,Partington,0,0,,,,,,
9175,Wager,0,0,,,,,,
9176,Wolmer,0,0,,,,,,
9177,Gillam,0,0,,,,,,
9178,Copeland,0,0,,,,,,
9179,Withers,0,0,,,,,,
9180,French,0,0,,,,,,
9181,Ouseley,0,0,,,,,,
9182,Ellwood,0,0,,,,,,
9183,Tomlins,0,0,,,,,,
9184,Gladwin,0,0,,,,,,
9185,Huddy,0,0,,,,,,
9186,Holder,0,0,,,,,,
9187,Pipe,0,0,,,,,,
9188,Selley,0,0,,,,,,
9189,Heald,0,0,,,,,,
9190,Perryman,0,0,,,,,,
9191,Royston,0,0,,,,,,
9192,Ramsbotham,0,0,,,,,,
9193,Taber,0,0,,,,,,
9194,Trout,0,0,,,,,,
9195,Farrar,0,0,,,,,,
9196,Valence,0,0,,,,,,
9197,Fenner,0,0,,,,,,
9198,Pease,0,0,,,,,,
9199,Spratt,0,0,,,,,,
9200,Dutton,0,0,,,,,,
9201,Tucker,0,0,,,,,,
9202,Jordan,0,0,,,,,,
9203,Ballentine,0,0,,,,,,
9204,Belford,0,0,,,,,,
9205,Bosley,0,0,,,,,,
9206,Crook,0,0,,,,,,
9207,Lowman,0,0,,,,,,
9208,Moseley,0,0,,,,,,
9209,Cardinal,0,0,,,,,,
9210,Sotheby,0,0,,,,,,
9211,Tee,0,0,,,,,,
9212,Randall,0,0,,,,,,
9213,Standish,0,0,,,,,,
9214,Billingsley,0,0,,,,,,
9215,Sears,0,0,,,,,,
9216,Higham,0,0,,,,,,
9217,Becket,0,0,,,,,,
9218,Lovell,0,0,,,,,,
9219,Stockley,0,0,,,,,,
9220,Wakeham,0,0,,,,,,
9221,Yeamans,0,0,,,,,,
9222,Tirrell,0,0,,,,,,
9223,Rawles,0,0,,,,,,
9224,Deering,0,0,,,,,,
9225,Heppel,0,0,,,,,,
9226,Plum,0,0,,,,,,
9227,Tudor,0,0,,,,,,
9228,Shiers,0,0,,,,,,
9229,Potter,0,0,,,,,,
9230,Dodsworth,0,0,,,,,,
9231,Tennison,0,0,,,,,,
9232,Noyes,0,0,,,,,,
9233,Scratton,0,0,,,,,,
9234,Whatley,0,0,,,,,,
9235,Milbank,0,0,,,,,,
9236,Locke,0,0,,,,,,
9237,Elvin,0,0,,,,,,
9238,Pindar,0,0,,,,,,
9239,Watkinson,0,0,,,,,,
9240,Haddock,0,0,,,,,,
9241,Winstanley,0,0,,,,,,
9242,Moone,0,0,,,,,,
9243,Fitch,0,0,,,,,,
9244,Huntingdon,0,0,,,,,,
9245,Canning,0,0,,,,,,
9246,Jakes,0,0,,,,,,
9247,Beverley,0,0,,,,,,
9248,Trevett,0,0,,,,,,
9249,Haggard,0,0,,,,,,
9250,Durant,0,0,,,,,,
9251,Waterford,0,0,,,,,,
9252,Hacker,0,0,,,,,,
9253,Wilkinson,0,0,,"Wilkenson,Wilkennson,Wilkie,Wilkieson,Wilkins,Wilksinson",,,,
9254,Ashbury,0,0,,,,,,
9255,Alfred,0,0,,,,,,
9256,Seagrave,0,0,,,,,,
9257,Chester,0,0,,,,,,
9258,Pender,0,0,,,,,,
9259,Bissell,0,0,,,,,,
9260,Burrough,0,0,,,,,,
9261,Ivan,0,0,,,,,,
9262,Packington,0,0,,,,,,
9263,Kidwell,0,0,,,,,,
9264,Marchand,0,0,,,,,,
9265,Waltham,0,0,,,,,,
9266,Rolle,0,0,,,,,,
9267,Sealy,0,0,,,,,,
9268,Sackville,0,0,,,,,,
9269,Branch,0,0,,,,,,
9270,Dade,0,0,,,,,,
9271,Fawcett,0,0,,,,,,
9272,Snell,0,0,,,,,,
9273,Sudbury,0,0,,,,,,
9274,Tay,0,0,,,,,,
9275,Sulley,0,0,,,,,,
9276,Garfield,0,0,,,,,,
9277,Best,0,0,,,,,,
9278,Sherman,0,0,,,,,,
9279,Colshil,0,0,,,,,,
9280,Churchill,0,0,,,,,,
9281,Slack,0,0,,,,,,
9282,Pateshall,0,0,,,,,,
9283,Bray,0,0,,,,,,
9284,Hamerton,0,0,,,,,,
9285,Halliwell,0,0,,,,,,
9286,Venner,0,0,,,,,,
9287,Snowden,0,0,,,,,,
9288,Kempton,0,0,,,,,,
9289,Gross,0,0,,,,,,
9290,Haddon,0,0,,,,,,
9291,Wass,0,0,,,,,,
9292,Farrant,0,0,,,,,,
9293,Ackland,0,0,,,,,,
9294,Danby,0,0,,,,,,
9295,Walkington,0,0,,,,,,
9296,Lever,0,0,,,,,,
9297,Sandes,0,0,,,,,,
9298,Pollard,0,0,,,,,,
9299,Skeffington,0,0,,,,,,
9300,Penford,0,0,,,,,,
9301,Malpas,0,0,,,,,,
9302,Frost,0,0,,,,,,
9303,Henshaw,0,0,,,,,,
9304,Briggs,0,0,,,,,,
9305,Balderston,0,0,,,,,,
9306,Bolton,0,0,,,,,,
9307,Wignall,0,0,,,,,,
9308,Norland,0,0,,,,,,
9309,Revel,0,0,,,,,,
9310,Liall,0,0,,,,,,
9311,Southby,0,0,,,,,,
9312,Dee,0,0,,,,,,
9313,Salisbury,0,0,,,,,,
9314,Winterbottom,0,0,,,,,,
9315,Rust,0,0,,,,,,
9316,Jennings,0,0,,,,,,
9317,Atwood,0,0,,,,,,
9318,Quain,0,0,,,,,,
9319,Hilton,0,0,,,,,,
9320,Sparrow,0,0,,,,,,
9321,Toby,0,0,,,,,,
9322,Gent,0,0,,,,,,
9323,Killingworth,0,0,,,,,,
9324,Welborne,0,0,,,,,,
9325,Hamelyn,0,0,,,,,,
9326,Otter,0,0,,,,,,
9327,Hatton,0,0,,,,,,
9328,Rivett,0,0,,,,,,
9329,Haughton,0,0,,,,,,
9330,Oates,0,0,,,,,,
9331,Verdon,0,0,,,,,,
9332,Croft,0,0,,,,,,
9333,Spry,0,0,,,,,,
9334,Chadwick,0,0,,,,,,
9335,Brierley,0,0,,,,,,
9336,Horner,0,0,,,,,,
9337,Antrobus,0,0,,,,,,
9338,Hobbs,0,0,,,,,,
9339,Westby,0,0,,,,,,
9340,Cressey,0,0,,,,,,
9341,Barber,0,0,,,,,,
9342,Baldry,0,0,,,,,,
9343,Parnell,0,0,,,,,,
9344,Bere,0,0,,,,,,
9345,Stanwix,0,0,,,,,,
9346,Holford,0,0,,,,,,
9347,Draper,0,0,,,,,,
9348,Maire,0,0,,,,,,
9349,Pickard,0,0,,,,,,
9350,Dancey,0,0,,,,,,
9351,Hobby,0,0,,,,,,
9352,Warburton,0,0,,,,,,
9353,Holgate,0,0,,,,,,
9354,Starling,0,0,,,,,,
9355,Auncell,0,0,,,,,,
9356,Prettyman,0,0,,,,,,
9357,Pedder,0,0,,,,,,
9358,Worth,0,0,,,,,,
9359,Legge,0,0,,,,,,
9360,Yarrow,0,0,,,,,,
9361,Benington,0,0,,,,,,
9362,Biddle,0,0,,,,,,
9363,Longstaff,0,0,,,,,,
9364,Quennell,0,0,,,,,,
9365,Hardgrave,0,0,,,,,,
9366,Goodridge,0,0,,,,,,
9367,Barrett,0,0,,,,,,
9368,Priddle,0,0,,,,,,
9369,Kinnersley,0,0,,,,,,
9370,Sadleir,0,0,,,,,,
9371,Wiseman,0,0,,,,,,
9372,Croke,0,0,,,,,,
9373,Burnell,0,0,,,,,,
9374,Tuckett,0,0,,,,,,
9375,Shadworth,0,0,,,,,,
9376,Blount,0,0,,,,,,
9377,Kestell,0,0,,,,,,
9378,Grange,0,0,,,,,,
9379,Sayer,0,0,,,,,,
9380,Tugwell,0,0,,,,,,
9381,Bafford,0,0,,,,,,
9382,Holton,0,0,,,,,,
9383,Walpole,0,0,,,,,,
9384,Beaupre,0,0,,,,,,
9385,Chace,0,0,,,,,,
9386,Gambon,0,0,,,,,,
9387,Halls,0,0,,,,,,
9388,Elicott,0,0,,,,,,
9389,Wallingham,0,0,,,,,,
9390,Izzard,0,0,,,,,,
9391,Fender,0,0,,,,,,
9392,Doughty,0,0,,,,,,
9393,Bally,0,0,,,,,,
9394,Sperling,0,0,,,,,,
9395,Chowne,0,0,,,,,,
9396,Stiles,0,0,,,,,,
9397,Monins,0,0,,,,,,
9398,Hiccock,0,0,,,,,,
9399,Manners,0,0,,,,,,
9400,Haskell,0,0,,,,,,
9401,Tipper,0,0,,,,,,
9402,Hollingsworth,0,0,,,,,,
9403,Viner,0,0,,,,,,
9404,Mathers,0,0,,,,,,
9405,Wiles,0,0,,,,,,
9406,Bethel,0,0,,,,,,
9407,Penway,0,0,,,,,,
9408,Curling,0,0,,,,,,
9409,Goldesborough,0,0,,,,,,
9410,Spragg,0,0,,,,,,
9411,Wolseley,0,0,,,,,,
9412,Redwood,0,0,,,,,,
9413,Penton,0,0,,,,,,
9414,Aske,0,0,,,,,,
9415,Gower,0,0,,,,,,
9416,Welman,0,0,,,,,,
9417,Fitton,0,0,,,,,,
9418,Pilgrim,0,0,,,,,,
9419,Prudhome,0,0,,,,,,
9420,Harwood,0,0,,,,,,
9421,Burford,0,0,,,,,,
9422,Parkhurst,0,0,,,,,,
9423,Woodford,0,0,,,,,,
9424,Audley,0,0,,,,,,
9425,Luther,0,0,,,,,,
9426,Sitwell,0,0,,,,,,
9427,Shadwell,0,0,,,,,,
9428,Baskerville,0,0,,,,,,
9429,Hammond,0,0,,,,,,
9430,Lyndon,0,0,,,,,,
9431,Seymour,0,0,,,,,,
9432,Pennant,0,0,,,,,,
9433,Wainwright,0,0,,,,,,
9434,Otway,0,0,,,,,,
9435,Hinchley,0,0,,,,,,
9436,Jocelyn,0,0,,,,,,
9437,Baylis,0,0,,,,,,
9438,Carpenter,0,0,,,,,,
9439,Child,0,0,,,,,,
9440,Kimberley,0,0,,,,,,
9441,Echingham,0,0,,,,,,
9442,Hungerford,0,0,,,,,,
9443,Fontaine,0,0,,,,,,
9444,Blackburn,0,0,,,,,,
9445,Andrews,0,0,,,,,,
9446,Ingham,0,0,,,,,,
9447,Loveday,0,0,,,,,,
9448,Poyntz,0,0,,,,,,
9449,Hardiman,0,0,,,,,,
9450,Tibbs,0,0,,,,,,
9451,Impey,0,0,,,,,,
9452,Adington,0,0,,,,,,
9453,Hody,0,0,,,,,,
9454,Meyrick,0,0,Morris,,,,,
9455,Gell,0,0,,,,,,
9456,Willis,0,0,Williams,,,,,
9457,Giles,0,0,,,,,,
9458,Wagner,0,0,,,,,,
9459,Lennard,0,0,,,,,,
9460,Alden,0,0,,,,,,
9461,Paske,0,0,,,,,,
9462,Mott,0,0,,,,,,
9463,Sherbrooke,0,0,,,,,,
9464,Bradford,0,0,,,,,,
9465,Woodridge,0,0,,,,,,
9466,Rone,0,0,,,,,,
9467,Bromfield,0,0,,,,,,
9468,Jessop,0,0,,,,,,
9469,Blacker,0,0,,,,,,
9470,Jarveis,0,0,,,,,,
9471,Isherwood,0,0,,,,,,
9472,Field,0,0,,,,,,
9473,Jay,0,0,,,,,,
9474,Levett,0,0,,,,,,
9475,Banester,0,0,,,,,,
9476,Burrows,0,0,,,,,,
9477,Bleddyn,0,0,,,,,,
9478,Weekes,0,0,,,,,,
9479,Lear,0,0,,,,,,
9480,Brandon,0,0,,,,,,
9481,Belton,0,0,,,,,,
9482,Egerton,0,0,,,,,,
9483,Bamfield,0,0,,,,,,
9484,Wayne,0,0,,,,,,
9485,Scobell,0,0,,,,,,
9486,Pickett,0,0,,,,,,
9487,Gage,0,0,,,,,,
9488,Moreton,0,0,,,,,,
9489,Nuttall,0,0,,,,,,
9490,Acherton,0,0,,,,,,
9491,Wroth,0,0,,,,,,
9492,Thornhill,0,0,,,,,,
9493,Buckland,0,0,,,,,,
9494,Tresham,0,0,,,,,,
9495,Davy,0,0,,,,,,
9496,Babington,0,0,,,,,,
9497,Kenyon,0,0,,,,,,
9498,Greenough,0,0,,,,,,
9499,Kercher,0,0,,,,,,
9500,Geare,0,0,,,,,,
9501,Hewson,0,0,,,,,,
9502,Gorney,0,0,,,,,,
9503,Golding,0,0,,,,,,
9504,Stacy,0,0,,,,,,
9505,Towers,0,0,,,,,,
9506,Havering,0,0,,,,,,
9507,Denver,0,0,,,,,,
9508,Aylward,0,0,,,,,,
9509,Duckett,0,0,,,,,,
9510,Wickens,0,0,,,,,,
9511,Braithwaite,0,0,,,,,,
9512,Wakerley,0,0,,,,,,
9513,Richmond,0,0,,,,,,
9514,Prescott,0,0,,,,,,
9515,Bellinger,0,0,,,,,,
9516,Strelley,0,0,,,,,,
9517,Waterton,0,0,,,,,,
9518,Wakeman,0,0,,,,,,
9519,Lawson,0,0,,,,,,
9520,Heard,0,0,,,,,,
9521,Wickham,0,0,,,,,,
9522,Barrell,0,0,,,,,,
9523,Billings,0,0,,,,,,
9524,Heller,0,0,,,,,,
9525,Marney,0,0,,,,,,
9526,Wyman,0,0,,,,,,
9527,Peart,0,0,,,,,,
9528,Pedler,0,0,,,,,,
9529,Syms,0,0,,,,,,
9530,Heatley,0,0,,,,,,
9531,Leveson,0,0,,,,,,
9532,Houghton,0,0,,,,,,
9533,Reyman,0,0,,,,,,
9534,Wildman,0,0,,,,,,
9535,Jarrett,0,0,,,,,,
9536,Chaloner,0,0,,,,,,
9537,Swinford,0,0,,,,,,
9538,Meade,0,0,,,,,,
9539,Thackeray,0,0,,,,,,
9540,Rigley,0,0,,,,,,
9541,Landon,0,0,,,,,,
9542,Aldridge,0,0,,,,,,
9543,Sidney,0,0,,,,,,
9544,Pemberton,0,0,,,,,,
9545,Robotham,0,0,,,,,,
9546,Orange,0,0,,,,,,
9547,Aldred,0,0,,,,,,
9548,Winchester,0,0,,,,,,
9549,Newcomen,0,0,,,,,,
9550,Cecill,0,0,,,,,,
9551,Horne,0,0,,,,,,
9552,Welles,0,0,,,,,,
9553,Brooksbank,0,0,,,,,,
9554,Willingham,0,0,,,,,,
9555,Cutlas,0,0,,,,,,
9556,Barbe,0,0,,,,,,
9557,Hotton,0,0,,,,,,
9558,Wheeler,0,0,,,,,,
9559,Riddall,0,0,,,,,,
9560,Winn,0,0,Wynn,,,,,
9561,Heynes,0,0,,,,,,
9562,Bowles,0,0,,,,,,
9563,Swale,0,0,,,,,,
9564,Wolcott,0,0,,,,,,
9565,Copley,0,0,,,,,,
9566,Dagget,0,0,,,,,,
9567,Phillpot,0,0,,,,,,
9568,Staples,0,0,,,,,,
9569,Sprigg,0,0,,,,,,
9570,Sewell,0,0,,,,,,
9571,Billet,0,0,,,,,,
9572,Cookson,0,0,,,,,,
9573,Basham,0,0,,,,,,
9574,Hoggart,0,0,,,,,,
9575,Mansbridge,0,0,,,,,,
9576,Man,0,0,,,,,,
9577,Flory,0,0,,,,,,
9578,Orby,0,0,,,,,,
9579,Disney,0,0,,,,,,
9580,Newbery,0,0,,,,,,
9581,Kenward,0,0,,,,,,
9582,Bidon,0,0,,,,,,
9583,Sawle,0,0,,,,,,
9584,Wedge,0,0,,,,,,
9585,Viell,0,0,,,,,,
9586,Clapman,0,0,,,,,,
9587,Brinton,0,0,,,,,,
9588,Tryon,0,0,,,,,,
9589,Pine,0,0,,,,,,
9590,Moyer,0,0,,,,,,
9591,Pulford,0,0,,,,,,
9592,Cunliffe,0,0,,,,,,
9593,Chatterton,0,0,,,,,,
9594,Elford,0,0,,,,,,
9595,Hesketh,0,0,,,,,,
9596,Eden,0,0,,,,,,
9597,Allen,0,0,,,,,,
9598,Welcome,0,0,,,,,,
9599,Bate,0,0,,,,,,
9600,Maude,0,0,,,,,,
9601,Parrott,0,0,,,,,,
9602,Woolridge,0,0,,,,,,
9603,Lowndes,0,0,,,,,,
9604,Weld,0,0,,,,,,
9605,Langley,0,0,,,,,,
9606,Wynger,0,0,,,,,,
9607,Nicholls,0,0,,,,,,
9608,Raven,0,0,,,,,,
9609,Searle,0,0,,,,,,
9610,Wakefield,0,0,,,,,,
9611,Selioke,0,0,,,,,,
9612,Bradshaw,0,0,,,,,,
9613,Louth,0,0,,,,,,
9614,Dalby,0,0,,,,,,
9615,Pickering,0,0,,,,,,
9616,Kilburne,0,0,,,,,,
9617,Tappin,0,0,,,,,,
9618,Diamond,0,0,,,,,,
9619,Metham,0,0,,,,,,
9620,Prior,0,0,,,,,,
9621,Dare,0,0,,,,,,
9622,Olton,0,0,,,,,,
9623,Wolley,0,0,,,,,,
9624,Lomas,0,0,,,,,,
9625,Riggs,0,0,,,,,,
9626,Perkins,0,0,,,,,,
9627,Herbert,0,0,,,,,,
9628,Meacham,0,0,,,,,,
9629,Sprott,0,0,,,,,,
9630,Wooden,0,0,,,,,,
9631,Kirkby,0,0,,,,,,
9632,Beresford,0,0,,,,,,
9633,Thornton,0,0,,,,,,
9634,Pallant,0,0,,,,,,
9635,Ridgeway,0,0,,,,,,
9636,Coley,0,0,,,,,,
9637,Makepeace,0,0,,,,,,
9638,Penrose,0,0,,,,,,
9639,Ridell,0,0,,,,,,
9640,Castle,0,0,,,,,,
9641,Case,0,0,,,,,,
9642,Westwood,0,0,,,,,,
9643,Yaxley,0,0,,,,,,
9644,Turton,0,0,,,,,,
9645,Pleasance,0,0,,,,,,
9646,Stedman,0,0,,,,,,
9647,Pinfold,0,0,,,,,,
9648,Pyrton,0,0,,,,,,
9649,Slaney,0,0,,,,,,
9650,Bohun,0,0,,,,,,
9651,Gedney,0,0,,,,,,
9652,Garroway,0,0,,,,,,
9653,Leadbetter,0,0,,,,,,
9654,Samford,0,0,,,,,,
9655,Bee,0,0,,,,,,
9656,Snelling,0,0,,,,,,
9657,Thorold,0,0,,,,,,
9658,Bucknall,0,0,,,,,,
9659,Allenson,0,0,,,,,,
9660,Welston,0,0,,,,,,
9661,Gregg,0,0,,,,,,
9662,Gowland,0,0,,,,,,
9663,Biddulph,0,0,,,,,,
9664,Bunny,0,0,,,,,,
9665,Hewes,0,0,,,,,,
9666,Shackleton,0,0,,,,,,
9667,Maynard,0,0,,,,,,
9668,Baber,0,0,,,,,,
9669,Tooley,0,0,,,,,,
9670,Pottinger,0,0,,,,,,
9671,Hopton,0,0,,,,,,
9672,Skipton,0,0,,,,,,
9673,Hooker,0,0,,,,,,
9674,Willmot,0,0,,,,,,
9675,Rolfe,0,0,,,,,,
9676,Bisley,0,0,,,,,,
9677,Brewes,0,0,,,,,,
9678,Wigton,0,0,,,,,,
9679,Blithe,0,0,,,,,,
9680,Overman,0,0,,,,,,
9681,Trafford,0,0,,,,,,
9682,Wake,0,0,,,,,,
9683,Vernon,0,0,,,,,,
9684,Berington,0,0,,,,,,
9685,Roper,0,0,,,,,,
9686,Bateman,0,0,,,,,,
9687,Hubbard,0,0,,,,,,
9688,Bewley,0,0,,,,,,
9689,Minors,0,0,,,,,,
9690,Bowring,0,0,,,,,,
9691,Packwood,0,0,,,,,,
9692,Langham,0,0,,,,,,
9693,Ayerst,0,0,,,,,,
9694,Peltot,0,0,,,,,,
9695,Palk,0,0,,,,,,
9696,Walles,0,0,,,,,,
9697,Truscott,0,0,,,,,,
9698,Geary,0,0,,,,,,
9699,Haynes,0,0,,,,,,
9700,Yelverton,0,0,,,,,,
9701,Aubrey,0,0,,,,,,
9702,Kelsall,0,0,,,,,,
9703,Errington,0,0,,,,,,
9704,Warwick,0,0,,,,,,
9705,Carleton,0,0,,,,,,
9706,Grimwood,0,0,,,,,,
9707,Bedell,0,0,,,,,,
9708,Hensley,0,0,,,,,,
9709,Dawney,0,0,,,,,,
9710,Borlase,0,0,,,,,,
9711,Evett,0,0,,,,,,
9712,Garnier,0,0,,,,,,
9713,Rippon,0,0,,,,,,
9714,Renshaw,0,0,,,,,,
9715,Bellet,0,0,,,,,,
9716,Belgrave,0,0,,,,,,
9717,Tomes,0,0,,,,,,
9718,Ponsonby,0,0,,,,,,
9719,Hatch,0,0,,,,,,
9720,Cranwell,0,0,,,,,,
9721,Oxton,0,0,,,,,,
9722,Aucher,0,0,,,,,,
9723,Roswell,0,0,,,,,,
9724,Quintin,0,0,,,,,,
9725,Alford,0,0,,,,,,
9726,Peirse,0,0,,,,,,
9727,Archdeacon,0,0,,,,,,
9728,Carrier,0,0,,,,,,
9729,Penkeith,0,0,,,,,,
9730,Kett,0,0,,,,,,
9731,Guest,0,0,,,,,,
9732,Essex,0,0,,,,,,
9733,Herrick,0,0,,,,,,
9734,Perton,0,0,,,,,,
9735,Vale,0,0,,,,,,
9736,Epps,0,0,,,,,,
9737,Castleman,0,0,,,,,,
9738,Wolf,0,0,,,,,,
9739,Heming,0,0,,,,,,
9740,Scroggs,0,0,,,,,,
9741,Speke,0,0,,,,,,
9742,Sweet,0,0,,,,,,
9743,Ridsdale,0,0,,,,,,
9744,Finch,0,0,,,,,,
9745,Webley,0,0,,,,,,
9746,Bringhurst,0,0,,,,,,
9747,Keats,0,0,,,,,,
9748,Delahay,0,0,,,,,,
9749,Radborn,0,0,,,,,,
9750,Felton,0,0,,,,,,
9751,Greenstreet,0,0,,,,,,
9752,Wadman,0,0,,,,,,
9753,Francey,0,0,,,,,,
9754,Hewston,0,0,,,,,,
9755,Tindall,0,0,,,,,,
9756,Cranfield,0,0,,,,,,
9757,Dane,0,0,,,,,,
9758,Waring,0,0,,,,,,
9759,Moody,0,0,,,,,,
9760,Atwater,0,0,,,,,,
9761,Wise,0,0,,,,,,
9762,Camden,0,0,,,,,,
9763,Lovejoy,0,0,,,,,,
9764,Gilman,0,0,,,,,,
9765,Buckler,0,0,,,,,,
9766,Adler,0,0,,,,,,
9767,Lumley,0,0,,,,,,
9768,Gill,0,0,,,,,"Gill Margaret and Geoffrey and Family (Personal)",298844
9769,Morley,0,0,,,,,,
9770,Packenham,0,0,,,,,,
9771,Ormerod,0,0,,,,,,
9772,Broughton,0,0,,,,,,
9773,Norwood,0,0,,,,,,
9774,Langdale,0,0,,,,,,
9775,Fanshaw,0,0,,,,,,
9776,Bringham,0,0,,,,,,
9777,Thorndike,0,0,,,,,,
9778,Luttrell,0,0,,,,,,
9779,Blackford,0,0,,,,,,
9780,Brackenbury,0,0,,,,,,
9781,Stockwell,0,0,,,,,,
9782,Allington,0,0,,,,,,
9783,Crispin,0,0,,,,,,
9784,Monck,0,0,,,,,,
9785,Denton,0,0,,,,,,
9786,Pawson,0,0,,,,,,
9787,Fryer,0,0,,,,,,
9788,Western,0,0,,,,,,
9789,Penner,0,0,,,,,,
9790,Alderson,0,0,,,,,,
9791,Goseling,0,0,,,,,,
9792,Cranmer,0,0,,,,,,
9793,Devereux,0,0,,,,,,
9794,Witt,0,0,,,,,,
9795,Clement,0,0,,,,,,
9796,Seagrim,0,0,,,,,,
9797,Knatchbull,0,0,,,,,,
9798,Cassey,0,0,,,,,,
9799,Haines,0,0,,,,,,
9800,Bosworth,0,0,,,,,,
9801,Burges,0,0,,,,,,
9802,Callis,0,0,,,,,,
9803,Round,0,0,,,,,,
9804,Wetherall,0,0,,,,,,
9805,Molson,0,0,,,,,,
9806,Pocklington,0,0,,,,,,
9807,Woodland,0,0,,,,,,
9808,Emmet,0,0,,,,,,
9809,Newark,0,0,,,,,,
9810,Caterall,0,0,,,,,,
9811,Wyndham,0,0,,,,,,
9812,Brailsford,0,0,,,,,,
9813,Stepney,0,0,,,,,,
9814,Beauford,0,0,,,,,,
9815,Tanner,0,0,,,,,,
9816,Ashman,0,0,,,,,,
9817,Bayman,0,0,,,,,,
9818,Caston,0,0,,,,,,
9819,Bowyer,0,0,,,,,,
9820,Penfold,0,0,,,,,,
9821,Walworth,0,0,,,,,,
9822,Cromer,0,0,,,,,,
9823,Rockwood,0,0,,,,,,
9824,Sherborne,0,0,,,,,,
9825,Bressy,0,0,,,,,,
9826,Manning,0,0,,,,,,
9827,Castell,0,0,,,,,,
9828,Playfair,0,0,,,,,,
9829,Dearman,0,0,,,,,,
9830,Beake,0,0,,,,,,
9831,Tinsley,0,0,,,,,,
9832,Whitney,0,0,,,,,,
9833,Southern,0,0,,,,,,
9834,Stanbury,0,0,,,,,,
9835,Harcourt,0,0,,,,,,
9836,Radcliffe,0,0,,,,,,
9837,Abdy,0,0,,,,,,
9838,Brodrick,0,0,,,,,,
9839,Halford,0,0,,,,,,
9840,Eldred,0,0,,,,,,
9841,Hibbert,0,0,,,,,,
9842,Triggs,0,0,,,,,,
9843,Saville,0,0,,,,,,
9844,Hopwood,0,0,,,,,,
9845,Tompson,0,0,,,,,,
9846,Beckford,0,0,,,,,,
9847,Elwes,0,0,,,,,,
9848,Hawke,0,0,,,,,,
9849,Vidal,0,0,,,,,,
9850,Sumpter,0,0,,,,,,
9851,Thetford,0,0,,,,,,
9852,Lightfoot,0,0,,,,,,
9853,Blaidd,0,0,,,,,,
9854,"St George",0,0,,,,,,
9855,Kemble,0,0,,,,,,
9856,Arnold,0,0,,,,,,
9857,Barford,0,0,,,,,,
9858,Mulcaster,0,0,,,,,,
9859,Twining,0,0,,,,,,
9860,Adlington,0,0,,,,,,
9861,Poor,0,0,,,,,,
9862,Ashworth,0,0,,,,,,
9863,Blondel,0,0,,,,,,
9864,Stanley,0,0,,,,,,
9865,Norgate,0,0,,,,,,
9866,Ring,0,0,,,,,,
9867,Hayward,0,0,,,,,,
9868,Boland,0,0,,,,,,
9869,Rawlins,0,0,,,,,,
9870,Shirley,0,0,,,,,,
9871,Weston,0,0,,,,,,
9872,Sainsbury,0,0,,,,,,
9873,Tiffin,0,0,,,,,,
9874,Frene,0,0,,,,,,
9875,Hitch,0,0,,,,,,
9876,Hacket,0,0,,,,,,
9877,Hargrave,0,0,,,,,,
9878,Tupper,0,0,,,,,,
9879,Bathgate,0,0,,,,,,
9880,Short,0,0,,,,,,
9881,Wolverton,0,0,,,,,,
9882,Montague,0,0,,,,,,
9883,Blackmore,0,0,,,,,,
9884,Simcoe,0,0,,,,,,
9885,Amos,0,0,,,,,,
9886,Bridges,0,0,,,,,,
9887,Mallory,0,0,,,,,,
9888,Woodburn,0,0,,,,,,
9889,Totenham,0,0,,,,,,
9890,Patch,0,0,,,,,,
9891,Godfrey,0,0,,,,,,
9892,Henner,0,0,,,,,,
9893,Holbrook,0,0,,,,,,
9894,Caine,0,0,,,,,,
9895,Hitchcock,0,0,,,,,,
9896,Eccleston,0,0,,,,,,
9897,Long,0,0,,,,,,
9898,Jeffreys,0,0,,,,,,
9899,Meadows,0,0,,,,,,
9900,Bright,0,0,,,,,,
9901,Gervis,0,0,,,,,,
9902,Gooch,0,0,,,,,,
9903,Cage,0,0,,,,,,
9904,Dash,0,0,,,,,,
9905,Sherwin,0,0,,,,,,
9906,Milward,0,0,,,,,,
9907,Sargant,0,0,,,,,,
9908,Jenkes,0,0,,,,,,
9909,Wilmer,0,0,,,,,,
9910,Cann,0,0,,,,,,
9911,Wimberley,0,0,,,,,,
9912,Osmond,0,0,,,,,,
9913,Hersey,0,0,,,,,,
9914,Hare,0,0,,,,,,
9915,Hobart,0,0,,,,,,
9916,Pascall,0,0,,,,,,
9917,Pearse,0,0,,,,,,
9918,Bradburn,0,0,,,,,,
9919,Wayland,0,0,,,,,,
9920,Hinton,0,0,,,,,,
9921,Norrington,0,0,,,,,,
9922,Wimble,0,0,,,,,,
9923,Mackworth,0,0,,,,,,
9924,Bench,0,0,,,,,,
9925,Medley,0,0,,,,,,
9926,Wild,0,0,,,,,,
9927,Fortescue,0,0,,,,,,
9928,Lane,0,0,,,,,,
9929,Baynham,0,0,Beynon,,,,,
9930,Wyke,0,0,,,,,,
9931,Myers,0,0,,,,,,
9932,Panton,0,0,,,,,,
9933,Ashfield,0,0,,,,,,
9934,Littler,0,0,,,,,,
9935,Stamford,0,0,,,,,,
9936,Stainton,0,0,,,,,,
9937,Pullen,0,0,,,,,,
9938,Wall,0,0,,,,,,
9939,Ridgley,0,0,,,,,,
9940,Spencer,0,0,,,,,,
9941,Yard,0,0,,,,,,
9942,Wenham,0,0,,,,,,
9943,Venables,0,0,,,,,,
9944,Ferne,0,0,,,,,,
9945,Westbrook,0,0,,,,,,
9946,Selman,0,0,,,,,,
9947,Blood,0,0,,,,,,
9948,Perrott,0,0,,,,,,
9949,Hocknell,0,0,,,,,,
9950,Tew,0,0,,,,,,
9951,Kirkland,0,0,,,,,,
9952,Battersby,0,0,,,,,,
9953,Rye,0,0,,,,,,
9954,Hedges,0,0,,,,,,
9955,Mansel,0,0,,,,,,
9956,Skelton,0,0,,,,,,
9957,Orrell,0,0,,,,,,
9958,Shipman,0,0,,,,,,
9959,Compton,0,0,,,,,,
9960,Beeston,0,0,,,,,,
9961,Dover,0,0,,,,,,
9962,Woodard,0,0,,,,,,
9963,Inwood,0,0,,,,,,
9964,Barnett,0,0,,,,,,
9965,Herle,0,0,,,,,,
9966,Bradden,0,0,,,,,,
9967,Perrin,0,0,,,,,,
9968,Woodrof,0,0,,,,,,
9969,Bing,0,0,,,,,,
9970,Abell,0,0,,,,,,
9971,Whitwell,0,0,,,,,,
9972,Mercy,0,0,,,,,,
9973,Stilwell,0,0,,,,,,
9974,Fleet,0,0,,,,,,
9975,Thorne,0,0,,,,,,
9976,Bender,0,0,,,,,,
9977,Sage,0,0,,,,,,
9978,Tash,0,0,,,,,,
9979,Wayneman,0,0,,,,,,
9980,Penell,0,0,,,,,,
9981,Prescot,0,0,,,,,,
9982,Turtle,0,0,,,,,,
9983,Tom,0,0,,,,,,
9984,Trimmer,0,0,,,,,,
9985,Coward,0,0,,,,,,
9986,Tattersall,0,0,,,,,,
9987,Hammon,0,0,,,,,,
9988,Yeaton,0,0,,,,,,
9989,Spelman,0,0,,,,,,
9990,Dandy,0,0,,,,,,
9991,Whitingham,0,0,,,,,,
9992,Faber,0,0,,,,,,
9993,Edmunds,0,0,,,,,,
9994,Lewes,0,0,Lewis,,,,,
9995,Plessis,0,0,,,,,,
9996,Baldwin,0,0,,,,,,
9997,Oxney,0,0,,,,,,
9998,Inge,0,0,,,,,,
9999,Benn,0,0,,,,,,
10000,Branson,0,0,,,,,,
10001,Bourchier,0,0,,,,,,
10002,Warde,0,0,,,,,,
10003,Grove,0,0,,,,,,
10004,Wellington,0,0,,,,,,
10005,Alfrey,0,0,,,,,,
10006,Porcher,0,0,,,,,,
10007,Dorset,0,0,,,,,,
10008,Langton,0,0,,,,,,
10009,Paynter,0,0,,,,,,
10010,Gaskell,0,0,,,,,,
10011,Brampton,0,0,,,,,,
10012,Bacon,0,0,,,,,,
10013,Roderick,0,0,Protheroe,,,,,
10013,Roderick,0,0,Richards,,,,,
10014,Winslow,0,0,,,,,,
10015,Judson,0,0,,,,,,
10016,Syer,0,0,,,,,,
10017,Seagar,0,0,,,,,,
10018,Sandon,0,0,,,,,,
10019,Yate,0,0,,,,,,
10020,Whitehead,0,0,,,,,,
10021,Gilpin,0,0,,,,,,
10022,Conyers,0,0,,,,,,
10023,Canton,0,0,,,,,,
10024,Dodge,0,0,,,,,,
10025,Bond,0,0,,,,,,
10026,Rockwell,0,0,,,,,,
10027,Hawkes,0,0,,,,,,
10028,Birkby,0,0,,,,,,
10029,Phesant,0,0,,,,,,
10030,Wolton,0,0,,,,,,
10031,Thatcher,0,0,,,,,,
10032,Welford,0,0,,,,,,
10033,Pitchford,0,0,,,,,,
10034,Reddish,0,0,,,,,,
10035,Smithwick,0,0,,,,,,
10036,Denman,0,0,,,,,,
10037,Tomlinson,0,0,Thomas,,,,,
10038,Blewet,0,0,,,,,,
10039,Stanbridge,0,0,,,,,,
10040,Keen,0,0,,,,,,
10041,Banbury,0,0,,,,,,
10042,Severn,0,0,,,,,,
10043,Jopling,0,0,,,,,,
10044,Burley,0,0,,,,,,
10045,Bird,0,0,,,,,,
10046,South,0,0,,,,,,
10047,Coulson,0,0,,,,,,
10048,Cutts,0,0,,,,,,
10049,Walkingham,0,0,,,,,,
10050,Orchard,0,0,,,,,,
10051,Jervis,0,0,,,,,,
10052,Falcon,0,0,,,,,,
10053,Fell,0,0,,,,,,
10054,Oldfield,0,0,,,,,,
10055,Bidwell,0,0,,,,,,
10056,Bellingham,0,0,,,,,,
10057,Tilley,0,0,,,,,,
10058,Carver,0,0,,,,,,
10059,Hind,0,0,,,,,,
10060,Giffard,0,0,,,,,,
10061,Tonkin,0,0,,,,,,
10062,Varley,0,0,,,,,,
10063,Spring,0,0,,,,,,
10064,Sole,0,0,,,,,,
10065,Topp,0,0,,,,,,
10066,Wallinge,0,0,,,,,,
10067,Wray,0,0,,,,,,
10068,Skipwith,0,0,,,,,,
10069,Worthington,0,0,,,,,,
10070,Knowles,0,0,,,,,,
10071,Trower,0,0,,,,,,
10072,Scudamore,0,0,,,,,,
10073,Strangways,0,0,,,,,,
10074,Cowley,0,0,,,,,,
10075,Rise,0,0,,,,,,
10076,Osborn,0,0,,,,,,
10077,Stretton,0,0,,,,,,
10078,Haydon,0,0,,,,,,
10079,Orme,0,0,,,,,,
10080,Hinchcliffe,0,0,,,,,,
10081,Wicke,0,0,,,,,,
10082,Teasdale,0,0,,,,,,
10083,Theobald,0,0,,,,,,
10084,Bunn,0,0,,,,,,
10085,Barcroft,0,0,,,,,,
10086,Milton,0,0,,,,,,
10087,Hartwell,0,0,,,,,,
10088,Clive,0,0,,,,,,
10089,Plott,0,0,,,,,,
10090,Steer,0,0,,,,,,
10091,Davenport,0,0,,,,,,
10092,Wakeford,0,0,,,,,,
10093,Meggs,0,0,,,,,,
10094,Bashe,0,0,,,,,,
10095,Malpy,0,0,,,,,,
10096,Haley,0,0,,,,,,
10097,Towgood,0,0,,,,,,
10098,Povey,0,0,,,,,,
10099,Bradley,0,0,,,,,,
10100,Barwick,0,0,,,,,,
10101,Creed,0,0,,,,,,
10102,Troutbeck,0,0,,,,,,
10103,Singleton,0,0,,,,,,
10104,Sorrell,0,0,,,,,,
10105,Fogg,0,0,,,,,,
10106,Bickley,0,0,,,,,,
10107,Everton,0,0,,,,,,
10108,Stubbs,0,0,,,,,,
10109,Highmore,0,0,,,,,,
10110,Santon,0,0,,,,,,
10111,Cole,0,0,,,,,,
10112,Pledger,0,0,,,,,,
10113,Tracy,0,0,,,,,,
10114,Farley,0,0,,,,,,
10115,Rosher,0,0,,,,,,
10116,Hanning,0,0,,,,,,
10117,Pedley,0,0,,,,,,
10118,Wadsworth,0,0,,,,,,
10119,Alborough,0,0,,,,,,
10120,Violet,0,0,,,,,,
10121,Grimston,0,0,,,,,,
10122,Delves,0,0,,,,,,
10123,Bentley,0,0,,,,,,
10124,Duffield,0,0,,,,,,
10125,Whittaker,0,0,,,,,,
10126,Dowall,0,0,,,,,,
10127,Sneyd,0,0,,,,,,
10128,Eves,0,0,,,,,,
10129,Stork,0,0,,,,,,
10130,Tanke,0,0,,,,,,
10131,Imhof,0,0,,,,,,
10132,Germain,0,0,,,,,,
10133,Oakes,0,0,,,,,,
10134,Starkey,0,0,,,,,,
10135,Wordsworth,0,0,,,,,,
10136,Jebb,0,0,,,,,,
10137,Silby,0,0,,,,,,
10138,Achard,0,0,,,,,,
10139,Forman,0,0,,,,,,
10140,Parke,0,0,,,,,,
10141,Wharton,0,0,,,,,,
10142,Appleton,0,0,,,,,,
10143,Shadforth,0,0,,,,,,
10144,Angell,0,0,,,,,,
10145,Forth,0,0,,,,,,
10146,Smedley,0,0,,,,,,
10147,Wenlock,0,0,,,,,,
10148,Walmesley,0,0,,,,,,
10149,Carlill,0,0,,,,,,
10150,Rathbone,0,0,,,,,,
10151,Garrard,0,0,,,,,,
10152,Belson,0,0,,,,,,
10153,Roos,0,0,,,,,,
10154,Langdon,0,0,,,,,,
10155,Merrifield,0,0,,,,,,
10156,Remington,0,0,,,,,,
10157,Wagstaff,0,0,,,,,,
10158,Lister,0,0,,,,,,
10159,Todman,0,0,,,,,,
10160,Bloore,0,0,,,,,,
10161,Bragg,0,0,,,,,,
10162,Templeman,0,0,,,,,,
10163,Havilland,0,0,,,,,,
10164,Welby,0,0,,,,,,
10165,Wollaston,0,0,,,,,,
10166,Lund,0,0,,,,,,
10167,Hayton,0,0,,,,,,
10168,Peck,0,0,,,,,,
10169,Bullmer,0,0,,,,,,
10170,Wiltshire,0,0,,,,,,
10171,Paulet,0,0,,,,,,
10172,Crane,0,0,,,,,,
10173,Mellor,0,0,,,,,,
10174,Reynell,0,0,,,,,,
10175,Pardoe,0,0,,,,,,
10176,Irons,0,0,,,,,,
10177,Delamare,0,0,,,,,,
10178,Peachley,0,0,,,,,,
10179,Sturdy,0,0,,,,,,
10180,Weller,0,0,,,,,,
10181,Crofton,0,0,,,,,,
10182,Bowler,0,0,,,,,,
10183,Chancey,0,0,,,,,,
10184,Blades,0,0,,,,,,
10185,Gould,0,0,,,,,,
10186,Stoughton,0,0,,,,,,
10187,Poulter,0,0,,,,,,
10188,Whight,0,0,,,,,,
10189,Hedley,0,0,,,,,,
10190,Roscoe,0,0,,,,,,
10191,Ford,0,0,,,,,,
10192,Stone,0,0,,,,,,
10193,Catesby,0,0,,,,,,
10194,Braham,0,0,,,,,,
10195,Salter,0,0,,,,,,
10196,Valliant,0,0,,,,,,
10197,Roebuck,0,0,,,,,,
10198,Millett,0,0,,,,,,
10199,Garton,0,0,,,,,,
10200,Bassingbone,0,0,,,,,,
10201,Lodge,0,0,,,,,,
10202,Acre,0,0,,,,,,
10203,Tipping,0,0,,,,,,
10204,Ratcliff,0,0,,,,,,
10205,Beardsley,0,0,,,,,,
10206,Herman,0,0,,,,,,
10207,Ragland,0,0,,,,,,
10208,Tross,0,0,,,,,,
10209,Fishborn,0,0,,,,,,
10210,Mortlock,0,0,,,,,,
10211,Honeywill,0,0,,,,,,
10212,Kendall,0,0,,,,,,
10213,Haywood,0,0,,,,,,
10214,Tott,0,0,,,,,,
10215,Horseley,0,0,,,,,,
10216,Botham,0,0,,,,,,
10217,Kenworthy,0,0,,,,,,
10218,Hickman,0,0,,,,,,
10219,Rawdon,0,0,,,,,,
10220,Kilby,0,0,,,,,,
10221,Ridge,0,0,,,,,,
10222,Mytton,0,0,,,,,,
10223,Blower,0,0,,,,,,
10224,Goldsmith,0,0,,,,,,
10225,Scales,0,0,,,,,,
10226,March,0,0,,,,,,
10227,Sherwood,0,0,,,,,,
10228,Dent,0,0,,,,,,
10229,Dalling,0,0,,,,,,
10230,Sowerby,0,0,,,,,,
10231,Surtees,0,0,,,,,,
10232,Bradbury,0,0,,,,,,
10233,Craddock,0,0,,,,,,
10234,Stoner,0,0,,,,,,
10235,Slader,0,0,,,,,,
10236,Pickworth,0,0,,,,,,
10237,Birken,0,0,,,,,,
10238,Loring,0,0,,,,,,
10239,Batt,0,0,,,,,,
10240,Viney,0,0,,,,,,
10241,Bellew,0,0,,,,,,
10242,Witts,0,0,,,,,,
10243,Spiller,0,0,,,,,,
10244,Warrington,0,0,,,,,,
10245,Dolman,0,0,,,,,,
10246,Dunston,0,0,,,,,,
10247,Hammes,0,0,,,,,,
10248,Askew,0,0,,,,,,
10249,Bonney,0,0,,,,,,
10250,Hollis,0,0,,,,,,
10251,Roydon,0,0,,,,,,
10252,Feld,0,0,,,,,,
10253,Toll,0,0,,,,,,
10254,Jobson,0,0,,,,,,
10255,Boyton,0,0,,,,,,
10256,Hardman,0,0,,,,,,
10257,Ormiston,0,0,,,,,,
10258,Jason,0,0,,,,,,
10259,Dance,0,0,,,,,,
10260,Homer,0,0,,,,,,
10261,Warton,0,0,,,,,,
10262,Burr,0,0,,,,,,
10263,Lovelace,0,0,,,,,,
10264,Teale,0,0,,,,,,
10265,Jekyll,0,0,,,,,,
10266,Twist,0,0,,,,,,
10267,Hodson,0,0,,,,,,
10268,Beaumont,0,0,,,,,,
10269,Winter,0,0,,,,,,
10270,Pares,0,0,,,,,,
10271,Wellend,0,0,,,,,,
10272,Anderton,0,0,,,,,,
10273,Trenchard,0,0,,,,,,
10274,Stocker,0,0,,,,,,
10275,Ingerham,0,0,,,,,,
10276,Slingsby,0,0,,,,,,
10277,Rivers,0,0,,,,,,
10278,Wiggett,0,0,,,,,,
10279,Skull,0,0,,,,,,
10280,Clavering,0,0,,,,,,
10281,Creswick,0,0,,,,,,
10282,Baynton,0,0,,,,,,
10283,Shillington,0,0,,,,,,
10284,Chaucer,0,0,,,,,,
10285,Newcomb,0,0,,,,,,
10286,Simeon,0,0,,,,,,
10287,Midgley,0,0,,,,,,
10288,Bussey,0,0,,,,,,
10289,Norman,0,0,,,,,,
10290,Strother,0,0,,,,,,
10291,Whitington,0,0,,,,,,
10292,Barham,0,0,,,,,,
10293,Boydell,0,0,,,,,,
10294,Mayfield,0,0,,,,,,
10295,Garmston,0,0,,,,,,
10296,Henson,0,0,,,,,,
10297,Yale,0,0,,,,,,
10298,Mawdesley,0,0,,,,,,
10299,Thornburg,0,0,,,,,,
10300,Scroope,0,0,,,,,,
10301,North,0,0,,,,,,
10302,Oldcastle,0,0,,,,,,
10303,Bourne,0,0,,,,,,
10304,Pershall,0,0,,,,,,
10305,Capper,0,0,,,,,,
10306,Huck,0,0,,,,,,
10307,Walden,0,0,Walters,,,,,
10308,Winthrop,0,0,,,,,,
10309,Aberton,0,0,,,,,,
10310,Marsh,0,0,,,,,,
10311,Trelawney,0,0,,,,,,
10312,Beckham,0,0,,,,,,
10313,Slater,0,0,,,,,,
10314,Newbold,0,0,,,,,,
10315,Catlin,0,0,,,,,,
10316,Merryman,0,0,,,,,,
10317,Foulkes,0,0,,,,,,
10318,Wardell,0,0,,,,,,
10319,Sare,0,0,,,,,,
10320,Longford,0,0,,,,,,
10321,Brent,0,0,,,,,,
10322,Glascock,0,0,,,,,,
10323,Trumbull,0,0,,,,,,
10324,Wilford,0,0,,,,,,
10325,Bales,0,0,,,,,,
10326,Coe,0,0,,,,,,
10327,Samborne,0,0,,,,,,
10328,Somerton,0,0,,,,,,
10329,Mohun,0,0,,,,,,
10330,Glasier,0,0,,,,,,
10331,Willington,0,0,,,,,,
10332,Aldham,0,0,,,,,,
10333,Calverley,0,0,,,,,,
10334,Foxley,0,0,,,,,,
10335,Spearman,0,0,,,,,,
10336,Hodgkins,0,0,,,,,,
10337,Shepard,0,0,,,,,,
10338,Armiger,0,0,,,,,,
10339,Den,0,0,,,,,,
10340,Sweetland,0,0,,,,,,
10341,Ashby,0,0,,,,,,
10342,Brewin,0,0,,,,,,
10343,Waller,0,0,,,,,,
10344,Pelham,0,0,,,,,,
10345,Loney,0,0,,,,,,
10346,Snow,0,0,,,,,,
10347,Wilder,0,0,,,,,,
10348,Watford,0,0,,,,,,
10349,Capps,0,0,,,,,,
10350,Gresham,0,0,,,,,,
10351,Treys,0,0,,,,,,
10352,Willan,0,0,,,,,,
10353,Putnam,0,0,,,,,,
10354,Tinney,0,0,,,,,,
10355,Hadley,0,0,,,,,,
10356,Southwell,0,0,,,,,,
10357,Frampton,0,0,,,,,,
10358,Ludlow,0,0,,,,,,
10359,Barnston,0,0,,,,,,
10360,Pinson,0,0,,,,,,
10361,Redman,0,0,,,,,,
10362,Haward,0,0,,,,,,
10363,Lowe,0,0,,,,,,
10364,Barr,0,0,,,,,,
10365,Pigott,0,0,,,,,,
10366,Hancock,0,0,,,,,,
10367,Beche,0,0,,,,,,
10368,Sadington,0,0,,,,,,
10369,Gallard,0,0,,,,,,
10370,Clare,0,0,,,,,,
10371,Fenn,0,0,,,,,,
10372,Avery,0,0,,,,,,
10373,Belfield,0,0,,,,,,
10374,Travers,0,0,,,,,,
10375,Latham,0,0,,,,,,
10376,Harman,0,0,,,,,,
10377,Bevers,0,0,,,,,,
10378,Tuck,0,0,,,,,,
10379,Merlin,0,0,,,,,,
10380,Paramour,0,0,,,,,,
10381,Whitehurst,0,0,,,,,,
10382,Hanke,0,0,,,,,,
10383,Dickman,0,0,,,,,,
10384,Slegge,0,0,,,,,,
10385,Gaines,0,0,,,,,,
10386,Tetley,0,0,,,,,,
10387,Campion,0,0,,,,,,
10388,Dod,0,0,,,,,,
10389,Sheriff,0,0,,,,,,
10390,Albany,0,0,,,,,,
10391,Mee,0,0,,,,,,
10392,Merrill,0,0,,,,,,
10393,Roddam,0,0,,,,,,
10394,Underwood,0,0,,,,,,
10395,Clinton,0,0,,,,,,
10396,Yarnell,0,0,,,,,,
10397,Swinnerton,0,0,,,,,,
10398,Rochford,0,0,,,,,,
10399,Brand,0,0,,,,,,
10400,Collett,0,0,,,,,,
10401,Reson,0,0,,,,,,
10402,Pott,0,0,,,,,,
10403,Whitacre,0,0,,,,,,
10404,Alley,0,0,,,,,,
10405,Rowan,0,0,,,,,,
10406,Shakespear,0,0,,,,,,
10407,Quatermain,0,0,,,,,,
10408,Whitford,0,0,,,,,,
10409,Hack,0,0,,,,,,
10410,Waterfield,0,0,,,,,,
10411,Westfield,0,0,,,,,,
10412,Cocker,0,0,,,,,,
10413,Bushe,0,0,,,,,,
10414,Parnham,0,0,,,,,,
10415,Barker,0,0,,,,,,
10416,Ridout,0,0,,,,,,
10417,Rosseter,0,0,,,,,,
10418,Judd,0,0,,,,,,
10419,Vincent,0,0,,,,,,
10420,Waterhouse,0,0,,,,,,
10421,Howlett,0,0,,,,,,
10422,Pedigrew,0,0,,,,,,
10423,Mullett,0,0,,,,,,
10424,Hathaway,0,0,,,,,,
10425,Pilcher,0,0,,,,,,
10426,Bream,0,0,,,,,,
10427,Shorter,0,0,,,,,,
10428,Dudley,0,0,,,,,,
10429,Dodson,0,0,,,,,,
10430,Bainbridge,0,0,,,,,,
10431,Vickers,0,0,,,,,,
10432,Blackley,0,0,,,,,,
10433,Strait,0,0,,,,,,
10434,Troyte,0,0,,,,,,
10435,Birley,0,0,,,,,,
10436,Kiffin,0,0,,,,,,
10437,Henning,0,0,,,,,,
10438,Wensley,0,0,,,,,,
10439,Tovey,0,0,,,,,,
10440,Justice,0,0,,,,,,
10441,Ogle,0,0,,,,,,
10442,Samuel,0,0,,,,,,
10443,Poynton,0,0,,,,,,
10444,Lambert,0,0,,,,,,
10445,Jephson,0,0,,,,,,
10446,Winwood,0,0,,,,,,
10447,Crawley,0,0,,,,,,
10448,Whitby,0,0,,,,,,
10449,Walton,0,0,,,,,,
10450,Carrington,0,0,,,,,,
10451,Cope,0,0,,,,,,
10452,Southworth,0,0,,,,,,
10453,Fenwick,0,0,,,,,,
10454,Webber,0,0,,,,,,
10455,Waldron,0,0,,,,,,
10456,Tunstall,0,0,,,,,,
10457,Palley,0,0,,,,,,
10458,Newell,0,0,,,,,,
10459,Mercier,0,0,,,,,,
10460,Hatley,0,0,,,,,,
10461,Grimes,0,0,,,,,,
10462,Street,0,0,,,,,,
10463,Holt,0,0,,,,,,
10464,Venn,0,0,,,,,,
10465,Vavasour,0,0,,,,,,
10466,Underhill,0,0,,,,,,
10467,Savage,0,0,,,,,,
10468,Woodward,0,0,,,,,,
10469,Onley,0,0,,,,,,
10470,Copinger,0,0,,,,,,
10471,Thurston,0,0,,,,,,
10472,Gist,0,0,,,,,,
10473,Tame,0,0,,,,,,
10474,Kirketon,0,0,,,,,,
10475,Ashford,0,0,,,,,,
10476,Wheatcroft,0,0,,,,,,
10477,Berwick,0,0,,,,,,
10478,Rawlings,0,0,,,,,,
10479,Layton,0,0,,,,,,
10480,Shrigley,0,0,,,,,,
10481,Oare,0,0,,,,,,
10482,Stanton,0,0,,,,,,
10483,Gooding,0,0,,,,,,
10484,Crump,0,0,,,,,,
10485,Arundell,0,0,,,,,,
10486,Longden,0,0,,,,,,
10487,Chesworth,0,0,,,,,,
10488,Temple,0,0,,,,,,
10489,Goodwin,0,0,,,,,,
10490,Hanson,0,0,,,,,,
10491,Brickman,0,0,,,,,,
10492,Hammersley,0,0,,,,,,
10493,Olney,0,0,,,,,,
10494,Drake,0,0,,,,,,
10495,Barlow,0,0,,,,,,
10496,Joyner,0,0,,,,,,
10497,Saxby,0,0,,,,,,
10498,Horn,0,0,,,,,,
10499,Kew,0,0,,,,,,
10500,Whitter,0,0,,,,,,
10501,Trimnell,0,0,,,,,,
10502,Alberton,0,0,,,,,,
10503,Thorley,0,0,,,,,,
10504,Hampton,0,0,,,,,,
10505,Maycock,0,0,,,,,,
10506,Barnhouse,0,0,,,,,,
10507,Aslin,0,0,,,,,,
10508,Truman,0,0,,,,,,
10509,Sheppard,0,0,,,,,,
10510,Cotton,0,0,,,,,,
10511,Rudge,0,0,,,,,,
10512,Ives,0,0,,,,,,
10513,Gilford,0,0,,,,,,
10514,Hawkesworth,0,0,,,,,,
10515,Badcock,0,0,,,,,,
10516,Kirkham,0,0,,,,,,
10517,Twine,0,0,,,,,,
10518,Fetherstone,0,0,,,,,,
10519,Pasmore,0,0,,,,,,
10520,Van,0,0,,,,,,
10521,Belhouse,0,0,,,,,,
10522,Heyton,0,0,,,,,,
10523,Hickes,0,0,,,,,,
10524,Melton,0,0,,,,,,
10525,Ainsworth,0,0,,,,,,
10526,Wingate,0,0,,,,,,
10527,Ingle,0,0,,,,,,
10528,Cartwright,0,0,,,,,,
10529,Rutt,0,0,,,,,,
10530,Keeling,0,0,,,,,,
10531,Holloway,0,0,,,,,,
10532,Annesley,0,0,,,,,,
10533,Clopton,0,0,,,,,,
10534,Saint,0,0,,,,,,
10535,Yardeley,0,0,,,,,,
10536,Tatham,0,0,,,,,,
10537,Bardolfe,0,0,,,,,,
10538,Lusk,0,0,,,,,,
10539,Cater,0,0,,,,,,
10540,Beckley,0,0,,,,,,
10541,Peers,0,0,,,,,,
10542,Agard,0,0,,,,,,
10543,Woodham,0,0,,,,,,
10544,Chaplin,0,0,,,,,,
10545,Tetlow,0,0,,,,,,
10546,Hollier,0,0,,,,,,
10547,Barnaby,0,0,,,,,,
10548,Kenton,0,0,,,,,,
10549,Plomer,0,0,,,,,,
10550,Bancroft,0,0,,,,,,
10551,Fowler,0,0,,,,,"Fowler ",303949
10552,Blackerby,0,0,,,,,,
10553,Tripp,0,0,,,,,,
10554,Holman,0,0,,,,,,
10555,Cave,0,0,,,,,,
10556,Hereford,0,0,,,,,,
10557,Dacre,0,0,,,,,,
10558,Huxley,0,0,,,,,,
10559,Rumford,0,0,,,,,,
10560,Beare,0,0,,,,,,
10561,Pilkington,0,0,,,,,,
10562,Banks,0,0,,,,,,
10563,Craven,0,0,,,,,,
10564,Wilcocks,0,0,,,,,,
10565,Noone,0,0,,,,,,
10566,Tolson,0,0,,,,,,
10567,Tyldesley,0,0,,,,,,
10568,Dayton,0,0,,,,,,
10569,Caldecot,0,0,,,,,,
10570,Hetherington,0,0,,,,,,
10571,Atley,0,0,,,,,,
10572,Storer,0,0,,,,,,
10573,Warren,0,0,,,,,,
10574,Pack,0,0,,,,,,
10575,Littleton,0,0,,,,,,
10576,Wilkes,0,0,,,,,,
10577,Waddington,0,0,,,,,,
10578,Alsop,0,0,,,,,,
10579,Tyrwhitt,0,0,,,,,,
10580,Lester,0,0,,,,,,
10581,Rudd,0,0,,,,,,
10582,Dobyns,0,0,,,,,,
10583,Borman,0,0,,,,,,
10584,Colton,0,0,,,,,,
10585,Bull,0,0,,,,,,
10586,Selby,0,0,,,,,,
10587,Bridger,0,0,,,,,,
10588,Illey,0,0,,,,,,
10589,Masters,0,0,,,,,,
10590,Bodley,0,0,,,,,,
10591,Warner,0,0,,,,,,
10592,Ingledew,0,0,,,,,,
10593,Flower,0,0,,,,,,
10594,Grimsted,0,0,,,,,,
10595,Frederick,0,0,,,,,,
10596,Rochester,0,0,,,,,,
10597,Clifton,0,0,,,,,,
10598,Penning,0,0,,,,,,
10599,Goodenough,0,0,,,,,,
10600,Gallop,0,0,,,,,,
10601,Pitcher,0,0,,,,,,
10602,Thaker,0,0,,,,,,
10603,Glover,0,0,,,,,,
10604,Lawford,0,0,,,,,,
10605,Newport,0,0,,,,,,
10606,Maddison,0,0,,,,,,
10607,Rock,0,0,,,,,,
10608,Vosper,0,0,,,,,,
10609,Paris,0,0,,,,,,
10610,Blanchard,0,0,,,,,,
10611,Joliffe,0,0,,,,,,
10612,Corbet,0,0,,,,,,
10613,Peverell,0,0,,,,,,
10614,Twyford,0,0,,,,,,
10615,Colepeper,0,0,,,,,,
10616,Brabazon,0,0,,,,,,
10617,Wormley,0,0,,,,,,
10618,Raney,0,0,,,,,,
10619,Buckley,0,0,,,,,,
10620,Bedwell,0,0,,,,,,
10621,Bayler,0,0,,,,,,
10622,Mallet,0,0,,,,,,
10623,Heaton,0,0,,,,,,
10624,Willard,0,0,,,,,,
10625,Nunn,0,0,,,,,,
10626,Hickson,0,0,,,,,,
10627,Ireland,0,0,,,,,,
10628,Scarborough,0,0,,,,,,
10629,Waterman,0,0,,,,,,
10630,Stratton,0,0,,,,,,
10631,Rushbrook,0,0,,,,,,
10632,Goodrich,0,0,,,,,,
10633,Hugford,0,0,,,,,,
10634,Stobart,0,0,,,,,,
10635,Luck,0,0,,,,,,
10636,Digby,0,0,,,,,,
10637,Flanders,0,0,,,,,,
10638,Raikes,0,0,,,,,,
10639,Whitmore,0,0,,,,,,
10640,Merry,0,0,,,,,,
10641,Drax,0,0,,,,,,
10642,Champion,0,0,,,,,,
10643,Sikes,0,0,,,,,,
10644,Berens,0,0,,,,,,
10645,Hockley,0,0,,,,,,
10646,Everett,0,0,,,,,,
10647,Hinson,0,0,,,,,,
10648,Cornell,0,0,,,,,,
10649,Byfield,0,0,,,,,,
10650,Peyton,0,0,,,,,,
10651,Jacob,0,0,James,,,,,
10652,Bowden,0,0,,,,,,
10653,Readshaw,0,0,,,,,,
10654,Mortimer,0,0,,,,,,
10655,Walford,0,0,,,,,,
10656,Penney,0,0,,,,,,
10657,Cary,0,0,,,,,,
10658,Lewin,0,0,,,,,,
10659,Glisson,0,0,,,,,,
10660,Wallington,0,0,,,,,,
10661,Cavendish,0,0,,,,,,
10662,Brinley,0,0,,,,,,
10663,Pickwick,0,0,,,,,,
10664,Greenfield,0,0,,,,,,
10665,Wallinger,0,0,,,,,,
10666,Belcher,0,0,,,,,,
10667,Hewitt,0,0,,,,,"Hewitt ",299053
10668,Perks,0,0,,,,,,
10669,Christian,0,0,,,,,,
10670,Tolhurst,0,0,,,,,,
10671,Rand,0,0,,,,,,
10672,Morden,0,0,,,,,,
10673,Parvis,0,0,,,,,,
10674,Nott,0,0,,,,,,
10675,Wedgewood,0,0,,,,,,
10676,Tomkins,0,0,,,,,,
10677,Jermyn,0,0,,,,,,
10678,Bonham,0,0,,,,,,
10679,Elmer,0,0,,,,,,
10680,Gillett,0,0,,,,,,
10681,Gerard,0,0,,,,,,
10682,Tankard,0,0,,,,,,
10683,Seaman,0,0,,,,,,
10684,Bovey,0,0,,,,,,
10685,Handley,0,0,,,,,,
10686,Hillary,0,0,,,,,,
10687,Smithson,0,0,,,,,,
10688,Evers,0,0,,,,,,
10689,Brougham,0,0,,,,,,
10690,Ripley,0,0,,,,,,
10691,Hector,0,0,,,,,,
10692,Ord,0,0,,,,,,
10693,Witton,0,0,,,,,,
10694,Greenwell,0,0,,,,,,
10695,Port,0,0,,,,,,
10696,Smallman,0,0,,,,,,
10697,Rhodes,0,0,,,,,,
10698,Wye,0,0,,,,,,
10699,Kershaw,0,0,,,,,,
10700,Beck,0,0,,,,,,
10701,Mitford,0,0,,,,,,
10702,Archer,0,0,,,,,,
10703,Thurlow,0,0,,,,,,
10704,Varney,0,0,,,,,,
10705,Werden,0,0,,,,,,
10706,Garter,0,0,,,,,,
10707,Rusby,0,0,,,,,,
10708,Hellier,0,0,,,,,,
10709,Goddard,0,0,,,,,,
10710,Elingham,0,0,,,,,,
10711,Hillman,0,0,,,,,,
10712,Bathhurst,0,0,,,,,,
10713,Parkinson,0,0,,,,,,
10714,Brome,0,0,,,,,,
10715,Whitefield,0,0,,,,,,
10716,Aldworth,0,0,,,,,,
10717,Sloper,0,0,,,,,,
10718,Offley,0,0,,,,,,
10719,Shafto,0,0,,,,,,
10720,Goodman,0,0,,,,,,
10721,Mappin,0,0,,,,,,
10722,Newmarch,0,0,,,,,,
10723,Reynard,0,0,,,,,,
10724,Jackman,0,0,,,,,,
10725,Brickley,0,0,,,,,,
10726,Tilney,0,0,,,,,,
10727,Danbury,0,0,,,,,,
10728,Eyre,0,0,,,,,,
10729,Andesley,0,0,,,,,,
10730,Atherton,0,0,,,,,,
10731,Grandison,0,0,,,,,,
10732,Stoddart,0,0,,,,,,
10733,Woolston,0,0,,,,,,
10734,Bishop,0,0,,,,,,
10735,Papworth,0,0,,,,,,
10736,Meakin,0,0,,,,,,
10737,Wrightson,0,0,,,,,,
10738,Kennet,0,0,,,,,,
10739,Kerne,0,0,,,,,,
10740,Wescot,0,0,,,,,,
10741,Ravenhill,0,0,,,,,,
10742,Hawkins,0,0,,,,,,
10743,Bigot,0,0,,,,,,
10744,Parkin,0,0,,,,,,
10745,Sale,0,0,,,,,,
10746,Silver,0,0,,,,,,
10747,Cromwell,0,0,,,,,,
10748,Towry,0,0,,,,,,
10749,Gregson,0,0,,,,,,
10750,Phillimore,0,0,,,,,,
10751,Millard,0,0,,,,,,
10752,Raynford,0,0,,,,,,
10753,Bellow,0,0,,,,,,
10754,Halsted,0,0,,,,,,
10755,Peek,0,0,,,,,,
10756,Bowell,0,0,,,,,,
10757,Pridham,0,0,,,,,,
10758,Stamp,0,0,,,,,,
10759,Soame,0,0,,,,,,
10760,Shapleigh,0,0,,,,,,
10761,Whitlock,0,0,,,,,,
10762,Coffin,0,0,,,,,,
10763,Hull,0,0,,,,,,
10764,Carrell,0,0,,,,,,
10765,Huggins,0,0,,,,,,
10766,Oddie,0,0,,,,,,
10767,Fines,0,0,,,,,,
10768,Roope,0,0,,,,,,
10769,Archard,0,0,,,,,,
10770,Backhouse,0,0,,,,,,
10771,Till,0,0,,,,,,
10772,Howard,0,0,,,,,,
10773,Shipton,0,0,,,,,,
10774,Cordell,0,0,,,,,,
10775,Popham,0,0,,,,,,
10776,Owtred,0,0,,,,,,
10777,Hornsby,0,0,,,,,,
10778,Lawton,0,0,,,,,,
10779,Mare,0,0,,,,,,
10780,Smythson,0,0,,,,,,
10781,Naylor,0,0,,,,,,
10782,Paston,0,0,,,,,,
10783,Tremaine,0,0,,,,,,
10784,Buck,0,0,,,,,,
10785,Peche,0,0,,,,,,
10786,Templar,0,0,,,,,,
10787,Darwin,0,0,,,,,,
10788,Berney,0,0,,,,,,
10789,Flegg,0,0,,,,,,
10790,Stockton,0,0,,,,,,
10791,Peploe,0,0,,,,,,
10792,Heathcote,0,0,,,,,,
10793,Warter,0,0,,,,,,
10794,Salwey,0,0,,,,,,
10795,Ladd,0,0,,,,,,
10796,Merton,0,0,,,,,,
10797,Toone,0,0,,,,,,
10798,Sutcliffe,0,0,,,,,,
10799,Wait,0,0,,,,,,
10800,Pembroke,0,0,,,,,,
10801,Penningham,0,0,,,,,,
10802,Henley,0,0,,,,,,
10803,Grave,0,0,,,,,,
10804,Covell,0,0,,,,,,
10805,Edge,0,0,,,,,,
10806,Harley,0,0,,,,,,
10807,Woodman,0,0,,,,,,
10808,York,0,0,,,,,,
10809,Orwell,0,0,,,,,,
10810,Parr,0,0,,,,,,
10811,Wellings,0,0,,,,,,
10812,Grosvenor,0,0,,,,,,
10813,Bostock,0,0,,,,,,
10814,Tidwell,0,0,,,,,,
10815,Winterburne,0,0,,,,,,
10816,Harling,0,0,,,,,,
10817,Oliffe,0,0,,,,,,
10818,Forward,0,0,,,,,,
10819,Band,0,0,,,,,,
10820,Heyland,0,0,,,,,,
10821,Olley,0,0,,,,,,
10822,Opie,0,0,,,,,,
10823,Cumberland,0,0,,,,,,
10824,Bloomfield,0,0,,,,,,
10825,Nurse,0,0,,,,,,
10826,Bushnell,0,0,,,,,,
10827,Lapp,0,0,,,,,,
10828,Trent,0,0,,,,,,
10829,Banning,0,0,,,,,,
10830,Sutton,0,0,,,,,,
10831,Hales,0,0,,,,,,
10832,Pell,0,0,,,,,,
10833,Mallard,0,0,,,,,,
10834,Westley,0,0,,,,,,
10835,Ashton,0,0,,,,,,
10836,Merrick,0,0,Morris,,,,,
10837,Shelton,0,0,,,,,,
10838,Pakeman,0,0,,,,,,
10839,Stockwood,0,0,,,,,,
10840,Meares,0,0,,,,,,
10841,Foote,0,0,,,,,,
10842,Beavan,0,0,Bevan,,,,,
10843,Salvin,0,0,,,,,,
10844,Bradston,0,0,,,,,,
10845,Payler,0,0,,,,,,
10846,Rigby,0,0,,,,,,
10847,Robins,0,0,,,,,,
10848,Hutchings,0,0,,,,,,
10849,Gainsford,0,0,,,,,,
10850,Bagshaw,0,0,,,,,,
10851,Took,0,0,,,,,,
10852,Calthorp,0,0,,,,,,
10853,Appleby,0,0,,,,,,
10854,Sabin,0,0,,,,,,
10855,Arnest,0,0,,,,,,
10856,Picton,0,0,,,,,,
10857,Bertram,0,0,,,,,,
10858,Ackroyd,0,0,,,,,,
10859,Stacker,0,0,,,,,,
10860,Morrell,0,0,,,,,,
10861,Lunsford,0,0,,,,,,
10862,Lucy,0,0,,,,,,
10863,Staveley,0,0,,,,,,
10864,Southcott,0,0,,,,,,
10865,Player,0,0,,,,,,
10866,Tison,0,0,,,,,,
10867,Page,0,0,,,,,"Page ",404060
10868,Bliss,0,0,,,,,,
10869,Power,0,0,,,,,,
10870,Ironside,0,0,,,,,,
10871,Tubb,0,0,,,,,,
10872,Kelsey,0,0,,,,,,
10873,Langford,0,0,,,,,,
10874,Dyson,0,0,,,,,,
10875,Rushby,0,0,,,,,,
10876,Brace,0,0,,,,,,
10877,Wroughton,0,0,,,,,,
10878,Kemp,0,0,,,,,,
10879,Provost,0,0,,,,,,
10880,Thorp,0,0,,,,,,
10881,Strong,0,0,,,,,,
10882,Causton,0,0,,,,,,
10883,Halifax,0,0,,,,,,
10884,Claver,0,0,,,,,,
10885,Moyes,0,0,,,,,,
10886,Edgell,0,0,,,,,,
10887,Bradfield,0,0,,,,,,
10888,Lake,0,0,,,,,,
10889,Leman,0,0,,,,,,
10890,Spinkes,0,0,,,,,,
10891,Greaves,0,0,,,,,,
10892,Eckley,0,0,,,,,,
10893,Harding,0,0,,,,,,
10894,Thayer,0,0,,,,,,
10895,Burnham,0,0,,,,,,
10896,Tims,0,0,,,,,,
10897,Hardwick,0,0,,,,,,
10898,Risebrow,0,0,,,,,,
10899,Rowe,0,0,,,,,,
10900,Woodhouse,0,0,,,,,,
10901,Hamden,0,0,,,,,,
10902,Birkenhead,0,0,,,,,,
10903,Ogden,0,0,,,,,,
10904,Farmer,0,0,,,,,,
10905,Hooper,0,0,,,,,,
10906,Legat,0,0,,,,,,
10907,Walkey,0,0,,,,,,
10908,Hasel,0,0,,,,,,
10909,Pownall,0,0,,,,,,
10910,Roseberry,0,0,,,,,"Roseberry ",302330
10911,Bradwell,0,0,,,,,,
10912,Halse,0,0,,,,,,
10913,East,0,0,,,,,,
10914,Shone,0,0,Jones,,,,,
10915,Bushby,0,0,,,,,,
10916,Guise,0,0,,,,,,
10917,Brockman,0,0,,,,,,
10918,Bocking,0,0,,,,,,
10919,Howarth,0,0,,,,,,
10920,Tonge,0,0,,,,,,
10921,Harlow,0,0,,,,,,
10922,Boteler,0,0,,,,,,
10923,Carswell,0,0,,,,,,
10924,Poyner,0,0,,,,,,
10925,Shum,0,0,,,,,,
10926,Overton,0,0,,,,,,
10927,Kitchener,0,0,,,,,,
10928,Whitton,0,0,,,,,,
10929,Hering,0,0,,,,,,
10930,Vickery,0,0,,,,,,
10931,Denham,0,0,,,,,,
10932,Duncombe,0,0,,,,,,
10933,Pett,0,0,,,,,,
10934,Farnham,0,0,,,,,,
10935,Quick,0,0,,,,,,
10936,Kinder,0,0,,,,,,
10937,Bratt,0,0,,,,,,
10938,Mundy,0,0,,,,,,
10939,Alcock,0,0,,,,,,
10940,Quarles,0,0,,,,,,
10941,Heneage,0,0,,,,,,
10942,Woodstock,0,0,,,,,,
10943,Haworth,0,0,,,,,,
10944,Corbin,0,0,,,,,,
10945,Veale,0,0,,,,,,
10946,Robyns,0,0,,,,,,
10947,Leeds,0,0,,,,,,
10948,Skilling,0,0,,,,,,
10949,Burt,0,0,,,,,,
10950,Rawlinson,0,0,,,,,,
10951,Flint,0,0,,,,,,
10952,Seddon,0,0,,,,,,
10953,Millington,0,0,,,,,,
10954,Bardwell,0,0,,,,,,
10955,Whiteman,0,0,,,,,,
10956,Thornbery,0,0,,,,,,
10957,Morland,0,0,,,,,,
10958,Kerry,0,0,,,,,,
10959,Segrave,0,0,,,,,,
10960,Clench,0,0,,,,,,
10961,Collen,0,0,,,,,,
10962,Ravenscroft,0,0,,,,,,
10963,Freke,0,0,,,,,,
10964,Studdy,0,0,,,,,,
10965,Penley,0,0,,,,,,
10966,Tyson,0,0,,,,,,
10967,Chantrell,0,0,,,,,,
10968,Woodfield,0,0,,,,,,
10969,Hinks,0,0,,,,,,
10970,Watton,0,0,,,,,,
10971,Hobhouse,0,0,,,,,,
10972,Trott,0,0,,,,,,
10973,Bendish,0,0,,,,,,
10974,Mole,0,0,,,,,,
10975,Swift,0,0,,,,,,
10976,Saxton,0,0,,,,,,
10977,Say,0,0,,,,,,
10978,Kingston,0,0,,,,,,
10979,Yeo,0,0,,,,,,
10980,Goodchild,0,0,,,,,,
10981,Milford,0,0,,,,,,
10982,Wilton,0,0,,,,,,
10983,Towne,0,0,,,,,,
10984,Lunn,0,0,,,,,,
10985,Croxton,0,0,,,,,,
10986,Sheldon,0,0,,,,,,
10987,Cade,0,0,,,,,,
10988,Foliot,0,0,,,,,,
10989,Grymsby,0,0,,,,,,
10990,Standen,0,0,,,,,,
10991,Lancaster,0,0,,,,,,
10992,Simonds,0,0,,,,,,
10993,Maddox,0,0,Madoc,,,,,
10994,Sanford,0,0,,,,,,
10995,Mainwaring,0,0,,,,,,
10996,Gore,0,0,,,,,,
10997,Barrow,0,0,,,,,,
10998,Shuttleworth,0,0,,,,,,
10999,Vivian,0,0,,,,,,
11000,Bereford,0,0,,,,,,
11001,Soper,0,0,,,,,,
11002,Ricketts,0,0,,,,,,
11003,Powtrell,0,0,,,,,,
11004,Purdey,0,0,,,,,,
11005,Claxton,0,0,,,,,,
11006,Gernon,0,0,,,,,,
11007,Longfellow,0,0,,,,,,
11008,Wyatt,0,0,,,,,,
11009,Stokes,0,0,,,,,,
11010,Winford,0,0,,,,,,
11011,Arras,0,0,,,,,,
11012,Dashwood,0,0,,,,,,
11013,Garland,0,0,,,,,,
11014,Everard,0,0,,,,,,
11015,Nottingham,0,0,,,,,,
11016,Tarleton,0,0,,,,,,
11017,Atwell,0,0,,,,,,
11018,Bridgeman,0,0,,,,,,
11019,Kitchens,0,0,,,,,,
11020,Bent,0,0,,,,,,
11021,Northey,0,0,,,,,,
11022,Bigg,0,0,,,,,,
11023,Bartram,0,0,,,,,,
11024,Barston,0,0,,,,,,
11025,Stratford,0,0,,,,,,
11026,Bickerstaffe,0,0,,,,,,
11027,Shute,0,0,,,,,,
11028,Peckham,0,0,,,,,,
11029,Courtney,0,0,,,,,,
11030,Swallow,0,0,,,,,,
11031,Wadsley,0,0,,,,,,
11032,Chappell,0,0,,,,,,
11033,Zouch,0,0,,,,,,
11034,Lefevre,0,0,,,,,,
11035,Harward,0,0,,,,,,
11036,Gascoyne,0,0,,,,,,
11037,Doubleday,0,0,,,,,,
11038,Whitty,0,0,,,,,,
11039,Colby,0,0,,,,,,
11040,Ambrose,0,0,,,,,,
11041,Gale,0,0,,,,,,
11042,Poley,0,0,,,,,,
11043,Good,0,0,,,,,,
11044,Tuke,0,0,,,,,,
11045,Prous,0,0,,,,,,
11046,Quincy,0,0,,,,,,
11047,Beckingham,0,0,,,,,,
11048,Washborne,0,0,,,,,,
11049,Boynton,0,0,,,,,,
11050,Marwood,0,0,,,,,,
11051,Lower,0,0,,,,,,
11052,Cabot,0,0,,,,,,
11053,Prestwich,0,0,,,,,,
11054,Becher,0,0,,,,,,
11055,Speake,0,0,,,,,,
11056,Wingfield,0,0,,,,,,
11057,Churchman,0,0,,,,,,
11058,Havers,0,0,,,,,,
11059,Younger,0,0,Vaughan,,,,,
11060,Barwell,0,0,,,,,,
11061,Verney,0,0,,,,,,
11062,Taunton,0,0,,,,,,
11063,Rodd,0,0,,,,,,
11064,Buckworth,0,0,,,,,,
11065,Yellen,0,0,,,,,,
11066,Huntley,0,0,,,,,,
11067,Tilson,0,0,,,,,,
11068,Tolley,0,0,,,,,,
11069,Bloom,0,0,,,,,,
11070,Weldon,0,0,,,,,,
11071,Wallingford,0,0,,,,,,
11072,Blackman,0,0,,,,,,
11073,Hemingway,0,0,,,,,,
11074,Edwin,0,0,,,,,,
11075,Ferrers,0,0,,,,,,
11076,Winder,0,0,,,,,,
11077,Staple,0,0,,,,,,
11078,Wesley,0,0,,,,,,
11079,Melbourne,0,0,,,,,,
11080,Slade,0,0,,,,,,
11081,Girdler,0,0,,,,,,
11082,George,0,0,,,,,,
11083,Trowbridge,0,0,,,,,,
11084,Charnell,0,0,,,,,,
11085,Pace,0,0,,,,,,
11086,Devers,0,0,,,,,,
11087,Offield,0,0,,,,,,
11088,Whitchurch,0,0,,,,,,
11089,Hanbury,0,0,,,,,,
11090,Ringwood,0,0,,,,,,
11091,Wever,0,0,,,,,,
11092,Catton,0,0,,,,,,
11093,Orgill,0,0,,,,,,
11094,Hake,0,0,,,,,,
11095,Whipple,0,0,,,,,,
11096,Pengeley,0,0,,,,,,
11097,Carne,0,0,,,,,,
11098,Charnock,0,0,,,,,,
11099,Stafford,0,0,,,,,,
11100,Molton,0,0,,,,,,
11101,Barnham,0,0,,,,,,
11102,Thwaites,0,0,,,,,,
11103,Oglethorpe,0,0,,,,,,
11104,Trowell,0,0,,,,,,
11105,Jenney,0,0,,,,,,
11106,Purvis,0,0,,,,,,
11107,Wisham,0,0,,,,,,
11108,Fleetwood,0,0,,,,,,
11109,Plowden,0,0,,,,,,
11110,Topham,0,0,,,,,,
11111,Cottrell,0,0,,,,,,
11112,Woodcock,0,0,,,,,,
11113,Dering,0,0,,,,,,
11114,Plompton,0,0,,,,,,
11115,Dolling,0,0,,,,,,
11116,Ackers,0,0,,,,,,
11117,Gorton,0,0,,,,,,
11118,Goulding,0,0,,,,,,
11119,Monckton,0,0,,,,,,
11120,Hartley,0,0,,,,,,
11121,Carvell,0,0,,,,,,
11122,Bevis,0,0,,,,,,
11123,Dormer,0,0,,,,,,
11124,Newsom,0,0,,,,,,
11125,Pendleton,0,0,,,,,,
11126,Nanney,0,0,,,,,,
11127,Brassey,0,0,,,,,,
11128,Fowell,0,0,,,,,,
11129,Hilliard,0,0,,,,,,
11130,Buckingham,0,0,,,,,,
11131,Janson,0,0,,,,,,
11132,Boyland,0,0,,,,,,
11133,Pellew,0,0,,,,,,
11134,Wale,0,0,,,,,,
11135,Nicholl,0,0,,,,,,
11136,Emerson,0,0,,,,,,
11137,Daniell,0,0,,,,,,
11138,Lacy,0,0,,,,,,
11139,Bellers,0,0,,,,,,
11140,Chute,0,0,,,,,,
11141,Copin,0,0,,,,,,
11142,Sydenham,0,0,,,,,,
11143,Bucher,0,0,,,,,,
11144,Marsham,0,0,,,,,,
11145,Montford,0,0,,,,,,
11146,Peperell,0,0,,,,,,
11147,Bott,0,0,,,,,,
11148,Traherne,0,0,,,,,,
11149,Kettle,0,0,,,,,,
11150,Grundy,0,0,,,,,,
11151,Pitman,0,0,,,,,,
11152,Newland,0,0,,,,,,
11153,Titus,0,0,,,,,,
11154,Rowdon,0,0,,,,,,
11155,Duke,0,0,,,,,,
11156,Mathews,0,0,,,,,,
11157,Major,0,0,,,,,,
11158,Shield,0,0,,,,,,
11159,Pike,0,0,,,,,,
11160,Leyland,0,0,,,,,,
11161,Holcombe,0,0,,,,,,
11162,Somers,0,0,,,,,,
11163,Winch,0,0,,,,,,
11164,Box,0,0,,,,,,
11165,Key,0,0,,,,,,
11166,Seabright,0,0,,,,,,
11167,Scofield,0,0,,,,,,
11168,Rycroft,0,0,,,,,,
11169,Brothers,0,0,,,,,,
11170,Squire,0,0,,,,,,
11171,Ridley,0,0,,,,,,
11172,Sames,0,0,,,,,,
11173,Buckfield,0,0,,,,,,
11174,Baynard,0,0,,,,,,
11175,Fabian,0,0,,,,,,
11176,Haskins,0,0,,,,,,
11177,Hastings,0,0,,,,,,
11178,Willet,0,0,,,,,,
11179,Stopford,0,0,,,,,,
11180,Torney,0,0,,,,,,
11181,Mandeville,0,0,,,,,,
11182,Ascue,0,0,,,,,,
11183,Symes,0,0,,,,,,
11184,Sterne,0,0,,,,,,
11185,Playford,0,0,,,,,,
11186,Hellis,0,0,,,,,,
11187,Frankland,0,0,,,,,,
11188,Bickerton,0,0,,,,,,
11189,Molineux,0,0,,,,,,
11190,Wade,0,0,,,,,,
11191,Benning,0,0,,,,,,
11192,Woorley,0,0,,,,,,
11193,Lindley,0,0,,,,,,
11194,Silvester,0,0,,,,,,
11195,Peak,0,0,,,,,,
11196,Basford,0,0,,,,,,
11197,Conway,0,0,,,,,,
11198,Bagott,0,0,,,,,,
11199,Kinastin,0,0,,,,,,
11200,Nelthorpe,0,0,,,,,,
11201,Brayne,0,0,,,,,,
11202,Isaacson,0,0,,,,,,
11203,Larkin,0,0,,,,,,
11204,Moorhouse,0,0,,,,,,
11205,Barney,0,0,,,,,,
11206,Waldy,0,0,,,,,,
11207,Oliverson,0,0,,,,,,
11208,Hoyle,0,0,,,,,,
11209,Baltazar,0,0,,,,,,
11210,Collingwood,0,0,,,,,,
11211,Penn,0,0,,,,,,
11212,Darley,0,0,,,,,,
11213,Collard,0,0,,,,,,
11214,Thursby,0,0,,,,,,
11215,Topping,0,0,,,,,,
11216,Fry,0,0,,,,,,
11217,Gay,0,0,,,,,,
11218,Leke,0,0,,,,,,
11219,Southey,0,0,,,,,,
11220,Pepys,0,0,,,,,,
11221,Freeland,0,0,,,,,,
11222,Tyas,0,0,,,,,,
11223,Markham,0,0,,,,,,
11224,Dicksen,0,0,,,,,,
11225,Levins,0,0,,,,,,
11226,Poulton,0,0,,,,,,
11227,Scrivener,0,0,,,,,,
11228,Ashe,0,0,,,,,,
11229,Blackwell,0,0,,,,,,
11230,Livesey,0,0,,,,,,
11231,Huntingfield,0,0,,,,,,
11232,Durham,0,0,,,,,,
11233,Beckwith,0,0,,,,,,
11234,Poynter,0,0,,,,,,
11235,Hase,0,0,,,,,,
11236,Pynsent,0,0,,,,,,
11237,Warre,0,0,,,,,,
11238,Darling,0,0,,,,,,
11239,Creswell,0,0,,,,,,
11240,Tutt,0,0,,,,,,
11241,Brereton,0,0,,,,,,
11242,Purser,0,0,,,,,,
11243,Godden,0,0,,,,,,
11244,Sandby,0,0,,,,,,
11245,Brownrigg,0,0,,,,,,
11246,Arderne,0,0,,,,,,
11247,Somerford,0,0,,,,,,
11248,Ormesby,0,0,,,,,,
11249,Lord,0,0,,,,,,
11250,Dennis,0,0,,,,,,
11251,Marple,0,0,,,,,,
11252,Sherington,0,0,,,,,,
11253,Chandler,0,0,,,,,,
11254,Standard,0,0,,,,,,
11255,Stanford,0,0,,,,,,
11256,Rainer,0,0,,,,,,
11257,Allerton,0,0,,,,,,
11258,Quaile,0,0,,,,,,
11259,Meager,0,0,,,,,,
11260,Pitt,0,0,,,,,,
11261,Banke,0,0,,,,,,
11262,Fordham,0,0,,,,,,
11263,Nicholas,0,0,,,,,,
11264,Bures,0,0,,,,,,
11265,Ayre,0,0,,,,,,
11266,Cousin,0,0,,,,,,
11267,Bagnall,0,0,,,,,,
11268,Tarpley,0,0,,,,,,
11269,Wigley,0,0,,,,,,
11270,Merit,0,0,,,,,,
11271,Kinsman,0,0,,,,,,
11272,Andrew,0,0,,,,,,
11273,Lomax,0,0,,,,,,
11274,Pierpont,0,0,,,,,,
11275,Bold,0,0,,,,,,
11276,Fellowes,0,0,,,,,,
11277,Mervyn,0,0,,,,,,
11278,Beckman,0,0,,,,,,
11279,Norbury,0,0,,,,,,
11280,Wicks,0,0,,,,,,
11281,Hussey,0,0,,,,,,
11282,Holcroft,0,0,,,,,,
11283,Portman,0,0,,,,,,
11284,Prince,0,0,,,,,,
11285,Wingrove,0,0,,,,,,
11286,Broadbent,0,0,,,,,,
11287,Ranson,0,0,,,,,,
11288,Calton,0,0,,,,,,
11289,Rowlett,0,0,,,,,,
11290,Treadway,0,0,,,,,,
11291,Gee,0,0,,,,,,
11292,Hudson,0,0,,,,,,
11293,Garnet,0,0,,,,,,
11294,Whittle,0,0,,,,,,
11295,Shore,0,0,,,,,,
11296,Muschamps,0,0,,,,,,
11297,Higginbotham,0,0,,,,,,
11298,Mildred,0,0,,,,,,
11299,Rothwell,0,0,,,,,,
11300,Lannoy,0,0,,,,,,
11301,Hadfield,0,0,,,,,,
11302,Hildyard,0,0,,,,,,
11303,Southam,0,0,,,,,,
11304,Burchett,0,0,,,,,,
11305,Fairfax,0,0,,,,,,
11306,Alston,0,0,,,,,,
11307,Metcalfe,0,0,,,,,,
11308,Brett,0,0,,,,,,
11309,Woodburgh,0,0,,,,,,
11310,Crosley,0,0,,,,,,
11311,Calvert,0,0,,,,,,
11312,Bracy,0,0,,,,,,
11313,Way,0,0,,,,,,
11314,Kellet,0,0,,,,,,
11315,Ireton,0,0,,,,,,
11316,Vampage,0,0,,,,,,
11317,Peach,0,0,,,,,,
11318,Oxley,0,0,,,,,,
11319,Stead,0,0,,,,,,
11320,Martindale,0,0,,,,,,
11321,Bromhall,0,0,,,,,,
11322,Martell,0,0,,,,,,
11323,Sexton,0,0,,,,,,
11324,Hulse,0,0,,,,,,
11325,Rodney,0,0,,,,,,
11326,Story,0,0,,,,,,
11327,Bland,0,0,,,,,,
11328,Rolt,0,0,,,,,,
11329,Heather,0,0,,,,,,
11330,Halloway,0,0,,,,,,
11331,Pitfield,0,0,,,,,,
11332,Drayton,0,0,,,,,,
11333,Mewes,0,0,,,,,,
11334,Holroyd,0,0,,,,,,
11335,Lavender,0,0,,,,,,
11336,Chilton,0,0,,,,,,
11337,Lawrence,0,0,,,,,,
11338,Metford,0,0,,,,,,
11339,Sandford,0,0,,,,,,
11340,Feltham,0,0,,,,,,
11341,Hansard,0,0,,,,,,
11342,Unwin,0,0,,,,,,
11343,Sturgis,0,0,,,,,,
11344,Sampson,0,0,,,,,,
11345,Strode,0,0,,,,,,
11346,Mowbray,0,0,,,,,,
11347,Priestley,0,0,,,,,,
11348,Wightwick,0,0,,,,,,
11349,Hook,0,0,,,,,,
11350,Grafton,0,0,,,,,,
11351,Capell,0,0,,,,,,
11352,Brock,0,0,,,,,,
11353,Anthony,0,0,,,,,,
11354,Abington,0,0,,,,,,
11355,Babcock,0,0,,,,,,
11356,Baynbridge,0,0,,,,,,
11357,Barfoot,0,0,,,,,,
11358,Baylor,0,0,,,,,,
11359,Beech,0,0,,,,,,
11360,Beach,0,0,,,,,,
11361,Beringer,0,0,,,,,,
11362,Biddell,0,0,,,,,,
11363,Biggs,0,0,,,,,,
11364,Birket,0,0,,,,,,
11365,Blakey,0,0,,,,,,
11366,Blackwall,0,0,,,,,,
11367,Blisse,0,0,,,,,,
11368,Blythe,0,0,,,,,,
11369,Blundell,0,0,,,,,,
11370,Boone,0,0,,,,,,
11371,Bolt,0,0,,,,,,
11372,Bradburne,0,0,,,,,,
11373,Branche,0,0,,,,,,
11374,Brassy,0,0,,,,,,
11375,Bree,0,0,,,,,,
11376,Breame,0,0,,,,,,
11377,Bressey,0,0,,,,,,
11378,Bucknell,0,0,,,,,,
11379,Bugg,0,0,,,,,,
11380,Bulmer,0,0,,,,,,
11381,Bunney,0,0,,,,,,
11382,Calthrop,0,0,,,,,,
11383,Cardinall,0,0,,,,,,
11384,Charlton,0,0,,,,,,
11385,Chamberlain,0,0,,,,,,
11386,Charnocke,0,0,,,,,,
11387,Cleve,0,0,,,,,,
11388,Cocke,0,0,,,,,,
11389,Culpeper,0,0,,,,,,
11390,Collings,0,0,,,,,,
11391,Corben,0,0,,,,,,
11392,Cosyn,0,0,,,,,,
11393,Cousins,0,0,,,,,,
11394,Cressy,0,0,,,,,,
11395,Crooke,0,0,,,,,,
11396,Crowe,0,0,,,,,,
11397,Daggett,0,0,,,,,,
11398,Dancy,0,0,,,,,,
11399,Deveris,0,0,,,,,,
11400,Dobbes,0,0,,,,,,
11401,Dobbins,0,0,,,,,,
11402,Dodd,0,0,,,,,,
11403,Sackvile,0,0,,,,,,
11404,Erly,0,0,,,,,,
11405,Eldridge,0,0,,,,,,
11406,Elwin,0,0,,,,,,
11407,Epes,0,0,,,,,,
11408,Fairburn,0,0,,,,,,
11409,Ferror,0,0,,,,,,
11410,Fishburn,0,0,,,,,,
11411,Fleury,0,0,,,,,,
11412,Flowers,0,0,,,,,,
11413,Fludd,0,0,,,,,,
11414,Fogge,0,0,,,,,,
11415,Vowell,0,0,,,,,,
11416,Franke,0,0,,,,,,
11417,Franklin,0,0,,,,,,
11418,Frye,0,0,,,,,,
11419,Gall,0,0,,,,,,
11420,Galley,0,0,,,,,,
11421,Gamon,0,0,,,,,,
11422,Gaunt,0,0,,,,,,
11423,Garner,0,0,,,,,,
11424,Garratt,0,0,,,,,,
11425,Gidney,0,0,,,,,,
11426,Germyn,0,0,,,,,,
11427,Gyles,0,0,,,,,,
11428,Glanville,0,0,,,,,,
11429,Glascott,0,0,,,,,,
11430,Glazier,0,0,,,,,,
11431,Goselyn,0,0,,,,,,
11432,Graves,0,0,,,,,,
11433,Guy,0,0,,,,,,
11434,Gwynne,0,0,Gwyn,,,,,
11435,Hatfield,0,0,,,,,,
11436,Hollowell,0,0,,,,,,
11437,Hampden,0,0,,,,,,
11438,Hamelin,0,0,,,,,,
11439,Hames,0,0,,,,,,
11440,Hancocke,0,0,,,,,,
11441,Hayworth,0,0,,,,,,
11442,Heydon,0,0,,,,,,
11443,Heyward,0,0,,,,,,
11444,Heywood,0,0,,,,,,
11445,Herd,0,0,,,,,,
11446,Heton,0,0,,,,,,
11447,Hemming,0,0,,,,,,
11448,Hertford,0,0,,,,,,
11449,Hershey,0,0,,,,,,
11450,Hiccocks,0,0,,,,,,
11451,Hillier,0,0,,,,,,
11452,Hinde,0,0,,,,,,
11453,Hincks,0,0,,,,,,
11454,Hoare,0,0,,,,,,
11455,Hodgkinson,0,0,,,,,,
11456,Honeywell,0,0,,,,,,
11457,Hooke,0,0,,,,,,
11458,Horsley,0,0,,,,,,
11459,Hovell,0,0,,,,,,
11460,Hubert,0,0,,,,,,
11461,Hucks,0,0,,,,,,
11462,Huntington,0,0,,,,,,
11463,Jarvis,0,0,,,,,,
11464,Jolley,0,0,,,,,,
11465,Kelloway,0,0,,,,,,
11466,Keyes,0,0,,,,,,
11467,Kilborn,0,0,,,,,,
11468,Kynastin,0,0,,,,,,
11469,Kyte,0,0,,,,,,
11470,Lacey,0,0,,,,,,
11471,Langholme,0,0,,,,,,
11472,Leadbitter,0,0,,,,,,
11473,Leake,0,0,,,,,,
11474,Lemmon,0,0,,,,,,
11475,Leavett,0,0,,,,,,
11476,Loomis,0,0,,,,,,
11477,Lovett,0,0,,,,,,
11478,Litton,0,0,,,,,,
11479,Maddock,0,0,Madoc,,,,,
11480,Mahewe,0,0,,,,,,
11481,Mayre,0,0,,,,,,
11482,Mayor,0,0,,,,,,
11483,Mandley,0,0,,,,,,
11484,Mansfield,0,0,,,,,,
11485,Mansell,0,0,,,,,,
11486,Marke,0,0,,,,,,
11487,Marlowe,0,0,,,,,,
11488,Marples,0,0,,,,,,
11489,Mawhood,0,0,,,,,,
11490,Milborn,0,0,,,,,,
11491,Merritt,0,0,,,,,,
11492,Meler,0,0,,,,,,
11493,Moynes,0,0,,,,,,
11494,Molyneux,0,0,,,,,,
11495,Monk,0,0,,,,,,
11496,Munson,0,0,,,,,,
11497,Moon,0,0,,,,,"Moon ",3243
11498,Mordon,0,0,,,,,,
11499,Mereland,0,0,,,,,,
11500,Mosley,0,0,,,,,,
11501,Muncaster,0,0,,,,,,
11502,Nanny,0,0,,,,,,
11503,Neville,0,0,,,,,,
11504,Newe,0,0,,,,,,
11505,Newarke,0,0,,,,,,
11506,Newcombe,0,0,,,,,,
11507,Newsam,0,0,,,,,,
11508,Norbery,0,0,,,,,,
11509,Norreys,0,0,,,,,,
11510,Northcott,0,0,,,,,,
11511,Northwood,0,0,,,,,,
11512,Oddy,0,0,,,,,,
11513,Odo,0,0,,,,,,
11514,Ofield,0,0,,,,,,
11515,Ogard,0,0,,,,,,
11516,Owlton,0,0,,,,,,
11517,Osborne,0,0,,,,,,
11518,Oughtred,0,0,,,,,,
11519,Packe,0,0,,,,,,
11520,Paramore,0,0,,,,,,
11521,Paschall,0,0,,,,,,
11522,Passmore,0,0,,,,,,
11523,Powlet,0,0,,,,,,
11524,Peake,0,0,,,,,,
11525,Pert,0,0,,,,,,
11526,Peshall,0,0,,,,,,
11527,Petre,0,0,,,,,,
11528,Pettie,0,0,,,,,,
11529,Payton,0,0,,,,,,
11530,Filmore,0,0,,,,,,
11531,Picard,0,0,,,,,,
11532,Pinner,0,0,,,,,,
11533,Pyne,0,0,,,,,,
11534,Pynson,0,0,,,,,,
11535,Plessey,0,0,,,,,,
11536,Plumpton,0,0,,,,,,
11537,Poole,0,0,,,,,,
11538,Paulin,0,0,,,,,,
11539,Poore,0,0,,,,,,
11540,Porte,0,0,,,,,,
11541,Potts,0,0,,,,,,
11542,Powys,0,0,,,,,,
11543,Pretty,0,0,,,,,,
11544,Prest,0,0,,,,,,
11545,Prestley,0,0,,,,,,
11546,Pryer,0,0,,,,,,
11547,Proude,0,0,,,,,,
11548,Prowse,0,0,,,,,,
11549,Putnan,0,0,,,,,,
11550,Quicke,0,0,,,,,,
11551,Quinton,0,0,,,,,,
11552,Radborne,0,0,,,,,,
11553,Rande,0,0,,,,,,
11554,Ree,0,0,,,,,,
11555,Reding,0,0,,,,,,
11556,Reason,0,0,,,,,,
11557,Revell,0,0,,,,,,
11558,Ridall,0,0,,,,,,
11559,Riddel,0,0,,,,,,
11560,Wrigley,0,0,,,,,,
11561,Risebrough,0,0,,,,,,
11562,Riffett,0,0,,,,,,
11563,Rowbottom,0,0,,,,,,
11564,Rocke,0,0,,,,,,
11565,Roan,0,0,,,,,,
11566,Rooke,0,0,,,,,,
11567,Rusheby,0,0,,,,,,
11568,Sabine,0,0,,,,,,
11569,Sadler,0,0,,,,,,
11570,Sales,0,0,,,,,,
11571,Sanborn,0,0,,,,,,
11572,Samms,0,0,,,,,,
11573,Sandys,0,0,,,,,,
11574,Sands,0,0,,,,,,
11575,Sares,0,0,,,,,,
11576,Seargent,0,0,,,,,,
11577,Scruggs,0,0,,,,,,
11578,Scrope,0,0,,,,,,
11579,Skidmore,0,0,,,,,,
11580,Seager,0,0,,,,,,
11581,Seagrove,0,0,,,,,,
11582,Seagram,0,0,,,,,,
11583,Selleck,0,0,,,,,,
11584,Silley,0,0,,,,,,
11585,Severne,0,0,,,,,,
11586,Shakespeare,0,0,,,,,,
11587,Shapley,0,0,,,,,,
11588,Shipley,0,0,,,,,,
11589,Sherard,0,0,,,,,,
11590,Sheriffe,0,0,,,,,,
11591,Shipham,0,0,,,,,,
11592,Sherley,0,0,,,,,,
11593,Sydney,0,0,,,,,,
11594,Sykes,0,0,,,,,,
11595,Sylby,0,0,,,,,,
11596,Skerit,0,0,,,,,,
11597,Slany,0,0,,,,,,
11598,Slegg,0,0,,,,,,
11599,Smalley,0,0,,,,,,
11600,Smert,0,0,,,,,,
11601,Sneed,0,0,,,,,,
11602,Snowdon,0,0,,,,,,
11603,Sparkes,0,0,,,,,,
11604,Spike,0,0,,,,,,
11605,Spilman,0,0,,,,,,
11606,Spurling,0,0,,,,,,
11607,Spycer,0,0,,,,,,
11608,Sprigge,0,0,,,,,,
11609,Stacye,0,0,,,,,,
11610,Stanbery,0,0,,,,,,
11611,Staunton,0,0,,,,,,
11612,Stanwick,0,0,,,,,,
11613,Starkie,0,0,,,,,,
11614,Steed,0,0,,,,,,
11615,Steere,0,0,,,,,,
11616,Stevens,0,0,,,,,,
11617,Styles,0,0,,,,,,
11618,Stock,0,0,,,,,,
11619,Stockport,0,0,,,,,,
11620,Straits,0,0,,,,,,
11621,Streete,0,0,,,,,,
11622,Sturges,0,0,,,,,,
11623,Tapp,0,0,,,,,,
11624,Templer,0,0,,,,,,
11625,Titley,0,0,,,,,,
11626,Thackery,0,0,,,,,,
11627,Thacker,0,0,,,,,,
11628,Thornbury,0,0,,,,,,
11629,Thornburgh,0,0,,,,,,
11630,Thurlowe,0,0,,,,,,
11631,Todwell,0,0,,,,,,
11632,Tilston,0,0,,,,,,
11633,Tippets,0,0,,,,,,
11634,Tyrell,0,0,,,,,,
11635,Tisdall,0,0,,,,,,
11636,Toller,0,0,,,,,,
11637,Tolle,0,0,,,,,,
11638,Thompkins,0,0,,,,,,
11639,Tong,0,0,,,,,,
11640,Tooke,0,0,,,,,,
11641,Toogood,0,0,,,,,,
11642,Tremayne,0,0,,,,,,
11643,Trygg,0,0,,,,,,
11644,Troutback,0,0,,,,,,
11645,Truscoat,0,0,,,,,,
11646,Tooker,0,0,,,,,,
11647,Twain,0,0,,,,,,
11648,Tyes,0,0,,,,,,
11649,Unwyn,0,0,,,,,,
11650,Vyner,0,0,,,,,,
11651,Wayte,0,0,,,,,,
11652,Waite,0,0,,,,,,
11653,Walrond,0,0,,,,,,
11654,Waldie,0,0,,,,,,
11655,Wellinger,0,0,,,,,,
11656,Woolworth,0,0,,,,,,
11657,Washburn,0,0,,,,,,
11658,Wenman,0,0,,,,,,
11659,Wykes,0,0,,,,,,
11660,Welburn,0,0,,,,,,
11661,Wells,0,0,,,,,,
11662,Wendesley,0,0,,,,,,
11663,Wescott,0,0,,,,,,
11664,Wheatley,0,0,,,,,,
11665,Wheler,0,0,,,,,,
11666,Whitaker,0,0,,,,,,
11667,Whitfield,0,0,,,,,,
11668,Whitman,0,0,,,,,,
11669,Wiggins,0,0,,,,,,
11670,Wynfield,0,0,,,,,,
11671,Woodhall,0,0,,,,,,
11672,Woodrow,0,0,,,,,,
11673,Woodruff,0,0,,,,,,
11674,Worley,0,0,,,,,,
11675,Wotton,0,0,,,,,,
11676,Worsley,0,0,,,,,,
11677,Wrey,0,0,,,,,,
11678,Yardley,0,0,,,,,,
11679,Yates,0,0,,,,,,
11680,Yeomons,0,0,,,,,,
11681,Yorke,0,0,,,,,,
11682,Witherspoon,0,0,,,,,,
11683,Crosby,0,0,,,,,,
11684,Hendry,0,0,Harry,,,,,
11685,Glass,0,0,,,,,,
11686,Nieves,0,0,,,,,,
11687,Sellers,0,0,Seller,,,,,
11688,Hedrick,0,0,,,,,,
11689,Creech,0,0,,,,,,
11690,Huddleston,0,0,,,,,,
11691,Riddick,0,0,,,,,,
11692,Hutchins,0,0,,,,,,
11693,Bean,0,0,,,,,,
11694,Michaels,0,0,,,,,,
11695,Patel,0,0,,,,,,
11696,Willey,0,0,,,,,,
11697,Holliday,0,0,,,,,,
11698,Abernathy,0,0,,,,,,
11699,Leal,0,0,,,,,,
11700,Spears,0,0,,,,,,
11701,Arnett,0,0,,,,,,
11702,Hopper,0,0,Hopkins,,,,,
11703,Conn,0,0,,,,,,
11704,Gillis,0,0,,,,,,
11705,Combs,0,0,,,,,,
11706,Linton,0,0,,,,,,
11707,Law,0,0,,,,,,
11708,Abbott,0,0,,,,,,
11709,Leggett,0,0,,,,,,
11710,Battle,0,0,,,,,,
11711,Elder,0,0,,,,,,
11712,Lundy,0,0,,,,,,
11713,Templeton,0,0,,,,,,
11714,Sterling,0,0,,,,,,
11715,Triplett,0,0,,,,,,
11716,Blalock,0,0,,,,,,
11717,MacFarland,0,0,,,,,,
11718,Hairston,0,0,,,,,,
11719,Cowan,0,0,,,,,,
11720,Hogue,0,0,,,,,,
11721,Peoples,0,0,,,,,,
11722,Kyd,0,0,,,,,,
11723,Brooks,0,0,,,,,,
11724,Patterson,0,0,,,,,,
11725,Daniels,0,0,,,,,,
11726,Smiley,0,0,,,,,,
11727,Hemphill,0,0,,,,,,
11728,Trayler,0,0,,,,,,
11729,Bartley,0,0,,,,,,
11730,Cline,0,0,,,,,,
11731,MacWhorter,0,0,,,,,,
11732,Hodge,0,0,,,,,,
11733,Garvin,0,0,,,,,,
11734,Edmondson,0,0,,,,,,
11735,Pagan,0,0,,,,,,
11736,Lind,0,0,,,,,,
11737,Brunson,0,0,,,,,,
11738,Workman,0,0,,,,,,
11739,Crockett,0,0,,,,,,
11740,Eccles,0,0,,,,,,
11741,Herring,0,0,,,,,,
11742,MacCrery,0,0,,,,,,
11743,Lyons,0,0,,,,,,
11744,Meeks,0,0,,,,,,
11745,Haney,0,0,,,,,,
11746,Stoddard,0,0,,,,,,
11747,Whitehouse,0,0,,,,,,
11748,Sloan,0,0,,,,,,
11749,Kilgore,0,0,,,,,,
11750,Vance,0,0,,,,,,
11751,Milligan,0,0,,,,,,
11752,Cannon,0,0,,,,,,
11753,Littlejohn,0,0,,,,,,
11754,Jack,0,0,,,,,,
11755,Coburn,0,0,,,,,,
11756,Dorman,0,0,,,,,,
11757,Burroughs,0,0,,,,,,
11758,Blaw,0,0,,,,,,
11759,Brunton,0,0,,,,,,
11760,Clynde,0,0,,,,,,
11761,Cochran,0,0,,,,,,
11762,Crumbe,0,0,,,,,,
11763,Garvine,0,0,,,,,,
11764,Gilmour,0,0,,,,,,
11765,Grier,0,0,,,,,,
11766,Hairstan,0,0,,,,,,
11767,Hutchens,0,0,,,,,,
11768,Lynd,0,0,,,,,,
11769,Maine,0,0,,,,,,
11770,Merchant,0,0,,,,,,
11771,Winston,0,0,,,,,,
11772,Shockley,0,0,,,,,,
11773,Bush,0,0,,,,,,
11774,Thorpe,0,0,,,,,,
11775,Bowling,0,0,,,,,,
11776,Butts,0,0,,,,,,
11777,Jacobs,0,0,,,,,,
11778,Tuttle,0,0,,,,,,
11779,Libby,0,0,,,,,,
11780,Lofton,0,0,,,,,,
11781,Britton,0,0,,,,,,
11782,Hicks,0,0,,,,,,
11783,Bundy,0,0,,,,,,
11784,Bowser,0,0,,,,,,
11785,Couch,0,0,,,,,,
11786,Chance,0,0,,,,,,
11787,Carlson,0,0,,,,,,
11788,Dickerson,0,0,,,,,,
11789,Womack,0,0,,,,,,
11790,Boggs,0,0,,,,,,
11791,Borden,0,0,,,,,,
11792,Ritter,0,0,,,,,,
11793,Albert,0,0,,,,,,
11794,Myles,0,0,,,,,,
11795,Springer,0,0,,,,,,
11796,Pettit,0,0,,,,,,
11797,Ruffin,0,0,,,,,,
11798,Self,0,0,,,,,,
11799,Helton,0,0,,,,,,
11800,Harrell,0,0,,,,,,
11801,Hinds,0,0,,,,,,
11802,Ladner,0,0,,,,,,
11803,Deal,0,0,,,,,,
11804,Acker,0,0,,,,,,
11805,Frey,0,0,,,,,,
11806,Groves,0,0,,,,,,
11807,Elkins,0,0,,,,,,
11808,Lockett,0,0,,,,,,
11809,Lay,0,0,,,,,,
11810,Eddy,0,0,,,,,,
11811,Stowall,0,0,,,,,,
11812,Mims,0,0,,,,,,
11813,Abrams,0,0,,,,,,
11814,Comer,0,0,,,,,,
11815,Granger,0,0,,,,,,
11816,Kitchen,0,0,,,,,,
11817,Jernigan,0,0,,,,,,
11818,Cardwell,0,0,,,,,,
11819,Rouse,0,0,,,,,,
11820,Diggs,0,0,,,,,,
11821,Herndon,0,0,,,,,,
11822,Prater,0,0,,,,,,
11823,Braxton,0,0,,,,,,
11824,Tipton,0,0,,,,,,
11825,Newberry,0,0,,,,,,
11826,Decker,0,0,,,,,,
11827,Bledsoe,0,0,,,,,,
11828,Streeter,0,0,,,,,,
11829,Herron,0,0,,,,,,
11830,Baggett,0,0,,,,,,
11831,Darden,0,0,,,,,,
11832,Marks,0,0,,,,,,
11833,Benjamin,0,0,,,,,,
11834,Presley,0,0,,,,,"Presley of Lonmay",3658
11835,Handy,0,0,,,,,,
11836,House,0,0,,,,,,
11837,Burdick,0,0,,,,,,
11838,Elmore,0,0,,,,,,
11839,Hooks,0,0,,,,,,
11840,Grissom,0,0,,,,,,
11841,Bolden,0,0,,,,,,
11842,Sparks,0,0,,,,,,
11843,Pitts,0,0,,,,,,
11844,Ellsworth,0,0,,,,,,
11845,Fountain,0,0,,,,,,
11846,Crews,0,0,,,,,,
11847,Ayers,0,0,,,,,,
11848,Holcomb,0,0,,,,,,
11849,Earl,0,0,,,,,,
11850,Allred,0,0,,,,,,
11851,Carey,0,0,,,,,,
11852,Chase,0,0,,,,,,
11853,Crouch,0,0,,,,,,
11854,Bagley,0,0,,,,,,
11855,Root,0,0,,,,,,
11856,Burch,0,0,,,,,,
11857,Sargent,0,0,,,,,,
11858,Hoyt,0,0,,,,,,
11859,Durbin,0,0,,,,,,
11860,Poe,0,0,,,,,,
11861,Sams,0,0,,,,,,
11862,Kimball,0,0,,,,,,
11863,Hankins,0,0,,,,,,
11864,Becker,0,0,,,,,,
11865,Ash,0,0,,,,,,
11866,Calloway,0,0,,,,,,
11867,Braden,0,0,,,,,,
11868,Driver,0,0,,,,,,
11869,Stern,0,0,,,,,,
11870,Harrington,0,0,,,,,,
11871,Chatman,0,0,,,,,,
11872,Wooten,0,0,,,,,,
11873,Stamper,0,0,,,,,,
11874,Daveys,0,0,,,,,,
11875,Ricks,0,0,,,,,,
11876,Goss,0,0,,,,,,
11877,Shields,0,0,,,,,,
11878,Laird,0,0,,,,,,
11879,Squires,0,0,,,,,,
11880,Gamble,0,0,,,,,,
11881,Hargreaves,0,0,,,,,,
11882,Mobley,0,0,,,,,,
11883,Friend,0,0,,,,,,
11884,Godwin,0,0,,,,,,
11885,Seals,0,0,,,,,,
11886,Light,0,0,,,,,,
11887,Rainey,0,0,,,,,,
11888,Ivy,0,0,,,,,,
11889,Kimbrough,0,0,,,,,,
11890,Crabtree,0,0,,,,,,
11891,Pruitt,0,0,,,,,,
11892,Boucher,0,0,,,,,,
11893,Foreman,0,0,,,,,,
11894,Spivey,0,0,,,,,,
11895,Hawthorne,0,0,,,,,,
11896,Wellman,0,0,,,,,,
11897,Bunch,0,0,,,,,,
11898,Odell,0,0,,,,,,
11899,Gaskins,0,0,,,,,,
11900,Posey,0,0,,,,,,
11901,Craft,0,0,,,,,,
11902,Skaggs,0,0,,,,,,
11903,Cheek,0,0,,,,,,
11904,Pennington,0,0,,,,,,
11905,Ransom,0,0,,,,,,
11906,Doty,0,0,,,,,,
11907,Dykes,0,0,,,,,,
11908,Kern,0,0,,,,,,
11909,Levy,0,0,,,,,,
11910,Puckett,0,0,,,,,,
11911,Grayson,0,0,,,,,,
11912,Yarbrough,0,0,,,,,,
11913,Hurt,0,0,,,,,,
11914,Levine,0,0,,,,,,
11915,Inman,0,0,,,,,,
11916,Lott,0,0,,,,,,
11917,Jewell,0,0,,,,,,
11918,Kinsey,0,0,,,,,,
11919,Wilburn,0,0,,,,,,
11920,Carlton,0,0,,,,,,
11921,Ruff,0,0,,,,,,
11922,Hamm,0,0,,,,,,
11923,Ragsdale,0,0,,,,,,
11924,Rollins,0,0,,,,,,
11925,Painter,0,0,,,,,,
11926,Overstreet,0,0,,,,,,
11927,Shepherd,0,0,,,,,"Shepherd Derek (Piping)",401392
11928,Farr,0,0,,,,,,
11929,Duckworth,0,0,,,,,,
11930,Hester,0,0,,,,,,
11931,Tatum,0,0,,,,,,
11932,Burgess,0,0,,,,,,
11933,Bynum,0,0,,,,,,
11934,Matlock,0,0,,,,,,
11935,Christopher,0,0,,,,,,
11936,Coy,0,0,,,,,,
11937,Deaton,0,0,,,,,,
11938,Madison,0,0,,,,,,
11939,Crenshaw,0,0,,,,,,
11940,Hand,0,0,,,,,,
11941,Mayberry,0,0,,,,,,
11942,Ledbetter,0,0,,,,,,
11943,Colbert,0,0,,,,,,
11944,Hawk,0,0,,,,,,
11945,Radcliff,0,0,,,,,,
11946,Timmons,0,0,,,,,,
11947,Moses,0,0,,,,,,
11948,Briscoe,0,0,,,,,,
11949,Worrell,0,0,,,,,,
11950,Angel,0,0,,,,,,
11951,Satterfield,0,0,,,,,,
11952,Childs,0,0,,,,,,
11953,Blackmon,0,0,,,,,,
11954,Lassiter,0,0,,,,,,
11955,Covington,0,0,,,,,,
11956,Purcell,0,0,,,,,,
11957,Sprague,0,0,,,,,,
11958,Eastley,0,0,,,,,,
11959,Parish,0,0,,,,,,
11960,Peachey,0,0,,,,,,
11961,Slaughter,0,0,,,,,,
11962,Hatcher,0,0,,,,,,
11963,Toney,0,0,,,,,,
11964,Cornett,0,0,,,,,,
11965,Cutler,0,0,,,,,,
11966,Stout,0,0,,,,,,
11967,Lincoln,0,0,,,,,,
11968,Odom,0,0,,,,,,
11969,Whittington,0,0,,,,,,
11970,Weeks,0,0,,,,,,
11971,Gilliam,0,0,,,,,,
11972,Mayes,0,0,,,,,,
11973,Cash,0,0,,,,,,
11974,Hoskins,0,0,,,,,,
11975,Blankenship,0,0,,,,,,
11976,Franks,0,0,,,,,,
11977,Minor,0,0,,,,,,
11978,Grover,0,0,,,,,,
11979,Cantrell,0,0,,,,,,
11980,Lehman,0,0,,,,,,
11981,Rowell,0,0,,,,,,
11982,Britt,0,0,,,,,,
11983,Busby,0,0,,,,,,
11984,Beaver,0,0,,,,,,
11985,Willett,0,0,,,,,,
11986,Newby,0,0,,,,,,
11987,Adcock,0,0,,,,,,
11988,Oakley,0,0,,,,,,
11989,Beasley,0,0,,,,,,
11990,Hanks,0,0,,,,,,
11991,Boston,0,0,,,,,,
11992,Minton,0,0,,,,,,
11993,Perdue,0,0,,,,,,
11994,Oldham,0,0,,,,,,
11995,Pickens,0,0,,,,,,
11996,Early,0,0,,,,,,
11997,Church,0,0,,,,,,
11998,Cherry,0,0,,,,,,
11999,Dunham,0,0,,,,,,
12000,Redding,0,0,,,,,,
12001,Butcher,0,0,,,,,,
12002,Holley,0,0,,,,,,
12003,Pittman,0,0,,,,,,
12004,Roth,0,0,,,,,,
12005,Eastman,0,0,,,,,,
12006,Gentry,0,0,,,,,,
12007,Huff,0,0,,,,,,
12008,Parham,0,0,,,,,,
12009,Suggs,0,0,,,,,,
12010,Woodson,0,0,,,,,,
12011,Garrett,0,0,,,,,,
12012,Barksdale,0,0,,,,,,
12013,Crocker,0,0,,,,,,
12014,Yancey,0,0,,,,,,
12015,Goodson,0,0,,,,,,
12016,England,0,0,,,,,,
12017,Joseph,0,0,,,,,,
12018,Bass,0,0,,,,,,
12019,Stacey,0,0,,,,,,
12020,Helms,0,0,,,,,,
12021,Travis,0,0,,,,,,
12022,Trasher,0,0,,,,,,
12023,Beverly,0,0,,,,,,
12024,Hamlin,0,0,,,,,,
12025,Golden,0,0,,,,,,
12026,Eubanks,0,0,,,,,,
12027,Stallings,0,0,,,,,,
12028,Bronson,0,0,,,,,,
12029,Crisp,0,0,,,,,,
12030,Bearden,0,0,,,,,,
12031,Dawkins,0,0,Davies,,,,,
12032,Byrd,0,0,,,,,,
12033,Tillman,0,0,,,,,,
12034,Stroud,0,0,,,,,,
12035,Camp,0,0,,,,,,
12036,Etheridge,0,0,,,,,,
12037,Sylvester,0,0,,,,,,
12038,Brantley,0,0,,,,,,
12039,Hightower,0,0,,,,,,
12040,Boyer,0,0,,,,,,
12041,Burkett,0,0,,,,,,
12042,Dickens,0,0,,,,,,
12043,Hamby,0,0,,,,,,
12044,Aldrich,0,0,,,,,,
12045,Bagot,0,0,,,,,,
12046,Begley,0,0,,,,,,
12047,Berden,0,0,,,,,,
12048,Beevor,0,0,,,,,,
12049,Blenkinsopp,0,0,,,,,,
12050,Bogg,0,0,,,,,,
12051,Boon,0,0,,,,,,
12052,Bourden,0,0,,,,,,
12053,Boles,0,0,,,,,,
12054,Bolling,0,0,,,,,,
12055,Bunce,0,0,,,,,,
12056,Bondy,0,0,,,,,,
12057,Burche,0,0,,,,,,
12058,Burris,0,0,,,,,,
12059,Carrie,0,0,,,,,,
12060,Cass,0,0,,,,,,
12061,Cheeke,0,0,,,,,,
12062,Churche,0,0,,,,,,
12063,Colley,0,0,,,,,,
12064,Comber,0,0,,,,,,
12065,Cornay,0,0,,,,,,
12066,Coulthard,0,0,,,,,,
12067,Coys,0,0,,,,,,
12068,Crafton,0,0,,,,,,
12069,Crawshaw,0,0,,,,,,
12070,Crew,0,0,,,,,,
12071,Ardern,0,0,,,,,,
12072,Deale,0,0,,,,,,
12073,Erle,0,0,,,,,,
12074,Erley,0,0,,,,,,
12075,Edye,0,0,,,,,,
12076,Elkyn,0,0,,,,,,
12077,Aylmer,0,0,,,,,,
12078,Farrer,0,0,,,,,,
12079,Farris,0,0,,,,,,
12080,Fraye,0,0,,,,,,
12081,Frend,0,0,,,,,,
12082,Gaynes,0,0,,,,,,
12083,Garret,0,0,,,,,,
12084,Gentle,0,0,,,,,,
12085,Guillam,0,0,,,,,,
12086,Goode,0,0,,,,,,
12087,Griggs,0,0,,,,,,
12088,Hamme,0,0,,,,,,
12089,Hargrrove,0,0,,,,,,
12090,Hurd,0,0,,,,,,
12091,Helme,0,0,,,,,,
12092,Hayter,0,0,,,,,,
12093,Houser,0,0,,,,,,
12094,Hough,0,0,,,,,,
12095,Iveson,0,0,,,,,,
12096,Ivey,0,0,,,,,,
12097,Joiner,0,0,,,,,,
12098,Kearns,0,0,,,,,,
12099,Leicester,0,0,,,,,,
12100,Levi,0,0,,,,,,
12101,Madsen,0,0,,,,,,
12102,Maze,0,0,,,,,,
12103,Merret,0,0,,,,,,
12104,Minnes,0,0,,,,,,
12105,Michael,0,0,,,,,,
12106,Moberley,0,0,,,,,,
12107,Padget,0,0,,,,,,
12108,Purdew,0,0,,,,,,
12109,Pykin,0,0,,,,,,
12110,Powers,0,0,,,,,,
12111,Prather,0,0,,,,,,
12112,Prewert,0,0,,,,,,
12113,Rachedal,0,0,,,,,,
12114,Reaves,0,0,,,,,,
12115,Richer,0,0,,,,,,
12116,Roots,0,0,,,,,,
12117,Rowse,0,0,,,,,,
12118,Ruffy,0,0,,,,,,
12119,Samwell,0,0,,,,,,
12120,Snead,0,0,,,,,,
12121,Spurway,0,0,,,,,,
12122,Stearns,0,0,,,,,,
12123,Stowell,0,0,,,,,,
12124,Tolbert,0,0,,,,,,
12125,Tyrrell,0,0,,,,,,
12126,Timmins,0,0,,,,,,
12127,Walls,0,0,,,,,,
12128,Wightman,0,0,,,,,,
12129,Winters,0,0,,,,,,
12130,Wornack,0,0,,,,,,
12131,Landry,0,0,,,,,,
12132,Falk,0,0,,,,,,
12133,Trahan,0,0,,,,,,
12134,Jeffries,0,0,,,,,,
12135,David,0,0,Davies,,,,,
12136,Blevins,0,0,,,,,,
12137,Talley,0,0,,,,,,
12138,Baugh,0,0,,,,,,
12139,Dotson,0,0,,,,,,
12140,Blethin,0,0,,,,,,
12141,Landres,0,0,,,,,,
12142,MacAwley,0,0,,,,,,
12143,Keenan,0,0,,,,,,
12144,Carney,0,0,,,,,,
12145,Kennelly,0,0,,,,,,
12146,Kramer,0,0,,,,,,
12147,Rothe,0,0,,,,,,
12148,Monahan,0,0,,,,,,
12149,Goff,0,0,,,,,,
12150,Delaney,0,0,,,,,,
12151,Dillon,0,0,,,,,,
12152,Cramer,0,0,,,,,,
12153,Kieran,0,0,,,,,,
12154,Eustace,0,0,,,,,,
12155,Conroy,0,0,,,,,,
12156,Samuels,0,0,,,,,,
12157,Morrow,0,0,,,,,,
12158,Dorsey,0,0,,,,,,
12159,Looney,0,0,,,,,,
12160,Downey,0,0,,,,,,
12161,Coles,0,0,,,,,,
12162,Bullard,0,0,,,,,,
12163,Haly,0,0,,,,,,
12164,Bernard,0,0,,,,,,
12165,Malloy,0,0,,,,,,
12166,Dolan,0,0,,,,,,
12167,Corley,0,0,,,,,,
12168,Garvey,0,0,,,,,,
12169,Butler,0,0,,,,,,
12170,Hearn,0,0,,,,,,
12171,Meehan,0,0,,,,,,
12172,Gorman,0,0,,,,,,
12173,Killeen,0,0,,,,,,
12174,Hackett,0,0,,,,,,
12175,Donahue,0,0,,,,,,
12176,Barron,0,0,,,,,,
12177,Curley,0,0,,,,,,
12178,Abraham,0,0,,,,,,
12179,MacRory,0,0,,,,,,
12180,Dooley,0,0,,,,,,
12181,MacKinley,0,0,,,,,,
12182,Coffey,0,0,,,,,,
12183,Driscoll,0,0,,,,,,
12184,MacHugh,0,0,,,,,,
12185,Tobin,0,0,,,,,,
12186,Flanagan,0,0,,,,,,
12187,MacGinnis,0,0,,,,,,
12188,Hendrick,0,0,,,,,,
12189,MacCord,0,0,,,,,,
12190,Horan,0,0,,,,,,
12191,MacNally,0,0,,,,,,
12192,Fay,0,0,,,,,,
12193,Brinkley,0,0,,,,,,
12194,MacCaffery,0,0,,,,,,
12195,Weathers,0,0,,,,,,
12196,Hagen,0,0,,,,,,
12197,Keating,0,0,,,,,,
12198,MacClendon,0,0,,,,,,
12199,Whitten,0,0,,,,,,
12200,MacCausland,0,0,,,,,,
12201,Finn,0,0,,,,,,
12202,Reardon,0,0,,,,,,
12203,Clements,0,0,,,,,,
12204,Curran,0,0,,,,,,
12205,Devine,0,0,,,,,,
12206,Cooley,0,0,,,,,,
12207,MacCabe,0,0,,,,,,
12208,Teague,0,0,,,,,,
12209,Egan,0,0,,,,,,
12210,Mooney,0,0,,,,,,
12211,Lawler,0,0,,,,,,
12212,Reeder,0,0,,,,,,
12213,Hines,0,0,,,,,,
12214,Dempsey,0,0,,,,,,
12215,Okeefe,0,0,,,,,,
12216,Kearney,0,0,,,,,,
12217,Dugan,0,0,,,,,,
12218,Cody,0,0,,,,,,
12219,Gatlin,0,0,,,,,,
12220,Maloney,0,0,,,,,,
12221,MacCarron,0,0,,,,,,
12222,Shannon,0,0,,,,,,
12223,Crowley,0,0,,,,,,
12224,Loftus,0,0,,,,,,
12225,Maher,0,0,,,,,,
12226,Roach,0,0,,,,,,
12227,Fagan,0,0,,,,,,
12228,Morrissey,0,0,,,,,,
12229,Hickey,0,0,,,,,,
12230,Moran,0,0,,,,,,
12231,Cahill,0,0,,,,,,
12232,Gleason,0,0,,,,,,
12233,Heyne,0,0,,,,,,
12234,Hurley,0,0,,,,,,
12235,Trant,0,0,,,,,,
12236,Madden,0,0,,,,,,
12237,Beamish,0,0,,,,,,
12238,Redmond,0,0,,,,,,
12239,Cronin,0,0,,,,,,
12240,Finney,0,0,,,,,,
12241,Hayden,0,0,,,,,,
12242,Galvan,0,0,,,,,,
12243,Hanley,0,0,,,,,,
12244,Gannon,0,0,,,,,,
12245,O'Connell,0,0,,,,,,
12246,Crandall,0,0,,,,,,
12247,MacCrary,0,0,,,,,,
12248,Nugent,0,0,,,,,,
12249,Mahoney,0,0,,,,,,
12250,Bollard,0,0,,,,,,
12251,O'Cahill,0,0,,,,,,
12252,O'Clery,0,0,,,,,,
12253,Corry,0,0,,,,,,
12254,O'Crowley,0,0,,,,,,
12255,O'Curran,0,0,,,,,,
12256,O'Duana,0,0,,,,,,
12257,Dowling,0,0,,,,,,
12258,Darcy,0,0,,,,,,
12259,Dowdy,0,0,,,,,,
12260,O'Downey,0,0,,,,,,
12261,Duggan,0,0,,,,,,
12262,Fahy,0,0,,,,,,
12263,Galvin,0,0,,,,,,
12264,MacGarry,0,0,,,,,,
12265,Givens,0,0,,,,,,
12266,Hagan,0,0,,,,,,
12267,O'Haly,0,0,,,,,,
12268,O'Hanley,0,0,,,,,,
12269,Aherne,0,0,,,,,,
12270,O'Heyne,0,0,,,,,,
12271,O'Hickey,0,0,,,,,,
12272,O'Kelleher,0,0,,,,,,
12273,O'Kieran,0,0,,,,,,
12274,Killian,0,0,,,,,,
12275,O'Loughlin,0,0,,,,,,
12276,O'Lalor,0,0,,,,,,
12277,Meagher,0,0,,,,,,
12278,Molloy,0,0,,,,,,
13112,Casement,0,0,,,,,,
13113,Meecham,0,0,,,,,,
13114,Colclough,0,0,,,,,,
13115,Ruttledge,0,0,,,,,,
13116,Sloane,0,0,,,,,,
13117,Mulvey,0,0,,,,,,
13118,Uniacke,0,0,,,,,,
13119,Eagar,0,0,,,,,,
13120,Gaynor,0,0,,,,,,
13121,Forde,0,0,,,,,,
13122,Shaughnessy,0,0,,,,,,
13123,MacTiernan,0,0,,,,,,
13124,Friel,0,0,,,,,,
13125,Eastern,0,0,,,,,,
13126,Elrington,0,0,,,,,,
13127,Delahyde,0,0,,,,,,
13128,Loughlin,0,0,,,,,,
13129,Trydell,0,0,,,,,,
13130,Pery,0,0,,,,,,
13131,Bradstreet,0,0,,,,,,
13132,Hambley,0,0,,,,,,
13133,Mulloy,0,0,,,,,,
13134,Margetson,0,0,,,,,,
13135,Massam,0,0,,,,,,
13136,Cosby,0,0,,,,,,
13137,Mangan,0,0,,,,,,
13138,Kinghan,0,0,,,,,,
13139,Dunscombe,0,0,,,,,,
13140,Coey,0,0,,,,,,
13141,MacGeough,0,0,,,,,,
13142,Bulfin,0,0,,,,,,
13143,MacShanly,0,0,,,,,,
13144,Quigley,0,0,,,,,,
13145,Pennefather,0,0,,,,,,
13146,MacDonogh,0,0,,,,,,
13147,Ram,0,0,,,,,,
13148,Taylour,0,0,,,,,,
13149,Hethrington,0,0,,,,,,
13150,Purdon,0,0,,,,,,
13151,Wyse,0,0,,,,,,
13152,Collvile,0,0,,,,,,
13153,Fallkiner,0,0,,,,,,
13154,Wadge,0,0,,,,,,
13155,Desmond,0,0,,,,,,
13156,Foord,0,0,,,,,,
13157,Janns,0,0,,,,,,
13158,Cogan,0,0,,,,,,
13159,Blosse,0,0,,,,,,
13160,Brasier,0,0,,,,,,
13161,Cantwell,0,0,,,,,,
13162,Kingdon,0,0,,,,,,
13163,Marrow,0,0,,,,,,
13164,Maginn,0,0,,,,,,
13165,Gillicuddy,0,0,,,,,,
13166,Dea,0,0,,,,,,
13167,Coakley,0,0,,,,,,
13168,Turell,0,0,,,,,,
13169,Amory,0,0,,,,,,
13170,Lecky,0,0,,,,,,
13171,Blunden,0,0,,,,,,
13172,Colthurst,0,0,,,,,,
13173,MacCartan,0,0,,,,,,
13174,Hurly,0,0,,,,,,
13175,Trench,0,0,,,,,,
13176,Cantillon,0,0,,,,,,
13177,Riall,0,0,,,,,,
13178,Kinane,0,0,,,,,,
13179,Hepenstal,0,0,,,,,,
13180,Going,0,0,,,,,,
13181,Westropp,0,0,,,,,,
13182,Neill,0,0,,,,,,
13183,Bladen,0,0,,,,,,
13184,Magan,0,0,,,,,,
13185,Finnegan,0,0,,,,,,
13186,Callander,0,0,,,,,,
13187,Mulvihill,0,0,,,,,,
13188,Malley,0,0,,,,,,
13189,Collis,0,0,,,,,,
13190,Tynte,0,0,,,,,,
13191,Crelie,0,0,,,,,,
13192,Brenon,0,0,,,,,,
13193,Gillman,0,0,,,,,,
13194,Longfield,0,0,,,,,,
13195,Lonergan,0,0,,,,,,
13196,Joynt,0,0,,,,,,
13197,Godley,0,0,,,,,,
13198,Haltridge,0,0,,,,,,
13199,MacCurtin,0,0,,,,,,
13200,Haslam,0,0,,,,,,
13201,Deasy,0,0,,,,,,
13202,Archdale,0,0,,,,,,
13203,Paradis,0,0,,,,,,
13204,Ferrer,0,0,,,,,,
13205,MaCartney,0,0,,,,,,
13206,Wormington,0,0,,,,,,
13207,Orpen,0,0,,,,,,
13208,Tottenham,0,0,,,,,,
13209,Ruswell,0,0,,,,,,
13210,Cornwallis,0,0,,,,,,
13211,Fonte,0,0,,,,,,
13212,Haliday,0,0,,,,,,
13213,Milley,0,0,,,,,,
13214,Geale,0,0,,,,,,
13215,Touchet,0,0,,,,,,
13216,Vesey,0,0,,,,,,
13217,Fallon,0,0,,,,,,
13218,Molony,0,0,,,,,,
13219,Daunt,0,0,,,,,,
13220,Hartigan,0,0,,,,,,
13221,Proby,0,0,,,,,,
13222,Mulledy,0,0,,,,,,
13223,"De La Poer",0,0,,,,,,
13224,Domville,0,0,,,,,,
13225,Blanchfield,0,0,,,,,,
13226,Sheilds,0,0,,,,,,
13227,Guiness,0,0,,,,,,
13228,Ormsby,0,0,,,,,,
13229,Gibney,0,0,,,,,,
13230,Harrold,0,0,,,,,,
13231,Peppard,0,0,,,,,,
13232,Fowke,0,0,,,,,,
13233,Kingsbury,0,0,,,,,,
13234,Lattin,0,0,,,,,,
13235,Hara,0,0,,,,,,
13236,Peer,0,0,,,,,,
13237,Broder,0,0,,,,,,
13238,Quinan,0,0,,,,,,
13239,Wogan,0,0,,,,,,
13240,MacVeagh,0,0,,,,,,
13241,Guinness,0,0,,,,,,
13242,Ronayne,0,0,,,,,,
13243,Verner,0,0,,,,,,
13244,Gradwell,0,0,,,,,,
13245,Billington,0,0,,,,,,
13246,Hardinge,0,0,,,,,,
13247,MacVais,0,0,,,,,,
13248,Vyne,0,0,,,,,,
13249,Proudfoot,0,0,,,,,,
13250,Rodon,0,0,,,,,,
13251,Dease,0,0,,,,,,
13252,Raughter,0,0,,,,,,
13253,Low,0,0,,,,,,
13254,Saurin,0,0,,,,,,
13255,Sheaffe,0,0,,,,,,
13256,Falls,0,0,,,,,,
13257,Bosvile,0,0,,,,,,
13258,Dalway,0,0,,,,,,
13259,Craney,0,0,,,,,,
13260,Cardiffe,0,0,,,,,,
13261,Fortick,0,0,,,,,,
13262,Lamphier,0,0,,,,,,
13263,Woulfe,0,0,,,,,,
13264,Siborne,0,0,,,,,,
13265,Hegarty,0,0,,,,,,
13266,Fownes,0,0,,,,,,
13267,Nunne,0,0,,,,,,
13268,Helsham,0,0,,,,,,
13269,Woodlock,0,0,,,,,,
13270,Hefferman,0,0,,,,,,
13271,Thunder,0,0,,,,,,
13272,Tully,0,0,,,,,,
13273,Crothers,0,0,,,,,,
13274,Byshoppe,0,0,,,,,,
13275,Bindon,0,0,,,,,,
13276,Biggar,0,0,,,,,,
13277,Kirwan,0,0,,,,,,
13278,Fosbery,0,0,,,,,,
13279,Druitt,0,0,,,,,,
13280,Trehy,0,0,,,,,,
13281,Kinley,0,0,,,,,,
13282,Redington,0,0,,,,,,
13283,Rosborough,0,0,,,,,,
13284,Vigors,0,0,,,,,,
13285,Wybrants,0,0,,,,,,
13286,Fogarty,0,0,,,,,"Fogarty (Tipperary)",408658
13287,Elwood,0,0,,,,,,
13288,Dexter,0,0,,,,,,
13289,Kingsmill,0,0,,,,,,
13290,Lalor,0,0,,,,,,
13291,Mahony,0,0,,,,,,
13292,Tyrry,0,0,,,,,,
13293,Damory,0,0,,,,,,
13294,Hanecroft,0,0,,,,,,
13295,Levinge,0,0,,,,,,
13296,Bonnell,0,0,,,,,,
13297,Nihell,0,0,,,,,,
13298,Duffe,0,0,,,,,,
13299,Kirkwood,0,0,,,,,,
13300,Hugh,0,0,Hughes,,,,,
13301,Eglenton,0,0,,,,,,
13302,Manders,0,0,,,,,,
13303,Barnewell,0,0,,,,,,
13304,Vandeleur,0,0,,,,,,
13305,Cinsallagh,0,0,,,,,,
13306,Wellesley,0,0,,,,,,
13307,Killikelly,0,0,,,,,,
13308,Whalley,0,0,,,,,,
13309,Athy,0,0,,,,,,
13310,Ginkell,0,0,,,,,,
13311,Corker,0,0,,,,,,
13312,Marlay,0,0,,,,,,
13313,Hassard,0,0,,,,,,
13314,Delap,0,0,,,,,,
13315,Donagan,0,0,,,,,,
13316,Cosgrove,0,0,,,,,,
13317,Devenish,0,0,,,,,,
13318,Quinlan,0,0,,,,,,
13319,Minchin,0,0,,,,,,
13320,Beaghan,0,0,,,,,,
13321,Hanraghan,0,0,,,,,,
13322,Meara,0,0,,,,,,
13323,Slattery,0,0,,,,,,
13324,Magill,0,0,,,,,,
13325,Kindelan,0,0,,,,,,
13326,Brenan,0,0,,,,,,
13327,Bisse,0,0,,,,,,
13328,Crommelin,0,0,,,,,,
13329,Podmore,0,0,,,,,,
13330,Hanlon,0,0,,,,,,
13331,Dolphin,0,0,,,,,,
13332,Coyne,0,0,,,,,,
13333,Dobbyn,0,0,,,,,,
13334,Barkey,0,0,,,,,,
13335,Grogan,0,0,,,,,,
13336,Carthew,0,0,,,,,,
13337,Alverston,0,0,,,,,,
13338,Cahane,0,0,,,,,,
13339,Dromgoule,0,0,,,,,,
13340,Maturin,0,0,,,,,,
13341,Lally,0,0,,,,,,
13342,Muschamp,0,0,,,,,,
13343,Lenigan,0,0,,,,,,
13344,Goodwing,0,0,,,,,,
13345,Keogh,0,0,,,,,,
13346,Ribton,0,0,,,,,,
13347,Ronan,0,0,,,,,,
13348,Scanlan,0,0,,,,,,
13349,Tichborne,0,0,,,,,,
13350,Morrogh,0,0,,,,,,
13351,Whitshed,0,0,,,,,,
13352,Vian,0,0,,,,,,
13353,Gaffney,0,0,,,,,,
13354,Bagwell,0,0,,,,,,
13355,Aland,0,0,,,,,,
13356,Meyler,0,0,,,,,,
13357,Tierney,0,0,,,,,,
13358,Blennerhasset,0,0,,,,,,
13359,MacGillikelly,0,0,,,,,,
13360,Betham,0,0,,,,,,
13361,Mural,0,0,,,,,,
13362,MacQuay,0,0,,,,,,
13363,Kerrigan,0,0,,,,,,
13364,Trayle,0,0,,,,,,
13365,Glennon,0,0,,,,,,
13366,Crouley,0,0,,,,,,
13367,Lefroy,0,0,,,,,,
13368,Comerford,0,0,,,,,,
13369,Mather,0,0,,,,,,
13370,Roche,0,0,,,,,,
13371,Salle,0,0,,,,,,
13372,Brackenridge,0,0,,,,,,
13373,Grattan,0,0,,,,,,
13374,Sharpe,0,0,,,,,,
13375,Collin,0,0,,,,,,
13376,MacRery,0,0,,,,,,
13377,Panting,0,0,,,,,,
13378,Prittie,0,0,,,,,,
13379,Gervais,0,0,,,,,,
13380,Maunsell,0,0,,,,,,
13381,Pooler,0,0,,,,,,
13382,Sherland,0,0,,,,,,
13383,Riversdale,0,0,,,,,,
13384,Kirkhoven,0,0,,,,,,
13385,Cooche,0,0,,,,,,
13386,Palles,0,0,,,,,,
13387,Cotter,0,0,,,,,,
13388,Fanning,0,0,,,,,,
13389,Tonson,0,0,,,,,,
13390,Hanney,0,0,,,,,,
13391,Bownder,0,0,,,,,,
13392,Rafferty,0,0,,,,,,
13393,Cliffe,0,0,,,,,,
13394,O'Naghten,0,0,,,,,,
13395,Gentleman,0,0,,,,,,
13396,Coddington,0,0,,,,,,
13397,Cassan,0,0,,,,,,
13398,Corre,0,0,,,,,,
13399,Henn,0,0,,,,,,
13400,Edgeworth,0,0,,,,,,
13401,Mulroney,0,0,,,,,,
13402,Gara,0,0,,,,,,
13403,Waddy,0,0,,,,,,
13404,Caulfield,0,0,,,,,,
13405,Archdekin,0,0,,,,,,
13406,Shortall,0,0,,,,,,
13407,Davie,0,0,Davies,,,,,
13408,Fitzherbert,0,0,,,,,,
13409,Dawdall,0,0,,,,,,
13410,Beauman,0,0,,,,,,
13411,Betagh,0,0,,,,,,
13412,MacInerney,0,0,,,,,,
13413,Conry,0,0,,,,,,
13414,Bomford,0,0,,,,,,
13415,Haire,0,0,,,,,,
13416,Clary,0,0,,,,,,
13417,Flattery,0,0,,,,,,
13418,Geraghty,0,0,,,,,,
13419,Gilfoyle,0,0,,,,,,
13420,Tallis,0,0,,,,,,
13421,Candler,0,0,,,,,,
13422,MacCloskie,0,0,,,,,,
13423,Cuffe,0,0,,,,,,
13424,Perrier,0,0,,,,,,
13425,Crean,0,0,,,,,,
13426,Delamain,0,0,,,,,,
13427,Millerd,0,0,,,,,,
13428,Fearon,0,0,,,,,,
13429,Donnellan,0,0,,,,,,
13430,Tuite,0,0,,,,,,
13431,Hamill,0,0,,,,,,
13432,Slator,0,0,,,,,,
13433,Sylver,0,0,,,,,,
13434,Jalabert,0,0,,,,,,
13435,Haslett,0,0,,,,,,
13436,Nickson,0,0,,,,,,
13437,Kinneally,0,0,,,,,,
13438,Dongan,0,0,,,,,,
13439,Hoey,0,0,,,,,,
13440,Benningham,0,0,,,,,,
13441,Audouin,0,0,,,,,,
13442,Eniry,0,0,,,,,,
13443,Goold,0,0,,,,,,
13444,Tarpey,0,0,,,,,,
13445,MacQuillan,0,0,,,,,,
13446,Kellett,0,0,,,,,,
13447,Duine,0,0,,,,,,
13448,Corrigan,0,0,,,,,,
13449,Geoghegan,0,0,,,,,,
13450,Pakenham,0,0,,,,,,
13451,Neylan,0,0,,,,,,
13452,Feney,0,0,,,,,,
13453,Aldwell,0,0,,,,,,
13454,Gilligan,0,0,,,,,,
13455,Gibbings,0,0,,,,,,
13456,Costello,0,0,,,,,,
13457,Lighton,0,0,,,,,,
13458,Moriarty,0,0,,,,,,
13459,Dockerell,0,0,,,,,,
13460,MacMurrogh,0,0,,,,,,
13461,"La Touche",0,0,,,,,,
13462,Longe,0,0,,,,,,
13463,Gilmartin,0,0,,,,,,
13464,Kinealy,0,0,,,,,,
13465,Massy,0,0,,,,,,
13466,Drought,0,0,,,,,,
13467,Blond,0,0,,,,,,
13468,Langrishe,0,0,,,,,,
13469,Gormley,0,0,,,,,,
13470,MacCoghlan,0,0,,,,,,
13471,Torse,0,0,,,,,,
13472,Leader,0,0,,,,,,
13473,Sarsfield,0,0,,,,,,
13474,Sisson,0,0,,,,,,
13475,Crosthwaite,0,0,,,,,,
13476,Bevereham,0,0,,,,,,
13477,Carden,0,0,,,,,,
13478,Legg,0,0,,,,,,
13479,Dungan,0,0,,,,,,
13480,Folliott,0,0,,,,,,
13481,Heweston,0,0,,,,,,
13482,Davoren,0,0,,,,,,
13483,Boulter,0,0,,,,,,
13484,Garvan,0,0,,,,,,
13485,Mackesy,0,0,,,,,,
13486,"De Paradis",0,0,,,,,,
13487,Gravett,0,0,,,,,,
13488,Kenna,0,0,,,,,,
13489,Rawlyn,0,0,,,,,,
13490,Gahan,0,0,,,,,,
13491,Meldon,0,0,,,,,,
13492,Corneille,0,0,,,,,,
13493,Hanger,0,0,,,,,,
13494,Sheil,0,0,,,,,,
13495,Slacke,0,0,,,,,,
13496,Sommer,0,0,,,,,,
13497,Leahy,0,0,,,,,,
13498,Pooly,0,0,,,,,,
13499,Pigot,0,0,,,,,,
13500,Delmege,0,0,,,,,,
13501,Haffey,0,0,,,,,,
13502,"Le Strange",0,0,,,,,,
13503,Grumley,0,0,,,,,,
13504,Bice,0,0,,,,,,
13505,Grehan,0,0,,,,,,
13506,Fitzhenry,0,0,,,,,,
13507,Galway,0,0,,,,,,
13508,Luker,0,0,,,,,,
13509,Enery,0,0,,,,,,
13510,Crotty,0,0,,,,,,
13511,Jeffcott,0,0,,,,,,
13512,Fitzsymon,0,0,,,,,,
13513,Dowde,0,0,,,,,,
13514,Bevens,0,0,,,,,,
13515,Lyster,0,0,,,,,,
13516,Minnitt,0,0,,,,,,
13517,Kyan,0,0,,,,,,
13518,Despard,0,0,,,,,,
13519,Fitzmaurice,0,0,,,,,,
13520,Echlin,0,0,,,,,,
13521,Penteny,0,0,,,,,,
13522,Reader,0,0,,,,,,
13523,Toole,0,0,,,,,,
13524,Piers,0,0,,,,,,
13525,Borrowes,0,0,,,,,,
13526,Naish,0,0,,,,,,
13527,Rossiter,0,0,,,,,,
13528,Kindahl,0,0,,,,,,
13529,Concannon,0,0,,,,,,
13530,"De Vere",0,0,,,,,,
13531,Cory,0,0,,,,,,
13532,Cobbe,0,0,,,,,,
13533,Cantelow,0,0,,,,,,
13534,Hennessy,0,0,,,,,,
13535,Esmonde,0,0,,,,,,
13536,Tabuteau,0,0,,,,,,
13537,Dodwell,0,0,,,,,,
13538,Heward,0,0,,,,,,
13539,Cashine,0,0,,,,,,
13540,Kinch,0,0,,,,,,
13541,Sherlock,0,0,,,,,,
13542,Kighley,0,0,,,,,,
13543,Agar,0,0,,,,,,
13544,Blakeney,0,0,,,,,,
13545,Bulkeley,0,0,,,,,,
13546,Toomey,0,0,,,,,,
13547,Doolan,0,0,,,,,,
13548,Crosroe,0,0,,,,,,
13549,Delany,0,0,,,,,,
13550,Fullerton,0,0,,,,,,
13551,MacNulty,0,0,,,,,,
13552,Dellatre,0,0,,,,,,
13553,Achmuty,0,0,,,,,,
13554,Aungier,0,0,,,,,,
13555,Hanratty,0,0,,,,,,
13556,Handcock,0,0,,,,,,
13557,Pomeroy,0,0,,,,,,
13558,Forstall,0,0,,,,,,
13559,Mulligan,0,0,,,,,,
13560,Coppinger,0,0,,,,,,
13561,Grymes,0,0,,,,,,
13562,Sharkey,0,0,,,,,,
13563,Gisborne,0,0,,,,,,
13564,Usher,0,0,,,,,,
13565,Ancketill,0,0,,,,,,
13566,Ducal,0,0,,,,,,
13567,Bodkin,0,0,,,,,,
13568,Ralphson,0,0,,,,,,
13569,Taaffe,0,0,,,,,,
13570,Puxley,0,0,,,,,,
13571,Monaghan,0,0,,,,,,
13572,Cosker,0,0,,,,,,
13573,Dowdall,0,0,,,,,,
13574,Bunbury,0,0,,,,,,
13575,Plunkett,0,0,,,,,,
13576,Alleet,0,0,,,,,,
13577,Rochfort,0,0,,,,,,
13578,Nagle,0,0,,,,,,
13579,Antique,0,0,,,,,,
13580,Moroney,0,0,,,,,,
13581,Cornyn,0,0,,,,,,
13582,Lentaigne,0,0,,,,,,
13583,Fowkes,0,0,,,,,,
13584,Shanly,0,0,,,,,,
13585,Dolier,0,0,,,,,,
13586,Lenihan,0,0,,,,,,
13587,Cromie,0,0,,,,,,
13588,Doyne,0,0,,,,,,
13589,Synnott,0,0,,,,,,
13590,Bennis,0,0,,,,,,
13591,Brigid,0,0,,,,,,
13592,Carpendale,0,0,,,,,,
13593,Connor,0,0,,,,,,
13594,Prendergast,0,0,,,,,,
13595,Gethin,0,0,,,,,,
13596,Derham,0,0,,,,,,
13597,MacRanell,0,0,,,,,,
13598,Shearman,0,0,,,,,,
13599,Butt,0,0,,,,,,
13600,Archbold,0,0,,,,,,
13601,Bath,0,0,,,,,,
13602,Dinneen,0,0,,,,,,
13603,Nettles,0,0,,,,,,
13604,Fetherstonhaugh,0,0,,,,,,
13605,Lawder,0,0,,,,,,
13606,Mulvaney,0,0,,,,,,
13607,Langan,0,0,,,,,,
13608,O'Heron,0,0,,,,,,
13609,O'Beirne,0,0,,,,,,
13610,O'Boland,0,0,,,,,,
13611,Bryne,0,0,,,,,,
13612,O'Broder,0,0,,,,,,
13613,Calane,0,0,,,,,,
13614,O'Clary,0,0,,,,,,
13615,O'Coffey,0,0,,,,,,
13616,MacColgan,0,0,,,,,,
13617,O''Cullane,0,0,,,,,,
13618,O'Concannon,0,0,,,,,,
13619,Neely,0,0,,,,,,
13620,O’Mulconry,0,0,,,,,,
13621,O'Conry,0,0,,,,,,
13622,Corcor,0,0,,,,,,
13623,O'Cornyn,0,0,,,,,,
13624,MacCostello,0,0,,,,,,
13625,MacCotter,0,0,,,,,,
13626,O'Crean,0,0,,,,,,
13627,MacEnchroe-Clare,0,0,,,,,,
13628,O'Cullen,0,0,,,,,,
13629,O'Dane,0,0,,,,,,
13630,O'Daveron,0,0,,,,,,
13631,O'Dea,0,0,,,,,,
13632,Dennehy,0,0,,,,,,
13633,O'Dinneen,0,0,,,,,,
13634,Donegan,0,0,,,,,,
13635,Dunphy,0,0,,,,,,
13636,MacDonlevy,0,0,,,,,,
13637,O'Donnellan,0,0,,,,,,
13638,O'Dooley,0,0,,,,,,
13639,O'Driscoll,0,0,,,,,,
13640,O'Duggan,0,0,,,,,,
13641,Eager,0,0,,,,,,
13642,MacEgan,0,0,,,,,,
13643,O'Fahy,0,0,,,,,,
13644,O'Fallon,0,0,,,,,,
13645,Farrelly,0,0,,,,,,
13646,Falkiner,0,0,,,,,,
13647,MacFerrin,0,0,,,,,,
13648,Feeney,0,0,,,,,,
13649,O'Finnegan,0,0,,,,,,
13650,O'Flattery,0,0,,,,,,
13651,O'Fogarty,0,0,,,,,,
13652,O'Friel,0,0,,,,,,
13653,Gavan,0,0,,,,,,
13654,O'Gara,0,0,,,,,,
13655,O'Garvey,0,0,,,,,,
13656,Macgeraghty,0,0,,,,,,
13657,O'Gibney,0,0,,,,,,
13658,MacGilfoyle,0,0,,,,,,
13659,MacGillicuddy,0,0,,,,,,
13660,MacGilligan,0,0,,,,,,
13661,O'Gorman,0,0,,,,,,
13662,O'Gormley,0,0,,,,,,
13663,O'Hagan,0,0,,,,,,
13664,O'Hanlon,0,0,,,,,,
13665,O'Hanna,0,0,,,,,,
13666,O'Hanraghan,0,0,,,,,,
13667,Hanraghty,0,0,,,,,,
13668,O'Hart,0,0,,,,,,
13669,O'Hartagan,0,0,,,,,,
13670,O'Hea,0,0,,,,,,
13671,Heffernan,0,0,,,,,,
13672,O'Hegarty,0,0,,,,,,
13673,O'Hennessy,0,0,,,,,,
13674,O'Horan,0,0,,,,,,
13675,Herlihy,0,0,,,,,,
13676,O'Hoey,0,0,,,,,,
13677,Janes,0,0,,,,,,
13678,Kinahan,0,0,,,,,,
13679,O'Keevan,0,0,,,,,,
13680,O'Kinane,0,0,,,,,,
13681,O'Kinealy,0,0,,,,,,
13682,O'Kinnealy,0,0,,,,,,
13683,O'Kirwan,0,0,,,,,,
13684,"De Lacy",0,0,,,,,,
13685,Mullally,0,0,,,,,,
13686,O'Langan,0,0,,,,,,
13687,O'Lee,0,0,,,,,,
13688,Lanigan,0,0,,,,,,
13689,O'Lonergan,0,0,,,,,,
13690,Lavery,0,0,,,,,,
13691,Magawley,0,0,,,,,,
13692,MacCan,0,0,,,,,,
13693,MacCartain,0,0,,,,,,
13694,Kenley,0,0,,,,,,
13695,Sheehy,0,0,,,,,,
13696,Tiernan,0,0,,,,,,
13697,MacFingah,0,0,,,,,,
13698,O'Madden,0,0,,,,,,
13699,O'Fynn,0,0,,,,,,
13700,O'Mahony,0,0,,,,,,
13701,O'Malley,0,0,,,,,,
13702,O'Malone,0,0,,,,,,
13703,O'Meagher,0,0,,,,,,
13704,O'Meara,0,0,,,,,,
13705,O'Meighan,0,0,,,,,,
13706,Muldoon,0,0,,,,,,
13707,O'Mullowney,0,0,,,,,,
13708,O'Monaghan,0,0,,,,,,
13709,O'Mulligan,0,0,,,,,,
13710,O'Molloy,0,0,,,,,,
13711,Mulvany,0,0,,,,,,
13712,O'Mulvihill,0,0,,,,,,
13713,O'Morchoe,0,0,,,,,,
13714,O'Neylan,0,0,,,,,,
13715,Neil,0,0,,,,,,
13716,O'Noone,0,0,,,,,,
13717,O'Phelan,0,0,,,,,,
13718,O'Quinlevan,0,0,,,,,,
13719,O'Quin,0,0,,,,,,
13720,O'Rafferty,0,0,,,,,,
13721,O'Riordan,0,0,,,,,,
13722,O'Ring,0,0,,,,,,
13723,O'Rodden,0,0,,,,,,
13724,O'Rush,0,0,,,,,,
13725,O'Mulrian,0,0,,,,,,
13726,O'Scanlan,0,0,,,,,,
13727,O'Shaughnessy,0,0,,,,,,
13728,O'Sheil,0,0,,,,,,
13729,Sison,0,0,,,,,,
13730,O'Slattery,0,0,,,,,,
13731,O'Tierney,0,0,,,,,,
13732,O'Toole,0,0,,,,,,
13733,'Towmey,0,0,,,,,,
13734,Wreath,0,0,,,,,,
13735,Troy,0,0,,,,,,
13736,Venable,0,0,,,,,,
13737,Waide,0,0,,,,,,
13738,Wakman,0,0,,,,,,
13739,Watters,0,0,,,,,,
13740,Witsed,0,0,,,,,,
13741,Tickell,0,0,,,,,,
13742,Warters,0,0,,,,,,
13743,Wettenhall,0,0,,,,,,
13744,Nearn,0,0,,,,,,
13745,Lennon,0,0,,,,,,
13746,Synge,0,0,,,,,,
13747,Wynne,0,0,Wynn,,,,,
13748,Worrall,0,0,,,,,,
13749,Woodroffe,0,0,,,,,,
13750,Mulock,0,0,,,,,,
13751,Tod,0,0,,,,,,
13752,Wynton,0,0,,,,,,
13753,Shane,0,0,,,,,,
13754,Madock,0,0,Madoc,,,,,
13755,Grimond,0,0,,,,,,
13756,Ronald,0,0,,,,,,
13757,Bonekill,0,0,,,,,,
13758,Romans,0,0,,,,,,
13759,Annand,0,0,,,,,,
13760,Peebles,0,0,,,,,,
13761,Plenderleith,0,0,,,,,,
13762,Porterfield,0,0,,,,,,
13763,Landel,0,0,,,,,,
13764,Kirkaldie,0,0,,,,,,
13765,Haitlie,0,0,,,,,,
13766,Stryvelin,0,0,,,,,,
13767,Duddington,0,0,,,,,,
13768,Riddock,0,0,,,,,,
13769,Sydserf,0,0,,,,,,
13770,Joass,0,0,,,,,,
13771,Nimmo,0,0,,,,,,
13772,Fennison,0,0,,,,,,
13773,Bissland,0,0,,,,,,
13774,Stratherne,0,0,,,,,,
13775,Mounsey,0,0,,,,,,
13776,Haswell,0,0,,,,,,
13777,Bokeland,0,0,,,,,,
13778,Wyld,0,0,,,,,,
13779,Collow,0,0,,,,,,
13780,Stronoch,0,0,,,,,,
13781,Pardy,0,0,,,,,,
13782,Todrick,0,0,,,,,,
13783,Rickart,0,0,,,,,,
13784,Sivright,0,0,,,,,,
13785,Aldington,0,0,,,,,,
13786,Watterton,0,0,,,,,,
13787,Danner,0,0,,,,,,
13788,Sleich,0,0,,,,,,
13789,Bog,0,0,,,,,,
13790,Frier,0,0,,,,,,
13791,Drever,0,0,,,,,,
13792,Row,0,0,,,,,,
13793,Pumfrey,0,0,,,,,,
13794,Arkley,0,0,,,,,,
13795,Gleig,0,0,,,,,,
13796,Murchison,0,0,,,,,,
13797,MacHan,0,0,,,,,,
13798,Erthe,0,0,,,,,,
13799,Locherby,0,0,,,,,,
13800,Grosett,0,0,,,,,,
13801,Crabbie,0,0,,,,,,
13802,Baskin,0,0,,,,,,
13803,Outram,0,0,,,,,,
13804,Ouston,0,0,,,,,,
13805,Halyburton,0,0,,,,,,
13806,Redpath,0,0,,,,,,
13807,Belfarge,0,0,,,,,,
13808,Edington,0,0,,,,,,
13809,Tawse,0,0,,,,,,
13810,Corrie,0,0,,,,,,
13811,Oughton,0,0,,,,,,
13812,Freer,0,0,,,,,,
13813,Shortt,0,0,,,,,,
13814,Townis,0,0,,,,,,
13815,Calderwood,0,0,,,,,,
13816,Struthers,0,0,,,,,,
13817,Hathorn,0,0,,,,,,
13818,Herren,0,0,,,,,,
13819,Carfrae,0,0,,,,,,
13820,Tytler,0,0,,,,,,
13821,Goldie,0,0,,,,,,
13822,Wenley,0,0,,,,,,
13823,Smollett,0,0,,,,,,
13824,Wintoun,0,0,,,,,,
13825,Craigie,0,0,,,,,,
13826,Glasgow,0,0,,,,,,
13827,Shewal,0,0,,,,,,
13828,Mudie,0,0,,,,,,
13829,Hair,0,0,,,,,,
13830,Hartsyde,0,0,,,,,,
13831,Bouie,0,0,,,,,,
13832,Hummell,0,0,,,,,,
13833,Cor,0,0,,,,,,
13834,Gamack,0,0,,,,,,
13835,Cramond,0,0,,,,,,
13836,Kintore,0,0,,,,,,
13837,Louis,0,0,Lewis,,,,,
13838,Burnside,0,0,,,,,,
13839,Spurrier,0,0,,,,,,
13840,Kidston,0,0,,,,,,
13841,MacGeachen,0,0,,,,,,
13842,Minnoch,0,0,,,,,,
13843,Beatson,0,0,,,,,,
13844,Waston,0,0,,,,,,
13845,Renny,0,0,,,,,,
13846,Scrogie,0,0,,,,,,
13847,Lochore,0,0,,,,,,
13848,Carstairs,0,0,,,,,,
13849,Affleck,0,0,,,,,,
13850,Carnes,0,0,,,,,,
13851,Waugh,0,0,,,,,,
13852,Ethlington,0,0,,,,,,
13853,Corsby,0,0,,,,,,
13854,Creigh,0,0,,,,,,
13855,Seres,0,0,,,,,,
13856,Boyes,0,0,,,,,,
13857,Hinshaw,0,0,,,,,,
13858,MacLannahan,0,0,,,,,,
13859,Shives,0,0,,,,,,
13860,Fairholm,0,0,,,,,,
13861,Duguid,0,0,,,,,,
13862,Borron,0,0,,,,,,
13863,Gellie,0,0,,,,,,
13864,Foulis,0,0,,,,,,
13865,"St Clair",0,0,,,,,,
13866,Cringan,0,0,,,,,,
13867,Ballingall,0,0,,,,,,
13868,Atheson,0,0,,,,,,
13869,Tovy,0,0,,,,,,
13870,Adiston,0,0,,,,,,
13871,Panther,0,0,,,,,,
13872,Craigge,0,0,,,,,,
13873,Lavington,0,0,,,,,,
13874,Glasford,0,0,,,,,,
13875,Oswald,0,0,,,,,,
13876,Littelman,0,0,,,,,,
13877,Craigdaillie,0,0,,,,,,
13878,Athell,0,0,,,,,,
13879,Calzier,0,0,,,,,,
13880,Scougall,0,0,,,,,,
13881,Mertoun,0,0,,,,,,
13882,Wordie,0,0,,,,,,
13883,Lorimer,0,0,,,,,,
13884,Liddell,0,0,,,,,,
13885,Tarvit,0,0,,,,,,
13886,Warrender,0,0,,,,,,
13887,Honyman,0,0,,,,,,
13888,Galbreath,0,0,,,,,,
13889,"St Michael ",0,0,,,,,,
13890,MacGeorge,0,0,,,,,,
13891,Ogston,0,0,,,,,,
13892,Gavine,0,0,,,,,,
13893,Corsar,0,0,,,,,,
13894,Irland,0,0,,,,,,
13895,Greenlees,0,0,,,,,,
13896,Lidderdale,0,0,,,,,,
13897,Fife,0,0,,,,,,
13898,Feron,0,0,,,,,,
13899,MacMathan,0,0,,,,,,
13900,Carberry,0,0,,,,,,
13901,Clunes,0,0,,,,,,
13902,Gloag,0,0,,,,,,
13903,Armistead,0,0,,,,,,
13904,Lapslie,0,0,,,,,,
13905,Soote,0,0,,,,,,
13906,Craik,0,0,,,,,,
13907,Fairfowl,0,0,,,,,,
13908,Mearns,0,0,,,,,,
13909,Mellis,0,0,,,,,,
13910,Haldon,0,0,,,,,,
13911,Blacklock,0,0,,,,,,
13912,Meiklejohn,0,0,,,,,,
13913,Philip,0,0,Phillips,,,,,
13914,MacKerrel,0,0,,,,,,
13915,Meik,0,0,,,,,,
13916,Spot,0,0,,,,,,
13917,Chessells,0,0,,,,,,
13918,Yawkins,0,0,,,,,,
13919,Anny,0,0,,,,,,
13920,Armour,0,0,,,,,,
13921,Hadderwick,0,0,,,,,,
13922,Rochead,0,0,,,,,,
13923,Cant,0,0,,,,,,
13924,Lade,0,0,,,,,,
13925,Christall,0,0,,,,,,
13926,Cullow,0,0,,,,,,
13927,Powrie,0,0,,,,,,
13928,Umphrastoun,0,0,,,,,,
13929,Loch,0,0,,,,,,
13930,Spiers,0,0,,,,,,
13931,Lightbody,0,0,,,,,,
13932,Laven,0,0,,,,,,
13933,Imrie,0,0,,,,,,
13934,Coane,0,0,,,,,,
13935,Falshaw,0,0,,,,,,
13936,Angus,0,0,,,,,,
13937,Sligo,0,0,,,,,,
13938,Carse,0,0,,,,,,
13939,Ponton,0,0,,,,,,
13940,Criery,0,0,,,,,,
13941,Winram,0,0,,,,,,
13942,Brander,0,0,,,,,,
13943,Widderspoon,0,0,,,,,,
13944,Vilant,0,0,,,,,,
13945,Freebairn,0,0,,,,,,
13946,Shand,0,0,,,,,,
13947,Corser,0,0,,,,,,
13948,Valange,0,0,,,,,,
13949,Mossman,0,0,,,,,,
13950,Goodlet,0,0,,,,,,
13951,Cassels,0,0,,,,,,
13952,MacCreadie,0,0,,,,,,
13953,Kelso,0,0,,,,,,
13954,Quincey,0,0,,,,,,
13955,Pilmure,0,0,,,,,,
13956,Corstophine,0,0,,,,,,
13957,Crowther,0,0,,,,,,
13958,Torrance,0,0,,,,,,
13959,Hastie,0,0,,,,,,
13960,Stott,0,0,,,,,,
13961,Lithgow,0,0,,,,,,
13962,Elm,0,0,,,,,,
13963,Cockie,0,0,,,,,,
13964,Garvie,0,0,,,,,,
13965,Libberton,0,0,,,,,,
13966,"Crumbie,",0,0,,,,,,
13967,Gladstone,0,0,,,,,,
13968,Wate,0,0,,,,,,
13969,Moultrie,0,0,,,,,,
13970,Chiesly,0,0,,,,,,
13971,Cobell,0,0,,,,,,
13972,Lingard,0,0,,,,,,
13973,Bennie,0,0,,,,,,
13974,Brimer,0,0,,,,,,
13975,Aikman,0,0,,,,,,
13976,Majoribanks,0,0,,,,,,
13977,Pont,0,0,,,,,,
13978,Muckle,0,0,,,,,,
13979,Sibbald,0,0,,,,,,
13980,Danielston,0,0,,,,,,
13981,Mundell,0,0,,,,,,
13982,Spittal,0,0,,,,,,
13983,Copland,0,0,,,,,,
13984,Cuthbert,0,0,,,,,,
13985,Nevoy,0,0,,,,,,
13986,Jarvie,0,0,,,,,,
13987,Burrow,0,0,,,,,,
13988,Yetts,0,0,,,,,,
13989,Harcarse,0,0,,,,,,
13990,Chirnside,0,0,,,,,,
13991,Clogston,0,0,,,,,,
13992,Keirie,0,0,,,,,,
13993,Dreghorn,0,0,,,,,,
13994,Clyton,0,0,,,,,,
13995,Belsches,0,0,,,,,,
13996,Croe,0,0,,,,,,
13997,Fithie,0,0,,,,,,
13998,Kinross,0,0,,,,,,
13999,Fernie,0,0,,,,,,
14000,Congreve,0,0,,,,,,
14001,Bellenden,0,0,,,,,,
14002,Myrton,0,0,,,,,,
14003,Finnie,0,0,,,,,,
14004,Birnie,0,0,,,,,,
14005,Arbuckle,0,0,,,,,,
14006,Whannell,0,0,,,,,,
14007,Molleson,0,0,,,,,,
14008,Bourdon,0,0,,,,,,
14009,Turing,0,0,,,,,,
14010,Kibble,0,0,,,,,,
14011,Blocase,0,0,,,,,,
14012,Bogle,0,0,,,,,,
14013,Halcro,0,0,,,,,,
14014,Stamfield,0,0,,,,,,
14015,Naesmith,0,0,,,,,,
14016,Barrowman,0,0,,,,,,
14017,Caddell,0,0,,,,,,
14018,Handyside,0,0,,,,,,
14019,Cousland,0,0,,,,,,
14020,Liston,0,0,,,,,,
14021,Rigg,0,0,,,,,,
14022,Pirie,0,0,,,,,,
14023,Yeoman,0,0,,,,,,
14024,Traquair,0,0,,,,,,
14025,Trayner,0,0,,,,,,
14026,Clayhills,0,0,,,,,,
14027,Morehead,0,0,,,,,,
14028,Borlands,0,0,,,,,,
14029,Howart,0,0,,,,,,
14030,Baikie,0,0,,,,,,
14031,Carron,0,0,,,,,,
14032,Kinninmond,0,0,,,,,,
14033,Bounton,0,0,,,,,,
14034,Heigh,0,0,,,,,,
14035,Milliken,0,0,,,,,,
14036,Speid,0,0,,,,,,
14037,Biscoe,0,0,,,,,,
14038,Goddart,0,0,,,,,,
14039,Shank,0,0,,,,,,
14040,Colless,0,0,,,,,,
14041,Lorain,0,0,,,,,,
14042,Muter,0,0,,,,,,
14043,Bridge,0,0,,,,,,
14044,Bettie,0,0,,,,,,
14045,Bunkell,0,0,,,,,,
14046,Symmer,0,0,,,,,,
14047,Halkett,0,0,,,,,,
14048,Currel,0,0,,,,,,
14049,Cay,0,0,,,,,,
14050,Dumbreck,0,0,,,,,,
14051,Tyrie,0,0,,,,,,
14052,Fouler,0,0,,,,,,
14053,MacLarty,0,0,,,,,,
14054,MacBarnet,0,0,,,,,,
14055,Ramage,0,0,,,,,,
14056,Tours,0,0,,,,,,
14057,Kenan,0,0,,,,,,
14058,Fin,0,0,,,,,,
14059,Craw,0,0,,,,,,
14060,Sauchy,0,0,,,,,,
14061,Garioch,0,0,,,,,,
14062,Barbour,0,0,,,,,,
14063,Dalgleish,0,0,,,,,,
14064,Stothert,0,0,,,,,,
14065,Masterton,0,0,,,,,,
14066,Wellwood,0,0,,,,,,
14067,Hairstans,0,0,,,,,,
14068,Laweston,0,0,,,,,,
14069,Inverarity,0,0,,,,,,
14070,Hewatt,0,0,,,,,,
14071,Spaxton,0,0,,,,,,
14072,Craigmyle,0,0,,,,,,
14073,Steadman,0,0,,,,,,
14074,Curror,0,0,,,,,,
14075,Eckfoord,0,0,,,,,,
14076,Leechman,0,0,,,,,,
14077,Monypenny,0,0,,,,,,
14078,Danskine,0,0,,,,,,
14079,Shouster,0,0,,,,,,
14080,Rynd,0,0,,,,,,
14081,Fawside,0,0,,,,,,
14082,Dunning,0,0,,,,,,
14083,Blanearn,0,0,,,,,,
14084,Lend,0,0,,,,,,
14085,Houlsdworth,0,0,,,,,,
14086,Dunsmure,0,0,,,,,,
14087,Balderstone,0,0,,,,,,
14088,Jaffray,0,0,,,,,,
14089,Wawane,0,0,,,,,,
14090,Baigrie,0,0,,,,,,
14091,Rome,0,0,,,,,,
14092,Hormiston,0,0,,,,,,
14093,Gourlay,0,0,,,,,,
14094,Pillans,0,0,,,,,,
14095,Veitch,0,0,,,,,"Veitch H & Family, Veitch H & Family Hunting","301388, 301661"
14096,Breydon,0,0,,,,,,
14097,Yorstoun,0,0,,,,,,
14098,Rodie,0,0,,,,,,
14099,Ewart,0,0,,,,,,
14100,Stupart,0,0,,,,,,
14101,Kilmore,0,0,,,,,,
14102,Newall,0,0,,,,,,
14103,MacBlane,0,0,,,,,,
14104,Rouett,0,0,,,,,,
14105,Speir,0,0,,,,,,
14106,Collison,0,0,,,,,,
14107,Smellie,0,0,,,,,,
14108,Caw,0,0,,,,,,
14109,Hamil,0,0,,,,,,
14110,Keir,0,0,,,,,,
14111,Sconce,0,0,,,,,,
14112,Pettigrew,0,0,,,,,,
14113,Shedden,0,0,,,,,,
14114,Hadwick,0,0,,,,,,
14115,Clephan,0,0,,,,,,
14116,Fettes,0,0,,,,,,
14117,Cairnie,0,0,,,,,,
14118,Heriot,0,0,,,,,,
14119,Govan,0,0,,,,,,
14120,Dirom,0,0,,,,,,
14121,Deans,0,0,,,,,,
14122,Chancellor,0,0,,,,,,
14123,Tulloch,0,0,,,,,,
14124,Hughan,0,0,,,,,,
14125,Fogo,0,0,,,,,,
14126,Arneil,0,0,,,,,,
14127,Cairncross,0,0,,,,,,
14128,Badenock,0,0,,,,,,
14129,Haddow,0,0,,,,,,
14130,Harnie,0,0,,,,,,
14131,Stephen,0,0,,,,,,
14132,Eglington,0,0,,,,,,
14133,MacTurk,0,0,,,,,,
14134,Chaplan,0,0,,,,,,
14135,Shadden,0,0,,,,,,
14136,Borrowman,0,0,,,,,,
14137,Kippen,0,0,,,,,,
14138,Farie,0,0,,,,,,
14139,Kello,0,0,,,,,,
14140,Tough,0,0,,,,,,
14141,Parkhill,0,0,,,,,,
14142,Howison,0,0,,,,,,
14143,MacCasland,0,0,,,,,,
14144,Spreull,0,0,,,,,,
14145,Sandeman,0,0,,,,,,
14146,Tullidelph,0,0,,,,,,
14147,Methven,0,0,,,,,,
14148,Gulan,0,0,,,,,,
14149,MacAben,0,0,,,,,,
14150,Dishington,0,0,,,,,,
14151,Strabolgi,0,0,,,,,,
14152,Eaglesham,0,0,,,,,,
14153,Edie,0,0,,,,,,
14154,MacGarth,0,0,,,,,,
14155,Ormeston,0,0,,,,,,
14156,Slewman,0,0,,,,,,
14157,Curren,0,0,,,,,,
14158,Wain,0,0,,,,,,
14159,Leck,0,0,,,,,,
14160,Emslie,0,0,,,,,,
14161,Soulis,0,0,,,,,,
14162,Normand,0,0,,,,,,
14163,Gowdie,0,0,,,,,,
14164,Gredon,0,0,,,,,,
14165,Ferrier,0,0,,,,,,
14166,Daile,0,0,,,,,,
14167,Rogerson,0,0,,,,,,
14168,Sword,0,0,,,,,,
14169,Chane,0,0,,,,,,
14170,Lauty,0,0,,,,,,
14171,Cader,0,0,,,,,,
14172,Warrand,0,0,,,,,,
14173,Lowell,0,0,,,,,,
14174,Niddrie,0,0,,,,,,
14175,Carwood,0,0,,,,,,
14176,Dunse,0,0,,,,,,
14177,Cushney,0,0,,,,,,
14178,Mikieson,0,0,,,,,,
14179,Wardrop,0,0,,,,,,
14180,Windygates,0,0,,,,,,
14181,Balmakin,0,0,,,,,,
14182,Branis,0,0,,,,,,
14183,Strathy,0,0,,,,,,
14184,Birney,0,0,,,,,,
14185,Bilsland,0,0,,,,,,
14186,Blew,0,0,,,,,,
14187,Bunell,0,0,,,,,,
14188,Clogstoun,0,0,,,,,,
14189,Coult,0,0,,,,,,
14190,Comrey,0,0,,,,,,
14191,Congalton,0,0,,,,,,
14192,Cowlson,0,0,,,,,,
14193,Coun,0,0,,,,,,
14194,Crab,0,0,,,,,,
14195,Craigdallie,0,0,,,,,,
14196,Creich,0,0,,,,,,
14197,Creighton,0,0,,,,,,
14198,Kriery,0,0,,,,,,
14199,Crinan,0,0,,,,,,
14200,Crumb,0,0,,,,,,
14201,Culline,0,0,,,,,,
14202,Curle,0,0,,,,,,
14203,Dannere,0,0,,,,,,
14204,Downy,0,0,,,,,,
14205,Dunsmuir,0,0,,,,,,
14206,Eckford,0,0,,,,,,
14207,Edy,0,0,,,,,,
14208,Ellot,0,0,,,,,,
14209,Ellem,0,0,,,,,,
14210,Emsley,0,0,,,,,,
14211,Fawsyde,0,0,,,,,,
14212,Ferron,0,0,,,,,,
14213,Girvan,0,0,,,,,,
14214,Glaster,0,0,,,,,,
14215,Gowdy,0,0,,,,,,
14216,Grosset,0,0,,,,,,
14217,Hedderwick,0,0,,,,,,
14218,Hatlie,0,0,,,,,,
14219,Harcus,0,0,,,,,,
14220,Hartside,0,0,,,,,,
14221,Howlison,0,0,,,,,,
14222,Jule,0,0,,,,,,
14223,Leny,0,0,,,,,,
14224,Littleman,0,0,,,,,,
14225,Loudoun,0,0,,,,,,
14226,MacCousland,0,0,,,,,,
14227,MacEachen,0,0,,,,,,
14228,MacGavock,0,0,,,,,,
14229,Madder,0,0,,,,,,
14230,Auchterlony,0,0,,,,,,
14231,Pasley,0,0,,,,,,
14232,Pennycock,0,0,,,,,,
14233,Pilmore,0,0,,,,,,
14234,Reath,0,0,,,,,,
14235,Ridpath,0,0,,,,,,
14236,Shaddon,0,0,,,,,,
14237,Sewall,0,0,,,,,,
14238,Spaxon,0,0,,,,,,
14239,Spittle,0,0,,,,,,
14240,Spruell,0,0,,,,,,
14241,Stronach,0,0,,,,,,
14242,Swifte,0,0,,,,,,
14243,Taws,0,0,,,,,,
14244,Townes,0,0,,,,,,
14245,Vallance,0,0,,,,,,
14246,Wawne,0,0,,,,,,
14247,Yorston,0,0,,,,,,
14248,Fitzhamon,0,0,,,,,,
14249,Barri,0,0,,,,,,
14250,Cecil,0,0,,,,,,
14251,Mathau,0,0,,,,,,
14252,Myddleton,0,0,,,,,,
14253,Cydifor,0,0,,,,,,
14254,Sarnesfield,0,0,,,,,,
14255,Elystan,0,0,,,,,,
14256,Scourfield,0,0,,,,,,
14257,Thimbleby,0,0,,,,,,
14258,Wirriot,0,0,,,,,,
14259,Philpot,0,0,,,,,,
14260,Conwy,0,0,,,,,,
14261,Barret,0,0,,,,,,
14262,Braint,0,0,,,,,,
14263,Dinawal,0,0,,,,,,
14264,Llywelyn,0,0,,,,,,
14265,Banaster,0,0,,,,,,
14266,Ifor,0,0,,,,,,
14267,Aron,0,0,,,,,,
14268,Cuhelyn,0,0,,,,,,
14269,Cowryd,0,0,,,,,,
14270,Hoton,0,0,,,,,,
14271,Madog,0,0,Madoc,,,,,
14272,Solers,0,0,,,,,,
14273,LlwnHen,0,0,,,,,,
14274,Garnons,0,0,,,,,,
14275,Llandaff,0,0,,,,,,
14276,Twiston,0,0,,,,,,
14277,Gwarin,0,0,,,,,,
14278,Turbridge,0,0,,,,,,
14279,Dalden,0,0,,,,,,
14280,Cynfelyn,0,0,,,,,,
14281,Wilcrick,0,0,,,,,,
14282,Skevington,0,0,,,,,,
14283,Pain,0,0,,,,,,
14284,ArthurII,0,0,,,,,,
14285,Stradling,0,0,,,,,,
14286,Rhodri,0,0,Protheroe,,,,,
14287,Milborne,0,0,,,,,,
14288,Marchudd,0,0,,,,,,
14289,StAsaph,0,0,,,,,,
14290,Huw,0,0,Hughes,,,,,
14291,Cherleton,0,0,,,,,,
14292,Dolben,0,0,,,,,,
14293,Gwion,0,0,,,,,,
14294,Elbeth,0,0,,,,,,
14295,Haverfordwest,0,0,,,,,,
14296,Wallas,0,0,,,,,,
14297,Valle,0,0,,,,,,
14298,Enlli,0,0,,,,,,
14299,Cunedda,0,0,,,,,,
14300,Rixton,0,0,,,,,,
14301,Blayney,0,0,,,,,,
14302,Scarfe,0,0,,,,,,
14303,Delabere,0,0,,,,,,
14304,Tudur,0,0,,,,,,
14305,Manaw,0,0,,,,,,
14306,Granville,0,0,,,,,,
14307,Lewys,0,0,Lewis,,,,,
14308,Coety,0,0,,,,,,
14309,Elfinn,0,0,,,,,,
14310,Button,0,0,,,,,,
14311,Dafydd,0,0,Davies,,,,,
14312,Perrot,0,0,,,,,,
14313,Hoord,0,0,,,,,,
14314,StMaur,0,0,,,,,,
14315,Iestyn,0,0,,,,,,
14316,Cenau,0,0,,,,,,
14317,Rhos,0,0,,,,,,
14318,Gollwyn,0,0,,,,,,
14319,Palgus,0,0,,,,,,
14320,Deheubarth,0,0,,,,,,
14321,Hubbertson,0,0,,,,,,
14322,Beli,0,0,,,,,,
14323,Higgon,0,0,,,,,,
14324,Knowsley,0,0,,,,,,
14325,Braose,0,0,,,,,,
14326,Bodfel,0,0,,,,,,
14327,Alo,0,0,,,,,,
14328,Quarrel,0,0,,,,,,
14329,Cilmin,0,0,,,,,,
14330,Byrbeck,0,0,,,,,,
14331,Hergest,0,0,,,,,,
14332,Celynin,0,0,,,,,,
14333,Bledri,0,0,,,,,,
14334,Basset,0,0,,,,,,
14335,Arthen,0,0,,,,,,
14336,Widlocke,0,0,,,,,,
14337,Birkinshaw,0,0,,,,,,
14338,Gravenor,0,0,,,,,,
14339,Chepstowe,0,0,,,,,,
14340,Olaf,0,0,,,,,,
14341,Einion,0,0,Eynon,,,,,
14342,Hoby,0,0,,,,,,
14343,Kerrey,0,0,,,,,,
14344,Genillin,0,0,,,,,,
14345,Basenet,0,0,,,,,,
14346,Penarth,0,0,,,,,,
14347,Cloddien,0,0,,,,,,
14348,Tomkin,0,0,Thomas,,,,,
14349,Ieuan,0,0,Evans,,,,,
14349,Ieuan,0,0,Jones,,,,,
14350,Gwaithfoed,0,0,,,,,,
14351,Caprach,0,0,,,,,,
14352,Crevequer,0,0,,,,,,
14353,Stanney,0,0,,,,,,
14354,Penrees,0,0,,,,,,
14355,Ferrar,0,0,,,,,,
14356,Ynyr,0,0,,,,,,
14357,Caswallon,0,0,,,,,,
14358,Bellot,0,0,,,,,,
14359,Catchmay,0,0,,,,,,
14360,Gwrtheyrn,0,0,,,,,,
14361,Knyll,0,0,,,,,,
14362,Laurens,0,0,,,,,,
14363,Fitzjohn,0,0,,,,,,
14364,Eidio,0,0,,,,,,
14365,Birkhead,0,0,,,,,,
14366,Malephant,0,0,,,,,,
14367,Salesbury,0,0,,,,,,
14368,Cardwed,0,0,,,,,,
14369,Adda,0,0,,,,,,
14370,Atkyns,0,0,,,,,,
14371,Arthal,0,0,,,,,,
14372,Robnet,0,0,,,,,,
14373,Puleston,0,0,,,,,,
14374,Syward,0,0,,,,,,
14375,Gwair,0,0,,,,,,
14376,Coll,0,0,,,,,,
14377,Albanacus,0,0,,,,,,
14378,Gwrgant,0,0,,,,,,
14379,Nefydd,0,0,,,,,,
14380,Camber,0,0,,,,,,
14381,StJohn,0,0,,,,,,
14382,Daylwyn,0,0,,,,,,
14383,Hender,0,0,,,,,,
14384,Scurlage,0,0,,,,,,
14385,Ithel,0,0,,,,,,
14386,Trahaearn,0,0,,,,,,
14387,Bithel,0,0,,,,,,
14388,Catharne,0,0,,,,,,
14389,Voel,0,0,,,,,,
14390,Arod,0,0,,,,,,
14391,Llanegwystl,0,0,,,,,,
14392,Padarn,0,0,,,,,,
14393,Stackpole,0,0,,,,,,
14394,Rhidrid,0,0,,,,,,
14395,Cylynin,0,0,,,,,,
14396,Llywarch,0,0,,,,,,
14397,Gronwy,0,0,,,,,,
14398,Havard,0,0,,,,,,
14399,Ashpool,0,0,,,,,,
14400,Andrewe,0,0,,,,,,
14401,Brochwel,0,0,,,,,,
14402,Pontefract,0,0,,,,,,
14403,Merbury,0,0,,,,,,
14404,Fitzwarin,0,0,,,,,,
14405,Watkin,0,0,Watkins,,,,,
14406,Cynchwr,0,0,,,,,,
14407,Boxe,0,0,,,,,,
14408,Ernulph,0,0,,,,,,
14409,Beven,0,0,Bevan,,,,,
14410,Penmarch,0,0,,,,,,
14411,Aleth,0,0,,,,,,
14412,Bodenham,0,0,,,,,,
14413,Forden,0,0,,,,,,
14414,Danford,0,0,,,,,,
14415,Wyn,0,0,Wynn,,,,,
14416,Woode,0,0,,,,,,
14417,Tuberville,0,0,,,,,,
14418,Guttyns,0,0,,,,,,
14419,Dawkin,0,0,,,,,,
14420,Grimsditch,0,0,,,,,,
14421,Bach,0,0,,,,,,
14422,Styward,0,0,,,,,,
14423,Iddon,0,0,,,,,,
14424,Tegerin,0,0,,,,,,
14425,Idnerth,0,0,,,,,,
14426,Sergeaunt,0,0,,,,,,
14427,Owain,0,0,Owen,,,,,
14428,Kemeys,0,0,,,,,,
14429,Scudamor,0,0,,,,,,
14430,Odwyn,0,0,,,,,,
14431,Eure,0,0,,,,,,
14432,Thelwal,0,0,,,,,,
14433,Caradog,0,0,Madoc,,,,,
14434,Chantrel,0,0,,,,,,
14435,Baladon,0,0,,,,,,
14436,Almer,0,0,,,,,,
14437,Idwal,0,0,,,,,,
14438,Goch,0,0,,,,,,
14439,Milo,0,0,,,,,,
14440,Antonius,0,0,,,,,,
14441,Brickdale,0,0,,,,,,
14442,Billing,0,0,,,,,,
14443,Penwyn,0,0,,,,,,
14444,Thicknesse,0,0,,,,,,
14445,Cantelupe,0,0,,,,,,
14446,Birt,0,0,,,,,,
14447,Deneband,0,0,,,,,,
14448,Merfyn,0,0,,,,,,
14449,Foxwith,0,0,,,,,,
14450,Philipps,0,0,,,,,,
14451,Gwilym,0,0,Williams,,,,,
14452,Coedmor,0,0,,,,,,
14453,Montfort,0,0,,,,,,
14454,Einudd,0,0,,,,,,
14455,Bangor,0,0,,,,,,
14456,Elidir,0,0,,,,,,
14457,Blegywryd,0,0,,,,,,
14458,Monington,0,0,,,,,,
14459,Elian,0,0,,,,,,
14460,Constantius,0,0,,,,,,
14461,Cynan,0,0,,,,,,
14462,Coetmor,0,0,,,,,,
14463,Aylwarde,0,0,,,,,,
14464,Burghill,0,0,,,,,,
14465,Fitzalan,0,0,,,,,,
14466,StDavid's,0,0,,,,,,
14467,Meurig,0,0,Morris,,,,,
14468,Maelog,0,0,,,,,,
14469,Bruyne,0,0,,,,,,
14470,Melyn,0,0,,,,,,
14471,Seisyll,0,0,,,,,,
14472,Bagnal,0,0,,,,,,
14473,Andros,0,0,,,,,,
14474,Cadwallon,0,0,,,,,,
14475,Abrahall,0,0,,,,,,
14476,Brutus,0,0,,,,,,
14477,Lowther,0,0,,,,,,
14478,Bawdrep,0,0,,,,,,
14479,Dryhurst,0,0,,,,,,
14480,Wynde,0,0,,,,,,
14481,Raglan,0,0,,,,,,
14482,Lathom,0,0,,,,,,
14483,Cadell,0,0,,,,,,
14484,Gunter,0,0,,,,,,
14485,Carmarthen,0,0,,,,,,
14486,Dyfrig,0,0,,,,,,
14487,Dyfnwal,0,0,,,,,,
14488,Fulbach,0,0,,,,,,
14489,Wylde,0,0,,,,,,
14490,Kydwelly,0,0,,,,,,
14491,Bamvill,0,0,,,,,,
14492,Fitzpain,0,0,,,,,,
14493,Cantington,0,0,,,,,,
14494,Gloucester,0,0,,,,,,
14495,Henbury,0,0,,,,,,
14496,Basingwerk,0,0,,,,,,
14497,Rhun,0,0,,,,,,
14498,StBride,0,0,,,,,,
14499,Teilo,0,0,,,,,,
14500,Moel,0,0,,,,,,
14501,Aeneas,0,0,,,,,,
14502,Lingen,0,0,,,,,,
14503,Gwenwynwyn,0,0,,,,,,
14504,Reynold,0,0,,,,,,
14505,Cadrod,0,0,,,,,,
14506,Glynne,0,0,,,,,,
14507,Ardderch,0,0,,,,,,
14508,Cwrtais,0,0,,,,,,
14509,Aeddan,0,0,,,,,,
14510,Rhydderch,0,0,Protheroe,,,,,
14510,Rhydderch,0,0,Richards,,,,,
14511,Camville,0,0,,,,,,
14512,Bois,0,0,,,,,,
14513,Gwehelor,0,0,,,,,,
14514,Began,0,0,,,,,,
14515,Mawddwy,0,0,,,,,,
14516,Hagar,0,0,,,,,,
14517,Tomlyn,0,0,,,,,,
14518,Cadwaladr,0,0,,,,,,
14519,Tegwared,0,0,,,,,,
14520,Morda,0,0,,,,,,
14521,Rastall,0,0,,,,,,
14522,Coel,0,0,,,,,,
14523,Boulton,0,0,,,,,,
14524,Ruste,0,0,,,,,,
14525,Gwynn,0,0,Gwyn,,,,,
14526,Ameredith,0,0,,,,,,
14527,Fitzharry,0,0,,,,,,
14528,Ceredig,0,0,,,,,,
14529,Gwrwared,0,0,,,,,,
14530,Urien,0,0,,,,,,
14531,Uthr,0,0,,,,,,
14532,Guillim,0,0,,,,,,
14533,Cadwgon,0,0,,,,,,
14534,BeliMawr,0,0,,,,,,
14535,Bran,0,0,,,,,,
14536,Cynwrig,0,0,,,,,,
14537,Pedwardine,0,0,,,,,,
14538,Meirion,0,0,,,,,,
14539,Frankton,0,0,,,,,,
14540,Llandochau,0,0,,,,,,
14541,Caneston,0,0,,,,,,
14542,Iarddur,0,0,,,,,,
14543,Heleighe,0,0,,,,,,
14544,Rheinhallt,0,0,,,,,,
14545,Tywyn,0,0,,,,,,
14546,Maelgwn,0,0,,,,,,
14547,Umfreville,0,0,,,,,,
14548,BackupofElystan,0,0,,,,,,
14549,Hanmer,0,0,,,,,,
14550,Farrier,0,0,,,,,,
14551,Sankey,0,0,,,,,,
14552,Fort,0,0,,,,,,
14553,Adames,0,0,,,,,,
14554,Exmewe,0,0,,,,,,
14555,Benwyll,0,0,,,,,,
14556,Cradock,0,0,,,,,,
14557,Cynfin,0,0,,,,,,
14558,Cornewall,0,0,,,,,,
14559,Blewett,0,0,,,,,,
14560,Kynaston,0,0,,,,,,
14561,Hockleton,0,0,,,,,,
14562,Castlemartin,0,0,,,,,,
14563,Laugharne,0,0,,,,,,
14564,Angle,0,0,,,,,,
14565,Macsen,0,0,,,,,,
14566,Edmond,0,0,,,,,,
14567,Dwnn,0,0,,,,,,
14568,BrereleyorBrierley,0,0,,,,,,
14569,Maenyrch,0,0,,,,,,
14570,Monmouth,0,0,,,,,,
14571,Hooton,0,0,,,,,,
14572,Corineous,0,0,,,,,,
14573,Bowdler,0,0,,,,,,
14574,Canon,0,0,,,,,,
14575,Walby,0,0,,,,,,
14576,Ednywain,0,0,,,,,,
14577,Avene,0,0,,,,,,
14578,Record,0,0,,,,,,
14579,StQuintin,0,0,,,,,,
14580,Rayne,0,0,,,,,,
14581,Cuny,0,0,,,,,,
14582,Eyton,0,0,,,,,,
14583,Bauzon,0,0,,,,,,
14584,Ednyfed,0,0,,,,,,
14585,Gleg,0,0,,,,,,
14586,Pembridge,0,0,,,,,,
14587,Cardiff,0,0,,,,,,
14588,Bonvile,0,0,,,,,,
14589,DewiSant,0,0,,,,,,
14590,Gweirydd,0,0,,,,,,
14591,ArthurI,0,0,,,,,,
14592,Picot,0,0,,,,,,
14593,Cyffin,0,0,,,,,,
14594,Arthgal,0,0,,,,,,
14595,Ballon,0,0,,,,,,
14596,Bambil,0,0,,,,,,
14597,Bawson,0,0,,,,,,
14598,Benweill,0,0,,,,,,
14599,Brewis,0,0,,,,,,
14600,"Le Boteler",0,0,,,,,,
14601,Coilus,0,0,,,,,,
14602,Constantine,0,0,,,,,,
14603,Crevecoeur,0,0,,,,,,
14604,Kyffin,0,0,,,,,,
14605,Denebaud,0,0,,,,,,
14606,Dennys,0,0,,,,,,
14607,Deneys,0,0,,,,,,
14608,Donne,0,0,,,,,,
14609,"Filbech ",0,0,,,,,,
14610,Gwdinwch,0,0,,,,,,
14611,Gosvenor,0,0,,,,,,
14612,Helegh,0,0,,,,,,
14613,Heley,0,0,,,,,,
14614,Huys,0,0,Hughes,,,,,
14615,Lort,0,0,,,,,,
14616,Marbery,0,0,,,,,,
14617,"Mule of Ruthin",0,0,,,,,,
14618,Paucok,0,0,,,,,,
14619,Pecok,0,0,,,,,,
14620,Pec,0,0,,,,,,
14621,"Pichard-Lords of Ystrad",0,0,,,,,,
14622,Pouuel,0,0,,,,,,
14623,Reignolds,0,0,,,,,,
14624,Ystiffin,0,0,,,,,,
14625,Siward,0,0,,,,,,
14626,"Tudor Trefor",0,0,,,,,,
14627,Trystan,0,0,,,,,,
14628,Wydlock,0,0,,,,,,
14629,Wodehall,0,0,,,,,,
14630,Weind,0,0,,,,,,
14631,O'Mulconry,0,0,,,,,,
14632,Meredyth,0,0,Meredith,,,,,
14633,Elison,0,0,,,,,,
14634,Blencow,0,0,,,,,,
14635,Senhouse,0,0,,,,,,
14636,Storie,0,0,,,,,,
14637,Aberdeen,0,0,,,,,,
14638,Gaie,0,0,,,,,,
14639,Nangothan,0,0,,,,,,
14640,Marwick,0,0,,,,,,
14641,Penderleith,0,0,,,,,,
14642,Maxtone,0,0,,,,,,
14643,Bragge,0,0,,,,,,
14644,Carbery,0,0,,,,,,
14645,Treipland,0,0,,,,,,
14646,MacMicking,0,0,,,,,,
14647,Wiliamson,0,0,,,,,,
14648,Houldsworth,0,0,,,,,,
14649,Ogill,0,0,,,,,,
14650,Berey,0,0,,,,,,
14651,Colyear,0,0,,,,,,
14652,Tayre,0,0,,,,,,
14653,Thores,0,0,,,,,,
14654,Jossey,0,0,,,,,,
14655,Brudenell,0,0,,,,,,
14656,Nisbit,0,0,,,,,,
14657,Sheild,0,0,,,,,,
14658,Blencowe,0,0,,,,,,
14659,Breyton,0,0,,,,,,
14660,Brokkas,0,0,,,,,,
14661,MacCriery,0,0,,,,,,
14662,Eiston,0,0,,,,,,
14663,Hateley,0,0,,,,,,
14664,MacBraid,0,0,,,,,,
14665,MacClary,0,0,,,,,,
14666,MacHann,0,0,,,,,,
14667,Shuster,0,0,,,,,,
14668,Tayer,0,0,,,,,,
14691,Fyffe,0,0,,,,,,
14692,Carre,0,0,,,,,,
14693,Gorm,0,0,,,,,,
14694,Imbrie,0,0,,,,,,
14695,Balmanno,0,0,,,,,,
14696,Glasfurd,0,0,,,,,,
14697,Nasmyth,0,0,,,,,,
14698,Combrey,0,0,,,,,,
14699,Meikieson,0,0,,,,,,
14700,Comb,0,0,,,,,,
14701,Braimor,0,0,,,,,,
14702,Login,0,0,,,,,,
14703,Dougal,0,0,,,,,,
14704,Auldis,0,0,,,,,,
14705,Lutefoot,0,0,,,,,,
14706,Watt(Fife,0,0,,,,,,
14707,Haggerston,0,0,,,,,,
14708,MacEachern,0,0,,,,,,
14709,Coats,0,0,,,,,,
14710,Arrat,0,0,,,,,,
14711,Udward,0,0,,,,,,
14712,Struth,0,0,,,,,,
14713,MacKaile,0,0,,,,,,
14714,Pettegrew,0,0,,,,,,
14715,Evelick,0,0,,,,,,
14716,Duddingston,0,0,,,,,,
14717,Sellar,0,0,,,,,,
14718,Crierie,0,0,,,,,,
14719,Crockatt,0,0,,,,,,
14720,Hozier,0,0,,,,,,
14721,Brymer,0,0,,,,,,
14722,Bothwell,0,0,,,,,,
14723,Alison,0,0,,,,,,
14724,Belches,0,0,,,,,,
14725,Heigine,0,0,,,,,,
14726,MacFarlan,0,0,MacFarlane,,,,,
14727,Fairne,0,0,,,,,,
14728,St.,0,0,,,,,,
14729,Nicol,0,0,,,,,,
14730,Lyal,0,0,,,,,,
14731,Gaudine,0,0,,,,,,
14732,Newbiggin,0,0,,,,,,
14733,Aird,0,0,,,,,,
14734,Macreadie,0,0,,,,,,
14735,Hammil,0,0,,,,,,
14736,Rowand,0,0,,,,,,
14737,MacCorquodell,0,0,,,,,,
14738,Kirkaldy,0,0,,,,,,
14739,Gleneagles,0,0,,,,,,
14740,Muterer,0,0,,,,,,
14741,Thorlby,0,0,,,,,,
14742,Newal,0,0,,,,,,
14743,Lothian,0,0,,,,,,
14744,Holburne,0,0,,,,,,
14745,Phin,0,0,,,,,,
14746,Air,0,0,,,,,,
14747,Donohue,0,0,,,,,,
14748,Lucey,0,0,,,,,,
14749,Fitz-Row,0,0,,,,,,
14750,Hoolihan,0,0,,,,,,
14751,Keigans,0,0,,,,,,
14752,Shanahan,0,0,,,,,,
14753,Tubervile,0,0,,,,,,
14754,Branigan,0,0,,,,,,
14755,Mortagh,0,0,,,,,,
14756,Carville,0,0,,,,,,
14757,Hannon,0,0,,,,,,
14758,Kielty,0,0,,,,,,
14759,Udall,0,0,,,,,,
14760,Stoney,0,0,,,,,,
14761,Wethers,0,0,,,,,,
14762,Boran,0,0,,,,,,
14763,Tirry,0,0,,,,,,
14764,Carmick,0,0,,,,,,
14765,Fitz-Pearce,0,0,,,,,,
14766,Townshend,0,0,,,,,,
14767,Armory,0,0,,,,,,
14768,Colman,0,0,,,,,,
14769,Lavin,0,0,,,,,,
14770,Brownlow,0,0,,,,,,
14771,Monsell,0,0,,,,,,
14772,Connellan,0,0,,,,,,
14773,MacHale,0,0,,,,,,
14774,Melody,0,0,,,,,,
14775,Rockfort,0,0,,,,,,
14776,Cashin,0,0,,,,,,
14777,Cullinan,0,0,,,,,,
14778,Lydon,0,0,,,,,,
14779,Harnett,0,0,,,,,,
14780,Skereth,0,0,,,,,,
14781,Barran,0,0,,,,,,
14782,Stack,0,0,,,,,,
14783,"St Leger",0,0,,,,,,
14784,Micklethwait,0,0,,,,,,
14785,Penne,0,0,,,,,,
14786,Mulrony,0,0,,,,,,
14787,Toto,0,0,,,,,,
14788,Fitz-Herbert,0,0,,,,,,
14789,Fitz-Allen,0,0,,,,,,
14790,Bareth,0,0,,,,,,
14791,Linaker,0,0,,,,,,
14792,Torway,0,0,,,,,,
14793,Malaphant,0,0,,,,,,
14794,Mall,0,0,,,,,,
14795,Quillan,0,0,,,,,,
14796,Tuthill,0,0,,,,,,
14797,Foran,0,0,,,,,,
14798,Bracken,0,0,,,,,,
14799,Coonan,0,0,,,,,,
14800,Holligan,0,0,,,,,,
14801,Scanlon,0,0,,,,,,
14802,Turnly,0,0,,,,,,
14803,Freeney,0,0,,,,,,
14804,Vyan,0,0,,,,,,
14805,Cremin,0,0,,,,,,
14806,Farren,0,0,,,,,,
14807,MacGlinchy,0,0,,,,,,
14808,Wadding,0,0,,,,,,
14809,Tuly,0,0,,,,,,
14810,Kiely,0,0,,,,,,
14811,Netterville,0,0,,,,,,
14812,Marward,0,0,,,,,,
14813,Harforth,0,0,,,,,,
14814,Hamline,0,0,,,,,,
14815,Harne,0,0,,,,,,
14816,MacGuiness,0,0,,,,,,
14817,Westloke,0,0,,,,,,
14818,Piggott,0,0,,,,,,
14819,Fyan,0,0,,,,,,
14820,Foy,0,0,,,,,,
14821,Behan,0,0,,,,,,
14822,Apsley,0,0,,,,,,
14823,Shanley,0,0,,,,,,
14824,MacWorth,0,0,,,,,,
14825,Wickliffe,0,0,,,,,,
14826,MacElligott,0,0,,,,,,
14827,Calvey,0,0,,,,,,
14828,Brophy,0,0,,,,,,
14829,Ballet,0,0,,,,,,
14830,Fitz-Stephens,0,0,,,,,,
14831,Fitz-Eustace,0,0,,,,,,
14832,Aries,0,0,,,,,,
14833,Rafter,0,0,,,,,,
14834,Finglas,0,0,,,,,,
14835,Fitz-Edmonds,0,0,,,,,,
14836,Haugher,0,0,,,,,,
14837,MacGann,0,0,,,,,,
14838,Kinnane,0,0,,,,,,
14839,Lany,0,0,,,,,,
14840,Gaine,0,0,,,,,,
14841,Fennell,0,0,,,,,,
14842,Olde,0,0,,,,,,
14843,Turkey,0,0,,,,,,
14844,Brenock,0,0,,,,,,
14845,Woodbourne,0,0,,,,,,
14846,Stawell,0,0,,,,,,
14847,Ushburne,0,0,,,,,,
14848,Hanly,0,0,,,,,,
14849,MacMorogh,0,0,,,,,,
14850,Cleare,0,0,,,,,,
14851,Raynolds,0,0,,,,,,
14852,Halpin,0,0,,,,,,
14853,Titmarsh,0,0,,,,,,
14854,Bannon,0,0,,,,,,
14855,Tennent,0,0,,,,,,
14856,Holte,0,0,,,,,,
14857,Wad,0,0,,,,,,
14858,Palliser,0,0,,,,,,
14859,Loughnan,0,0,,,,,,
14860,MacConville,0,0,,,,,,
14861,Owgan,0,0,,,,,,
14862,MacMorris,0,0,,,,,,
14863,Hassett,0,0,,,,,,
14864,Coghlan,0,0,,,,,,
14865,Scully,0,0,,,,,,
14866,Fitz-Rery,0,0,,,,,,
14867,Alveston,0,0,,,,,,
14868,Cadwell,0,0,,,,,,
14869,Kelleher,0,0,,,,,,
14870,Considine,0,0,,,,,,
14871,Devaney,0,0,,,,,,
14872,Bateson,0,0,,,,,,
14873,Wirley,0,0,,,,,,
14874,Brounker,0,0,,,,,,
14875,Canavan,0,0,,,,,,
14876,Treacy,0,0,,,,,,
14877,Mullady,0,0,,,,,,
14878,Fitz-Patrick,0,0,,,,,,
14879,Giggins,0,0,,,,,,
14880,MacArdle,0,0,,,,,,
14881,Truell,0,0,,,,,,
14882,Laffan,0,0,,,,,,
14883,Veldon,0,0,,,,,,
14884,Harty,0,0,,,,,,
14885,MacPierce,0,0,,,,,,
14886,Armorer,0,0,,,,,,
14887,MacLysacht,0,0,,,,,,
14888,Cochlan,0,0,,,,,,
14889,Drisdale,0,0,,,,,,
14890,Gillson,0,0,,,,,,
14891,Barnewall,0,0,,,,,,
14892,Algeo,0,0,,,,,,
14893,Spillane,0,0,,,,,,
14894,MacCready,0,0,,,,,"MacCready ",398055
14895,Stening,0,0,,,,,,
14896,Mannion,0,0,,,,,,
14897,Harkins,0,0,,,,,,
14898,Boulger,0,0,,,,,,
14899,MacCluskie,0,0,,,,,,
14900,Fitz-Roe,0,0,,,,,,
14901,Balle,0,0,,,,,,
14902,Vizer,0,0,,,,,,
14903,Durrant,0,0,,,,,,
14904,Chevers,0,0,,,,,,
14905,Allyn,0,0,,,,,,
14906,Fitz-Henry,0,0,,,,,,
14907,Carolan,0,0,,,,,,
14908,Domvile,0,0,,,,,,
14909,Fitz-Simon,0,0,,,,,,
14910,Chinnery,0,0,,,,,,
14912,Barby,0,0,,,,,,
14913,Fitz-Maurice,0,0,,,,,,
14914,Halligan,0,0,,,,,,
14915,Hyland,0,0,,,,,,
14916,Hamley,0,0,,,,,,
14917,Tallant,0,0,,,,,,
14918,Auchmuty,0,0,,,,,,
14919,Douse,0,0,,,,,,
14920,Basile,0,0,,,,,,
14921,Halie,0,0,,,,,,
14922,MacMore,0,0,,,,,,
14923,MacGettigan,0,0,,,,,,
14924,Fitz-Garrett,0,0,,,,,,
14925,Dardes,0,0,,,,,,
14926,Exham,0,0,,,,,,
14927,Nowland,0,0,,,,,,
14928,Candell,0,0,,,,,,
14929,Wolverston,0,0,,,,,,
14930,Homan,0,0,,,,,,
14931,Kinsella,0,0,,,,,,
14932,Fitz-Simons,0,0,,,,,,
14933,Bramhall,0,0,,,,,,
14934,Fitz-Harris,0,0,,,,,,
14935,Mape,0,0,,,,,,
14936,Wiggat,0,0,,,,,,
14937,Ticheborne,0,0,,,,,,
14938,Cantell,0,0,,,,,,
14939,Palfrey,0,0,,,,,,
14940,Walron,0,0,,,,,,
14941,Brosnan,0,0,,,,,,
14942,Peacocke,0,0,,,,,,
14943,Lillie,0,0,,,,,,
14944,Fitz-Gibbon,0,0,,,,,,
14945,Fitz-Oliver,0,0,,,,,,
14946,Mecham,0,0,,,,,,
14947,Crehall,0,0,,,,,,
14948,Keegan,0,0,,,,,,
14949,Montmorency,0,0,,,,,,
14950,Archdall,0,0,,,,,,
14951,Gillen,0,0,,,,,,
14952,Moleyns,0,0,,,,,,
14953,Wellesby,0,0,,,,,,
14954,Stubber,0,0,,,,,,
14955,Ardagh,0,0,,,,,,
14956,Kyne,0,0,,,,,,
14957,MacEniry,0,0,,,,,,
14958,Aldborough,0,0,,,,,,
14959,Minne,0,0,,,,,,
14960,Bergin,0,0,,,,,,
14961,Carkham,0,0,,,,,,
14962,Cardell,0,0,,,,,,
14963,Shinnick,0,0,,,,,,
14964,Neilan,0,0,,,,,,
14965,Curdy,0,0,,,,,,
14966,Rogan,0,0,,,,,,
14967,Quill,0,0,,,,,,
14968,Falvey,0,0,,,,,,
14969,Maul,0,0,,,,,,
14970,Delamere,0,0,,,,,,
14971,Orpie,0,0,,,,,,
14972,Fitz-Nicol,0,0,,,,,,
14973,Meighe,0,0,,,,,,
14974,Studdert,0,0,,,,,,
14975,Ashmore,0,0,,,,,,
14976,Flannery,0,0,,,,,,
14977,Umfre,0,0,,,,,,
14978,Acotes,0,0,,,,,,
14979,Riordan,0,0,,,,,,
14980,Mihill,0,0,,,,,,
14981,Curnin,0,0,,,,,,
14982,Meath,0,0,,,,,,
14983,Magee,0,0,,,,,,
14984,Witter,0,0,,,,,,
14985,Winton,0,0,,,,,,
14986,Culligan,0,0,,,,,,
14987,Finnerty,0,0,,,,,,
14988,Stinton,0,0,,,,,,
14989,Sinnott,0,0,,,,,,
14990,Concanon,0,0,,,,,,
14991,Theede,0,0,,,,,,
14992,Cairnes,0,0,,,,,,
14993,Naghten,0,0,,,,,,
14994,Wilde,0,0,,,,,,
14995,Colinson,0,0,,,,,,
14996,"St Michell",0,0,,,,,,
14997,Edney,0,0,,,,,,
14998,Misset,0,0,,,,,,
14999,Courcy,0,0,,,,,,
15000,Mandevile,0,0,,,,,,
15001,Veile,0,0,,,,,,
15002,Denn,0,0,,,,,,
15003,Feely,0,0,,,,,,
15004,Kee,0,0,,,,,,
15005,Ridgeley,0,0,,,,,,
15006,MacCafferey,0,0,,,,,,
15007,Gavin,0,0,,,,,,
15008,Cawley,0,0,,,,,,
15009,MacAlindon,0,0,,,,,,
15010,Harmon,0,0,,,,,,
15011,Curtin,0,0,,,,,,
15012,Holywood,0,0,,,,,,
15013,Merwood,0,0,,,,,,
15014,Fahey,0,0,,,,,,
15015,Fitz-Awry,0,0,,,,,,
15016,Furlong,0,0,,,,,,
15017,Lill,0,0,,,,,,
15018,Gleeson,0,0,,,,,,
15019,MacGrane,0,0,,,,,,
15020,Codden,0,0,,,,,,
15021,Widenham,0,0,,,,,,
15022,Halthom,0,0,,,,,,
15023,Lehane,0,0,,,,,,
15024,Reidy,0,0,,,,,,
15025,Fennelly,0,0,,,,,,
15026,Fitz-Rice,0,0,,,,,,
15027,Mallin,0,0,,,,,,
15028,Hearon,0,0,,,,,,
15029,Durkin,0,0,,,,,,
15030,Dancer,0,0,,,,,,
15031,Paine,0,0,,,,,,
15032,Dargan,0,0,,,,,,
15033,Gogarty,0,0,,,,,,
15034,MacCusker,0,0,,,,,,
15035,MacCourt,0,0,,,,,,
15036,Duane,0,0,,,,,,
15037,Cadogan,0,0,,,,,,
15038,Shevlin,0,0,,,,,,
15039,Fitz-John,0,0,,,,,,
15040,Wethill,0,0,,,,,,
15041,Tuohy,0,0,,,,,,
15042,Ivers,0,0,,,,,,
15043,Bamber,0,0,,,,,,
15044,Fitz-William,0,0,,,,,,
15045,Noonan,0,0,,,,,,
15046,Kildahl,0,0,,,,,,
15047,Dermond,0,0,,,,,,
15048,Galwey,0,0,,,,,,
15049,Phaire,0,0,,,,,,
15050,Westenra,0,0,,,,,,
15051,Brogan,0,0,,,,,,
15052,Burrowes,0,0,,,,,,
15053,Blackney,0,0,,,,,,
15054,Finucane,0,0,,,,,,
15055,Dehany,0,0,,,,,,
15056,Fitz-Rith,0,0,,,,,,
15057,Accotts,0,0,,,,,,
15058,Hadsor,0,0,,,,,,
15059,Droney,0,0,,,,,,
15060,Fullam,0,0,,,,,,
15061,Quartermaines,0,0,,,,,,
15062,Conran,0,0,,,,,,
15063,Tighe,0,0,,,,,,
15064,Lynam,0,0,,,,,,
15065,Meller,0,0,,,,,,
15066,MacGovern,0,0,,,,,,
15067,Condon,0,0,,,,,,
15068,Sheill,0,0,,,,,,
15069,Ellmer,0,0,,,,,,
15070,Enright,0,0,,,,,,
15071,Quirke,0,0,,,,,,
15072,Melaghlin,0,0,,,,,,
15073,Dorney,0,0,,,,,,
15074,Symmers,0,0,Summers,,,,,
15075,Tombs,0,0,,,,,,
15076,"MacDonald of Belfinlay",0,0,,,,,"MacDonald of Belfinlay ",299707
15078,MacDairmid,0,0,MacDiarmid,,,,,
15079,Abel,0,0,,,,,"Abel (2015)",300265
15081,Denholm,0,0,,,,,,
15082,MacFadyan,1,0,,MacFadyen,,,"MacFadyan (MacGregor Hastie)",300131
15083,MacFadyen,0,0,MacFadyan,,,,,
15084,"St. Haddington",0,0,,,,,,
15622,Whitten-481,0,0,,,,,,
15623,Whitten-247,0,0,,,,,,
15624,Whitten-409,0,0,,,,,,
15625,Whitten-328,0,0,,,,,,
15626,Whitten-166,0,0,,,,,,
15627,Whitten-76,0,0,,,,,,
15628,Whitten-283,0,0,,,,,,
15629,Whitten-445,0,0,,,,,,
15630,Whitten-364,0,0,,,,,,
15631,Whitten-526,0,0,,,,,,
15632,Whitten-58,0,0,,,,,,
15633,Whitten-265,0,0,,,,,,
15634,Whitten-427,0,0,,,,,,
15635,Whitten-346,0,0,,,,,,
15636,Whitten-184,0,0,,,,,,
15637,Whitten-508,0,0,,,,,,
15638,Whitten-229,0,0,,,,,,
15639,Whitten-94,0,0,,,,,,
15640,Whitten-148,0,0,,,,,,
15641,Whitten-463,0,0,,,,,,
15642,Whitten-382,0,0,,,,,,
15643,Whitten-544,0,0,,,,,,
15644,Whitten-49,0,0,,,,,,
15645,Whitten-490,0,0,,,,,,
15646,Whitten-256,0,0,,,,,,
15647,Whitten-418,0,0,,,,,,
15648,Whitten-337,0,0,,,,,,
15649,Whitten-175,0,0,,,,,,
15650,Whitten-85,0,0,,,,,,
15651,Whitten-139,0,0,,,,,,
15652,Whitten-292,0,0,,,,,,
15653,Whitten-454,0,0,,,,,,
15654,Whitten-373,0,0,,,,,,
15655,Whitten-535,0,0,,,,,,
15656,Whitten-67,0,0,,,,,,
15657,Whitten-274,0,0,,,,,,
15658,Whitten-436,0,0,,,,,,
15659,Whitten-355,0,0,,,,,,
15660,Whitten-517,0,0,,,,,,
15661,Whitten-193,0,0,,,,,,
15662,Whitten-238,0,0,,,,,,
15663,Whitten-319,0,0,,,,,,
15664,Whitten-157,0,0,,,,,,
15665,Whitten-472,0,0,,,,,,
15666,Whitten-391,0,0,,,,,,
15667,Whitten-489,0,0,,,,,,
15668,Whitten-41,0,0,,,,,,
15669,Whitten-410,0,0,,,,,,
15670,Whitten-212,0,0,,,,,,
15671,Whitten-131,0,0,,,,,,
15672,Whitten-113,0,0,,,,,,
15673,Whitten-230,0,0,,,,,,
15674,Whitten-311,0,0,,,,,,
15675,Whitten-23,0,0,,,,,,
15676,Whitten-104,0,0,,,,,,
15677,Whitten-498,0,0,,,,,,
15678,Whitten-50,0,0,,,,,,
15679,Whitten-5,0,0,,,,,,
15680,Whitten-500,0,0,,,,,,
15681,Whitten-221,0,0,,,,,,
15682,Whitten-140,0,0,,,,,,
15683,Whitten-302,0,0,,,,,,
15684,Whitten-14,0,0,,,,,,
15685,Whitten-203,0,0,,,,,,
15686,Whitten-122,0,0,,,,,,
15687,Whitten-401,0,0,,,,,,
15688,Whitten-320,0,0,,,,,,
15689,Whitten-32,0,0,,,,,,
15690,Whitten-399,0,0,,,,,,
15691,Whitten-485,0,0,,,,,,
15692,Whitten-368,0,0,,,,,,
15693,Whitten-287,0,0,,,,,,
15694,Whitten-449,0,0,,,,,,
15695,Whitten-188,0,0,,,,,,
15696,Whitten-269,0,0,,,,,,
15697,Whitten-98,0,0,,,,,,
15698,Whitten-386,0,0,,,,,,
15699,Whitten-467,0,0,,,,,,
15700,Whitten-100,0,0,,,,,,
15701,Whitten-494,0,0,,,,,,
15702,Whitten-179,0,0,,,,,,
15703,Whitten-1,0,0,,,,,,
15704,Whitten-89,0,0,,,,,,
15705,Whitten-539,0,0,,,,,,
15706,Whitten-377,0,0,,,,,,
15707,Whitten-296,0,0,,,,,,
15708,Whitten-10,0,0,,,,,,
15709,Whitten-458,0,0,,,,,,
15710,Whitten-197,0,0,,,,,,
15711,Whitten-359,0,0,,,,,,
15712,Whitten-278,0,0,,,,,,
15713,Whitten-395,0,0,,,,,,
15714,Whitten-476,0,0,,,,,,
15715,Whitten-45,0,0,,,,,,
15716,Whitten-333,0,0,,,,,,
15717,Whitten-171,0,0,,,,,,
15718,Whitten-414,0,0,,,,,,
15719,Whitten-252,0,0,,,,,,
15720,Whitten-81,0,0,,,,,,
15721,Whitten-135,0,0,,,,,,
15722,Whitten-216,0,0,,,,,,
15723,Whitten-531,0,0,,,,,,
15724,Whitten-450,0,0,,,,,,
15725,Whitten-63,0,0,,,,,,
15726,Whitten-117,0,0,,,,,,
15727,Whitten-351,0,0,,,,,,
15728,Whitten-513,0,0,,,,,,
15729,Whitten-432,0,0,,,,,,
15730,Whitten-270,0,0,,,,,,
15731,Whitten-315,0,0,,,,,,
15732,Whitten-153,0,0,,,,,,
15733,Whitten-234,0,0,,,,,,
15734,Whitten-27,0,0,,,,,,
15735,Whitten-54,0,0,,,,,,
15736,Whitten-108,0,0,,,,,,
15737,Whitten-342,0,0,,,,,,
15738,Whitten-180,0,0,,,,,,
15739,Whitten-504,0,0,,,,,,
15740,Whitten-9,0,0,,,,,,
15741,Whitten-423,0,0,,,,,,
15742,Whitten-261,0,0,,,,,,
15743,Whitten-90,0,0,,,,,,
15744,Whitten-306,0,0,,,,,,
15745,Whitten-144,0,0,,,,,,
15746,Whitten-225,0,0,,,,,,
15747,Whitten-540,0,0,,,,,,
15748,Whitten-18,0,0,,,,,,
15749,Whitten-72,0,0,,,,,,
15750,Whitten-126,0,0,,,,,,
15751,Whitten-207,0,0,,,,,,
15752,Whitten-360,0,0,,,,,,
15753,Whitten-522,0,0,,,,,,
15754,Whitten-441,0,0,,,,,,
15755,Whitten-324,0,0,,,,,,
15756,Whitten-162,0,0,,,,,,
15757,Whitten-405,0,0,,,,,,
15758,Whitten-243,0,0,,,,,,
15759,Whitten-36,0,0,,,,,,
15760,Whitten-168,0,0,,,,,,
15761,Whitten-249,0,0,,,,,,
15762,Whitten-483,0,0,,,,,,
15763,Whitten-528,0,0,,,,,,
15764,Whitten-366,0,0,,,,,,
15765,Whitten-285,0,0,,,,,,
15766,Whitten-447,0,0,,,,,,
15767,Whitten-78,0,0,,,,,,
15768,Whitten-186,0,0,,,,,,
15769,Whitten-348,0,0,,,,,,
15770,Whitten-267,0,0,,,,,,
15771,Whitten-429,0,0,,,,,,
15772,Whitten-546,0,0,,,,,,
15773,Whitten-384,0,0,,,,,,
15774,Whitten-465,0,0,,,,,,
15775,Whitten-96,0,0,,,,,,
15776,Whitten-177,0,0,,,,,,
15777,Whitten-339,0,0,,,,,,
15778,Whitten-258,0,0,,,,,,
15779,Whitten-492,0,0,,,,,,
15780,Whitten-537,0,0,,,,,,
15781,Whitten-375,0,0,,,,,,
15782,Whitten-294,0,0,,,,,,
15783,Whitten-456,0,0,,,,,,
15784,Whitten-87,0,0,,,,,,
15785,Whitten-519,0,0,,,,,,
15786,Whitten-195,0,0,,,,,,
15787,Whitten-357,0,0,,,,,,
15788,Whitten-276,0,0,,,,,,
15789,Whitten-438,0,0,,,,,,
15790,Whitten-69,0,0,,,,,,
15791,Whitten-393,0,0,,,,,,
15792,Whitten-474,0,0,,,,,,
15793,Whitten-159,0,0,,,,,,
15794,Whitten-331,0,0,,,,,,
15795,Whitten-412,0,0,,,,,,
15796,Whitten-250,0,0,,,,,,
15797,Whitten-43,0,0,,,,,,
15798,Whitten-214,0,0,,,,,,
15799,Whitten-133,0,0,,,,,,
15800,Whitten-511,0,0,,,,,,
15801,Whitten-430,0,0,,,,,,
15802,Whitten-115,0,0,,,,,,
15803,Whitten-61,0,0,,,,,,
15804,Whitten-25,0,0,,,,,,
15805,Whitten-232,0,0,,,,,,
15806,Whitten-151,0,0,,,,,,
15807,Whitten-313,0,0,,,,,,
15808,Whitten-340,0,0,,,,,,
15809,Whitten-502,0,0,,,,,,
15810,Whitten-421,0,0,,,,,,
15811,Whitten-7,0,0,,,,,,
15812,Whitten-106,0,0,,,,,,
15813,Whitten-52,0,0,,,,,,
15814,Whitten-16,0,0,,,,,,
15815,Whitten-223,0,0,,,,,,
15816,Whitten-142,0,0,,,,,,
15817,Whitten-304,0,0,,,,,,
15818,Whitten-520,0,0,,,,,,
15819,Whitten-205,0,0,,,,,,
15820,Whitten-124,0,0,,,,,,
15821,Whitten-70,0,0,,,,,,
15822,Whitten-34,0,0,,,,,,
15823,Whitten-403,0,0,,,,,,
15824,Whitten-241,0,0,,,,,,
15825,Whitten-160,0,0,,,,,,
15826,Whitten-322,0,0,,,,,,
15827,Whitten-487,0,0,,,,,,
15828,Whitten-289,0,0,,,,,,
15829,Whitten-210,0,0,,,,,,
15830,Whitten-111,0,0,,,,,,
15831,Whitten-469,0,0,,,,,,
15832,Whitten-21,0,0,,,,,,
15833,Whitten-388,0,0,,,,,,
15834,Whitten-3,0,0,,,,,,
15835,Whitten-496,0,0,,,,,,
15836,Whitten-102,0,0,,,,,,
15837,Whitten-12,0,0,,,,,,
15838,Whitten-298,0,0,,,,,,
15839,Whitten-379,0,0,,,,,,
15840,Whitten-300,0,0,,,,,,
15841,Whitten-199,0,0,,,,,,
15842,Whitten-120,0,0,,,,,,
15843,Whitten-201,0,0,,,,,,
15844,Whitten-478,0,0,,,,,,
15845,Whitten-30,0,0,,,,,,
15846,Whitten-397,0,0,,,,,,
15847,Whitten-254,0,0,,,,,,
15848,Whitten-416,0,0,,,,,,
15849,Whitten-335,0,0,,,,,,
15850,Whitten-173,0,0,,,,,,
15851,Whitten-47,0,0,,,,,,
15852,Whitten-290,0,0,,,,,,
15853,Whitten-452,0,0,,,,,,
15854,Whitten-371,0,0,,,,,,
15855,Whitten-533,0,0,,,,,,
15856,Whitten-83,0,0,,,,,,
15857,Whitten-137,0,0,,,,,,
15858,Whitten-218,0,0,,,,,,
15859,Whitten-272,0,0,,,,,,
15860,Whitten-434,0,0,,,,,,
15861,Whitten-353,0,0,,,,,,
15862,Whitten-191,0,0,,,,,,
15863,Whitten-515,0,0,,,,,,
15864,Whitten-65,0,0,,,,,,
15865,Whitten-119,0,0,,,,,,
15866,Whitten-29,0,0,,,,,,
15867,Whitten-470,0,0,,,,,,
15868,Whitten-317,0,0,,,,,,
15869,Whitten-155,0,0,,,,,,
15870,Whitten-236,0,0,,,,,,
15871,Whitten-263,0,0,,,,,,
15872,Whitten-425,0,0,,,,,,
15873,Whitten-344,0,0,,,,,,
15874,Whitten-506,0,0,,,,,,
15875,Whitten-182,0,0,,,,,,
15876,Whitten-56,0,0,,,,,,
15877,Whitten-461,0,0,,,,,,
15878,Whitten-380,0,0,,,,,,
15879,Whitten-542,0,0,,,,,,
15880,Whitten-308,0,0,,,,,,
15881,Whitten-92,0,0,,,,,,
15882,Whitten-146,0,0,,,,,,
15883,Whitten-227,0,0,,,,,,
15884,Whitten-281,0,0,,,,,,
15885,Whitten-443,0,0,,,,,,
15886,Whitten-362,0,0,,,,,,
15887,Whitten-524,0,0,,,,,,
15888,Whitten-74,0,0,,,,,,
15889,Whitten-128,0,0,,,,,,
15890,Whitten-209,0,0,,,,,,
15891,Whitten-38,0,0,,,,,,
15892,Whitten-326,0,0,,,,,,
15893,Whitten-164,0,0,,,,,,
15894,Whitten-407,0,0,,,,,,
15895,Whitten-245,0,0,,,,,,
15896,Whitten-365,0,0,,,,,,
15897,Whitten-527,0,0,,,,,,
15898,Whitten-446,0,0,,,,,,
15899,Whitten-284,0,0,,,,,,
15900,Whitten-77,0,0,,,,,,
15901,Whitten-482,0,0,,,,,,
15902,Whitten-248,0,0,,,,,,
15903,Whitten-167,0,0,,,,,,
15904,Whitten-329,0,0,,,,,,
15905,Whitten-383,0,0,,,,,,
15906,Whitten-545,0,0,,,,,,
15907,Whitten-464,0,0,,,,,,
15908,Whitten-149,0,0,,,,,,
15909,Whitten-95,0,0,,,,,,
15910,Whitten-59,0,0,,,,,,
15911,Whitten-428,0,0,,,,,,
15912,Whitten-266,0,0,,,,,,
15913,Whitten-185,0,0,,,,,,
15914,Whitten-509,0,0,,,,,,
15915,Whitten-347,0,0,,,,,,
15916,Whitten-374,0,0,,,,,,
15917,Whitten-536,0,0,,,,,,
15918,Whitten-455,0,0,,,,,,
15919,Whitten-293,0,0,,,,,,
15920,Whitten-86,0,0,,,,,,
15921,Whitten-491,0,0,,,,,,
15922,Whitten-419,0,0,,,,,,
15923,Whitten-257,0,0,,,,,,
15924,Whitten-176,0,0,,,,,,
15925,Whitten-338,0,0,,,,,,
15926,Whitten-392,0,0,,,,,,
15927,Whitten-473,0,0,,,,,,
15928,Whitten-239,0,0,,,,,,
15929,Whitten-158,0,0,,,,,,
15930,Whitten-68,0,0,,,,,,
15931,Whitten-437,0,0,,,,,,
15932,Whitten-275,0,0,,,,,,
15933,Whitten-518,0,0,,,,,,
15934,Whitten-194,0,0,,,,,,
15935,Whitten-356,0,0,,,,,,
15936,Whitten-213,0,0,,,,,,
15937,Whitten-132,0,0,,,,,,
15938,Whitten-42,0,0,,,,,,
15939,Whitten-411,0,0,,,,,,
15940,Whitten-330,0,0,,,,,,
15941,Whitten-24,0,0,,,,,,
15942,Whitten-231,0,0,,,,,,
15943,Whitten-312,0,0,,,,,,
15944,Whitten-150,0,0,,,,,,
15945,Whitten-60,0,0,,,,,,
15946,Whitten-114,0,0,,,,,,
15947,Whitten-510,0,0,,,,,,
15948,Whitten-15,0,0,,,,,,
15949,Whitten-222,0,0,,,,,,
15950,Whitten-303,0,0,,,,,,
15951,Whitten-141,0,0,,,,,,
15952,Whitten-51,0,0,,,,,,
15953,Whitten-499,0,0,,,,,,
15954,Whitten-105,0,0,,,,,,
15955,Whitten-420,0,0,,,,,,
15956,Whitten-6,0,0,,,,,,
15957,Whitten-501,0,0,,,,,,
15958,Whitten-33,0,0,,,,,,
15959,Whitten-240,0,0,,,,,,
15960,Whitten-402,0,0,,,,,,
15961,Whitten-321,0,0,,,,,,
15962,Whitten-204,0,0,,,,,,
15963,Whitten-123,0,0,,,,,,
15964,Whitten-288,0,0,,,,,,
15965,Whitten-369,0,0,,,,,,
15966,Whitten-486,0,0,,,,,,
15967,Whitten-20,0,0,,,,,,
15968,Whitten-468,0,0,,,,,,
15969,Whitten-387,0,0,,,,,,
15970,Whitten-99,0,0,,,,,,
15971,Whitten-110,0,0,,,,,,
15972,Whitten-189,0,0,,,,,,
15973,Whitten-297,0,0,,,,,,
15974,Whitten-11,0,0,,,,,,
15975,Whitten-459,0,0,,,,,,
15976,Whitten-378,0,0,,,,,,
15977,Whitten-495,0,0,,,,,,
15978,Whitten-101,0,0,,,,,,
15979,Whitten-2,0,0,,,,,,
15980,Whitten-477,0,0,,,,,,
15981,Whitten-396,0,0,,,,,,
15982,Whitten-200,0,0,,,,,,
15983,Whitten-198,0,0,,,,,,
15984,Whitten-279,0,0,,,,,,
15985,Whitten-451,0,0,,,,,,
15986,Whitten-532,0,0,,,,,,
15987,Whitten-370,0,0,,,,,,
15988,Whitten-136,0,0,,,,,,
15989,Whitten-82,0,0,,,,,,
15990,Whitten-217,0,0,,,,,,
15991,Whitten-46,0,0,,,,,,
15992,Whitten-172,0,0,,,,,,
15993,Whitten-334,0,0,,,,,,
15994,Whitten-253,0,0,,,,,,
15995,Whitten-415,0,0,,,,,,
15996,Whitten-28,0,0,,,,,,
15997,Whitten-154,0,0,,,,,,
15998,Whitten-316,0,0,,,,,,
15999,Whitten-235,0,0,,,,,,
16000,Whitten-118,0,0,,,,,,
16001,Whitten-64,0,0,,,,,,
16002,Whitten-514,0,0,,,,,,
16003,Whitten-190,0,0,,,,,,
16004,Whitten-352,0,0,,,,,,
16005,Whitten-271,0,0,,,,,,
16006,Whitten-433,0,0,,,,,,
16007,Whitten-460,0,0,,,,,,
16008,Whitten-19,0,0,,,,,,
16009,Whitten-541,0,0,,,,,,
16010,Whitten-145,0,0,,,,,,
16011,Whitten-307,0,0,,,,,,
16012,Whitten-91,0,0,,,,,,
16013,Whitten-226,0,0,,,,,,
16014,Whitten-109,0,0,,,,,,
16015,Whitten-55,0,0,,,,,,
16016,Whitten-181,0,0,,,,,,
16017,Whitten-505,0,0,,,,,,
16018,Whitten-343,0,0,,,,,,
16019,Whitten-262,0,0,,,,,,
16020,Whitten-424,0,0,,,,,,
16021,Whitten-37,0,0,,,,,,
16022,Whitten-163,0,0,,,,,,
16023,Whitten-325,0,0,,,,,,
16024,Whitten-244,0,0,,,,,,
16025,Whitten-406,0,0,,,,,,
16026,Whitten-127,0,0,,,,,,
16027,Whitten-73,0,0,,,,,,
16028,Whitten-208,0,0,,,,,,
16029,Whitten-523,0,0,,,,,,
16030,Whitten-361,0,0,,,,,,
16031,Whitten-280,0,0,,,,,,
16032,Whitten-442,0,0,,,,,,
16033,Whitten-79,0,0,,,,,,
16034,Whitten-367,0,0,,,,,,
16035,Whitten-529,0,0,,,,,,
16036,Whitten-448,0,0,,,,,,
16037,Whitten-286,0,0,,,,,,
16038,Whitten-169,0,0,,,,,,
16039,Whitten-484,0,0,,,,,,
16040,Whitten-97,0,0,,,,,,
16041,Whitten-385,0,0,,,,,,
16042,Whitten-547,0,0,,,,,,
16043,Whitten-466,0,0,,,,,,
16044,Whitten-349,0,0,,,,,,
16045,Whitten-187,0,0,,,,,,
16046,Whitten-268,0,0,,,,,,
16047,Whitten-88,0,0,,,,,,
16048,Whitten-376,0,0,,,,,,
16049,Whitten-538,0,0,,,,,,
16050,Whitten-457,0,0,,,,,,
16051,Whitten-295,0,0,,,,,,
16052,Whitten-178,0,0,,,,,,
16053,Whitten-0,0,0,,,,,,
16054,Whitten-259,0,0,,,,,,
16055,Whitten-493,0,0,,,,,,
16056,Whitten-394,0,0,,,,,,
16057,Whitten-475,0,0,,,,,,
16058,Whitten-358,0,0,,,,,,
16059,Whitten-196,0,0,,,,,,
16060,Whitten-439,0,0,,,,,,
16061,Whitten-277,0,0,,,,,,
16062,Whitten-134,0,0,,,,,,
16063,Whitten-80,0,0,,,,,,
16064,Whitten-215,0,0,,,,,,
16065,Whitten-530,0,0,,,,,,
16066,Whitten-170,0,0,,,,,,
16067,Whitten-332,0,0,,,,,,
16068,Whitten-251,0,0,,,,,,
16069,Whitten-413,0,0,,,,,,
16070,Whitten-44,0,0,,,,,,
16071,Whitten-152,0,0,,,,,,
16072,Whitten-314,0,0,,,,,,
16073,Whitten-233,0,0,,,,,,
16074,Whitten-26,0,0,,,,,,
16075,Whitten-512,0,0,,,,,,
16076,Whitten-350,0,0,,,,,,
16077,Whitten-431,0,0,,,,,,
16078,Whitten-62,0,0,,,,,,
16079,Whitten-116,0,0,,,,,,
16080,Whitten-143,0,0,,,,,,
16081,Whitten-305,0,0,,,,,,
16082,Whitten-224,0,0,,,,,,
16083,Whitten-17,0,0,,,,,,
16084,Whitten-503,0,0,,,,,,
16085,Whitten-341,0,0,,,,,,
16086,Whitten-260,0,0,,,,,,
16087,Whitten-8,0,0,,,,,,
16088,Whitten-422,0,0,,,,,,
16089,Whitten-53,0,0,,,,,,
16090,Whitten-107,0,0,,,,,,
16091,Whitten-161,0,0,,,,,,
16092,Whitten-323,0,0,,,,,,
16093,Whitten-242,0,0,,,,,,
16094,Whitten-404,0,0,,,,,,
16095,Whitten-35,0,0,,,,,,
16096,Whitten-521,0,0,,,,,,
16097,Whitten-440,0,0,,,,,,
16098,Whitten-206,0,0,,,,,,
16099,Whitten-71,0,0,,,,,,
16100,Whitten-125,0,0,,,,,,
16101,Whitten-211,0,0,,,,,,
16102,Whitten-130,0,0,,,,,,
16103,Whitten-40,0,0,,,,,,
16104,Whitten-488,0,0,,,,,,
16105,Whitten-310,0,0,,,,,,
16106,Whitten-22,0,0,,,,,,
16107,Whitten-389,0,0,,,,,,
16108,Whitten-112,0,0,,,,,,
16109,Whitten-220,0,0,,,,,,
16110,Whitten-301,0,0,,,,,,
16111,Whitten-13,0,0,,,,,,
16112,Whitten-299,0,0,,,,,,
16113,Whitten-4,0,0,,,,,,
16114,Whitten-103,0,0,,,,,,
16115,Whitten-497,0,0,,,,,,
16116,Whitten-400,0,0,,,,,,
16117,Whitten-31,0,0,,,,,,
16118,Whitten-479,0,0,,,,,,
16119,Whitten-398,0,0,,,,,,
16120,Whitten-121,0,0,,,,,,
16121,Whitten-202,0,0,,,,,,
16122,Whitten-219,0,0,,,,,,
16123,Whitten-138,0,0,,,,,,
16124,Whitten-84,0,0,,,,,,
16125,Whitten-453,0,0,,,,,,
16126,Whitten-291,0,0,,,,,,
16127,Whitten-534,0,0,,,,,,
16128,Whitten-372,0,0,,,,,,
16129,Whitten-417,0,0,,,,,,
16130,Whitten-255,0,0,,,,,,
16131,Whitten-174,0,0,,,,,,
16132,Whitten-336,0,0,,,,,,
16133,Whitten-48,0,0,,,,,,
16134,Whitten-237,0,0,,,,,,
16135,Whitten-156,0,0,,,,,,
16136,Whitten-318,0,0,,,,,,
16137,Whitten-471,0,0,,,,,,
16138,Whitten-390,0,0,,,,,,
16139,Whitten-435,0,0,,,,,,
16140,Whitten-273,0,0,,,,,,
16141,Whitten-192,0,0,,,,,,
16142,Whitten-516,0,0,,,,,,
16143,Whitten-354,0,0,,,,,,
16144,Whitten-66,0,0,,,,,,
16145,Whitten-228,0,0,,,,,,
16146,Whitten-147,0,0,,,,,,
16147,Whitten-93,0,0,,,,,,
16148,Whitten-309,0,0,,,,,,
16149,Whitten-462,0,0,,,,,,
16150,Whitten-543,0,0,,,,,,
16151,Whitten-381,0,0,,,,,,
16152,Whitten-426,0,0,,,,,,
16153,Whitten-264,0,0,,,,,,
16154,Whitten-507,0,0,,,,,,
16155,Whitten-183,0,0,,,,,,
16156,Whitten-345,0,0,,,,,,
16157,Whitten-57,0,0,,,,,,
16158,Whitten-408,0,0,,,,,,
16159,Whitten-246,0,0,,,,,,
16160,Whitten-165,0,0,,,,,,
16161,Whitten-327,0,0,,,,,,
16162,Whitten-480,0,0,,,,,,
16163,Whitten-39,0,0,,,,,,
16164,Whitten-444,0,0,,,,,,
16165,Whitten-282,0,0,,,,,,
16166,Whitten-525,0,0,,,,,,
16167,Whitten-363,0,0,,,,,,
16168,Whitten-129,0,0,,,,,,
16169,Whitten-75,0,0,,,,,,
16170,Frisken,0,0,,,,,,
16171,MacCandless,0,0,MacCandlish,,,,,
16172,"Graham of Airth",0,0,,,,,"Graham of Airth ",304006
16173,"St. Clair",0,0,,,,,,
16174,"Mural Crown",0,0,,,,,,
16175,"Guthrie [Provost of Forfar, 1672]",0,0,,,,,,
16176,Lyell,0,0,,,,,,
16177,"Sutherland II",0,0,,,,,,
16178,"Celestial Coronet",0,0,,,,,,
16179,"Chapeau,",0,0,,,,,,
16180,Dobie,0,0,,,,,,
16181,"Sutherland I",0,0,,,,,,
16182,Hagart,0,0,,,,,,
16183,"Map of Scotland",0,1,,,,,,
16184,"Campbell of Braemar",0,0,,,,,"Campbell of Braemar ",696
16185,"Strange of Balcaskie",0,0,,,,,"Strange of Balcaskie ",4350
16186,MacCamley,0,0,,,,,"MacCamley ",2601
16187,Saltire,0,1,,,,,,
16189,Dai,0,0,Davies,,,,,
16190,Davieson,0,0,Davies,,,,,
16191,Dewi,0,0,Davies,,,,,
16192,Davydd,0,0,Davies,,,,,
16193,Madoc,0,0,,"Caddock,Caradoc,Caradog,Cradack,Maddock,Maddocks,Maddox,Maddix,Maddick,Maddy,Madock,Madog,Madox,Matticks,Maddockes,Madoch",,,"Madoc of Wales",8338
16194,Rosser,0,0,,"Rhosier,Rogers,Rodgers,Rosier,Rhoser,Roser",,,"Rosser of Wales",3707
16195,Edwardes,0,0,Edwards,,,,,
16196,Edwardson,0,0,Edwards,,,,,
16197,Bedward,0,0,Edwards,,,,,
16198,Yerward,0,0,Edwards,,,,,
16199,Yorath,0,0,Edwards,,,,,
16200,Bellis,0,0,,"Bayless,Bayliss",,,,
16201,Bayless,0,0,Bellis,,,,,
16202,Eles,0,0,Ellis,,,,,
16203,Elias,0,0,Ellis,,,,,
16204,Elix,0,0,Ellis,,,,,
16205,Elyce,0,0,Ellis,,,,,
16206,Elyas,0,0,Ellis,,,,,
16207,Elys,0,0,Ellis,,,,,
16208,Heelis,0,0,Ellis,,,,,
16209,Helys,0,0,Ellis,,,,,
16210,Euan,0,0,Evans,,,,,
16211,Evyn,0,0,Evans,,,,,
16212,Ewy,0,0,Evans,,,,,
16213,Heaven,0,0,Evans,,,,,
16214,Ifans,0,0,Evans,,,,,
16215,Bevans,0,0,Bevan,,,,,
16216,Bevin,0,0,Bevan,,,,,
16218,Biven,0,0,Bevan,,,,,
16219,Bivian,0,0,Bevan,,,,,
16220,Beynon,0,0,,"Baynham,Beinon,Bennion,Beynam,Bunyan",,,,
16221,Einon,0,0,Eynon,,,,,
16222,Enian,0,0,Eynon,,,,,
16223,Inions,0,0,Eynon,,,,,
16224,Onions,0,0,Eynon,,,,,
16225,Beinon,0,0,Beynon,,,,,
16226,Bennion,0,0,Beynon,,,,,
16227,Beynam,0,0,Beynon,,,,,
16228,Bunyan,0,0,Beynon,,,,,
16229,Gryffin,0,0,Griffiths,,,,,
16230,Griffyn,0,0,Griffiths,,,,,
16231,Griffing,0,0,Griffiths,,,,,
16232,Grippiud,0,0,Griffiths,,,,,
16233,Gryphon,0,0,Griffiths,,,,,
16234,Gutyn,0,0,Griffiths,,,,,
16235,Gryffudd,0,0,Griffiths,,,,,
16236,Gryffuths,0,0,Griffiths,,,,,
16237,Harri,0,0,Harry,,,,,
16238,Harrys,0,0,Harry,,,,,
16239,Harryss,0,0,Harry,,,,,
16240,Haries,0,0,Harry,,,,,
16241,Haris,0,0,Harry,,,,,
16242,Hairis,0,0,Harry,,,,,
16243,Pendry,0,0,Parry,,,,,
16244,Penry,0,0,Parry,,,,,
16245,Hopcyn,0,0,Hopkins,,,,,
16246,Hopcyns,0,0,Hopkins,,,,,
16247,Hoppner,0,0,Hopkins,,,,,
16248,Popcin,0,0,Hopkins,,,,,
16249,Howael,0,0,Howells,,,,,
16250,Howeles,0,0,Howells,,,,,
16251,Huwal,0,0,Howells,,,,,
16252,Hoells,0,0,Howells,,,,,
16253,Howels,0,0,Howells,,,,,
16254,Huws,0,0,Hughes,,,,,
16255,Tugh,0,0,Hughes,,,,,
16256,Hughs,0,0,Hughes,,,,,
16257,Jago,0,0,James,,,,,
16258,Jamie,0,0,James,,,,,
16259,Jaymes,0,0,James,,,,,
16260,Jayume,0,0,James,,,,,
16261,Jamsey,0,0,James,,,,,
16262,Jem,0,0,James,,,,,
16263,Jemes,0,0,James,,,,,
16264,Gimson,0,0,James,,,,,
16265,Genge,0,0,Jenkins,,,,,
16266,Jankins,0,0,Jenkins,,,,,
16267,Jencyn,0,0,Jenkins,,,,,
16268,Jenks,0,0,Jenkins,,,,,
16269,Jinkin,0,0,Jenkins,,,,,
16270,Jinkins,0,0,Jenkins,,,,,
16271,Jinkson,0,0,Jenkins,,,,,
16272,Jynkson,0,0,Jenkins,,,,,
16273,Siencyn,0,0,Jenkins,,,,,
16274,Jenkynn,0,0,Jenkins,,,,,
16275,Jinkines,0,0,Jenkins,,,,,
16276,Jenkens,0,0,Jenkins,,,,,
16277,Junkin,0,0,Jenkins,,,,,
16278,Junkins,0,0,Jenkins,,,,,
16279,Sion,0,0,Jones,,,,,
16280,Lou,0,0,Lewis,,,,,
16281,Lew,0,0,Lewis,,,,,
16282,Lewiss,0,0,Lewis,,,,,
16283,Lewwis,0,0,Lewis,,,,,
16284,Llewess,0,0,Lewis,,,,,
16285,Llew,0,0,Llewellyn,,,,,
16286,Flewelling,0,0,Llewellyn,,,,,
16287,Flewellen,0,0,Llewellyn,,,,,
16288,Lywellin,0,0,Llewellyn,,,,,
16289,Loid,0,0,Lloyd,,,,,
16290,Caddock,0,0,Madoc,,,,,
16291,Caradoc,0,0,Madoc,,,,,
16292,Cradack,0,0,Madoc,,,,,
16293,Maddocks,0,0,Madoc,,,,,
16294,Maddix,0,0,Madoc,,,,,
16295,Maddick,0,0,Madoc,,,,,
16296,Maddy,0,0,Madoc,,,,,
16297,Madox,0,0,Madoc,,,,,
16298,Matticks,0,0,Madoc,,,,,
16299,Maddockes,0,0,Madoc,,,,,
16300,Madoch,0,0,Madoc,,,,,
16301,Beddoes,0,0,Meredith,,,,,
16302,Beddows,0,0,Meredith,,,,,
16303,Bettis,0,0,Meredith,,,,,
16304,Eddow,0,0,Meredith,,,,,
16305,Eddowes,0,0,Meredith,,,,,
16306,Merideth,0,0,Meredith,,,,,
16307,Meridith,0,0,Meredith,,,,,
16308,Mredyth,0,0,Meredith,,,,,
16309,Priddy,0,0,Meredith,,,,,
16310,Meradith,0,0,Meredith,,,,,
16311,Meredeth,0,0,Meredith,,,,,
16312,Morgain,0,0,Morgan,,,,,
16313,Morgant,0,0,Morgan,,,,,
16314,Morgans,0,0,Morgan,,,,,
16315,Morgen,0,0,Morgan,,,,,
16316,Morgun,0,0,Morgan,,,,,
16317,Morrgun,0,0,Morgan,,,,,
16318,Morgraunt,0,0,Morgan,,,,,
16319,Morce,0,0,Morris,,,,,
16320,Morrish,0,0,Morris,,,,,
16321,Morrisson,0,0,Morris,,,,,
16322,Morry,0,0,Morris,,,,,
16323,Owin,0,0,Owen,,,,,
16324,Owynn,0,0,Owen,,,,,
16325,Ownby,0,0,Owen,,,,,
16326,Bown,0,0,Bowen,,,,,
16327,Pilip,0,0,Phillips,,,,,
16328,Pillips,0,0,Phillips,,,,,
16329,Fillip,0,0,Phillips,,,,,
16330,Filip,0,0,Phillips,,,,,
16331,Filips,0,0,Phillips,,,,,
16332,Phillipes,0,0,Phillips,,,,,
16333,Philipes,0,0,Phillips,,,,,
16334,Phillup,0,0,Phillips,,,,,
16335,Philups,0,0,Phillips,,,,,
16336,Fillups,0,0,Phillips,,,,,
16337,Filups,0,0,Phillips,,,,,
16338,Pilups,0,0,Phillips,,,,,
16339,Pillups,0,0,Phillips,,,,,
16340,Fulop,0,0,Phillips,,,,,
16341,Prothero,0,0,Protheroe,,,,,
16342,Prothers,0,0,Protheroe,,,,,
16343,Prytherch,0,0,Protheroe,,,,,
16344,Rothero,0,0,Protheroe,,,,,
16345,Rotheroe,0,0,Protheroe,,,,,
16346,Rotherough,0,0,Protheroe,,,,,
16347,Ruddock,0,0,Protheroe,,,,,
16348,Rudz,0,0,Protheroe,,,,,
16349,Ruther,0,0,Protheroe,,,,,
16350,Rutherch,0,0,Protheroe,,,,,
16351,Creese,0,0,Rees,,,,,
16352,Reasce,0,0,Rees,,,,,
16353,Resius,0,0,Rees,,,,,
16354,Rheseus,0,0,Rees,,,,,
16355,Rhett,0,0,Rees,,,,,
16356,Riceus,0,0,Rees,,,,,
16357,Rys,0,0,Rees,,,,,
16358,Pryse,0,0,Preece,,,,,
16359,Bevon,0,0,Bevan,,,,,
16360,Brys,0,0,Rice,,,,,
16361,Ryc,0,0,Rice,,,,,
16362,Dix,0,0,Richards,,,,,
16363,Richart,0,0,Richards,,,,,
16364,Rickaert,0,0,Richards,,,,,
16365,Rickard,0,0,Richards,,,,,
16366,Rickie,0,0,Richards,,,,,
16367,Ritchy,0,0,Richards,,,,,
16368,Ritshard,0,0,Richards,,,,,
16369,Roblin,0,0,Roberts,,,,,
16370,Roppert,0,0,Roberts,,,,,
16371,Probart,0,0,Probert,,,,,
16372,Probyn,0,0,Probert,,,,,
16373,Prodger,0,0,Probert,,,,,
16374,Propert,0,0,Probert,,,,,
16375,Prophet,0,0,Probert,,,,,
16376,Probbert,0,0,Probert,,,,,
16377,Proput,0,0,Probert,,,,,
16378,Probutt,0,0,Probert,,,,,
16379,Probat,0,0,Probert,,,,,
16380,Rhosier,0,0,Rosser,,,,,
16381,Rosier,0,0,Rosser,,,,,
16382,Rhoser,0,0,Rosser,,,,,
16383,Roser,0,0,Rosser,,,,,
16384,Prousser,0,0,Prosser,,,,,
16385,Proser,0,0,Prosser,,,,,
16386,Prouser,0,0,Prosser,,,,,
16387,Prossar,0,0,Prosser,,,,,
16388,Tamas,0,0,Thomas,,,,,
16389,Tomasett,0,0,Thomas,,,,,
16390,Tomek,0,0,Thomas,,,,,
16391,Tomey,0,0,Thomas,,,,,
16392,Tomie,0,0,Thomas,,,,,
16393,Tomislaw,0,0,Thomas,,,,,
16394,Tomlin,0,0,Thomas,,,,,
16395,Tommey,0,0,Thomas,,,,,
16396,Vaughn,0,0,Vaughan,,,,,
16397,Vauhan,0,0,Vaughan,,,,,
16398,Vachan,0,0,Vaughan,,,,,
16399,Vaghann,0,0,Vaughan,,,,,
16400,Valter,0,0,Walters,,,,,
16401,Valther,0,0,Walters,,,,,
16402,Walder,0,0,Walters,,,,,
16403,Walther,0,0,Walters,,,,,
16404,Wateys,0,0,Walters,,,,,
16405,Watkiss,0,0,Watkins,,,,,
16406,Wattars,0,0,Watkins,,,,,
16407,Watkyns,0,0,Watkins,,,,,
16408,Guilielm,0,0,Williams,,,,,
16409,Guillaume,0,0,Williams,,,,,
16410,Gullam,0,0,Williams,,,,,
16411,Gwilliam,0,0,Williams,,,,,
16412,Wilhelm,0,0,Williams,,,,,
16413,Whilly,0,0,Williams,,,,,
16414,Whillie,0,0,Williams,,,,,
16415,Williamsen,0,0,Williams,,,,,
16416,Quilliams,0,0,Williams,,,,,
16417,Whyn,0,0,Wynn,,,,,
16418,Wines,0,0,Wynn,,,,,
16419,Winnie,0,0,Wynn,,,,,
16420,Wink,0,0,Wynn,,,,,
16421,Whynney,0,0,Wynn,,,,,
16422,Win,0,0,Wynn,,,,,
16423,Gwinn,0,0,Gwyn,,,,,
16424,Gwinnett,0,0,Gwyn,,,,,
16425,Gwynedd,0,0,Gwyn,,,,,
16426,Gwynett,0,0,Gwyn,,,,,
16427,Gwynns,0,0,Gwyn,,,,,
16428,Gynne,0,0,Gwyn,,,,,
16429,Gwinne,0,0,Gwyn,,,,,
