ID,Image,Name,SKU,Type,"Attrib. Set Name",Price,Status,Action,"Actual Supplier(s)","Display Supplier","Lead Times"
157045,,"Tartan Design Pencil Case",sr_prink_sil_pencil_<br/>case,"Printable Product","Printable Silhouette",£21.00,Enabled,"<a href=""https://magento.clan.com/index.php/admin/catalog_product/edit/id/157045/"">Edit</a>",Inkthreadable,"Clan Originals",
157044,,"Clan Crest Pencil Case",sr_crest_tartan_penc<br/>il_case,"Printable Product",Printable,£21.00,Enabled,"<a href=""https://magento.clan.com/index.php/admin/catalog_product/edit/id/157044/"">Edit</a>",Inkthreadable,"Clan Originals",
157043,,"Tartan Pencil Case",sr_prink_tartan_penc<br/>il_case,"Printable Product",Printable,£21.00,Enabled,"<a href=""https://magento.clan.com/index.php/admin/catalog_product/edit/id/157043/"">Edit</a>",Inkthreadable,"Clan Originals",
157042,,"Tartan Design Bath Mat",sr_prink_sil_bath_ma<br/>t,"Printable Product","Printable Silhouette",£32.00,Enabled,"<a href=""https://magento.clan.com/index.php/admin/catalog_product/edit/id/157042/"">Edit</a>",Inkthreadable,"Clan Originals",
157041,,"Clan Crest Bath Mat",sr_prink_clan_crest_<br/>bath_mat,"Printable Product",Printable,£32.00,Enabled,"<a href=""https://magento.clan.com/index.php/admin/catalog_product/edit/id/157041/"">Edit</a>",Inkthreadable,"Clan Originals",
157040,,"Tartan Bath Mat",sr_prink_tartan_bath<br/>_mat,"Printable Product",Printable,£32.00,Enabled,"<a href=""https://magento.clan.com/index.php/admin/catalog_product/edit/id/157040/"">Edit</a>",Inkthreadable,"Clan Originals",
157036,,"Tartan Design Glass Chopping Board",sr_prink_sil_choppin<br/>g_board,"Printable Product","Printable Silhouette",£31.00,Enabled,"<a href=""https://magento.clan.com/index.php/admin/catalog_product/edit/id/157036/"">Edit</a>",Inkthreadable,"Clan Originals",
157035,,"Clan Crest Glass Chopping Board",sr_prink_crest_chopp<br/>ing_board,"Printable Product",Printable,£31.00,Enabled,"<a href=""https://magento.clan.com/index.php/admin/catalog_product/edit/id/157035/"">Edit</a>",Inkthreadable,"Clan Originals",
157034,,"Tartan Glass Chopping Board",sr_prink_tartan_chop<br/>ping_board,"Printable Product",Printable,£31.00,Enabled,"<a href=""https://magento.clan.com/index.php/admin/catalog_product/edit/id/157034/"">Edit</a>",Inkthreadable,"Clan Originals",
157033,,"Tartan Design Bar Runner / Pet Bowl Mat",sr_prink_sil_bar_run<br/>ner,"Printable Product","Printable Silhouette",£29.00,Enabled,"<a href=""https://magento.clan.com/index.php/admin/catalog_product/edit/id/157033/"">Edit</a>",Inkthreadable,"Clan Originals",
157032,,"Clan Crest Bar Runner / Pet Bowl Mat",sr_prink_crest_bar_r<br/>unner,"Printable Product",Printable,£29.00,Enabled,"<a href=""https://magento.clan.com/index.php/admin/catalog_product/edit/id/157032/"">Edit</a>",Inkthreadable,"Clan Originals",
157031,,"Tartan Bar Runner / Pet Bowl Mat",sr_prink_tartan_bar_<br/>runner,"Printable Product",Printable,£29.00,Enabled,"<a href=""https://magento.clan.com/index.php/admin/catalog_product/edit/id/157031/"">Edit</a>",Inkthreadable,"Clan Originals",
157030,,"Tartan Design Indoor Door Mat",sr_prink_sil_door_ma<br/>t,"Printable Product","Printable Silhouette",£45.00,Enabled,"<a href=""https://magento.clan.com/index.php/admin/catalog_product/edit/id/157030/"">Edit</a>",Inkthreadable,"Clan Originals",
157029,,"Clan Crest Indoor Door Mat",sr_prink_crest_door_<br/>mat,"Printable Product",Printable,£45.00,Enabled,"<a href=""https://magento.clan.com/index.php/admin/catalog_product/edit/id/157029/"">Edit</a>",Inkthreadable,"Clan Originals",
157028,,"Tartan Indoor Door Mat",sr_prink_tartan_door<br/>_mat,"Printable Product",Printable,£45.00,Enabled,"<a href=""https://magento.clan.com/index.php/admin/catalog_product/edit/id/157028/"">Edit</a>",Inkthreadable,"Clan Originals",
157027,,"Tartan Design Place Mat",sr_prink_sil_place_m<br/>at,"Printable Product","Printable Silhouette",£26.00,Enabled,"<a href=""https://magento.clan.com/index.php/admin/catalog_product/edit/id/157027/"">Edit</a>",Inkthreadable,"Clan Originals",
157026,,"Clan Crest Place Mat",sr_prink_crest_place<br/>_mat,"Printable Product",Printable,£26.00,Enabled,"<a href=""https://magento.clan.com/index.php/admin/catalog_product/edit/id/157026/"">Edit</a>",Inkthreadable,"Clan Originals",
157025,,"Tartan Place Mat",sr_prink_tartan_plac<br/>e_mat,"Printable Product",Printable,£26.00,Enabled,"<a href=""https://magento.clan.com/index.php/admin/catalog_product/edit/id/157025/"">Edit</a>",Inkthreadable,"Clan Originals",
157024,,"Tartan Design Large Mouse Mat",sr_prink_sil_large_m<br/>ouse_mat,"Printable Product","Printable Silhouette",£19.00,Enabled,"<a href=""https://magento.clan.com/index.php/admin/catalog_product/edit/id/157024/"">Edit</a>",Inkthreadable,"Clan Originals",
157023,,"Clan Crest Large Mouse Mat",sr_prink_crest_large<br/>_mouse_mat,"Printable Product",Printable,£19.00,Enabled,"<a href=""https://magento.clan.com/index.php/admin/catalog_product/edit/id/157023/"">Edit</a>",Inkthreadable,"Clan Originals",
157022,,"Tartan Large Mouse Mat",sr_prink_tartan_larg<br/>e_mouse_mat,"Printable Product",Printable,£19.00,Enabled,"<a href=""https://magento.clan.com/index.php/admin/catalog_product/edit/id/157022/"">Edit</a>",Inkthreadable,"Clan Originals",
156278,,"Tartan Design Spiral Notebook",sr_prpfl_sil_noteboo<br/>k,"Printable Product","Printable Silhouette",£28.00,Enabled,"<a href=""https://magento.clan.com/index.php/admin/catalog_product/edit/id/156278/"">Edit</a>",Printful,"Clan Originals",
156277,,"Clan Crest Spiral Notebook",sr_prpfl_crest_noteb<br/>ook,"Printable Product",Printable,£28.00,Enabled,"<a href=""https://magento.clan.com/index.php/admin/catalog_product/edit/id/156277/"">Edit</a>",Printful,"Clan Originals",
156276,,"Tartan Spiral Notebook",sr_prpfl_tartan_note<br/>book,"Printable Product",Printable,£28.00,Enabled,"<a href=""https://magento.clan.com/index.php/admin/catalog_product/edit/id/156276/"">Edit</a>",Printful,"Clan Originals",
156275,,"Tartan Design Mouse Mat",sr_prpfl_sil_mousema<br/>t,"Printable Product","Printable Silhouette",£20.00,Enabled,"<a href=""https://magento.clan.com/index.php/admin/catalog_product/edit/id/156275/"">Edit</a>",Printful,"Clan Originals",
156274,,"Clan Crest Mouse Mat",sr_prpfl_crest_mouse<br/>mat,"Printable Product",Printable,£20.00,Enabled,"<a href=""https://magento.clan.com/index.php/admin/catalog_product/edit/id/156274/"">Edit</a>",Printful,"Clan Originals",
156273,,"Tartan Mouse Mat",sr_prpfl_tartan_mous<br/>emat,"Printable Product",Printable,£20.00,Enabled,"<a href=""https://magento.clan.com/index.php/admin/catalog_product/edit/id/156273/"">Edit</a>",Printful,"Clan Originals",
156272,,"Tartan Design Laptop Sleeve",sr_prpfl_sil_laptop_<br/>sleeve,"Printable Product","Printable Silhouette + Prful-Laptop-Size",£40.00,Enabled,"<a href=""https://magento.clan.com/index.php/admin/catalog_product/edit/id/156272/"">Edit</a>",Printful,"Clan Originals",
156271,,"Clan Crest Laptop Sleeve",sr_prpfl_crest_lapto<br/>p_sleeve,"Printable Product","Printable + Prful-Laptop-Size",£40.00,Enabled,"<a href=""https://magento.clan.com/index.php/admin/catalog_product/edit/id/156271/"">Edit</a>",Printful,"Clan Originals",
156270,,"Tartan Laptop Sleeve",sr_prpfl_tartan_lapt<br/>op_sleeve,"Printable Product","Printable + Prful-Laptop-Size",£40.00,Enabled,"<a href=""https://magento.clan.com/index.php/admin/catalog_product/edit/id/156270/"">Edit</a>",Printful,"Clan Originals",
156269,,"Tartan Design Classic Backpack",sr_prpfl_sil_backpac<br/>k,"Printable Product","Printable Silhouette",£79.00,Enabled,"<a href=""https://magento.clan.com/index.php/admin/catalog_product/edit/id/156269/"">Edit</a>",Printful,"Clan Originals",
156268,,"Clan Crest Classic Backpack",sr_prpfl_crest_backp<br/>ack,"Printable Product",Printable,£79.00,Enabled,"<a href=""https://magento.clan.com/index.php/admin/catalog_product/edit/id/156268/"">Edit</a>",Printful,"Clan Originals",
156267,,"Tartan Classic Backpack",sr_prpfl_tartan_back<br/>pack,"Printable Product",Printable,£79.00,Enabled,"<a href=""https://magento.clan.com/index.php/admin/catalog_product/edit/id/156267/"">Edit</a>",Printful,"Clan Originals",
156266,,"Tartan Design Simple Backpack",sr_prpfl_sil_simple_<br/>backpack,"Printable Product","Printable Silhouette",£72.00,Enabled,"<a href=""https://magento.clan.com/index.php/admin/catalog_product/edit/id/156266/"">Edit</a>",Printful,"Clan Originals",
156265,,"Clan Crest Simple Backpack",sr_prpfl_crest_simpl<br/>e_backpack,"Printable Product",Printable,£72.00,Enabled,"<a href=""https://magento.clan.com/index.php/admin/catalog_product/edit/id/156265/"">Edit</a>",Printful,"Clan Originals",
156264,,"Tartan Simple Backpack",sr_prpfl_tartan_simp<br/>le_backpack,"Printable Product",Printable,£72.00,Enabled,"<a href=""https://magento.clan.com/index.php/admin/catalog_product/edit/id/156264/"">Edit</a>",Printful,"Clan Originals",
156263,,"Tartan Design Pet Bowl",sr_prpfl_sil_pet_bow<br/>l,"Printable Product","Printable Silhouette + Prful-Pet-Bowl-Size",£57.00,Enabled,"<a href=""https://magento.clan.com/index.php/admin/catalog_product/edit/id/156263/"">Edit</a>",Printful,"Clan Originals",
156262,,"Clan Crest Pet Bowl",sr_prpfl_crest_pet_b<br/>owl,"Printable Product","Printable + Prful-Pet-Bowl-Size",£57.00,Enabled,"<a href=""https://magento.clan.com/index.php/admin/catalog_product/edit/id/156262/"">Edit</a>",Printful,"Clan Originals",
156261,,"Tartan Pet Bowl",sr_prpfl_tartan_pet_<br/>bowl,"Printable Product","Printable + Prful-Pet-Bowl-Size",£57.00,Enabled,"<a href=""https://magento.clan.com/index.php/admin/catalog_product/edit/id/156261/"">Edit</a>",Printful,"Clan Originals",
156260,,"Premium Tartan Design Drink Coaster",sr_prpfl_sil_coaster,"Printable Product","Printable Silhouette",£11.00,Enabled,"<a href=""https://magento.clan.com/index.php/admin/catalog_product/edit/id/156260/"">Edit</a>",Printful,"Clan Originals",
156259,,"Premium Clan Crest Drink Coaster",sr_prpfl_crest_coast<br/>er,"Printable Product",Printable,£11.00,Enabled,"<a href=""https://magento.clan.com/index.php/admin/catalog_product/edit/id/156259/"">Edit</a>",Printful,"Clan Originals",
156258,,"Premium Tartan Drink Coaster",sr_prpfl_tartan_coas<br/>ter,"Printable Product",Printable,£11.00,Enabled,"<a href=""https://magento.clan.com/index.php/admin/catalog_product/edit/id/156258/"">Edit</a>",Printful,"Clan Originals",
153710,,"Essential Ghillie Brogues",sr_strut_essential_e<br/>co,"Configurable Product","Generic Shoes + Colour",£79.00,Enabled,"<a href=""https://magento.clan.com/index.php/admin/catalog_product/edit/id/153710/"">Edit</a>","AE Struthers Footwear",,
153701,,"Classic Ghillie Brogues",sr_strut_classic_705<br/>1,"Configurable Product","Generic Shoes + Colour",£88.00,Enabled,"<a href=""https://magento.clan.com/index.php/admin/catalog_product/edit/id/153701/"">Edit</a>","AE Struthers Footwear","Clan Originals",
153383,,"Tartan Yoga Shorts",sr_prpfl_tartan_yoga<br/>_shorts,"Printable Product","Printable + Prful Size+Stitch-Colour+Pocket",£42.00,Enabled,"<a href=""https://magento.clan.com/index.php/admin/catalog_product/edit/id/153383/"">Edit</a>",Printful,"Clan Originals",
153211,,"Tartan Bum Bag",sr_prpfl_tartan_bum_<br/>bag,"Printable Product","Printable + Prful Size+Stitch-Colour",£55.00,Enabled,"<a href=""https://magento.clan.com/index.php/admin/catalog_product/edit/id/153211/"">Edit</a>",Printful,"Clan Originals",
152816,,"Tartan Padded Sports Bra",sr_prpfl_tartan_padd<br/>ed_sports_bra,"Printable Product","Printable + Prful Size + Prful Piping Colour",£63.00,Enabled,"<a href=""https://magento.clan.com/index.php/admin/catalog_product/edit/id/152816/"">Edit</a>",Printful,"Clan Originals",
152800,,"Tartan Sports Bra",sr_prpfl_tartan_spor<br/>ts_bra,"Printable Product","Printable + Prful Size + Prful Piping Colour",£54.00,Enabled,"<a href=""https://magento.clan.com/index.php/admin/catalog_product/edit/id/152800/"">Edit</a>",Printful,"Clan Originals",
152617,,"Tartan Design Utility Crossbody Bag",sr_prpfl_sil_utility<br/>_crossbody_bag,"Printable Product","Printable Silhouette + Prful Stitch Colour",£46.00,Enabled,"<a href=""https://magento.clan.com/index.php/admin/catalog_product/edit/id/152617/"">Edit</a>",Printful,"Clan Originals",
152616,,"Clan Crest Utility Crossbody Bag",sr_prpfl_crest_utili<br/>ty_crossbody_bag,"Printable Product","Printable + Prful Stitch Colour",£46.00,Enabled,"<a href=""https://magento.clan.com/index.php/admin/catalog_product/edit/id/152616/"">Edit</a>",Printful,"Clan Originals",
152615,,"Tartan Utility Crossbody Bag",sr_prpfl_tartan_util<br/>ity_crossbody_bag,"Printable Product","Printable + Prful Stitch Colour",£46.00,Enabled,"<a href=""https://magento.clan.com/index.php/admin/catalog_product/edit/id/152615/"">Edit</a>",Printful,"Clan Originals",
152613,,"Tartan Design Drawstring Bag",sr_prpfl_sil_drawstr<br/>ing_bag,"Printable Product","Printable Silhouette + Prful Stitch Colour",£36.00,Enabled,"<a href=""https://magento.clan.com/index.php/admin/catalog_product/edit/id/152613/"">Edit</a>",Printful,"Clan Originals",
152612,,"Clan Crest Drawstring Bag",sr_prpfl_crest_draws<br/>tring_bag,"Printable Product","Printable + Prful Stitch Colour",£36.00,Enabled,"<a href=""https://magento.clan.com/index.php/admin/catalog_product/edit/id/152612/"">Edit</a>",Printful,"Clan Originals",
152611,,"Tartan Drawstring Bag",sr_prpfl_tartan_draw<br/>string_bag,"Printable Product","Printable + Prful Stitch Colour",£36.00,Enabled,"<a href=""https://magento.clan.com/index.php/admin/catalog_product/edit/id/152611/"">Edit</a>",Printful,"Clan Originals",
152610,,"Clan Crest Gym Bag",sr_prpfl_crest_gym_b<br/>ag,"Printable Product","Printable + Prful Stitch Colour",£94.00,Enabled,"<a href=""https://magento.clan.com/index.php/admin/catalog_product/edit/id/152610/"">Edit</a>",Printful,"Clan Originals",
152609,,"Tartan Gym Bag",sr_prpfl_tartan_gym_<br/>bag,"Printable Product","Printable + Prful Stitch Colour",£94.00,Enabled,"<a href=""https://magento.clan.com/index.php/admin/catalog_product/edit/id/152609/"">Edit</a>",Printful,"Clan Originals",
152608,,"Clan Crest Duffle Bag",sr_prpfl_crest_duffl<br/>e_bag,"Printable Product","Printable + Prful Stitch Colour",£104.00,Enabled,"<a href=""https://magento.clan.com/index.php/admin/catalog_product/edit/id/152608/"">Edit</a>",Printful,"Clan Originals",
152607,,"Tartan Duffle Bag",sr_prpfl_tartan_duff<br/>le_bag,"Printable Product","Printable + Prful Stitch Colour",£104.00,Enabled,"<a href=""https://magento.clan.com/index.php/admin/catalog_product/edit/id/152607/"">Edit</a>",Printful,"Clan Originals",
152606,,"Kids Tartan Swimsuit",sr_prpfl_kids_tartan<br/>_swimsuit,"Printable Product","Printable + Prful Kids Youth Size+Stitch-Colour",£38.00,Enabled,"<a href=""https://magento.clan.com/index.php/admin/catalog_product/edit/id/152606/"">Edit</a>",Printful,"Clan Originals",
152605,,"Youth Tartan Swimsuit",sr_prpfl_youth_tarta<br/>n_swimsuit,"Printable Product","Printable + Prful Kids Youth Size+Stitch-Colour",£41.00,Enabled,"<a href=""https://magento.clan.com/index.php/admin/catalog_product/edit/id/152605/"">Edit</a>",Printful,"Clan Originals",
152604,,"Tartan One Piece Swimsuit",sr_prpfl_tartan_swim<br/>suit,"Printable Product","Printable + Prful Size+Stitch-Colour",£61.00,Enabled,"<a href=""https://magento.clan.com/index.php/admin/catalog_product/edit/id/152604/"">Edit</a>",Printful,"Clan Originals",
152603,,"Tartan High Waisted Bikini",sr_prpfl_tartan_high<br/>_waisted_bikini,"Printable Product","Printable + Prful Size+Stitch-Colour",£72.00,Enabled,"<a href=""https://magento.clan.com/index.php/admin/catalog_product/edit/id/152603/"">Edit</a>",Printful,"Clan Originals",
152602,,"Tartan String Bikini",sr_prpfl_tartan_stri<br/>ng_bikini,"Printable Product","Printable + Prful Size+Stitch-Colour",£61.00,Enabled,"<a href=""https://magento.clan.com/index.php/admin/catalog_product/edit/id/152602/"">Edit</a>",Printful,"Clan Originals",
152601,,"Tartan Swim Trunks",sr_prpfl_tartan_swim<br/>_trunks,"Printable Product","Printable + Prful Size+Stitch-Colour",£78.00,Enabled,"<a href=""https://magento.clan.com/index.php/admin/catalog_product/edit/id/152601/"">Edit</a>",Printful,"Clan Originals",
152600,,"Kids Tartan Design Rash Guard",sr_prpfl_kids_sil_ra<br/>sh_guard,"Printable Product","Printable Silhouette + Prful Kids Youth Size+Stitch-Colour",£39.00,Enabled,"<a href=""https://magento.clan.com/index.php/admin/catalog_product/edit/id/152600/"">Edit</a>",Printful,"Clan Originals",
152599,,"Kids Clan Crest Rash Guard",sr_prpfl_kids_crest_<br/>rash_guard,"Printable Product","Printable + Prful Kids Youth Size+Stitch-Colour",£39.00,Enabled,"<a href=""https://magento.clan.com/index.php/admin/catalog_product/edit/id/152599/"">Edit</a>",Printful,"Clan Originals",
152598,,"Kids Tartan Rash Guard",sr_prpfl_kids_tartan<br/>_rash_guard,"Printable Product","Printable + Prful Kids Youth Size+Stitch-Colour",£39.00,Enabled,"<a href=""https://magento.clan.com/index.php/admin/catalog_product/edit/id/152598/"">Edit</a>",Printful,"Clan Originals",
152597,,"Youth Tartan Design Rash Guard",sr_prpfl_youth_sil_r<br/>ash_guard,"Printable Product","Printable Silhouette + Prful Kids Youth Size+Stitch-Colour",£41.00,Enabled,"<a href=""https://magento.clan.com/index.php/admin/catalog_product/edit/id/152597/"">Edit</a>",Printful,"Clan Originals",
152596,,"Youth Clan Crest Rash Guard",sr_prpfl_youth_crest<br/>_rash_guard,"Printable Product","Printable + Prful Kids Youth Size+Stitch-Colour",£41.00,Enabled,"<a href=""https://magento.clan.com/index.php/admin/catalog_product/edit/id/152596/"">Edit</a>",Printful,"Clan Originals",
152595,,"Youth Tartan Rash Guard",sr_prpfl_youth_tarta<br/>n_rash_guard,"Printable Product","Printable + Prful Kids Youth Size+Stitch-Colour",£41.00,Enabled,"<a href=""https://magento.clan.com/index.php/admin/catalog_product/edit/id/152595/"">Edit</a>",Printful,"Clan Originals",
152594,,"Womens Tartan Design Rash Guard",sr_prpfl_womens_sil_<br/>rash_guard,"Printable Product","Printable Silhouette + Prful Size+Stitch-Colour",£77.00,Enabled,"<a href=""https://magento.clan.com/index.php/admin/catalog_product/edit/id/152594/"">Edit</a>",Printful,"Clan Originals",
152593,,"Womens Clan Crest Rash Guard",sr_prpfl_womens_cres<br/>t_rash_guard,"Printable Product","Printable + Prful Size+Stitch-Colour",£77.00,Enabled,"<a href=""https://magento.clan.com/index.php/admin/catalog_product/edit/id/152593/"">Edit</a>",Printful,"Clan Originals",
152592,,"Womens Tartan Rash Guard",sr_prpfl_womens_tart<br/>an_rash_guard,"Printable Product","Printable + Prful Size+Stitch-Colour",£77.00,Enabled,"<a href=""https://magento.clan.com/index.php/admin/catalog_product/edit/id/152592/"">Edit</a>",Printful,"Clan Originals",
152591,,"Mens Tartan Design Rash Guard",sr_prpfl_mens_sil_ra<br/>sh_guard,"Printable Product","Printable Silhouette + Prful Size+Stitch-Colour",£77.00,Enabled,"<a href=""https://magento.clan.com/index.php/admin/catalog_product/edit/id/152591/"">Edit</a>",Printful,"Clan Originals",
152590,,"Mens Clan Crest Rash Guard",sr_prpfl_mens_crest_<br/>rash_guard,"Printable Product","Printable + Prful Size+Stitch-Colour",£77.00,Enabled,"<a href=""https://magento.clan.com/index.php/admin/catalog_product/edit/id/152590/"">Edit</a>",Printful,"Clan Originals",
152589,,"Mens Tartan Rash Guard",sr_prpfl_mens_tartan<br/>_rash_guard,"Printable Product","Printable + Prful Size+Stitch-Colour",£77.00,Enabled,"<a href=""https://magento.clan.com/index.php/admin/catalog_product/edit/id/152589/"">Edit</a>",Printful,"Clan Originals",
152588,,"Tartan Crossover Leggings with Pockets",sr_prpfl_tartan_cros<br/>sover_leggings_pocke<br/>ts,"Printable Product","Printable + Prful Size+Stitch-Colour",£68.00,Enabled,"<a href=""https://magento.clan.com/index.php/admin/catalog_product/edit/id/152588/"">Edit</a>",Printful,"Clan Originals",
152587,,"Tartan Yoga Leggings",sr_prpfl_tartan_yoga<br/>_leggings,"Printable Product","Printable + Prful Size+Stitch-Colour+Pocket",£68.00,Enabled,"<a href=""https://magento.clan.com/index.php/admin/catalog_product/edit/id/152587/"">Edit</a>",Printful,"Clan Originals",
152586,,"Tartan Leggings with Pockets",sr_prpfl_tartan_legg<br/>ings_with_pockets,"Printable Product","Printable + Prful Size+Stitch-Colour",£68.00,Enabled,"<a href=""https://magento.clan.com/index.php/admin/catalog_product/edit/id/152586/"">Edit</a>",Printful,"Clan Originals",
152585,,"Tartan Yoga Capri Leggings",sr_prpfl_tartan_yoga<br/>_capri_leggings,"Printable Product","Printable + Prful Size+Stitch-Colour+Pocket",£59.00,Enabled,"<a href=""https://magento.clan.com/index.php/admin/catalog_product/edit/id/152585/"">Edit</a>",Printful,"Clan Originals",
152584,,"Tartan Plus Size Leggings",sr_prpfl_tartan_plus<br/>_size_leggings,"Printable Product","Printable + Prful Size+Stitch-Colour",£66.00,Enabled,"<a href=""https://magento.clan.com/index.php/admin/catalog_product/edit/id/152584/"">Edit</a>",Printful,"Clan Originals",
152583,,"Tartan Flare Leggings",sr_prpfl_tartan_flar<br/>e_leggings,"Printable Product","Printable + Prful Size+Stitch-Colour",£66.00,Enabled,"<a href=""https://magento.clan.com/index.php/admin/catalog_product/edit/id/152583/"">Edit</a>",Printful,"Clan Originals",
152582,,"Tartan Kids Leggings",sr_prpfl_tartan_kids<br/>_leggings,"Printable Product","Printable + Prful Kids Youth Size+Stitch-Colour",£30.00,Enabled,"<a href=""https://magento.clan.com/index.php/admin/catalog_product/edit/id/152582/"">Edit</a>",Printful,"Clan Originals",
152581,,"Tartan Youth Leggings",sr_prpfl_tartan_yout<br/>h_leggings,"Printable Product","Printable + Prful Kids Youth Size+Stitch-Colour",£30.00,Enabled,"<a href=""https://magento.clan.com/index.php/admin/catalog_product/edit/id/152581/"">Edit</a>",Printful,"Clan Originals",
152580,,"Tartan Capri Leggings",sr_prpfl_tartan_capr<br/>i_leggings,"Printable Product","Printable + Prful Size+Stitch-Colour",£42.00,Enabled,"<a href=""https://magento.clan.com/index.php/admin/catalog_product/edit/id/152580/"">Edit</a>",Printful,"Clan Originals",
152579,,"Tartan Leggings",sr_prpfl_tartan_legg<br/>ings,"Printable Product","Printable + Prful Size+Stitch-Colour",£42.00,Enabled,"<a href=""https://magento.clan.com/index.php/admin/catalog_product/edit/id/152579/"">Edit</a>",Printful,"Clan Originals",
152578,,"Tartan Design Crop Tee",sr_prpfl_sil_crop_te<br/>e,"Printable Product","Printable Silhouette + Prful Size+Stitch-Colour",£45.00,Enabled,"<a href=""https://magento.clan.com/index.php/admin/catalog_product/edit/id/152578/"">Edit</a>",Printful,"Clan Originals",
152577,,"Clan Crest Crop Tee",sr_prpfl_crest_crop_<br/>tee,"Printable Product","Printable + Prful Size+Stitch-Colour",£45.00,Enabled,"<a href=""https://magento.clan.com/index.php/admin/catalog_product/edit/id/152577/"">Edit</a>",Printful,"Clan Originals",
152576,,"Tartan Crop Tee",sr_prpfl_tartan_crop<br/>_tee,"Printable Product","Printable + Prful Size+Stitch-Colour",£45.00,Enabled,"<a href=""https://magento.clan.com/index.php/admin/catalog_product/edit/id/152576/"">Edit</a>",Printful,"Clan Originals",
152575,,"Tartan Design Long Sleeve Crop Top",sr_prpfl_sil_long_sl<br/>eeve_crop_top,"Printable Product","Printable Silhouette + Prful Size+Stitch-Colour",£65.00,Enabled,"<a href=""https://magento.clan.com/index.php/admin/catalog_product/edit/id/152575/"">Edit</a>",Printful,"Clan Originals",
152574,,"Clan Crest Long Sleeve Crop Top",sr_prpfl_crest_long_<br/>sleeve_crop_top,"Printable Product","Printable + Prful Size+Stitch-Colour",£65.00,Enabled,"<a href=""https://magento.clan.com/index.php/admin/catalog_product/edit/id/152574/"">Edit</a>",Printful,"Clan Originals",
152573,,"Tartan Long Sleeve Crop Top",sr_prpfl_tartan_long<br/>_sleeve_crop_top,"Printable Product","Printable + Prful Size+Stitch-Colour",£65.00,Enabled,"<a href=""https://magento.clan.com/index.php/admin/catalog_product/edit/id/152573/"">Edit</a>",Printful,"Clan Originals",
152572,,"Womens Tartan Design Tank Top",sr_prpfl_womens_sil_<br/>tank_top,"Printable Product","Printable Silhouette + Prful Size+Stitch-Colour",£40.00,Enabled,"<a href=""https://magento.clan.com/index.php/admin/catalog_product/edit/id/152572/"">Edit</a>",Printful,"Clan Originals",
152571,,"Womens Clan Crest Tank Top",sr_prpfl_womens_cres<br/>t_tank_top,"Printable Product","Printable + Prful Size+Stitch-Colour",£40.00,Enabled,"<a href=""https://magento.clan.com/index.php/admin/catalog_product/edit/id/152571/"">Edit</a>",Printful,"Clan Originals",
152570,,"Womens Tartan Tank Top",sr_prpfl_womens_tart<br/>an_tank_top,"Printable Product","Printable + Prful Size+Stitch-Colour",£40.00,Enabled,"<a href=""https://magento.clan.com/index.php/admin/catalog_product/edit/id/152570/"">Edit</a>",Printful,"Clan Originals",
152569,,"Womens Tartan Design Athletic T‑Shirt",sr_prpfl_womens_sil_<br/>athletic_t_shirt,"Printable Product","Printable Silhouette + Prful Size+Stitch-Colour",£57.00,Enabled,"<a href=""https://magento.clan.com/index.php/admin/catalog_product/edit/id/152569/"">Edit</a>",Printful,"Clan Originals",
152568,,"Womens Clan Crest Athletic T‑Shirt",sr_prpfl_womens_cres<br/>t_athletic_t_shirt,"Printable Product","Printable + Prful Size+Stitch-Colour",£57.00,Enabled,"<a href=""https://magento.clan.com/index.php/admin/catalog_product/edit/id/152568/"">Edit</a>",Printful,"Clan Originals",
152567,,"Womens Tartan Athletic T‑Shirt",sr_prpfl_womens_tart<br/>an_athletic_t_shirt,"Printable Product","Printable + Prful Size+Stitch-Colour",£57.00,Enabled,"<a href=""https://magento.clan.com/index.php/admin/catalog_product/edit/id/152567/"">Edit</a>",Printful,"Clan Originals",
152566,,"Tartan Design Crop Top",sr_prpfl_sil_crop_to<br/>p,"Printable Product","Printable Silhouette + Prful Size+Stitch-Colour",£36.00,Enabled,"<a href=""https://magento.clan.com/index.php/admin/catalog_product/edit/id/152566/"">Edit</a>",Printful,"Clan Originals",
152565,,"Clan Crest Crop Top",sr_prpfl_crest_crop_<br/>top,"Printable Product","Printable + Prful Size+Stitch-Colour",£36.00,Enabled,"<a href=""https://magento.clan.com/index.php/admin/catalog_product/edit/id/152565/"">Edit</a>",Printful,"Clan Originals",
152564,,"Tartan Crop Top",sr_prpfl_tartan_crop<br/>_top,"Printable Product","Printable + Prful Size+Stitch-Colour",£36.00,Enabled,"<a href=""https://magento.clan.com/index.php/admin/catalog_product/edit/id/152564/"">Edit</a>",Printful,"Clan Originals",
152563,,"Tartan Longline Sports Bra",sr_prpfl_tartan_long<br/>line_sports_bra,"Printable Product","Printable + Prful Size+Stitch-Colour",£66.00,Enabled,"<a href=""https://magento.clan.com/index.php/admin/catalog_product/edit/id/152563/"">Edit</a>",Printful,"Clan Originals",
152559,,"Womens Tartan Biker Shorts",sr_prpfl_womens_tart<br/>an_biker_shorts,"Printable Product","Printable + Prful Size+Stitch-Colour",£52.00,Enabled,"<a href=""https://magento.clan.com/index.php/admin/catalog_product/edit/id/152559/"">Edit</a>",Printful,"Clan Originals",
152558,,"Womens Tartan Shorts",sr_prpfl_womens_tart<br/>an_shorts,"Printable Product","Printable + Prful Size+Stitch-Colour",£40.00,Enabled,"<a href=""https://magento.clan.com/index.php/admin/catalog_product/edit/id/152558/"">Edit</a>",Printful,"Clan Originals",
152557,,"Mens Tartan Design Athletic T‑Shirt",sr_prpfl_mens_sil_at<br/>hletic_tshirt,"Printable Product","Printable Silhouette + Prful Size+Stitch-Colour",£61.00,Enabled,"<a href=""https://magento.clan.com/index.php/admin/catalog_product/edit/id/152557/"">Edit</a>",Printful,"Clan Originals",
152556,,"Mens Clan Crest Athletic T‑Shirt",sr_prpfl_mens_crest_<br/>athletic_tshirt,"Printable Product","Printable + Prful Size+Stitch-Colour",£61.00,Enabled,"<a href=""https://magento.clan.com/index.php/admin/catalog_product/edit/id/152556/"">Edit</a>",Printful,"Clan Originals",
152555,,"Mens Tartan Athletic T‑Shirt",sr_prpfl_mens_tartan<br/>_athletic_tshirt,"Printable Product","Printable + Prful Size+Stitch-Colour",£61.00,Enabled,"<a href=""https://magento.clan.com/index.php/admin/catalog_product/edit/id/152555/"">Edit</a>",Printful,"Clan Originals",
152554,,"Tartan Design Sports Top",sr_prpfl_sil_sports_<br/>top,"Printable Product","Printable Silhouette + Prful Size+Stitch-Colour",£65.00,Enabled,"<a href=""https://magento.clan.com/index.php/admin/catalog_product/edit/id/152554/"">Edit</a>",Printful,"Clan Originals",
152553,,"Clan Crest Sports Top",sr_prpfl_crest_sport<br/>s_top,"Printable Product","Printable + Prful Size+Stitch-Colour",£65.00,Enabled,"<a href=""https://magento.clan.com/index.php/admin/catalog_product/edit/id/152553/"">Edit</a>",Printful,"Clan Originals",
152552,,"Tartan Sports Top",sr_prpfl_tartan_spor<br/>ts_top,"Printable Product","Printable + Prful Size+Stitch-Colour",£65.00,Enabled,"<a href=""https://magento.clan.com/index.php/admin/catalog_product/edit/id/152552/"">Edit</a>",Printful,"Clan Originals",
152551,,"Tartan Design Tank Top",sr_prpfl_sil_tank_to<br/>p,"Printable Product","Printable Silhouette + Prful Size+Stitch-Colour",£47.00,Enabled,"<a href=""https://magento.clan.com/index.php/admin/catalog_product/edit/id/152551/"">Edit</a>",Printful,"Clan Originals",
152550,,"Clan Crest Tank Top",sr_prpfl_crest_tank_<br/>top,"Printable Product","Printable + Prful Size+Stitch-Colour",£47.00,Enabled,"<a href=""https://magento.clan.com/index.php/admin/catalog_product/edit/id/152550/"">Edit</a>",Printful,"Clan Originals",
152549,,"Tartan Tank Top",sr_prpfl_tartan_tank<br/>_top,"Printable Product","Printable + Prful Size+Stitch-Colour",£47.00,Enabled,"<a href=""https://magento.clan.com/index.php/admin/catalog_product/edit/id/152549/"">Edit</a>",Printful,"Clan Originals",
152548,,"Tartan Design Basketball Jersey",sr_prpfl_sil_basketb<br/>all_jersey,"Printable Product","Printable Silhouette + Prful Size+Stitch-Colour",£47.00,Enabled,"<a href=""https://magento.clan.com/index.php/admin/catalog_product/edit/id/152548/"">Edit</a>",Printful,"Clan Originals",
152547,,"Clan Crest Basketball Jersey",sr_prpfl_crest_baske<br/>tball_jersey,"Printable Product","Printable + Prful Size+Stitch-Colour",£47.00,Enabled,"<a href=""https://magento.clan.com/index.php/admin/catalog_product/edit/id/152547/"">Edit</a>",Printful,"Clan Originals",
152546,,"Tartan Basketball Jersey",sr_prpfl_tartan_bask<br/>etball_jersey,"Printable Product","Printable + Prful Size+Stitch-Colour",£47.00,Enabled,"<a href=""https://magento.clan.com/index.php/admin/catalog_product/edit/id/152546/"">Edit</a>",Printful,"Clan Originals",
152545,,"Tartan Mesh Shorts",sr_prpfl_tartan_mesh<br/>_shorts,"Printable Product","Printable + Prful Size+Stitch-Colour",£54.00,Enabled,"<a href=""https://magento.clan.com/index.php/admin/catalog_product/edit/id/152545/"">Edit</a>",Printful,"Clan Originals",
152544,,"Tartan Athletic Shorts",sr_prpfl_tartan_shor<br/>ts,"Printable Product","Printable + Prful Size+Stitch-Colour",£54.00,Enabled,"<a href=""https://magento.clan.com/index.php/admin/catalog_product/edit/id/152544/"">Edit</a>",Printful,"Clan Originals",
152543,,"Tartan Athletic Long Shorts",sr_prpfl_tartan_long<br/>_shorts,"Printable Product","Printable + Prful Size+Stitch-Colour",£58.00,Enabled,"<a href=""https://magento.clan.com/index.php/admin/catalog_product/edit/id/152543/"">Edit</a>",Printful,"Clan Originals",
152542,,"Tartan Design Youth T‑Shirt",sr_prpfl_sil_youth_t<br/>shirt,"Printable Product","Printable Silhouette + Prful Kids Youth Size+Stitch-Colour",£35.00,Enabled,"<a href=""https://magento.clan.com/index.php/admin/catalog_product/edit/id/152542/"">Edit</a>",Printful,"Clan Originals",
152541,,"Clan Crest Youth T‑Shirt",sr_prpfl_crest_youth<br/>_tshirt,"Printable Product","Printable + Prful Kids Youth Size+Stitch-Colour",£35.00,Enabled,"<a href=""https://magento.clan.com/index.php/admin/catalog_product/edit/id/152541/"">Edit</a>",Printful,"Clan Originals",
152540,,"Tartan Youth T‑Shirt",sr_prpfl_tartan_yout<br/>h_tshirt,"Printable Product","Printable + Prful Kids Youth Size+Stitch-Colour",£35.00,Enabled,"<a href=""https://magento.clan.com/index.php/admin/catalog_product/edit/id/152540/"">Edit</a>",Printful,"Clan Originals",
152539,,"Tartan Design Kids T‑Shirt",sr_prpfl_sil_kids_ts<br/>hirt,"Printable Product","Printable Silhouette + Prful Kids Youth Size+Stitch-Colour",£32.00,Enabled,"<a href=""https://magento.clan.com/index.php/admin/catalog_product/edit/id/152539/"">Edit</a>",Printful,"Clan Originals",
152538,,"Clan Crest Kids T‑Shirt",sr_prpfl_crest_kids_<br/>tshirt,"Printable Product","Printable + Prful Kids Youth Size+Stitch-Colour",£32.00,Enabled,"<a href=""https://magento.clan.com/index.php/admin/catalog_product/edit/id/152538/"">Edit</a>",Printful,"Clan Originals",
152537,,"Tartan Kids T‑Shirt",sr_prpfl_tartan_kids<br/>_tshirt,"Printable Product","Printable + Prful Kids Youth Size+Stitch-Colour",£32.00,Enabled,"<a href=""https://magento.clan.com/index.php/admin/catalog_product/edit/id/152537/"">Edit</a>",Printful,"Clan Originals",
152536,,"Tartan Contour Dress",sr_prpfl_tartan_cont<br/>our_dress,"Printable Product","Printable + Prful Size+Stitch-Colour",£52.00,Enabled,"<a href=""https://magento.clan.com/index.php/admin/catalog_product/edit/id/152536/"">Edit</a>",Printful,"Clan Originals",
152535,,"Tartan Short‑Sleeved Shirt",sr_prpfl_tartan_shir<br/>t,"Printable Product","Printable + Prful Size+Stitch-Colour",£79.00,Enabled,"<a href=""https://magento.clan.com/index.php/admin/catalog_product/edit/id/152535/"">Edit</a>",Printful,"Clan Originals",
152534,,"Tartan Bandana",sr_prpfl_tartan_band<br/>ana,"Printable Product","Printable + Prful Size+Stitch-Colour",£20.00,Enabled,"<a href=""https://magento.clan.com/index.php/admin/catalog_product/edit/id/152534/"">Edit</a>",Printful,"Clan Originals",
152533,,"Classic Tartan Tube Scarf",sr_prpfl_tartan_tube<br/>_scarf_premium,"Printable Product","Printable + Prful Stitch Colour",£24.00,Enabled,"<a href=""https://magento.clan.com/index.php/admin/catalog_product/edit/id/152533/"">Edit</a>",Printful,"Clan Originals",
152532,,"Tartan Headband",sr_prpfl_tartan_head<br/>band,"Printable Product","Printable + Prful Size+Stitch-Colour",£14.00,Enabled,"<a href=""https://magento.clan.com/index.php/admin/catalog_product/edit/id/152532/"">Edit</a>",Printful,"Clan Originals",
152531,,"Tartan Design Reversible Bucket Hat",sr_prpfl_sil_reversi<br/>ble_bucket_hat,"Printable Product","Printable Silhouette + Prful Size+Stitch-Colour",£52.00,Enabled,"<a href=""https://magento.clan.com/index.php/admin/catalog_product/edit/id/152531/"">Edit</a>",Printful,"Clan Originals",
152530,,"Clan Crest Reversible Bucket Hat",sr_prpfl_crest_rever<br/>sible_bucket_hat,"Printable Product","Printable + Prful Size+Stitch-Colour",£52.00,Enabled,"<a href=""https://magento.clan.com/index.php/admin/catalog_product/edit/id/152530/"">Edit</a>",Printful,"Clan Originals",
152529,,"Tartan Reversible Bucket Hat",sr_prpfl_tartan_reve<br/>rsible_bucket_hat,"Printable Product","Printable + Prful Size+Stitch-Colour",£52.00,Enabled,"<a href=""https://magento.clan.com/index.php/admin/catalog_product/edit/id/152529/"">Edit</a>",Printful,"Clan Originals",
152528,,"Tartan Flip Flops",sr_prpfl_tartan_flip<br/>_flops,"Printable Product","Printable + Prful Size",£28.00,Enabled,"<a href=""https://magento.clan.com/index.php/admin/catalog_product/edit/id/152528/"">Edit</a>",Printful,"Clan Originals",
149186,,"Fairisle Luxury Wool Country Socks",sr_houch_ladies_fair<br/>isle_socks_long,"Configurable Product","houch Fairisle Long",£56.00,Enabled,"<a href=""https://magento.clan.com/index.php/admin/catalog_product/edit/id/149186/"">Edit</a>","House of Cheviot","House of Cheviot",
149184,,"Fairisle Luxury Wool Socks",sr_houch_ladies_fair<br/>isle_socks_casual,"Configurable Product","houch Fairisle Short",£18.00,Enabled,"<a href=""https://magento.clan.com/index.php/admin/catalog_product/edit/id/149184/"">Edit</a>","House of Cheviot","House of Cheviot",
148784,,"Essential Daywear Sporran",sr_esssw_ess_day_spo<br/>rran_8gs,"Configurable Product","Generic Daywear Sporran (Colour)",£60.00,Enabled,"<a href=""https://magento.clan.com/index.php/admin/catalog_product/edit/id/148784/"">Edit</a>","William Scott Sporran Maker","Clan Originals",
145358,,"Tartan Flared Skirt",sr_prpfl_tartan_flar<br/>ed_skirt,"Printable Product","Printable + Prful Size+Stitch-Colour",£55.00,Enabled,"<a href=""https://magento.clan.com/index.php/admin/catalog_product/edit/id/145358/"">Edit</a>",Printful,"Clan Originals",
143517,,"Tartan Long Sleeve Dress",sr_prpfl_tartan_long<br/>_sleeve_dress,"Printable Product","Printable + Prful Size+Stitch-Colour",£78.00,Enabled,"<a href=""https://magento.clan.com/index.php/admin/catalog_product/edit/id/143517/"">Edit</a>",Printful,"Clan Originals",
143514,,"Tartan Sleeveless Dress",sr_prpfl_tartan_slee<br/>veless_dress,"Printable Product","Printable + Prful Size+Stitch-Colour",£70.00,Enabled,"<a href=""https://magento.clan.com/index.php/admin/catalog_product/edit/id/143514/"">Edit</a>",Printful,"Clan Originals",
143511,,"Premium Tartan Sweatshirt",sr_prpfl_tartan_prem<br/>ium_sweatshirt,"Printable Product","Printable + Prful Size+Stitch-Colour",£62.00,Enabled,"<a href=""https://magento.clan.com/index.php/admin/catalog_product/edit/id/143511/"">Edit</a>",Printful,"Clan Originals",
143510,,"Tartan Wide‑leg Joggers",sr_prpfl_tartan_wide<br/>_leg_joggers,"Printable Product","Printable + Prful Size+Stitch-Colour",£86.00,Enabled,"<a href=""https://magento.clan.com/index.php/admin/catalog_product/edit/id/143510/"">Edit</a>",Printful,"Clan Originals",
143509,,"Tartan Wide‑leg Trousers",sr_prpfl_tartan_wide<br/>_leg_trousers,"Printable Product","Printable + Prful Size+Stitch-Colour",£62.00,Enabled,"<a href=""https://magento.clan.com/index.php/admin/catalog_product/edit/id/143509/"">Edit</a>",Printful,"Clan Originals",
143502,,"Tartan Boxer Briefs",sr_prpfl_tartan_boxe<br/>r_briefs,"Printable Product","Printable + Prful Size+Stitch-Colour",£49.00,Enabled,"<a href=""https://magento.clan.com/index.php/admin/catalog_product/edit/id/143502/"">Edit</a>",Printful,"Clan Originals",
143451,,"Tartan Scrunchie",sr_prpfl_tartan_scru<br/>nchie,"Printable Product","Printable + Prful Stitch Colour",£16.00,Enabled,"<a href=""https://magento.clan.com/index.php/admin/catalog_product/edit/id/143451/"">Edit</a>",Printful,"Clan Originals",
139297,,"Tartan Beanie Hat",sr_prpfl_tartan_bean<br/>ie,"Printable Product","Printable + Prful Size+Stitch-Colour",£26.00,Enabled,"<a href=""https://magento.clan.com/index.php/admin/catalog_product/edit/id/139297/"">Edit</a>",Printful,"Clan Originals",
135634,,"Large Premium Tartan Tote Bag",sr_prpfl_large_prem_<br/>tartan_tote,"Printable Product","Printable Prful Tote",£42.00,Enabled,"<a href=""https://magento.clan.com/index.php/admin/catalog_product/edit/id/135634/"">Edit</a>",Printful,"Clan Originals",
135633,,"Large Premium Clan Crest Tote Bag",sr_prpfl_large_prem_<br/>crest_tote,"Printable Product","Printable Prful Tote",£42.00,Enabled,"<a href=""https://magento.clan.com/index.php/admin/catalog_product/edit/id/135633/"">Edit</a>",Printful,"Clan Originals",
135632,,"Large Premium Tartan Design Tote Bag",sr_prpfl_large_prem_<br/>sil_tote,"Printable Product","Printable Silhouette Prful Tote",£42.00,Enabled,"<a href=""https://magento.clan.com/index.php/admin/catalog_product/edit/id/135632/"">Edit</a>",Printful,"Clan Originals",
135631,,"Premium Tartan Tote Bag",sr_prpfl_prem_tartan<br/>_tote,"Printable Product","Printable Prful Tote",£35.00,Enabled,"<a href=""https://magento.clan.com/index.php/admin/catalog_product/edit/id/135631/"">Edit</a>",Printful,"Clan Originals",
135630,,"Premium Clan Crest Tote Bag",sr_prpfl_prem_crest_<br/>tote,"Printable Product","Printable Prful Tote",£35.00,Enabled,"<a href=""https://magento.clan.com/index.php/admin/catalog_product/edit/id/135630/"">Edit</a>",Printful,"Clan Originals",
135629,,"Premium Tartan Design Tote Bag",sr_prpfl_prem_sil_to<br/>te,"Printable Product","Printable Silhouette Prful Tote",£35.00,Enabled,"<a href=""https://magento.clan.com/index.php/admin/catalog_product/edit/id/135629/"">Edit</a>",Printful,"Clan Originals",
135161,,"Premium Tartan Women's Crew Neck T‑shirt",sr_prpfl_tartan_wome<br/>ns_crew_neck_tshirt,"Printable Product","Printable Prful All Over Tshirt",£50.00,Enabled,"<a href=""https://magento.clan.com/index.php/admin/catalog_product/edit/id/135161/"">Edit</a>",Printful,"Clan Originals",
135160,,"Premium Clan Crest Women's Crew Neck T‑shirt",sr_prpfl_crest_women<br/>s_crew_neck_tshirt,"Printable Product","Printable Prful All Over Tshirt",£50.00,Enabled,"<a href=""https://magento.clan.com/index.php/admin/catalog_product/edit/id/135160/"">Edit</a>",Printful,"Clan Originals",
135159,,"Premium Tartan Design Women's Crew Neck T‑shirt",sr_prpfl_sil_womens_<br/>crew_neck_tshirt,"Printable Product","Printable Silhouette Prful All Over Tshirt",£50.00,Enabled,"<a href=""https://magento.clan.com/index.php/admin/catalog_product/edit/id/135159/"">Edit</a>",Printful,"Clan Originals",
133057,,"Premium Tartan Men's Crew Neck T‑shirt",sr_prpfl_prem_tartan<br/>_crew_tshirt,"Printable Product","Printable Prful All Over Tshirt",£50.00,Enabled,"<a href=""https://magento.clan.com/index.php/admin/catalog_product/edit/id/133057/"">Edit</a>",Printful,"Clan Originals",
133056,,"Premium Clan Crest Men's Crew Neck T‑shirt",sr_prpfl_prem_crest_<br/>crew_tshirt,"Printable Product","Printable Prful All Over Tshirt",£50.00,Enabled,"<a href=""https://magento.clan.com/index.php/admin/catalog_product/edit/id/133056/"">Edit</a>",Printful,"Clan Originals",
133055,,"Premium Tartan Design Men's Crew Neck T‑shirt",sr_prpfl_prem_sil_cr<br/>ew_tshirt,"Printable Product","Printable Silhouette Prful All Over Tshirt",£50.00,Enabled,"<a href=""https://magento.clan.com/index.php/admin/catalog_product/edit/id/133055/"">Edit</a>",Printful,"Clan Originals",
133054,,"Tartan Cushion Cover",sr_prpfl_tartan_cush<br/>ion_cover,"Printable Product","Printable Prful Pillow",£37.00,Enabled,"<a href=""https://magento.clan.com/index.php/admin/catalog_product/edit/id/133054/"">Edit</a>",Printful,"Clan Originals",
133053,,"Clan Crest Cushion Cover",sr_prpfl_crest_cushi<br/>on,"Printable Product","Printable Prful Pillow",£37.00,Enabled,"<a href=""https://magento.clan.com/index.php/admin/catalog_product/edit/id/133053/"">Edit</a>",Printful,"Clan Originals",
133052,,"Tartan Design Cushion Cover",sr_prpfl_sil_cushion<br/>_cover,"Printable Product","Printable Silhouette Prful Pillow",£37.00,Enabled,"<a href=""https://magento.clan.com/index.php/admin/catalog_product/edit/id/133052/"">Edit</a>",Printful,"Clan Originals",
132497,,"Tartan Lambswool Stole",sr_lonau_lambswool_s<br/>tole,"Configurable Product","Lona Lambswool Stole",£51.00,Enabled,"<a href=""https://magento.clan.com/index.php/admin/catalog_product/edit/id/132497/"">Edit</a>","Lona Uk Ltd","Clan Originals",
132484,,"Reversible Cashmere Scarf",sr_lonau_reversible_<br/>scarf,"Configurable Product","Lona Reversible Scarf",£142.00,Enabled,"<a href=""https://magento.clan.com/index.php/admin/catalog_product/edit/id/132484/"">Edit</a>","Lona Uk Ltd","Clan Originals",
131258,,"6oz Matt Black Hip Flask Fisherman",sr_artpw_HF6B_FM,"Configurable Product","Generic Engraving",£27.00,Enabled,"<a href=""https://magento.clan.com/index.php/admin/catalog_product/edit/id/131258/"">Edit</a>","Art Pewter","Art Pewter",
131257,,"6oz Matt Black Hip Flask Hunter",sr_artpw_HF6B_HU,"Configurable Product","Generic Engraving",£27.00,Enabled,"<a href=""https://magento.clan.com/index.php/admin/catalog_product/edit/id/131257/"">Edit</a>","Art Pewter","Art Pewter",
131256,,"6oz Matt Black Hip Flask Lion Rampant",sr_artpw_HF6B_LR,"Configurable Product","Generic Engraving",£27.00,Enabled,"<a href=""https://magento.clan.com/index.php/admin/catalog_product/edit/id/131256/"">Edit</a>","Art Pewter","Art Pewter",
131255,,"6oz Matt Black Hip Flask Highland Cow",sr_artpw_HF6B_HC,"Configurable Product","Generic Engraving",£27.00,Enabled,"<a href=""https://magento.clan.com/index.php/admin/catalog_product/edit/id/131255/"">Edit</a>","Art Pewter","Art Pewter",
131253,,"6oz Matt Black Hip Flask Celtic Thistle",sr_artpw_HF6B_CT,"Configurable Product","Generic Engraving",£27.00,Enabled,"<a href=""https://magento.clan.com/index.php/admin/catalog_product/edit/id/131253/"">Edit</a>","Art Pewter","Art Pewter",
131150,,"Horn Kilt Pin",sr_glnsk_GMKH_1,"Simple Product",Default,£34.00,Enabled,"<a href=""https://magento.clan.com/index.php/admin/catalog_product/edit/id/131150/"">Edit</a>","Glen Esk","Glen Esk",
131149,,"Horn Sgian Dubh",sr_glnsk_G1,"Simple Product","Generic Sgian Dubh",£78.00,Enabled,"<a href=""https://magento.clan.com/index.php/admin/catalog_product/edit/id/131149/"">Edit</a>","Glen Esk","Glen Esk",
131148,,"Horn Sgian Brew",sr_glnsk_SGB1,"Simple Product","Generic Sgian Dubh",£60.00,Enabled,"<a href=""https://magento.clan.com/index.php/admin/catalog_product/edit/id/131148/"">Edit</a>","Glen Esk","Glen Esk",
130739,,"Tartan Sherpa Blanket",sr_prpfl_tartan_sher<br/>pa_blanket,"Printable Product","Printable Prful Sherpa",£70.00,Enabled,"<a href=""https://magento.clan.com/index.php/admin/catalog_product/edit/id/130739/"">Edit</a>",Printful,"Clan Originals",
130454,,"Saltire Cufflinks",sr_artpw_cufflinks_C<br/>125,"Simple Product","Default +emblem",£31.00,Enabled,"<a href=""https://magento.clan.com/index.php/admin/catalog_product/edit/id/130454/"">Edit</a>","Art Pewter","Art Pewter",
129720,,"Tartan Throw Blanket",sw_prpfl_tartan_thro<br/>w_blanket,"Printable Product",Printable,£59.00,Enabled,"<a href=""https://magento.clan.com/index.php/admin/catalog_product/edit/id/129720/"">Edit</a>",Printful,"Clan Originals",
129716,,"Tartan Beach Towel",sr_prpfl_tartan_towe<br/>l,"Printable Product",Printable,£59.00,Enabled,"<a href=""https://magento.clan.com/index.php/admin/catalog_product/edit/id/129716/"">Edit</a>",Printful,"Clan Originals",
129708,,"Clan Crest Flag",sr_prpfl_crest_flag,"Printable Product",Printable,£42.00,Enabled,"<a href=""https://magento.clan.com/index.php/admin/catalog_product/edit/id/129708/"">Edit</a>",Printful,"Clan Originals",
129430,,"Tartan Borderless Mug",sr_prink_tartan_bl_m<br/>ug,"Printable Product",Printable,£15.00,Enabled,"<a href=""https://magento.clan.com/index.php/admin/catalog_product/edit/id/129430/"">Edit</a>",Inkthreadable,"Clan Originals",
129429,,"Clan Crest Borderless Mug",sr_prink_crest_bl_mu<br/>g,"Printable Product",Printable,£15.00,Enabled,"<a href=""https://magento.clan.com/index.php/admin/catalog_product/edit/id/129429/"">Edit</a>",Inkthreadable,"Clan Originals",
129428,,"Tartan Design Borderless Mug",sr_prink_sil_bl_mug,"Printable Product","Printable Silhouette",£15.00,Enabled,"<a href=""https://magento.clan.com/index.php/admin/catalog_product/edit/id/129428/"">Edit</a>",Inkthreadable,"Clan Originals",
129427,,"Tartan Ceramic Ornament",sr_prink_tartan_orna<br/>ment,"Printable Product",Printable,£16.00,Enabled,"<a href=""https://magento.clan.com/index.php/admin/catalog_product/edit/id/129427/"">Edit</a>",Inkthreadable,"Clan Originals",
129426,,"Clan Crest Ceramic Ornament",sr_prink_crest_ornam<br/>ent,"Printable Product",Printable,£16.00,Enabled,"<a href=""https://magento.clan.com/index.php/admin/catalog_product/edit/id/129426/"">Edit</a>",Inkthreadable,"Clan Originals",
129425,,"Tartan Design Ceramic Ornament",sr_prink_sil_ornamen<br/>t,"Printable Product","Printable Silhouette",£16.00,Enabled,"<a href=""https://magento.clan.com/index.php/admin/catalog_product/edit/id/129425/"">Edit</a>",Inkthreadable,"Clan Originals",
129405,,"Clan Crest Sweatshirt",sr_prink_crest_sweat<br/>shirt,"Printable Product","Printable Inkth AWDis",£44.00,Enabled,"<a href=""https://magento.clan.com/index.php/admin/catalog_product/edit/id/129405/"">Edit</a>",Inkthreadable,"Clan Originals",
129404,,"Tartan Design Sweatshirt",sr_prink_sil_sweatsh<br/>irt,"Printable Product","Printable Silhouette Inkth AWDis",£44.00,Enabled,"<a href=""https://magento.clan.com/index.php/admin/catalog_product/edit/id/129404/"">Edit</a>",Inkthreadable,"Clan Originals",
129402,,"Clan Crest Hoodie",sr_prink_crest_hoodi<br/>e,"Printable Product","Printable Inkth AWDis",£53.00,Enabled,"<a href=""https://magento.clan.com/index.php/admin/catalog_product/edit/id/129402/"">Edit</a>",Inkthreadable,"Clan Originals",
129399,,"Tartan Design Hoodie",sr_prink_sil_hoodie,"Printable Product","Printable Silhouette Inkth AWDis",£53.00,Enabled,"<a href=""https://magento.clan.com/index.php/admin/catalog_product/edit/id/129399/"">Edit</a>",Inkthreadable,"Clan Originals",
129394,,"Clan Crest Crew Neck T‑shirt",sr_prink_crest_crew_<br/>neck_tshirt,"Printable Product","Printable Inkth Crew Neck Tshirt",£29.00,Enabled,"<a href=""https://magento.clan.com/index.php/admin/catalog_product/edit/id/129394/"">Edit</a>",Inkthreadable,"Clan Originals",
129392,,"Tartan Design Crew Neck T‑shirt",sr_prink_sil_crew_ne<br/>ck_tshirt,"Printable Product","Printable Silhouette Inkth Crew Neck Tshirt",£29.00,Enabled,"<a href=""https://magento.clan.com/index.php/admin/catalog_product/edit/id/129392/"">Edit</a>",Inkthreadable,"Clan Originals",
129391,,"Tartan Shopping Bag",sr_prink_tartan_shop<br/>ping_bag,"Printable Product","Printable Inkth Shopping Bag",£33.00,Enabled,"<a href=""https://magento.clan.com/index.php/admin/catalog_product/edit/id/129391/"">Edit</a>",Inkthreadable,"Clan Originals",
129390,,"Clan Crest Shopping Bag",sr_prink_crest_shopp<br/>ing_bag,"Printable Product","Printable Inkth Shopping Bag",£33.00,Enabled,"<a href=""https://magento.clan.com/index.php/admin/catalog_product/edit/id/129390/"">Edit</a>",Inkthreadable,"Clan Originals",
129389,,"Tartan Design Shopping Bag",sr_prink_sil_shoppin<br/>g_bag,"Printable Product","Printable Silhouette Inkth Shopping Bag",£33.00,Enabled,"<a href=""https://magento.clan.com/index.php/admin/catalog_product/edit/id/129389/"">Edit</a>",Inkthreadable,"Clan Originals",
129387,,"Tartan Tote Bag",sr_prink_tartan_wmp_<br/>tote_bag,"Printable Product","Printable Inkth WM Tote",£25.00,Enabled,"<a href=""https://magento.clan.com/index.php/admin/catalog_product/edit/id/129387/"">Edit</a>",Inkthreadable,"Clan Originals",
129386,,"Clan Crest Tote Bag",sr_prink_crest_wmp_t<br/>ote_bag,"Printable Product","Printable Inkth WM Tote",£25.00,Enabled,"<a href=""https://magento.clan.com/index.php/admin/catalog_product/edit/id/129386/"">Edit</a>",Inkthreadable,"Clan Originals",
129385,,"Tartan Design Tote Bag",sr_prink_sil_wmp_tot<br/>e_bag,"Printable Product","Printable Silhouette Inkth WM Tote",£25.00,Enabled,"<a href=""https://magento.clan.com/index.php/admin/catalog_product/edit/id/129385/"">Edit</a>",Inkthreadable,"Clan Originals",
129384,,"Tartan Travel Mug",sr_prink_tartan_trav<br/>el_mug,"Printable Product",Printable,£35.00,Enabled,"<a href=""https://magento.clan.com/index.php/admin/catalog_product/edit/id/129384/"">Edit</a>",Inkthreadable,"Clan Originals",
129383,,"Clan Crest Travel Mug",sr_prink_crest_trave<br/>l_mug,"Printable Product",Printable,£35.00,Enabled,"<a href=""https://magento.clan.com/index.php/admin/catalog_product/edit/id/129383/"">Edit</a>",Inkthreadable,"Clan Originals",
129382,,"Tartan Design Travel Mug",sr_prink_sil_travel_<br/>mug,"Printable Product","Printable Silhouette",£35.00,Enabled,"<a href=""https://magento.clan.com/index.php/admin/catalog_product/edit/id/129382/"">Edit</a>",Inkthreadable,"Clan Originals",
129381,,"Tartan 500ml Water Bottle",sr_prink_tartan_500m<br/>l_bottle,"Printable Product",Printable,£32.00,Enabled,"<a href=""https://magento.clan.com/index.php/admin/catalog_product/edit/id/129381/"">Edit</a>",Inkthreadable,"Clan Originals",
129377,,"Clan Crest 500ml Water Bottle",sr_prink_crest_500ml<br/>_bottle,"Printable Product",Printable,£32.00,Enabled,"<a href=""https://magento.clan.com/index.php/admin/catalog_product/edit/id/129377/"">Edit</a>",Inkthreadable,"Clan Originals",
129376,,"Tartan Design 500ml Water Bottle",sr_prink_sil_500ml_b<br/>ottle,"Printable Product","Printable Silhouette",£32.00,Enabled,"<a href=""https://magento.clan.com/index.php/admin/catalog_product/edit/id/129376/"">Edit</a>",Inkthreadable,"Clan Originals",
129337,,"Tartan Tea Towel",sr_prink_tartan_tea_<br/>towel,"Printable Product",Printable,£13.00,Enabled,"<a href=""https://magento.clan.com/index.php/admin/catalog_product/edit/id/129337/"">Edit</a>",Inkthreadable,"Clan Originals",
129335,,"Clan Crest Tea Towel",sr_prink_crest_tea_t<br/>owel,"Printable Product",Printable,£13.00,Enabled,"<a href=""https://magento.clan.com/index.php/admin/catalog_product/edit/id/129335/"">Edit</a>",Inkthreadable,"Clan Originals",
129014,,"Clan Crest Thistle Sporran Flask",sr_gaeli_thistleflas<br/>k_C-FLASK02P_TH,"Configurable Product","gaeli Clan Crest",£62.00,Enabled,"<a href=""https://magento.clan.com/index.php/admin/catalog_product/edit/id/129014/"">Edit</a>","Gaelic Themes","Gaelic Themes",
128977,,"Clan Crest Sgian Brew",sr_gaeli_C-SD12_sgia<br/>nbrew,"Configurable Product","gaeli Sgian Dubh (Clan Crest and Stone Top and Engraving)",£65.00,Enabled,"<a href=""https://magento.clan.com/index.php/admin/catalog_product/edit/id/128977/"">Edit</a>","Gaelic Themes","Gaelic Themes",
128134,,"Clan Crest Magnetic Bottle Opener",sr_keytc_magnetic_bo<br/>ttleop,"Configurable Product","keytc Clan Crest",£8.00,Enabled,"<a href=""https://magento.clan.com/index.php/admin/catalog_product/edit/id/128134/"">Edit</a>","Key to the Clans","Key to the Clans",
127791,,"Tartan Scottie Dog Decoration",sr_stmwc_tartan_scot<br/>tiedog,"Fabric Simple Product","Fabric Simple Set",£22.00,Enabled,"<a href=""https://magento.clan.com/index.php/admin/catalog_product/edit/id/127791/"">Edit</a>","Strathmore Woollens","Strathmore Woollens",
127645,,"Chrome Finish Thistle Crested Sgian Dubh",sr_artpw_SDATC_C113,"Simple Product","artpw Sgian Dubh (Clan Crest)",£70.00,Enabled,"<a href=""https://magento.clan.com/index.php/admin/catalog_product/edit/id/127645/"">Edit</a>","Art Pewter","Art Pewter",
126519,,"Yorkshire Terrier Pin",sr_aewil_35340,"Simple Product","Default +emblem",£5.00,Enabled,"<a href=""https://magento.clan.com/index.php/admin/catalog_product/edit/id/126519/"">Edit</a>","AE Williams Pewter","AE Williams Pewter",
126518,,"Scottie Dog Pin",sr_aewil_35338,"Simple Product","Default +emblem",£5.00,Enabled,"<a href=""https://magento.clan.com/index.php/admin/catalog_product/edit/id/126518/"">Edit</a>","AE Williams Pewter","AE Williams Pewter",
126194,,"Custom Tartan Dog Bandana",sr_lochc_dog_bandana<br/>_dban,"Fabric Simple Product","Fabric Simple Set",£30.00,Enabled,"<a href=""https://magento.clan.com/index.php/admin/catalog_product/edit/id/126194/"">Edit</a>","Lochcarron of Scotland","Clan Originals",
126192,,"Custom Tartan Dog Bow Tie",sr_lochc_dog_bow_tie<br/>_dbax,"Fabric Simple Product","Fabric Simple Set",£47.00,Enabled,"<a href=""https://magento.clan.com/index.php/admin/catalog_product/edit/id/126192/"">Edit</a>","Lochcarron of Scotland","Clan Originals",
126040,,"Highland Cow Dress Sporran",sr_glnsk_p_GMDR26PL,"Configurable Product","glnsk Coo Sporran",£349.00,Enabled,"<a href=""https://magento.clan.com/index.php/admin/catalog_product/edit/id/126040/"">Edit</a>","Glen Esk",,
125344,,"Never Ending Knot Celtic Box",sr_aewil_853,"Simple Product","Default +emblem",£28.00,Enabled,"<a href=""https://magento.clan.com/index.php/admin/catalog_product/edit/id/125344/"">Edit</a>","AE Williams Pewter","AE Williams Pewter",
125061,,"Never Ending Knot Hair Bobble",sr_aewil_HBOB8,"Simple Product","Generic Jewellery",£12.00,Enabled,"<a href=""https://magento.clan.com/index.php/admin/catalog_product/edit/id/125061/"">Edit</a>","AE Williams Pewter","AE Williams Pewter",
125051,,"Stag Scarf Ring",sr_aewil_56005,"Simple Product","Default +emblem",£17.00,Enabled,"<a href=""https://magento.clan.com/index.php/admin/catalog_product/edit/id/125051/"">Edit</a>","AE Williams Pewter","AE Williams Pewter",
125050,,"Highland Cow Scarf Ring",sr_aewil_56003,"Simple Product","Default +emblem",£17.00,Enabled,"<a href=""https://magento.clan.com/index.php/admin/catalog_product/edit/id/125050/"">Edit</a>","AE Williams Pewter","AE Williams Pewter",
125049,,"Welsh Dragon Scarf Ring",sr_aewil_56002,"Simple Product","Default +emblem",£17.00,Enabled,"<a href=""https://magento.clan.com/index.php/admin/catalog_product/edit/id/125049/"">Edit</a>","AE Williams Pewter","AE Williams Pewter",
124949,,"Thistle Scarf Ring",sr_aewil_56000,"Simple Product","Generic Jewellery",£17.00,Enabled,"<a href=""https://magento.clan.com/index.php/admin/catalog_product/edit/id/124949/"">Edit</a>","AE Williams Pewter","AE Williams Pewter",
124948,,"Celtic Scarf Ring",sr_aewil_56007,"Simple Product","Generic Jewellery",£17.00,Enabled,"<a href=""https://magento.clan.com/index.php/admin/catalog_product/edit/id/124948/"">Edit</a>","AE Williams Pewter","AE Williams Pewter",
124941,,"Celtic Loop Scarf Ring",sr_aewil_56006,"Simple Product","Generic Jewellery",£17.00,Enabled,"<a href=""https://magento.clan.com/index.php/admin/catalog_product/edit/id/124941/"">Edit</a>","AE Williams Pewter","AE Williams Pewter",
124735,,"Tartan Pocket Square, set of 4",sr_ibuch_pocket_squa<br/>re_x4,"Fabric CMT Product","Fabric Simple Set",£48.00,Enabled,"<a href=""https://magento.clan.com/index.php/admin/catalog_product/edit/id/124735/"">Edit</a>","Ingles Buchan","Clan Originals",
124603,,"Worsted Bow Tie",sr_ibuch_bowtie_MWW0<br/>07,"Configurable Product",ibuch_bowtie_colour,£19.00,Enabled,"<a href=""https://magento.clan.com/index.php/admin/catalog_product/edit/id/124603/"">Edit</a>","Ingles Buchan","Clan Originals",
124576,,"Shamrock Belt Buckle",sr_glnsk_shamrock_66<br/>cpsham,"Configurable Product","glnsk Finish",£44.00,Enabled,"<a href=""https://magento.clan.com/index.php/admin/catalog_product/edit/id/124576/"">Edit</a>","Glen Esk","Glen Esk",
124573,,"Thistle Buckle",sr_artpw_thistle_buc<br/>kle_CC113,"Simple Product","Default +emblem",£51.00,Enabled,"<a href=""https://magento.clan.com/index.php/admin/catalog_product/edit/id/124573/"">Edit</a>","Art Pewter","Art Pewter",
124332,,"Tartan Design Tea Towel",sr_prink_sil_tea_tow<br/>el,"Printable Product","sr_swhdr_sil_tea_towel Set",£13.00,Enabled,"<a href=""https://magento.clan.com/index.php/admin/catalog_product/edit/id/124332/"">Edit</a>",Inkthreadable,"Clan Originals",
122580,,"Cross Stitch Thistle Kit",sr_artpw_TTSK,"Simple Product",Default,£25.00,Enabled,"<a href=""https://magento.clan.com/index.php/admin/catalog_product/edit/id/122580/"">Edit</a>","Art Pewter","Art Pewter",
122579,,"Cross Stitch Celtic Cross Kit",sr_artpw_SKNCK,"Simple Product",Default,£25.00,Enabled,"<a href=""https://magento.clan.com/index.php/admin/catalog_product/edit/id/122579/"">Edit</a>","Art Pewter","Art Pewter",
122578,,"Cross Stitch Wee Hieland Coo Magnet",sr_artpw_FMWHC,"Simple Product",Default,£16.00,Enabled,"<a href=""https://magento.clan.com/index.php/admin/catalog_product/edit/id/122578/"">Edit</a>","Art Pewter","Art Pewter",
122577,,"Cross Stitch Red Squirrel Magnet",sr_artpw_FMRS,"Simple Product",Default,£16.00,Enabled,"<a href=""https://magento.clan.com/index.php/admin/catalog_product/edit/id/122577/"">Edit</a>","Art Pewter","Art Pewter",
122576,,"Cross Stitch Scottish Thistle Magnet",sr_artpw_FMST,"Simple Product",Default,£16.00,Enabled,"<a href=""https://magento.clan.com/index.php/admin/catalog_product/edit/id/122576/"">Edit</a>","Art Pewter","Art Pewter",
122533,,"Clan Map Of Loch Lomond",sr_gaeli_F_MAP04,"Configurable Product",gaeli_map_size,£21.00,Enabled,"<a href=""https://magento.clan.com/index.php/admin/catalog_product/edit/id/122533/"">Edit</a>","Gaelic Themes","Gaelic Themes",
122531,,"Clan Map Of The Isle Of Skye",sr_gaeli_F_MAP05,"Configurable Product",gaeli_map_size,£21.00,Enabled,"<a href=""https://magento.clan.com/index.php/admin/catalog_product/edit/id/122531/"">Edit</a>","Gaelic Themes","Gaelic Themes",
122530,,"Clan Map Of Ireland",sr_gaeli_F_MAP06,"Configurable Product",gaeli_map_size,£21.00,Enabled,"<a href=""https://magento.clan.com/index.php/admin/catalog_product/edit/id/122530/"">Edit</a>","Gaelic Themes","Gaelic Themes",
122529,,"Clan Map Of Scotland",sr_gaeli_F_MAP01,"Configurable Product",gaeli_map_size,£21.00,Enabled,"<a href=""https://magento.clan.com/index.php/admin/catalog_product/edit/id/122529/"">Edit</a>","Gaelic Themes","Gaelic Themes",
122518,,"Masonic Cufflinks",sr_aewil_CL_3875,"Simple Product","Default +emblem",£17.00,Enabled,"<a href=""https://magento.clan.com/index.php/admin/catalog_product/edit/id/122518/"">Edit</a>","AE Williams Pewter","AE Williams Pewter",
122511,,"Thistle Cufflinks",sr_aewil_CL_3841,"Simple Product","Default +emblem",£17.00,Enabled,"<a href=""https://magento.clan.com/index.php/admin/catalog_product/edit/id/122511/"">Edit</a>","AE Williams Pewter","AE Williams Pewter",
121101,,"Unicorn Rampant Kilt Pin Antique Style",sr_gaeli_cfkpuniA_un<br/>icorn_kiltpin,"Simple Product","Default + pattern",£28.00,Enabled,"<a href=""https://magento.clan.com/index.php/admin/catalog_product/edit/id/121101/"">Edit</a>","Gaelic Themes","Gaelic Themes",
120854,,"Tartan Car Mats ‑ Set of 2",sr_prtfn_car_mat,"Printable Product","sr_swhdr_car_mat Set",£53.00,Enabled,"<a href=""https://magento.clan.com/index.php/admin/catalog_product/edit/id/120854/"">Edit</a>","Two Fifteen","Clan Originals",
120700,,"Gents Tartan Cashmere Jumper",sr_lonau_MCT,"Configurable Product","sworg Mens Jumper (Colour Options 0)",£257.00,Enabled,"<a href=""https://magento.clan.com/index.php/admin/catalog_product/edit/id/120700/"">Edit</a>","Lona Uk Ltd","Lona Uk Ltd",
118876,,"Fabric Length",,"Simple Product","Fabric Length Set",£0.00,Enabled,"<a href=""https://magento.clan.com/index.php/admin/catalog_product/edit/id/118876/"">Edit</a>",,,
114776,,"Classic Lambswool Scarf",sr_lochc_abscl_scarf<br/>_lambswool_plain,"Configurable Product","lochc Colour",£25.00,Enabled,"<a href=""https://magento.clan.com/index.php/admin/catalog_product/edit/id/114776/"">Edit</a>","Lochcarron of Scotland","Clan Originals",
112101,,"Handmade Tartan Dog Accessories",sr_dadog_tartanbundl<br/>e,"Bundle Product",Default,,Enabled,"<a href=""https://magento.clan.com/index.php/admin/catalog_product/edit/id/112101/"">Edit</a>",,"Dapper Dog",
112071,,"Oxhorn Handle Sgian Dubh",sr_abbho_SDHHB_oxhor<br/>nhandle,"Simple Product","Generic Sgian Dubh",£92.00,Enabled,"<a href=""https://magento.clan.com/index.php/admin/catalog_product/edit/id/112071/"">Edit</a>",Abbeyhorn,Abbeyhorn,
110078,,"Handmade Tartan Dog Bow Tie",sr_dadog_tartan_bowt<br/>ie,"Fabric CMT Product","dadog bandana sizes",£34.00,Enabled,"<a href=""https://magento.clan.com/index.php/admin/catalog_product/edit/id/110078/"">Edit</a>","Dapper Dog","Dapper Dog",
110076,,"Handmade Tartan Dog Scrunchy Bandana",sr_dadog_tartan_scru<br/>nbandana,"Fabric CMT Product","dadog bandana sizes",£37.00,Enabled,"<a href=""https://magento.clan.com/index.php/admin/catalog_product/edit/id/110076/"">Edit</a>","Dapper Dog","Dapper Dog",
110073,,"Handmade Tartan Dog Bandana",sr_dadog_tartan_band<br/>ana,"Fabric CMT Product","dadog bandana sizes",£36.00,Enabled,"<a href=""https://magento.clan.com/index.php/admin/catalog_product/edit/id/110073/"">Edit</a>","Dapper Dog","Dapper Dog",
109412,,"Handmade Tartan Dog Treat Bag",sr_dadog_tartan_trea<br/>tbag,"Fabric CMT Product","Fabric Simple Set",£36.00,Enabled,"<a href=""https://magento.clan.com/index.php/admin/catalog_product/edit/id/109412/"">Edit</a>","Dapper Dog","Dapper Dog",
109409,,"Handmade Tartan 2 in 1 Dog Treat Bag",sr_dadog_tartan_2in1<br/>treat,"Fabric CMT Product","Fabric Simple Set",£39.00,Enabled,"<a href=""https://magento.clan.com/index.php/admin/catalog_product/edit/id/109409/"">Edit</a>","Dapper Dog","Dapper Dog",
109407,,"Handmade Tartan Dog Lead",sr_dadog_tartan_lead,"Fabric CMT Product","Fabric Simple Set",£36.00,Enabled,"<a href=""https://magento.clan.com/index.php/admin/catalog_product/edit/id/109407/"">Edit</a>","Dapper Dog","Dapper Dog",
108975,,"Handmade Tartan Dog Collar",sr_dadog_tartan_coll<br/>ar,"Fabric CMT Product","dadog Dog Collar",£41.00,Enabled,"<a href=""https://magento.clan.com/index.php/admin/catalog_product/edit/id/108975/"">Edit</a>","Dapper Dog","Dapper Dog",
106859,,"Clan Crest Mug ‑ Design Your Own",sr_prink_crest_mug,"Printable Product",Printable,£15.00,Enabled,"<a href=""https://magento.clan.com/index.php/admin/catalog_product/edit/id/106859/"">Edit</a>",Inkthreadable,"Clan Originals",
105588,,"Scottish Thistle Plaid Brooch",sr_artpw_thistle_pla<br/>idbrooch_185,"Configurable Product","artpw Clan Crest and Finish",£49.00,Enabled,"<a href=""https://magento.clan.com/index.php/admin/catalog_product/edit/id/105588/"">Edit</a>","Art Pewter","Art Pewter",
104776,,"Clan Crest Lapel Pin",sr_gael_clp_lapelpin<br/>_clancrest,"Configurable Product","gaeli Clan Crest",£17.00,Enabled,"<a href=""https://magento.clan.com/index.php/admin/catalog_product/edit/id/104776/"">Edit</a>","Gaelic Themes","Gaelic Themes",
104766,,"Unicorn Rampant Kilt Pin In Pewter",sr_gaeli_cfkpuni_uni<br/>corn_kiltpin,"Simple Product","Default +emblem",£23.00,Enabled,"<a href=""https://magento.clan.com/index.php/admin/catalog_product/edit/id/104766/"">Edit</a>","Gaelic Themes","Gaelic Themes",
103673,,"Clan Crest Tie Slide",sr_gaeli_tieslide_cl<br/>an_crest,"Configurable Product","gaeli Clan Crest",£16.00,Enabled,"<a href=""https://magento.clan.com/index.php/admin/catalog_product/edit/id/103673/"">Edit</a>","Gaelic Themes","Gaelic Themes",
103185,,"Essential Tartan Drink Coasters ‑ Set of 4",sr_prink_coasters,"Printable Product",Printable,£20.00,Enabled,"<a href=""https://magento.clan.com/index.php/admin/catalog_product/edit/id/103185/"">Edit</a>",Inkthreadable,"Clan Originals",
99337,,"Irish Clan Crest Insulated Flask",sr_gaeli_irish_therm<br/>os_flask_A-BOT01,"Configurable Product","gaeli Clan Crest Irish",£31.00,Enabled,"<a href=""https://magento.clan.com/index.php/admin/catalog_product/edit/id/99337/"">Edit</a>","Gaelic Themes","Gaelic Themes",
99247,,"Clan Crest Insulated Flask",sr_gaeli_thermos_fla<br/>sk_A-BOT01,"Configurable Product","gaeli Clan Crest",£31.00,Enabled,"<a href=""https://magento.clan.com/index.php/admin/catalog_product/edit/id/99247/"">Edit</a>","Gaelic Themes","Gaelic Themes",
99189,,"Irish Clan Crest Insulated Coffee Mug 20oz",sr_gaeli_irish_coffe<br/>e_mug_A-BOT03,"Configurable Product","gaeli Clan Crest Irish",£35.00,Enabled,"<a href=""https://magento.clan.com/index.php/admin/catalog_product/edit/id/99189/"">Edit</a>","Gaelic Themes","Gaelic Themes",
99186,,"Clan Crest Insulated Coffee Mug 20oz",sr_gaeli_coffee_mug_<br/>A-BOT03,"Configurable Product","gaeli Clan Crest",£35.00,Enabled,"<a href=""https://magento.clan.com/index.php/admin/catalog_product/edit/id/99186/"">Edit</a>","Gaelic Themes","Gaelic Themes",
97699,,"Double Clan Crest Wall Plaque",sr_scres_double_plaq<br/>ue,"Fabric Simple Product","scres Double Plaque",£128.00,Enabled,"<a href=""https://magento.clan.com/index.php/admin/catalog_product/edit/id/97699/"">Edit</a>",ScotCrest,"Clan Originals",
96167,,"Irish Clan Crest Slate Drinks Coasters Set",sr_gaeli_irish_clan_<br/>crest_slate_coasters,"Configurable Product","gaeli Clan Crest Irish",£31.00,Enabled,"<a href=""https://magento.clan.com/index.php/admin/catalog_product/edit/id/96167/"">Edit</a>","Gaelic Themes","Gaelic Themes",
95889,,"Clan Crest Slate Drinks Coasters Set",sr_gaeli_clan_crest_<br/>slate_coasters,"Configurable Product","gaeli Clan Crest",£31.00,Enabled,"<a href=""https://magento.clan.com/index.php/admin/catalog_product/edit/id/95889/"">Edit</a>","Gaelic Themes","Gaelic Themes",
95885,,"Clan Crest Thistle Plaid Brooch ‑ Small",sr_gaeli_c_plbrcc05,"Configurable Product","gaeli Clan Crest",£48.00,Enabled,"<a href=""https://magento.clan.com/index.php/admin/catalog_product/edit/id/95885/"">Edit</a>","Gaelic Themes","Gaelic Themes",
95884,,"Clan Crest Thistle Plaid Brooch ‑ Large",sr_gaeli_c_plbrcc04,"Configurable Product","gaeli Clan Crest",£57.00,Enabled,"<a href=""https://magento.clan.com/index.php/admin/catalog_product/edit/id/95884/"">Edit</a>","Gaelic Themes","Gaelic Themes",
86987,,"Essential Scotweb Flashes",sr_esssw_essential_k<br/>ilt_hose_flashes,"Configurable Product","esssw Colour",£12.00,Enabled,"<a href=""https://magento.clan.com/index.php/admin/catalog_product/edit/id/86987/"">Edit</a>","Essential CLAN","Essential CLAN",
86808,,"Clan Crest Leather Key Fob",sr_keytc_kttc_clan_b<br/>lack_leather_key_fob,"Configurable Product","keytc Clan Crest",£6.00,Enabled,"<a href=""https://magento.clan.com/index.php/admin/catalog_product/edit/id/86808/"">Edit</a>","Key to the Clans","Clan Originals",
86790,,"Clan Crest Key Fob",sr_keytc_keyfob,"Configurable Product","keytc Clan Crest",£5.00,Enabled,"<a href=""https://magento.clan.com/index.php/admin/catalog_product/edit/id/86790/"">Edit</a>","Key to the Clans","Clan Originals",
84830,,"Camouflage Casual Kilt",sr_swhdr_camo_kilt,"Configurable Product","Generic Casual Kilt (Non-M2M), Camo Pattern",£195.00,Enabled,"<a href=""https://magento.clan.com/index.php/admin/catalog_product/edit/id/84830/"">Edit</a>","Glenisla Kilts","Balmoral Kilts and Highland Dress",
79947,,"Chain Strap (Free with sporrans)",sr_wscot_chainstrap_<br/>chrome_gents_free_kb,"Configurable Product","Generic Belts and Chain Straps (Leather Options)",£0.00,Enabled,"<a href=""https://magento.clan.com/index.php/admin/catalog_product/edit/id/79947/"">Edit</a>","William Scott Sporran Maker","William Scott Sporran Maker",
77754,,"Luxury Kilt Belt",sr_glnsk_luxury_belt,"Configurable Product","glnsk Belt (Design)",£44.00,Enabled,"<a href=""https://magento.clan.com/index.php/admin/catalog_product/edit/id/77754/"">Edit</a>","Glen Esk","Glen Esk",
77441,,"Khaki Chain Strap (Free with sporrans)",sr_wscot_chainstrap_<br/>chrome_gents_khaki_f<br/>ree,"Configurable Product","Generic Belts and Chain Straps (Default)",£0.00,Enabled,"<a href=""https://magento.clan.com/index.php/admin/catalog_product/edit/id/77441/"">Edit</a>","William Scott Sporran Maker","William Scott Sporran Maker",
76355,,"Small Tartan Coin Purse",sr_lochc_small_tarta<br/>n_purse_gs_05,"Fabric Simple Product","Generic Bag/Purse/Case (fabric choices)",£18.00,Enabled,"<a href=""https://magento.clan.com/index.php/admin/catalog_product/edit/id/76355/"">Edit</a>","Lochcarron of Scotland","Clan Originals",
76352,,"Tartan Tam Purse",sr_lochc_tam_purse_g<br/>s_11,"Fabric Simple Product","Generic Bag/Purse/Case (fabric choices)",£19.00,Enabled,"<a href=""https://magento.clan.com/index.php/admin/catalog_product/edit/id/76352/"">Edit</a>","Lochcarron of Scotland","Clan Originals",
76347,,"Scottish Tartan Cashmere Scarf",sr_lochc_beau_scarf_<br/>2123A,"Configurable Product","sr_lochc_beau_scarf_2123A Set",£115.00,Enabled,"<a href=""https://magento.clan.com/index.php/admin/catalog_product/edit/id/76347/"">Edit</a>","Lochcarron of Scotland","Clan Originals",
76312,,"Georgia Lambswool Poncho",sr_lochc_georgia_pon<br/>cho_ycg,"Fabric Simple Product","Generic Capes, Scarves, Wraps etc (Fabric Choice)",£78.00,Enabled,"<a href=""https://magento.clan.com/index.php/admin/catalog_product/edit/id/76312/"">Edit</a>","Lochcarron of Scotland","Clan Originals",
76307,,"Bobbie Lambswool Stole",sr_lochc_bobbie_stol<br/>e_1984A,"Fabric Simple Product","Generic Capes, Scarves, Wraps etc (Fabric Choice)",£69.00,Enabled,"<a href=""https://magento.clan.com/index.php/admin/catalog_product/edit/id/76307/"">Edit</a>","Lochcarron of Scotland","Clan Originals",
74694,,"Faith Wool/Angora Knitted Scarf",sr_lochc_faith_scarf<br/>_ansckz,"Configurable Product","sr_lochc_faith_scarf_ansckz Set",£56.00,Enabled,"<a href=""https://magento.clan.com/index.php/admin/catalog_product/edit/id/74694/"">Edit</a>","Lochcarron of Scotland","Clan Originals",
74693,,"Faith Wool/Angora Knitted Hat",sr_lochc_faith_hat_h<br/>kns,"Configurable Product","sr_lochc_faith_hat_hkns Set",£27.00,Enabled,"<a href=""https://magento.clan.com/index.php/admin/catalog_product/edit/id/74693/"">Edit</a>","Lochcarron of Scotland","Clan Originals",
73681,,"Estate Check Wool Tie",sr_lochc_tie_estate_<br/>check,"Configurable Product","lochc Estate Check",£26.00,Enabled,"<a href=""https://magento.clan.com/index.php/admin/catalog_product/edit/id/73681/"">Edit</a>","Lochcarron of Scotland","Balmoral Kilts and Highland Dress",
72870,,"Robert Burns Hip Flask",sr_quaic_475BURNS,"Configurable Product","quaic Flasks (Not Clan Crest - Size Options and Engraving)",£44.00,Enabled,"<a href=""https://magento.clan.com/index.php/admin/catalog_product/edit/id/72870/"">Edit</a>","Quaich Company","Quaich Company",
70346,,"Tonag Beag, Small Poncho",sr_stmwc_sma516b,"Fabric Simple Product","Fabric Simple Set",£120.00,Enabled,"<a href=""https://magento.clan.com/index.php/admin/catalog_product/edit/id/70346/"">Edit</a>","Strathmore Woollens","Strathmore Woollens",
63672,,"Masonic Dress Sgian Dubh",sr_glnsk_masonic_dre<br/>ss_sgian_dubh_blue_c,"Simple Product","glnsk Sgian Dubh (Finish)",£70.00,Enabled,"<a href=""https://magento.clan.com/index.php/admin/catalog_product/edit/id/63672/"">Edit</a>","Glen Esk","Glen Esk",
63471,,"Ladies Cashmere Golfer Cardigan",sr_sworg_lb2p,"Configurable Product","sr_sworg_lb2p Set",£250.00,Enabled,"<a href=""https://magento.clan.com/index.php/admin/catalog_product/edit/id/63471/"">Edit</a>","Lona Uk Ltd","Clan Originals",
63470,,"Ladies Cashmere Slipover",sr_sworg_lsl11,"Configurable Product","sr_sworg_lsl11 Set",£95.00,Enabled,"<a href=""https://magento.clan.com/index.php/admin/catalog_product/edit/id/63470/"">Edit</a>","Lona Uk Ltd","Clan Originals",
63465,,"Ladies Cashmere V‑Neck Cardigan",sr_sworg_lbvc,"Configurable Product","sr_sworg_lbvc Set",£215.00,Enabled,"<a href=""https://magento.clan.com/index.php/admin/catalog_product/edit/id/63465/"">Edit</a>","Lona Uk Ltd","Clan Originals",
62784,,"Highland Cow Kilt Belt Buckle",sr_glnsk_p_GMB32P,"Simple Product","Default +emblem",£39.00,Enabled,"<a href=""https://magento.clan.com/index.php/admin/catalog_product/edit/id/62784/"">Edit</a>","Glen Esk","Glen Esk",
62783,,"Highland Cow Plaid Brooch",sr_glnsk_p_GMP20P,"Simple Product","Generic Jewellery",£57.00,Enabled,"<a href=""https://magento.clan.com/index.php/admin/catalog_product/edit/id/62783/"">Edit</a>","Glen Esk","Glen Esk",
62208,,"Family or Clan Mini‑Book",sr_keytc_clan_family<br/>_book,"Configurable Product","keytc Clan Book",£3.99,Enabled,"<a href=""https://magento.clan.com/index.php/admin/catalog_product/edit/id/62208/"">Edit</a>","Key to the Clans","Key to the Clans",
61838,,"Oxhorn Broad Tooth Dress Comb With Handle",sr_abbho_C22,"Simple Product",Default,£42.00,Enabled,"<a href=""https://magento.clan.com/index.php/admin/catalog_product/edit/id/61838/"">Edit</a>",Abbeyhorn,Abbeyhorn,
60202,,"Large Tartan Mug 15oz",sr_prink_tartan_mug_<br/>15oz,"Printable Product","Fabric Simple Set",£22.00,Enabled,"<a href=""https://magento.clan.com/index.php/admin/catalog_product/edit/id/60202/"">Edit</a>",Inkthreadable,"Clan Originals",
54223,,"Dress Sporran with Viking Knotwork Cantle",sr_wscot_viking_pg24<br/>_rolledtassels_front,"Configurable Product","Generic Standard Sporran (front)",£312.00,Enabled,"<a href=""https://magento.clan.com/index.php/admin/catalog_product/edit/id/54223/"">Edit</a>","William Scott Sporran Maker","William Scott Sporran Maker",
53256,,"Classic 5 Button Vest",sr_swhdr_classic_arg<br/>yll_vest,"Configurable Product","Generic Stock Jacket (Colour Options)",£145.00,Enabled,"<a href=""https://magento.clan.com/index.php/admin/catalog_product/edit/id/53256/"">Edit</a>","TJ Matthews","Balmoral Kilts and Highland Dress",
52923,,"Clunie Tweed Jacket and Vest",sr_swhdr_clunie_jack<br/>et,"Configurable Product","swhdr Clunie Jacket",£550.00,Enabled,"<a href=""https://magento.clan.com/index.php/admin/catalog_product/edit/id/52923/"">Edit</a>","House of Edgar","Balmoral Kilts and Highland Dress",
52550,,"Welsh Traditional 8 Yard Kilt and Flashes",sr_swhdr_welshkilt_f<br/>lashes,"Fabric CMT Product","Generic Fabric M2M Kilt",£292.00,Enabled,"<a href=""https://magento.clan.com/index.php/admin/catalog_product/edit/id/52550/"">Edit</a>","Glenisla Kilts","Balmoral Kilts and Highland Dress",
52548,,"Irish Traditional 8 Yard Kilt and Flashes",sr_swhdr_irishkilt_f<br/>lashes,"Fabric CMT Product","Generic Fabric M2M Kilt",£292.00,Enabled,"<a href=""https://magento.clan.com/index.php/admin/catalog_product/edit/id/52548/"">Edit</a>","<strong>Glenisla Kilts</strong><br/>Gaelic Themes<br/>House of Edgar","Balmoral Kilts and Highland Dress",
52547,,"Essential 8 Yard Kilt and Flashes",sr_esssw_essentialei<br/>ghtyardkilt_flashes,"Fabric CMT Product","Generic Fabric M2M Kilt",£296.00,Enabled,"<a href=""https://magento.clan.com/index.php/admin/catalog_product/edit/id/52547/"">Edit</a>","Glenisla Kilts","Clan Originals",
52499,,"The Balmoral Kilt, Traditional 8 Yard Kilt and Flashes",sr_swhdr_eightyardki<br/>lt_flashes,"Fabric CMT Product","Generic Fabric M2M Kilt",£292.00,Enabled,"<a href=""https://magento.clan.com/index.php/admin/catalog_product/edit/id/52499/"">Edit</a>","<strong>Glenisla Kilts</strong><br/>Gaelic Themes<br/>House of Edgar","Balmoral Kilts and Highland Dress",
48558,,"Boy's Semi‑Dress Sporran with Chrome Ball Tassels",sr_wscot_boys_sh_ep,"Configurable Product","wscot Boy's Sporran",£43.00,Enabled,"<a href=""https://magento.clan.com/index.php/admin/catalog_product/edit/id/48558/"">Edit</a>","William Scott Sporran Maker","William Scott Sporran Maker",
45199,,"Gents Luxury Scottish Cashmere Sweater, Oxton Roll Collar",sr_wilkn_oxton_roll_<br/>collar,"Configurable Product","wilkn Mens Garments (Colour and Chest Options)",£341.00,Enabled,"<a href=""https://magento.clan.com/index.php/admin/catalog_product/edit/id/45199/"">Edit</a>","William Lockie Knitwear","William Lockie Knitwear",
35552,,"Classic Tartan Face Mask",sr_gaeli_face_mask,"Fabric Simple Product","Fabric Simple Set",£7.95,Enabled,"<a href=""https://magento.clan.com/index.php/admin/catalog_product/edit/id/35552/"">Edit</a>","Gaelic Themes","Gaelic Themes",
28446,,"Chinese Scottish Tartan Lambswool Scarf",sr_stmwc_chinese_sco<br/>ttish_tartan_lambswo<br/>ol_scarf,"Simple Product","Generic Rugs and Throws (No Options) +scarf_length",£45.00,Enabled,"<a href=""https://magento.clan.com/index.php/admin/catalog_product/edit/id/28446/"">Edit</a>","Strathmore Woollens","Strathmore Woollens",
25942,,"Essential Tartan Tube Scarf",sr_prink_tartan_tube<br/>_scarf,"Printable Product","Fabric Simple Set",£23.00,Enabled,"<a href=""https://magento.clan.com/index.php/admin/catalog_product/edit/id/25942/"">Edit</a>",Inkthreadable,"Clan Originals",
17923,,"Tartan Mug 11oz",sr_prink_tartan_mug,"Printable Product","Fabric Simple Set",£15.00,Enabled,"<a href=""https://magento.clan.com/index.php/admin/catalog_product/edit/id/17923/"">Edit</a>",Inkthreadable,"Clan Originals",
16863,,"Stag Dress Sporran",sr_glnsk_GMDR22PL,"Configurable Product","glnsk Sporran - Front only",£320.00,Enabled,"<a href=""https://magento.clan.com/index.php/admin/catalog_product/edit/id/16863/"">Edit</a>","Glen Esk",,
16855,,"Suede Lined Clan Crest Dress Sporran",sr_glnsk_GMDR24PL,"Configurable Product","glnsk Sporran - Clan Crest",£349.00,Enabled,"<a href=""https://magento.clan.com/index.php/admin/catalog_product/edit/id/16855/"">Edit</a>","Glen Esk",,
16574,,"Hand Fasting Tartan Ribbon",sr_ibuch_hand_fastin<br/>g_tartan,"Fabric Simple Product","ibuch Handfasting",£15.00,Enabled,"<a href=""https://magento.clan.com/index.php/admin/catalog_product/edit/id/16574/"">Edit</a>","Ingles Buchan","Clan Originals",
16504,,"Boy's Prince Charlie Kilt Outfit",sr_swhdr_boyspcoutfi<br/>t,"Bundle Product","Default Kilt Jacket",,Enabled,"<a href=""https://magento.clan.com/index.php/admin/catalog_product/edit/id/16504/"">Edit</a>","Balmoral Kilts and Highland Dress","Balmoral Kilts and Highland Dress",
16501,,"Boy's Jacobite Kilt Outfit",sr_swhdr_jacoutfitbo<br/>ys,"Bundle Product","sr_swhdr_jacoutfitboys Set",,Enabled,"<a href=""https://magento.clan.com/index.php/admin/catalog_product/edit/id/16501/"">Edit</a>",,"Balmoral Kilts and Highland Dress",
16500,,"Boy's Tweed Argyll Kilt Outfit",sr_swhdr_boysargyllo<br/>utfit_tweed,"Bundle Product","Default Kilt Jacket",,Enabled,"<a href=""https://magento.clan.com/index.php/admin/catalog_product/edit/id/16500/"">Edit</a>",,"Balmoral Kilts and Highland Dress",
16499,,"Boy's Argyll Kilt Outfit",sr_swhdr_boysargyllo<br/>utfi,"Bundle Product","Default Kilt Jacket",,Enabled,"<a href=""https://magento.clan.com/index.php/admin/catalog_product/edit/id/16499/"">Edit</a>",,"Balmoral Kilts and Highland Dress",
15667,,"Clan Crest Tea Spoon",sr_keytc_spoon,"Configurable Product","keytc Clan Crest",£5.00,Enabled,"<a href=""https://magento.clan.com/index.php/admin/catalog_product/edit/id/15667/"">Edit</a>","Key to the Clans","Clan Originals",
15665,,"Clan Crest Round Fridge Magnet",sr_keytc_fridgemagne<br/>t_round,"Configurable Product","keytc Clan Crest",£4.00,Enabled,"<a href=""https://magento.clan.com/index.php/admin/catalog_product/edit/id/15665/"">Edit</a>","Key to the Clans","Clan Originals",
15006,,"Swirl Kilt Pin (Antique)",sr_glnsk_GMK03AS,"Simple Product",Default,£19.00,Enabled,"<a href=""https://magento.clan.com/index.php/admin/catalog_product/edit/id/15006/"">Edit</a>","Glen Esk","Glen Esk",
15005,,"Green Shamrock Sword Kilt Pin",sr_glnsk_GMK10CP,"Simple Product","Default +emblem",£19.00,Enabled,"<a href=""https://magento.clan.com/index.php/admin/catalog_product/edit/id/15005/"">Edit</a>","Glen Esk","Glen Esk",
14994,,"Antique Lion Rampant Kilt Pin",sr_glnsk_GMK08AS,"Simple Product",Default,£19.00,Enabled,"<a href=""https://magento.clan.com/index.php/admin/catalog_product/edit/id/14994/"">Edit</a>","Glen Esk","Glen Esk",
14992,,"Chrome Lion Rampant Kilt Pin",sr_glnsk_GMK08CP,"Simple Product",Default,£19.00,Enabled,"<a href=""https://magento.clan.com/index.php/admin/catalog_product/edit/id/14992/"">Edit</a>","Glen Esk","Glen Esk",
14071,,"Claddagh Kilt Pin",sr_glnsk_GMK19,"Simple Product",Default,£19.00,Enabled,"<a href=""https://magento.clan.com/index.php/admin/catalog_product/edit/id/14071/"">Edit</a>","Glen Esk","Glen Esk",
11653,,"Clan Crest Wine Glasses ‑ Set of 4",sr_colns_801_set,"Configurable Product","colns Clan Crest Items",£115.00,Enabled,"<a href=""https://magento.clan.com/index.php/admin/catalog_product/edit/id/11653/"">Edit</a>","Collins Crystal","Collins Crystal",
9918,,"Navy Hopsack Jacket",sr_brook_3765,"Configurable Product","brook Jacket (No Colour Options) +pattern +wrap_style +showerproof",£175.00,Enabled,"<a href=""https://magento.clan.com/index.php/admin/catalog_product/edit/id/9918/"">Edit</a>","Brook Taverner","Brook Taverner",
9911,,"Navy Harris Tweed Jacket",sr_brook_3541,"Configurable Product","brook Jacket (No Colour Options) +pattern +wrap_style +showerproof",£333.00,Enabled,"<a href=""https://magento.clan.com/index.php/admin/catalog_product/edit/id/9911/"">Edit</a>","Brook Taverner","Brook Taverner",
9894,,"Pure Wool Check Jacket",sr_brook_3659,"Configurable Product","brook Jacket (No Colour Options) +pattern +wrap_style +showerproof",£209.00,Enabled,"<a href=""https://magento.clan.com/index.php/admin/catalog_product/edit/id/9894/"">Edit</a>","Brook Taverner","Brook Taverner",
9811,,"Stretch Cord Trousers",sr_brook_8689,"Configurable Product","brook Trousers",£65.00,Enabled,"<a href=""https://magento.clan.com/index.php/admin/catalog_product/edit/id/9811/"">Edit</a>","Brook Taverner","Brook Taverner",
9796,,"Classic Tweed Jacket",sr_brook_3110,"Configurable Product","brook Jacket (No Colour Options) +pattern +wrap_style +showerproof",£194.00,Enabled,"<a href=""https://magento.clan.com/index.php/admin/catalog_product/edit/id/9796/"">Edit</a>","Brook Taverner","Brook Taverner",
9646,,"Tailored Fit Tweed Jacket",sr_brook_3703,"Configurable Product","brook Jacket (No Colour Options) +pattern +wrap_style +showerproof",£194.00,Enabled,"<a href=""https://magento.clan.com/index.php/admin/catalog_product/edit/id/9646/"">Edit</a>","Brook Taverner","Brook Taverner",
9638,,"Tweed Collared Waistcoat",sr_brook_1463,"Configurable Product","brook Waistcoat",£83.00,Enabled,"<a href=""https://magento.clan.com/index.php/admin/catalog_product/edit/id/9638/"">Edit</a>","Brook Taverner","Brook Taverner",
9459,,"Essential Tartan Flat Cap",sr_ibuch_HWCA44,"Fabric Simple Product","Fabric Default + Pattern",£43.00,Enabled,"<a href=""https://magento.clan.com/index.php/admin/catalog_product/edit/id/9459/"">Edit</a>","Ingles Buchan",,
9193,,"Black Leather Casual Kilt",sr_swhdr_leathkilbla<br/>c,"Configurable Product","Generic Casual Kilt (Non-M2M) +nationality",£550.00,Enabled,"<a href=""https://magento.clan.com/index.php/admin/catalog_product/edit/id/9193/"">Edit</a>","<strong>Glenisla Kilts</strong><br/>Balmoral Kilts and Highland Dress","Balmoral Kilts and Highland Dress",
9029,,"Braveheart Tartan Flat Cap",sr_islaw_braveheart_<br/>flat_cap,"Simple Product",Default,£57.00,Enabled,"<a href=""https://magento.clan.com/index.php/admin/catalog_product/edit/id/9029/"">Edit</a>","Islay Woollen Mill","Islay Woollen Mill",
9028,,"Stag Dress Sporran with Chrome Finished Full Dress Cantles",sr_wscot_wes1_stag_s<br/>porran,"Configurable Product","Generic Standard Sporran (front)",£253.00,Enabled,"<a href=""https://magento.clan.com/index.php/admin/catalog_product/edit/id/9028/"">Edit</a>","William Scott Sporran Maker","William Scott Sporran Maker",
9024,,"All Over Tartan Baseball Cap",sr_ibuch_HWBA51,"Fabric Simple Product","Fabric Default + Pattern",£54.00,Enabled,"<a href=""https://magento.clan.com/index.php/admin/catalog_product/edit/id/9024/"">Edit</a>","Ingles Buchan",,
8426,,"Rob Roy Tartan Soft Wool Scarf",sr_islaw_rob_roy_woo<br/>l_scarf,"Simple Product","Generic Rugs and Throws (No Options) +scarf_length",£42.00,Enabled,"<a href=""https://magento.clan.com/index.php/admin/catalog_product/edit/id/8426/"">Edit</a>","Islay Woollen Mill","Islay Woollen Mill",
8130,,"Essential Cashmere Tartan Stole",sr_esssw_tartan_stol<br/>e,"Configurable Product","esssw Tartan",£122.00,Enabled,"<a href=""https://magento.clan.com/index.php/admin/catalog_product/edit/id/8130/"">Edit</a>","Lona Uk Ltd","Clan Originals",
8129,,"Fleece‑lined Checked Shirt",sr_hoggs_fleece_line<br/>d_shirt,"Configurable Product","hoggs Men's Shirt (Colour and Size)",£40.00,Enabled,"<a href=""https://magento.clan.com/index.php/admin/catalog_product/edit/id/8129/"">Edit</a>","Hoggs of Fife","Hoggs of Fife",
8125,,"Luxury Tartan Three Piece Suit, Made‑to‑Measure",sr_dcdal_tartan_thre<br/>e_piece_suit_mm,"Fabric CMT Product","DCDAL Suit",£0.00,Enabled,"<a href=""https://magento.clan.com/index.php/admin/catalog_product/edit/id/8125/"">Edit</a>","TJ Matthews","Balmoral Kilts and Highland Dress",
8094,,"Celtic Dog Design Scarf, Charcoal",sr_calzs_scarf_sc393,"Simple Product","Default +scarf_length +scarf_fringe +pattern +fringe",£30.00,Enabled,"<a href=""https://magento.clan.com/index.php/admin/catalog_product/edit/id/8094/"">Edit</a>","Calzeat of Scotland","Clan Originals",
8067,,"Luxury Mini Rosette Tartan Sash",sr_ibuch_mini_rosett<br/>e_sash,"Fabric CMT Product","Generic Sash (Fabric Choice)",£39.00,Enabled,"<a href=""https://magento.clan.com/index.php/admin/catalog_product/edit/id/8067/"">Edit</a>","<strong>Ingles Buchan</strong><br/>Strathmore Woollens<br/>Lochcarron of Scotland","Clan Originals",
8050,,"Camel Hair Cardigan",sr_wilkn_datchet_cre<br/>w_cardigan,"Configurable Product","wilkn Mens Garments (Colour and Chest Options)",£256.00,Enabled,"<a href=""https://magento.clan.com/index.php/admin/catalog_product/edit/id/8050/"">Edit</a>","William Lockie Knitwear","William Lockie Knitwear",
8049,,"Shawl Collar Camel Hair Cardigan",sr_wilkn_windsor_sha<br/>wl_collar_cardigan,"Configurable Product","wilkn Mens Garments (Colour and Chest Options)",£315.00,Enabled,"<a href=""https://magento.clan.com/index.php/admin/catalog_product/edit/id/8049/"">Edit</a>","William Lockie Knitwear","William Lockie Knitwear",
8041,,"Full Tweed Day Outfit",sr_swhdr_tweed_kilt_<br/>day_outfit,"Bundle Product","Default Kilt Jacket",,Enabled,"<a href=""https://magento.clan.com/index.php/admin/catalog_product/edit/id/8041/"">Edit</a>",,"Clan Originals",
7911,,"Small Clan Crest Reverse Seal Ring",sr_celtc_scottish_ro<br/>und_crest_ring_rever<br/>se_F50R,"Configurable Product","celtc Clan Crest Ring",£220.00,Enabled,"<a href=""https://magento.clan.com/index.php/admin/catalog_product/edit/id/7911/"">Edit</a>","Celtic and Clan Jewellery","Clan Originals",
7910,,"Clan Crest Reverse Seal Ring",sr_celtc_scottish_ro<br/>und_crest_ring_rever<br/>se_F52R,"Configurable Product","celtc Clan Crest Ring",£233.00,Enabled,"<a href=""https://magento.clan.com/index.php/admin/catalog_product/edit/id/7910/"">Edit</a>","Celtic and Clan Jewellery","Clan Originals",
7909,,"Small Clan Crest Seal Ring",sr_celtc_scottish_ro<br/>und_crest_ring_F50,"Configurable Product","celtc Clan Crest Ring",£220.00,Enabled,"<a href=""https://magento.clan.com/index.php/admin/catalog_product/edit/id/7909/"">Edit</a>","Celtic and Clan Jewellery","Clan Originals",
7908,,"Celtic Ring ‑ CR50",sr_ortak_CR50,"Configurable Product","Ortak Rings",£99.00,Enabled,"<a href=""https://magento.clan.com/index.php/admin/catalog_product/edit/id/7908/"">Edit</a>","Ortak Jewellery","Ortak Jewellery",
7904,,"Celtic Ring ‑ CR53",sr_ortak_CR53,"Configurable Product","Ortak Rings",£85.00,Enabled,"<a href=""https://magento.clan.com/index.php/admin/catalog_product/edit/id/7904/"">Edit</a>","Ortak Jewellery","Ortak Jewellery",
7891,,"Tartan Oddments Bag",sr_swccr_tartan_oddm<br/>ents_bag,"Simple Product","sr_swccr_tartan_oddments_bag Set",£15.00,Enabled,"<a href=""https://magento.clan.com/index.php/admin/catalog_product/edit/id/7891/"">Edit</a>","DC Dalgliesh","Balmoral Kilts and Highland Dress",
7762,,"Clan Crest Dram Glass Gift Set with Presentation Box",sr_artpw_TOT6,"Configurable Product","artpw Clan Crest and Engraving",£70.00,Enabled,"<a href=""https://magento.clan.com/index.php/admin/catalog_product/edit/id/7762/"">Edit</a>","Art Pewter","Art Pewter",
7761,,"Clan Crest Whisky Glass Gift set with Presentation Box",sr_artpw_WG4,"Configurable Product","artpw Clan Crest and Engraving",£60.00,Enabled,"<a href=""https://magento.clan.com/index.php/admin/catalog_product/edit/id/7761/"">Edit</a>","Art Pewter","Art Pewter",
7753,,"Clan Crest Whisky Glass",sr_artpw_WG,"Configurable Product","artpw Clan Crest and Engraving",£11.00,Enabled,"<a href=""https://magento.clan.com/index.php/admin/catalog_product/edit/id/7753/"">Edit</a>","Art Pewter","Art Pewter",
7715,,"Shamrock Plaid Brooch",sr_glnsk_shamrockpla<br/>idbrooc-13624,"Simple Product","glnsk Finish",£0.00,Enabled,"<a href=""https://magento.clan.com/index.php/admin/catalog_product/edit/id/7715/"">Edit</a>","Glen Esk",,
7644,,"Triage Ban Brooch",sr_artpw_35,"Simple Product","Generic Jewellery",£27.00,Enabled,"<a href=""https://magento.clan.com/index.php/admin/catalog_product/edit/id/7644/"">Edit</a>","Art Pewter","Art Pewter",
7641,,"Thistle Twist Kilt Pin",sr_artpw_100,"Simple Product","Generic Jewellery",£27.00,Enabled,"<a href=""https://magento.clan.com/index.php/admin/catalog_product/edit/id/7641/"">Edit</a>","Art Pewter","Art Pewter",
7640,,"Thistle Tie Pin",sr_artpw_217LP,"Simple Product","Default +emblem",£19.00,Enabled,"<a href=""https://magento.clan.com/index.php/admin/catalog_product/edit/id/7640/"">Edit</a>","Art Pewter","Art Pewter",
7639,,"Thistle Tie Bar",sr_artpw_181,"Simple Product","Default +emblem",£20.00,Enabled,"<a href=""https://magento.clan.com/index.php/admin/catalog_product/edit/id/7639/"">Edit</a>","Art Pewter","Art Pewter",
7634,,"Thistle and Knot Kilt Pin",sr_artpw_63,"Simple Product","Generic Jewellery",£22.00,Enabled,"<a href=""https://magento.clan.com/index.php/admin/catalog_product/edit/id/7634/"">Edit</a>","Art Pewter","Art Pewter",
7632,,"Sword Kilt Pin",sr_artpw_66,"Simple Product","Generic Jewellery",£22.00,Enabled,"<a href=""https://magento.clan.com/index.php/admin/catalog_product/edit/id/7632/"">Edit</a>","Art Pewter","Art Pewter",
7629,,"Stag Kilt Pin",sr_artpw_95,"Simple Product","Generic Jewellery",£29.00,Enabled,"<a href=""https://magento.clan.com/index.php/admin/catalog_product/edit/id/7629/"">Edit</a>","Art Pewter","Art Pewter",
7628,,"St Columba Cross Pendant Celtic Pendant",sr_artpw_28,"Simple Product","Generic Jewellery",£25.00,Enabled,"<a href=""https://magento.clan.com/index.php/admin/catalog_product/edit/id/7628/"">Edit</a>","Art Pewter","Art Pewter",
7627,,"Scottish Thistle with Jewel (Large) Brooch",sr_artpw_27,"Simple Product","Generic Jewellery",£27.00,Enabled,"<a href=""https://magento.clan.com/index.php/admin/catalog_product/edit/id/7627/"">Edit</a>","Art Pewter","Art Pewter",
7624,,"Scottish Thistle Kilt Pin",sr_artpw_147,"Simple Product","Generic Jewellery",£33.00,Enabled,"<a href=""https://magento.clan.com/index.php/admin/catalog_product/edit/id/7624/"">Edit</a>","Art Pewter","Art Pewter",
7622,,"Scottish Thistle Jewelled Plaid Brooch",sr_artpw_234,"Configurable Product","artpw Stone Colour",£57.00,Enabled,"<a href=""https://magento.clan.com/index.php/admin/catalog_product/edit/id/7622/"">Edit</a>","Art Pewter","Art Pewter",
7617,,"Scottish Thistle Jewelled Kilt Pin",sr_artpw_79,"Simple Product","Generic Jewellery",£27.00,Enabled,"<a href=""https://magento.clan.com/index.php/admin/catalog_product/edit/id/7617/"">Edit</a>","Art Pewter","Art Pewter",
7615,,"Scottish Thistle Brooch",sr_artpw_51,"Simple Product","Generic Jewellery",£25.00,Enabled,"<a href=""https://magento.clan.com/index.php/admin/catalog_product/edit/id/7615/"">Edit</a>","Art Pewter","Art Pewter",
7614,,"Scottish Jewelled Thistle Brooch",sr_artpw_52,"Configurable Product","artpw Stone Colour",£29.00,Enabled,"<a href=""https://magento.clan.com/index.php/admin/catalog_product/edit/id/7614/"">Edit</a>","Art Pewter","Art Pewter",
7611,,"Rampant Lion Kilt Pin",sr_artpw_KP_LR,"Simple Product","Generic Jewellery",£25.00,Enabled,"<a href=""https://magento.clan.com/index.php/admin/catalog_product/edit/id/7611/"">Edit</a>","Art Pewter","Art Pewter",
7608,,"Never Ending Knot Celtic Brooch",sr_artpw_160,"Simple Product","Generic Jewellery",£27.00,Enabled,"<a href=""https://magento.clan.com/index.php/admin/catalog_product/edit/id/7608/"">Edit</a>","Art Pewter","Art Pewter",
7606,,"Machair Brooch",sr_artpw_168,"Configurable Product","artpw Stone Colour",£33.00,Enabled,"<a href=""https://magento.clan.com/index.php/admin/catalog_product/edit/id/7606/"">Edit</a>","Art Pewter","Art Pewter",
7602,,"Lindisfarne (Large) Celtic Brooch",sr_artpw_162,"Simple Product","Generic Jewellery",£27.00,Enabled,"<a href=""https://magento.clan.com/index.php/admin/catalog_product/edit/id/7602/"">Edit</a>","Art Pewter","Art Pewter",
7600,,"Lauder Axe Kilt Pin",sr_artpw_56,"Simple Product","Generic Jewellery",£20.00,Enabled,"<a href=""https://magento.clan.com/index.php/admin/catalog_product/edit/id/7600/"">Edit</a>","Art Pewter","Art Pewter",
7595,,"Jewelled Thistle Kilt Pin",sr_artpw_57,"Configurable Product","artpw Stone Colour",£36.00,Enabled,"<a href=""https://magento.clan.com/index.php/admin/catalog_product/edit/id/7595/"">Edit</a>","Art Pewter","Art Pewter",
7594,,"Jewelled Scottish Thistles Plaid Brooch",sr_artpw_235,"Configurable Product","artpw Stone Colour",£57.00,Enabled,"<a href=""https://magento.clan.com/index.php/admin/catalog_product/edit/id/7594/"">Edit</a>","Art Pewter","Art Pewter",
7588,,"Interlaced Luckenbooth Brooch",sr_artpw_2,"Simple Product","Generic Jewellery",£22.00,Enabled,"<a href=""https://magento.clan.com/index.php/admin/catalog_product/edit/id/7588/"">Edit</a>","Art Pewter","Art Pewter",
7583,,"Four Mary’s Celtic Brooch",sr_artpw_206,"Simple Product","Generic Jewellery",£27.00,Enabled,"<a href=""https://magento.clan.com/index.php/admin/catalog_product/edit/id/7583/"">Edit</a>","Art Pewter","Art Pewter",
7581,,"Eternal Link Celtic Brooch",sr_artpw_161,"Simple Product","Generic Jewellery",£27.00,Enabled,"<a href=""https://magento.clan.com/index.php/admin/catalog_product/edit/id/7581/"">Edit</a>","Art Pewter","Art Pewter",
7577,,"Eternal Interlace Plaid Brooch",sr_artpw_187,"Simple Product","Generic Jewellery",£54.00,Enabled,"<a href=""https://magento.clan.com/index.php/admin/catalog_product/edit/id/7577/"">Edit</a>","Art Pewter","Art Pewter",
7573,,"Eternal Interlace Celtic Brooch",sr_artpw_157,"Simple Product","Generic Jewellery",£27.00,Enabled,"<a href=""https://magento.clan.com/index.php/admin/catalog_product/edit/id/7573/"">Edit</a>","Art Pewter","Art Pewter",
7572,,"Eilean Annraidh Drop Earrings",sr_artpw_172,"Simple Product","Generic Jewellery",£27.00,Enabled,"<a href=""https://magento.clan.com/index.php/admin/catalog_product/edit/id/7572/"">Edit</a>","Art Pewter","Art Pewter",
7569,,"Culloden Plaid Brooch",sr_artpw_184,"Configurable Product","artpw Stone Colour",£57.00,Enabled,"<a href=""https://magento.clan.com/index.php/admin/catalog_product/edit/id/7569/"">Edit</a>","Art Pewter","Art Pewter",
7564,,"Crinan Kilt Pin",sr_artpw_58,"Simple Product","Generic Jewellery",£20.00,Enabled,"<a href=""https://magento.clan.com/index.php/admin/catalog_product/edit/id/7564/"">Edit</a>","Art Pewter","Art Pewter",
7559,,"Clan Crest Tie Slide",sr_artpw_CC_TB,"Configurable Product","artpw Clan Crest",£26.00,Enabled,"<a href=""https://magento.clan.com/index.php/admin/catalog_product/edit/id/7559/"">Edit</a>","Art Pewter","Art Pewter",
7558,,"Clan Crest Quartz Pocket Watch",sr_artpw_PW1_CL,"Configurable Product","artpw Clan Crest and Engraving",£33.00,Enabled,"<a href=""https://magento.clan.com/index.php/admin/catalog_product/edit/id/7558/"">Edit</a>","Art Pewter","Art Pewter",
7555,,"Clan Crest Dram Glass",sr_artpw_TOT_CL,"Configurable Product","artpw Clan Crest and Engraving",£9.00,Enabled,"<a href=""https://magento.clan.com/index.php/admin/catalog_product/edit/id/7555/"">Edit</a>","Art Pewter","Art Pewter",
7554,,"Clan Crest Black 6oz Hip Flask",sr_artpw_HF6B_CL,"Configurable Product","artpw Clan Crest and Engraving",£27.00,Enabled,"<a href=""https://magento.clan.com/index.php/admin/catalog_product/edit/id/7554/"">Edit</a>","Art Pewter","Art Pewter",
7553,,"Clan Crest 6oz Hip Flask",sr_artpw_HF6_CL,"Configurable Product","artpw Clan Crest and Engraving",£25.00,Enabled,"<a href=""https://magento.clan.com/index.php/admin/catalog_product/edit/id/7553/"">Edit</a>","Art Pewter","Art Pewter",
7550,,"Celtic Plaid Brooch",sr_artpw_189,"Simple Product","Generic Jewellery",£54.00,Enabled,"<a href=""https://magento.clan.com/index.php/admin/catalog_product/edit/id/7550/"">Edit</a>","Art Pewter","Art Pewter",
7549,,"Celtic Knot Tie Pin",sr_artpw_138LP,"Simple Product","Default +emblem",£19.00,Enabled,"<a href=""https://magento.clan.com/index.php/admin/catalog_product/edit/id/7549/"">Edit</a>","Art Pewter","Art Pewter",
7548,,"Celtic Knot Sgian Dubh",sr_artpw_SD_AC,"Configurable Product","Generic Sgian Dubh with Engraving",£69.00,Enabled,"<a href=""https://magento.clan.com/index.php/admin/catalog_product/edit/id/7548/"">Edit</a>","Art Pewter","Art Pewter",
7547,,"Celtic Knot Cufflinks",sr_artpw_114,"Simple Product","Default +emblem",£33.00,Enabled,"<a href=""https://magento.clan.com/index.php/admin/catalog_product/edit/id/7547/"">Edit</a>","Art Pewter","Art Pewter",
7545,,"Celtic Heart Jewelled Stud Earrings",sr_artpw_196,"Configurable Product","artpw Stone Colour",£22.00,Enabled,"<a href=""https://magento.clan.com/index.php/admin/catalog_product/edit/id/7545/"">Edit</a>","Art Pewter","Art Pewter",
7544,,"Celtic Heart Jewelled Pendant",sr_artpw_193,"Configurable Product","artpw Stone Colour",£29.00,Enabled,"<a href=""https://magento.clan.com/index.php/admin/catalog_product/edit/id/7544/"">Edit</a>","Art Pewter","Art Pewter",
7542,,"Cathedral Plaid Brooch",sr_artpw_188,"Simple Product","Generic Jewellery",£54.00,Enabled,"<a href=""https://magento.clan.com/index.php/admin/catalog_product/edit/id/7542/"">Edit</a>","Art Pewter","Art Pewter",
7538,,"Wallace Sword Kilt Pin",sr_artpw_62,"Configurable Product","artpw Finish",£26.00,Enabled,"<a href=""https://magento.clan.com/index.php/admin/catalog_product/edit/id/7538/"">Edit</a>","Art Pewter","Art Pewter",
7537,,"Thistle Motif Sgian Dubh",sr_artpw_SD_AT,"Configurable Product","artpw Finish and Engraving",£69.00,Enabled,"<a href=""https://magento.clan.com/index.php/admin/catalog_product/edit/id/7537/"">Edit</a>","Art Pewter","Art Pewter",
7536,,"Thistle Sword Kilt Pin",sr_artpw_67,"Configurable Product","artpw Finish",£25.00,Enabled,"<a href=""https://magento.clan.com/index.php/admin/catalog_product/edit/id/7536/"">Edit</a>","Art Pewter","Art Pewter",
7534,,"Sword and Thistle Kilt Pin",sr_artpw_97,"Configurable Product","artpw Finish",£25.00,Enabled,"<a href=""https://magento.clan.com/index.php/admin/catalog_product/edit/id/7534/"">Edit</a>","Art Pewter","Art Pewter",
7531,,"Rampant Lion Sword Kilt Pin",sr_artpw_98,"Configurable Product","artpw Finish",£25.00,Enabled,"<a href=""https://magento.clan.com/index.php/admin/catalog_product/edit/id/7531/"">Edit</a>","Art Pewter","Art Pewter",
7530,,"Rampant Lion Kilt Pin",sr_artpw_69,"Configurable Product","artpw Finish",£25.00,Enabled,"<a href=""https://magento.clan.com/index.php/admin/catalog_product/edit/id/7530/"">Edit</a>","Art Pewter","Art Pewter",
7529,,"Lindisfarne Plaid Brooch",sr_artpw_186,"Configurable Product","artpw Finish",£54.00,Enabled,"<a href=""https://magento.clan.com/index.php/admin/catalog_product/edit/id/7529/"">Edit</a>","Art Pewter","Art Pewter",
7527,,"Interlace Sword Kilt Pin",sr_artpw_68,"Configurable Product","artpw Finish",£25.00,Enabled,"<a href=""https://magento.clan.com/index.php/admin/catalog_product/edit/id/7527/"">Edit</a>","Art Pewter","Art Pewter",
7526,,"Culloden Sword Kilt Pin",sr_artpw_65,"Configurable Product","artpw Finish",£26.00,Enabled,"<a href=""https://magento.clan.com/index.php/admin/catalog_product/edit/id/7526/"">Edit</a>","Art Pewter","Art Pewter",
7525,,"Claidhmhor with Stag Kilt Pin",sr_artpw_99,"Simple Product","Generic Jewellery",£25.00,Enabled,"<a href=""https://magento.clan.com/index.php/admin/catalog_product/edit/id/7525/"">Edit</a>","Art Pewter","Art Pewter",
7524,,"Claymore Sword Kilt Pin",sr_artpw_96,"Configurable Product","artpw Finish",£25.00,Enabled,"<a href=""https://magento.clan.com/index.php/admin/catalog_product/edit/id/7524/"">Edit</a>","Art Pewter","Art Pewter",
7523,,"Celtic Interlaced Plaid Brooch",sr_artpw_247,"Configurable Product","artpw Finish",£54.00,Enabled,"<a href=""https://magento.clan.com/index.php/admin/catalog_product/edit/id/7523/"">Edit</a>","Art Pewter","Art Pewter",
7522,,"Celtic Interlace Plaid Brooch",sr_artpw_248,"Configurable Product","artpw Stone Colour",£57.00,Enabled,"<a href=""https://magento.clan.com/index.php/admin/catalog_product/edit/id/7522/"">Edit</a>","Art Pewter","Art Pewter",
7521,,"Bruce Sword Kilt Pin",sr_artpw_213,"Configurable Product","artpw Finish",£26.00,Enabled,"<a href=""https://magento.clan.com/index.php/admin/catalog_product/edit/id/7521/"">Edit</a>","Art Pewter","Art Pewter",
7520,,"Argyll Interlace Kilt Pin",sr_artpw_109,"Configurable Product","artpw Finish",£26.00,Enabled,"<a href=""https://magento.clan.com/index.php/admin/catalog_product/edit/id/7520/"">Edit</a>","Art Pewter","Art Pewter",
7160,,"Girl's Kilt",sr_swhdr_girlskilt,"Fabric CMT Product","Generic Fabric M2M Kilt (Girls)",£104.00,Enabled,"<a href=""https://magento.clan.com/index.php/admin/catalog_product/edit/id/7160/"">Edit</a>","Glenisla Kilts","Balmoral Kilts and Highland Dress",
7157,,"Clan Crest 3oz Hip Flask",sr_artpw_hipflask_hf<br/>3c,"Configurable Product","artpw Clan Crest and Engraving",£22.00,Enabled,"<a href=""https://magento.clan.com/index.php/admin/catalog_product/edit/id/7157/"">Edit</a>","Art Pewter","Art Pewter",
6895,,"Essential Tartan Rug",sr_ibuch_tartan_trav<br/>el_rug,"Fabric Simple Product","Generic Capes, Scarves, Wraps etc (Fabric Choice)",£56.00,Enabled,"<a href=""https://magento.clan.com/index.php/admin/catalog_product/edit/id/6895/"">Edit</a>","Ingles Buchan","Clan Originals",
6287,,"Stag and Thistle Whisky Tumbler",sr_aewil_WHISK03,"Simple Product","Default +emblem",£46.00,Enabled,"<a href=""https://magento.clan.com/index.php/admin/catalog_product/edit/id/6287/"">Edit</a>","AE Williams Pewter","AE Williams Pewter",
6285,,"Never Ending Swirl Whisky Tumbler",sr_aewil_WHISK01,"Simple Product","Default +emblem",£46.00,Enabled,"<a href=""https://magento.clan.com/index.php/admin/catalog_product/edit/id/6285/"">Edit</a>","AE Williams Pewter","AE Williams Pewter",
6265,,"Thistle Torc Bangle",sr_aewil_TB03,"Simple Product","Generic Jewellery",£17.00,Enabled,"<a href=""https://magento.clan.com/index.php/admin/catalog_product/edit/id/6265/"">Edit</a>","AE Williams Pewter","AE Williams Pewter",
6249,,"Thistle Shot Glass",sr_aewil_SHOT02,"Simple Product","Default +emblem",£18.00,Enabled,"<a href=""https://magento.clan.com/index.php/admin/catalog_product/edit/id/6249/"">Edit</a>","AE Williams Pewter","AE Williams Pewter",
6246,,"Stag Shot Glass",sr_aewil_SHOT04,"Simple Product","Default +emblem",£18.00,Enabled,"<a href=""https://magento.clan.com/index.php/admin/catalog_product/edit/id/6246/"">Edit</a>","AE Williams Pewter","AE Williams Pewter",
6232,,"Never Ending Knot Purse Mirror",sr_aewil_2504,"Simple Product","Default +emblem +bag_style +pattern",£26.00,Enabled,"<a href=""https://magento.clan.com/index.php/admin/catalog_product/edit/id/6232/"">Edit</a>","AE Williams Pewter","AE Williams Pewter",
6231,,"Triple Swirl Purse Mirror",sr_aewil_2503,"Simple Product","Default +emblem +bag_style +pattern",£18.00,Enabled,"<a href=""https://magento.clan.com/index.php/admin/catalog_product/edit/id/6231/"">Edit</a>","AE Williams Pewter","AE Williams Pewter",
6229,,"Archibald Knox Enamelled Purse Mirror",sr_aewil_2529,"Simple Product","Default +emblem +bag_style +pattern",£27.00,Enabled,"<a href=""https://magento.clan.com/index.php/admin/catalog_product/edit/id/6229/"">Edit</a>","AE Williams Pewter","AE Williams Pewter",
6206,,"Monarch of the Glen Kilt Pin",sr_aewil_62200,"Simple Product","Generic Jewellery",£16.00,Enabled,"<a href=""https://magento.clan.com/index.php/admin/catalog_product/edit/id/6206/"">Edit</a>","AE Williams Pewter","AE Williams Pewter",
6201,,"Welsh Dragon Sword Cilt Pin",sr_aewil_62000,"Simple Product","Generic Jewellery",£16.00,Enabled,"<a href=""https://magento.clan.com/index.php/admin/catalog_product/edit/id/6201/"">Edit</a>","AE Williams Pewter","AE Williams Pewter",
6189,,"Sporran 6oz Flask",sr_aewil_GIB28,"Simple Product","Generic Flask (Size Description Not Option)",£56.00,Enabled,"<a href=""https://magento.clan.com/index.php/admin/catalog_product/edit/id/6189/"">Edit</a>","AE Williams Pewter","AE Williams Pewter",
6187,,"Roaring Stag 6oz Flask",sr_aewil_GIB27,"Simple Product","Generic Flask (Size Description Not Option)",£68.00,Enabled,"<a href=""https://magento.clan.com/index.php/admin/catalog_product/edit/id/6187/"">Edit</a>","AE Williams Pewter","AE Williams Pewter",
6186,,"Thistle 6oz Flask",sr_aewil_GIB22,"Simple Product","Generic Flask (Size Description Not Option)",£68.00,Enabled,"<a href=""https://magento.clan.com/index.php/admin/catalog_product/edit/id/6186/"">Edit</a>","AE Williams Pewter","AE Williams Pewter",
6158,,"8th Century Triple Swirl Knot With Stone Brooch",sr_aewil_3908,"Simple Product","Generic Jewellery",£16.00,Enabled,"<a href=""https://magento.clan.com/index.php/admin/catalog_product/edit/id/6158/"">Edit</a>","AE Williams Pewter","AE Williams Pewter",
6153,,"The Symbol of Eternity Amber Insert Brooch",sr_aewil_3926,"Simple Product","Generic Jewellery",£15.00,Enabled,"<a href=""https://magento.clan.com/index.php/admin/catalog_product/edit/id/6153/"">Edit</a>","AE Williams Pewter","AE Williams Pewter",
6144,,"Symbol Of Eternity Brooch",sr_aewil_3900,"Simple Product","Generic Jewellery",£14.00,Enabled,"<a href=""https://magento.clan.com/index.php/admin/catalog_product/edit/id/6144/"">Edit</a>","AE Williams Pewter","AE Williams Pewter",
6135,,"Made to Measure Wallace Tweed Jacket and Vest",sr_gaeli_mtm_tweed_j<br/>acket_vest,"Fabric CMT Product","Generic Fabric M2M Jacket",£363.00,Enabled,"<a href=""https://magento.clan.com/index.php/admin/catalog_product/edit/id/6135/"">Edit</a>","Gaelic Themes","Balmoral Kilts and Highland Dress",
6133,,"Made to Measure Gents Tartan Sports Jacket",sr_gaeli_mtm_tartans<br/>_sport_jacket,"Fabric CMT Product","Generic Fabric M2M Jacket +pattern +wrap_style +showerproof",£293.00,Enabled,"<a href=""https://magento.clan.com/index.php/admin/catalog_product/edit/id/6133/"">Edit</a>","Gaelic Themes","Clan Originals",
6127,,"Shamrock Plaid Brooch",sr_glnsk_shamrockpla<br/>idbrooc-13623,"Simple Product","glnsk Finish",£0.00,Enabled,"<a href=""https://magento.clan.com/index.php/admin/catalog_product/edit/id/6127/"">Edit</a>","Glen Esk",,
6057,,"Essential Prince Charlie Trews Outfit",sr_esssw_essential_p<br/>c_trews_outfit,"Bundle Product","Default Kilt Jacket",,Enabled,"<a href=""https://magento.clan.com/index.php/admin/catalog_product/edit/id/6057/"">Edit</a>","TJ Matthews","Clan Originals",
6050,,"Classic Argyll Trews Outfit",sr_swhdr_standard_ar<br/>gyll_trews_outfit,"Bundle Product","Default Kilt Jacket",,Enabled,"<a href=""https://magento.clan.com/index.php/admin/catalog_product/edit/id/6050/"">Edit</a>","TJ Matthews","Balmoral Kilts and Highland Dress",
6049,,"Essential Argyll Trews Outfit",sr_esssw_essential_a<br/>rgyll_trews_outfit,"Bundle Product","Default Kilt Jacket",,Enabled,"<a href=""https://magento.clan.com/index.php/admin/catalog_product/edit/id/6049/"">Edit</a>","TJ Matthews","Clan Originals",
6048,,"Classic Prince Charlie Trews Outfit",sr_swhdr_standard_pc<br/>_trews_outfit,"Bundle Product","Default Kilt Jacket",,Enabled,"<a href=""https://magento.clan.com/index.php/admin/catalog_product/edit/id/6048/"">Edit</a>","TJ Matthews","Balmoral Kilts and Highland Dress",
6020,,"D.C. Dalgliesh Exclusive: Mini Framed Tartan Handbag",sr_aliva_framed_tart<br/>an_bag_mini_with_fla<br/>p,"Fabric CMT Product","Generic Bag/Purse/Case (fabric choices)",£0.00,Enabled,"<a href=""https://magento.clan.com/index.php/admin/catalog_product/edit/id/6020/"">Edit</a>","Alissa Valdenassi",,
6019,,"D.C. Dalgliesh Exclusive: Tartan Clutch Bag",sr_aliva_tartan_clut<br/>ch_bag,"Fabric CMT Product","Generic Bag/Purse/Case (fabric choices)",£0.00,Enabled,"<a href=""https://magento.clan.com/index.php/admin/catalog_product/edit/id/6019/"">Edit</a>","Alissa Valdenassi",,
6018,,"D.C. Dalgliesh Exclusive: Large Framed Tartan Handbag",sr_aliva_framed_tart<br/>an_bag_large,"Fabric CMT Product","Generic Bag/Purse/Case (fabric choices)",£447.00,Enabled,"<a href=""https://magento.clan.com/index.php/admin/catalog_product/edit/id/6018/"">Edit</a>","Alissa Valdenassi",,
6017,,"Essential Tartan Pocket Square",sr_ibuch_pocketsquar<br/>e_single,"Fabric Simple Product","Fabric Default + Pattern",£11.00,Enabled,"<a href=""https://magento.clan.com/index.php/admin/catalog_product/edit/id/6017/"">Edit</a>","Ingles Buchan","Clan Originals",
5999,,"Box Pleat Mini Kilt, tweed",sr_swhdr_sf_boxpleat,"Fabric CMT Product","Generic Fabric M2M Short Skirt (Kilted)",£215.00,Enabled,"<a href=""https://magento.clan.com/index.php/admin/catalog_product/edit/id/5999/"">Edit</a>","Glenisla Kilts","Balmoral Kilts and Highland Dress",
5997,,"Tweed Mini Kilt",sr_swhdr_sf_minikilt,"Fabric CMT Product","Generic Fabric M2M Short Skirt (Kilted)",£215.00,Enabled,"<a href=""https://magento.clan.com/index.php/admin/catalog_product/edit/id/5997/"">Edit</a>","Glenisla Kilts","Balmoral Kilts and Highland Dress",
5991,,"Heather Mix York Crew Neck Sweater",sr_oknit_york_crew_9<br/>024,"Configurable Product","sr_oknit_york_crew_9024 Set",£75.00,Enabled,"<a href=""https://magento.clan.com/index.php/admin/catalog_product/edit/id/5991/"">Edit</a>","TW Kempton","TW Kempton",
5990,,"Ecru Submariner Sweater",sr_oknit_submariner_<br/>12632,"Configurable Product","sr_oknit_submariner_12632 Set",£125.00,Enabled,"<a href=""https://magento.clan.com/index.php/admin/catalog_product/edit/id/5990/"">Edit</a>","TW Kempton","TW Kempton",
5988,,"Light Grey Welsh Southwold Cardigan",sr_oknit_southwold_4<br/>1068,"Configurable Product","sr_oknit_southwold_41068 Set",£179.00,Enabled,"<a href=""https://magento.clan.com/index.php/admin/catalog_product/edit/id/5988/"">Edit</a>","TW Kempton","TW Kempton",
5984,,"Navy Greenwich Sweater",sr_oknit_greenwich_4<br/>1029,"Configurable Product","sr_oknit_greenwich_41029 Set",£149.00,Enabled,"<a href=""https://magento.clan.com/index.php/admin/catalog_product/edit/id/5984/"">Edit</a>","TW Kempton","TW Kempton",
5982,,"Black Ghillie Sweater with Harris Tweed Patches",sr_oknit_ghillie_141<br/>32,"Configurable Product","sr_oknit_ghillie_14132 Set",£106.00,Enabled,"<a href=""https://magento.clan.com/index.php/admin/catalog_product/edit/id/5982/"">Edit</a>","TW Kempton","TW Kempton",
5980,,"Forrester Wooly Pully Sweater",sr_oknit_forrester_1<br/>4135,"Configurable Product","sr_oknit_forrester_14135 Set",£101.00,Enabled,"<a href=""https://magento.clan.com/index.php/admin/catalog_product/edit/id/5980/"">Edit</a>","TW Kempton","TW Kempton",
5978,,"Moss Green Drover Vee‑Neck Sweater",sr_oknit_drover_vee_<br/>14133,"Configurable Product","sr_oknit_drover_vee_14133 Set",£121.00,Enabled,"<a href=""https://magento.clan.com/index.php/admin/catalog_product/edit/id/5978/"">Edit</a>","TW Kempton","TW Kempton",
5975,,"Navy and Ecru Dover Sweater",sr_oknit_dover_12980,"Configurable Product","sr_oknit_dover_12980 Set",£147.00,Enabled,"<a href=""https://magento.clan.com/index.php/admin/catalog_product/edit/id/5975/"">Edit</a>","TW Kempton","TW Kempton",
5973,,"Derby Tweed Chatsworth Sweater",sr_oknit_chatsworth_<br/>41001,"Configurable Product","sr_oknit_chatsworth_41001 Set",£139.00,Enabled,"<a href=""https://magento.clan.com/index.php/admin/catalog_product/edit/id/5973/"">Edit</a>","TW Kempton","TW Kempton",
5936,,"Clan Crest Rectangular Fridge Magnet",sr_keytc_fridgemagne<br/>t_rectangular,"Configurable Product","keytc Clan Crest",£3.00,Enabled,"<a href=""https://magento.clan.com/index.php/admin/catalog_product/edit/id/5936/"">Edit</a>","Key to the Clans","Clan Originals",
5916,,"Luxury Cashmere Throw, Field Yellow Merchiston Plaid",sr_dcdal_cashmere_th<br/>row_merchiston_signa<br/>ture_field_yellow,"Simple Product",Default,£595.00,Enabled,"<a href=""https://magento.clan.com/index.php/admin/catalog_product/edit/id/5916/"">Edit</a>","Lochcarron of Scotland","DC Dalgliesh",
5914,,"Ailsa the Highland Dancer Bear",sr_ronnh_ailsa_bear,"Fabric CMT Product","ronnh Cuddly Anmials",£63.00,Enabled,"<a href=""https://magento.clan.com/index.php/admin/catalog_product/edit/id/5914/"">Edit</a>","Ingles Buchan","Clan Originals",
5709,,"Classic Scottish Cashmere Scarf",sr_johns_WA000016_pl<br/>ain,"Configurable Product","johns Colour",£129.00,Enabled,"<a href=""https://magento.clan.com/index.php/admin/catalog_product/edit/id/5709/"">Edit</a>","Johnstons of Elgin",,
4598,,"Silver Celtic Band – FR151",sr_jthom_fr151_silve<br/>r,"Configurable Product","jthom Ring Size + Filterable Attributes",£99.00,Enabled,"<a href=""https://magento.clan.com/index.php/admin/catalog_product/edit/id/4598/"">Edit</a>","Joanna Thomson Jewellery","Joanna Thomson Jewellery",
4594,,"Silver Celtic Patterned Ring ‑ FR97",sr_jthom_fr97_silver,"Configurable Product","jthom Ring Size + Filterable Attributes",£104.00,Enabled,"<a href=""https://magento.clan.com/index.php/admin/catalog_product/edit/id/4594/"">Edit</a>","Joanna Thomson Jewellery","Joanna Thomson Jewellery",
4543,,"Zodiac Enamelled Stud Earrings ‑ Aries ‑ EE583",sr_ortak_EE583_charc<br/>oal,"Simple Product","Ortak Default (Enamel)",£66.00,Enabled,"<a href=""https://magento.clan.com/index.php/admin/catalog_product/edit/id/4543/"">Edit</a>","Ortak Jewellery","Ortak Jewellery",
4494,,"Cat Charm ‑ C97",sr_ortak_C97,"Configurable Product","Ortak Charm",£25.00,Enabled,"<a href=""https://magento.clan.com/index.php/admin/catalog_product/edit/id/4494/"">Edit</a>","Ortak Jewellery","Ortak Jewellery",
4493,,"Mouse Charm ‑ C96",sr_ortak_C96,"Configurable Product","Ortak Charm",£22.00,Enabled,"<a href=""https://magento.clan.com/index.php/admin/catalog_product/edit/id/4493/"">Edit</a>","Ortak Jewellery","Ortak Jewellery",
4492,,"Swan Charm ‑ C95",sr_ortak_C95,"Configurable Product","Ortak Charm",£38.00,Enabled,"<a href=""https://magento.clan.com/index.php/admin/catalog_product/edit/id/4492/"">Edit</a>","Ortak Jewellery","Ortak Jewellery",
4491,,"Trout Charm ‑ C91",sr_ortak_C91,"Configurable Product","Ortak Charm",£31.00,Enabled,"<a href=""https://magento.clan.com/index.php/admin/catalog_product/edit/id/4491/"">Edit</a>","Ortak Jewellery","Ortak Jewellery",
4490,,"Pony Charm ‑ C89",sr_ortak_C89,"Configurable Product","Ortak Charm",£39.00,Enabled,"<a href=""https://magento.clan.com/index.php/admin/catalog_product/edit/id/4490/"">Edit</a>","Ortak Jewellery","Ortak Jewellery",
4489,,"Pony Charm ‑ C88",sr_ortak_C88,"Configurable Product","Ortak Charm",£45.00,Enabled,"<a href=""https://magento.clan.com/index.php/admin/catalog_product/edit/id/4489/"">Edit</a>","Ortak Jewellery","Ortak Jewellery",
4488,,"Sheep Charm ‑ C87",sr_ortak_C87,"Configurable Product","Ortak Charm",£49.00,Enabled,"<a href=""https://magento.clan.com/index.php/admin/catalog_product/edit/id/4488/"">Edit</a>","Ortak Jewellery","Ortak Jewellery",
4487,,"Pig Charm ‑ C86",sr_ortak_C86,"Configurable Product","Ortak Charm",£51.00,Enabled,"<a href=""https://magento.clan.com/index.php/admin/catalog_product/edit/id/4487/"">Edit</a>","Ortak Jewellery","Ortak Jewellery",
4486,,"Pony Charm ‑ C308",sr_ortak_C308,"Configurable Product","Ortak Charm",£43.00,Enabled,"<a href=""https://magento.clan.com/index.php/admin/catalog_product/edit/id/4486/"">Edit</a>","Ortak Jewellery","Ortak Jewellery",
4485,,"Cat Charm ‑ C306",sr_ortak_C306,"Configurable Product","Ortak Charm",£30.00,Enabled,"<a href=""https://magento.clan.com/index.php/admin/catalog_product/edit/id/4485/"">Edit</a>","Ortak Jewellery","Ortak Jewellery",
4484,,"Cat Charm ‑ C184",sr_ortak_C184,"Configurable Product","Ortak Charm",£22.00,Enabled,"<a href=""https://magento.clan.com/index.php/admin/catalog_product/edit/id/4484/"">Edit</a>","Ortak Jewellery","Ortak Jewellery",
4483,,"Tortoise Charm ‑ C164",sr_ortak_C164,"Configurable Product","Ortak Charm",£43.00,Enabled,"<a href=""https://magento.clan.com/index.php/admin/catalog_product/edit/id/4483/"">Edit</a>","Ortak Jewellery","Ortak Jewellery",
4482,,"Dog Charm ‑ C163",sr_ortak_C163,"Configurable Product","Ortak Charm",£24.00,Enabled,"<a href=""https://magento.clan.com/index.php/admin/catalog_product/edit/id/4482/"">Edit</a>","Ortak Jewellery","Ortak Jewellery",
4481,,"Dog Charm ‑ C161",sr_ortak_C161,"Configurable Product","Ortak Charm",£29.00,Enabled,"<a href=""https://magento.clan.com/index.php/admin/catalog_product/edit/id/4481/"">Edit</a>","Ortak Jewellery","Ortak Jewellery",
4480,,"Pony Charm ‑ C140",sr_ortak_C140,"Configurable Product","Ortak Charm",£20.00,Enabled,"<a href=""https://magento.clan.com/index.php/admin/catalog_product/edit/id/4480/"">Edit</a>","Ortak Jewellery","Ortak Jewellery",
4479,,"Pony Charm ‑ C127",sr_ortak_C127,"Configurable Product","Ortak Charm",£25.00,Enabled,"<a href=""https://magento.clan.com/index.php/admin/catalog_product/edit/id/4479/"">Edit</a>","Ortak Jewellery","Ortak Jewellery",
4478,,"Rabbit Charm ‑ C113",sr_ortak_C113,"Configurable Product","Ortak Charm",£32.00,Enabled,"<a href=""https://magento.clan.com/index.php/admin/catalog_product/edit/id/4478/"">Edit</a>","Ortak Jewellery","Ortak Jewellery",
4477,,"Dolphin Charm ‑ C112",sr_ortak_C112,"Configurable Product","Ortak Charm",£32.00,Enabled,"<a href=""https://magento.clan.com/index.php/admin/catalog_product/edit/id/4477/"">Edit</a>","Ortak Jewellery","Ortak Jewellery",
4476,,"Dolphin Charm ‑ C110",sr_ortak_C110,"Configurable Product","Ortak Charm",£20.00,Enabled,"<a href=""https://magento.clan.com/index.php/admin/catalog_product/edit/id/4476/"">Edit</a>","Ortak Jewellery","Ortak Jewellery",
4475,,"Seal Charm ‑ C105",sr_ortak_C105,"Configurable Product","Ortak Charm",£22.00,Enabled,"<a href=""https://magento.clan.com/index.php/admin/catalog_product/edit/id/4475/"">Edit</a>","Ortak Jewellery","Ortak Jewellery",
4474,,"Dog Charm ‑ C100",sr_ortak_C100,"Configurable Product","Ortak Charm",£31.00,Enabled,"<a href=""https://magento.clan.com/index.php/admin/catalog_product/edit/id/4474/"">Edit</a>","Ortak Jewellery","Ortak Jewellery",
4464,,"Twist and Shout Bracelet ‑ BL485",sr_ortak_BL485,"Simple Product","Ortak Default",£105.00,Enabled,"<a href=""https://magento.clan.com/index.php/admin/catalog_product/edit/id/4464/"">Edit</a>","Ortak Jewellery","Ortak Jewellery",
4457,,"Twiggy Bangle ‑ BG201",sr_ortak_BG201,"Simple Product","Ortak Default",£265.00,Enabled,"<a href=""https://magento.clan.com/index.php/admin/catalog_product/edit/id/4457/"">Edit</a>","Ortak Jewellery","Ortak Jewellery",
4450,,"Tulips for MS Trust Necklet ‑ EN16",sr_ortak_EN16_mulber<br/>ry,"Simple Product","Ortak Default (Enamel)",£169.00,Enabled,"<a href=""https://magento.clan.com/index.php/admin/catalog_product/edit/id/4450/"">Edit</a>","Ortak Jewellery","Ortak Jewellery",
4446,,"Tulips for MS Trust Charm ‑ EC3",sr_ortak_EC3_mulberr<br/>y,"Configurable Product","Ortak Charm (Enamel)",£61.00,Enabled,"<a href=""https://magento.clan.com/index.php/admin/catalog_product/edit/id/4446/"">Edit</a>","Ortak Jewellery","Ortak Jewellery",
4445,,"Tulips for MS Trust Charm ‑ EC2",sr_ortak_EC2_mulberr<br/>y,"Configurable Product","Ortak Charm (Enamel)",£34.00,Enabled,"<a href=""https://magento.clan.com/index.php/admin/catalog_product/edit/id/4445/"">Edit</a>","Ortak Jewellery","Ortak Jewellery",
4444,,"Tulips for MS Trust Charm ‑ C298",sr_ortak_C298,"Configurable Product","Ortak Charm",£45.00,Enabled,"<a href=""https://magento.clan.com/index.php/admin/catalog_product/edit/id/4444/"">Edit</a>","Ortak Jewellery","Ortak Jewellery",
4443,,"Tulips for MS Trust Charm ‑ C297",sr_ortak_C297,"Configurable Product","Ortak Charm",£73.00,Enabled,"<a href=""https://magento.clan.com/index.php/admin/catalog_product/edit/id/4443/"">Edit</a>","Ortak Jewellery","Ortak Jewellery",
4442,,"Tulips for MS Trust Charm ‑ C295",sr_ortak_C295,"Configurable Product","Ortak Charm",£23.00,Enabled,"<a href=""https://magento.clan.com/index.php/admin/catalog_product/edit/id/4442/"">Edit</a>","Ortak Jewellery","Ortak Jewellery",
4441,,"Tulips for MS Trust Charm ‑ C294",sr_ortak_C294,"Configurable Product","Ortak Charm",£48.00,Enabled,"<a href=""https://magento.clan.com/index.php/admin/catalog_product/edit/id/4441/"">Edit</a>","Ortak Jewellery","Ortak Jewellery",
4435,,"True Pendant ‑ P859",sr_ortak_P859,"Simple Product","Ortak Default",£63.00,Enabled,"<a href=""https://magento.clan.com/index.php/admin/catalog_product/edit/id/4435/"">Edit</a>","Ortak Jewellery","Ortak Jewellery",
4385,,"Thistle Pendant ‑ P85",sr_ortak_P85,"Simple Product","Ortak Default",£106.00,Enabled,"<a href=""https://magento.clan.com/index.php/admin/catalog_product/edit/id/4385/"">Edit</a>","Ortak Jewellery","Ortak Jewellery",
4376,,"Thistle Pendant ‑ CP25",sr_ortak_CP25_amethy<br/>st,"Simple Product","Ortak Default (Gemstone)",£134.00,Enabled,"<a href=""https://magento.clan.com/index.php/admin/catalog_product/edit/id/4376/"">Edit</a>","Ortak Jewellery","Ortak Jewellery",
4374,,"Thistle Kilt Pin ‑ CB36",sr_ortak_CB36_amethy<br/>st,"Simple Product","Ortak Default (Gemstone)",£119.00,Enabled,"<a href=""https://magento.clan.com/index.php/admin/catalog_product/edit/id/4374/"">Edit</a>","Ortak Jewellery","Ortak Jewellery",
4373,,"Thistle Kilt Pin ‑ B536",sr_ortak_B536,"Simple Product","Ortak Default",£116.00,Enabled,"<a href=""https://magento.clan.com/index.php/admin/catalog_product/edit/id/4373/"">Edit</a>","Ortak Jewellery","Ortak Jewellery",
4370,,"Thistle Kilt Pin ‑ B105",sr_ortak_B105,"Simple Product","Ortak Default",£79.00,Enabled,"<a href=""https://magento.clan.com/index.php/admin/catalog_product/edit/id/4370/"">Edit</a>","Ortak Jewellery","Ortak Jewellery",
4369,,"Thistle Stud Earrings ‑ E58",sr_ortak_E58,"Simple Product","Ortak Default",£39.00,Enabled,"<a href=""https://magento.clan.com/index.php/admin/catalog_product/edit/id/4369/"">Edit</a>","Ortak Jewellery","Ortak Jewellery",
4367,,"Thistle Earrings ‑ CE8",sr_ortak_CE8_amethys<br/>t,"Simple Product","Ortak Default (Gemstone)",£50.00,Enabled,"<a href=""https://magento.clan.com/index.php/admin/catalog_product/edit/id/4367/"">Edit</a>","Ortak Jewellery","Ortak Jewellery",
4366,,"Thistle Drop Earrings ‑ E27",sr_ortak_E27,"Simple Product","Ortak Default",£73.00,Enabled,"<a href=""https://magento.clan.com/index.php/admin/catalog_product/edit/id/4366/"">Edit</a>","Ortak Jewellery","Ortak Jewellery",
4362,,"Thistle Drop Earrings ‑ CE9",sr_ortak_CE9_amethys<br/>t,"Simple Product","Ortak Default (Gemstone)",£56.00,Enabled,"<a href=""https://magento.clan.com/index.php/admin/catalog_product/edit/id/4362/"">Edit</a>","Ortak Jewellery","Ortak Jewellery",
4361,,"Thistle Charm ‑ C305",sr_ortak_C305,"Configurable Product","Ortak Charm",£32.00,Enabled,"<a href=""https://magento.clan.com/index.php/admin/catalog_product/edit/id/4361/"">Edit</a>","Ortak Jewellery","Ortak Jewellery",
4360,,"Thistle Charm ‑ C168",sr_ortak_C168,"Configurable Product","Ortak Charm",£27.00,Enabled,"<a href=""https://magento.clan.com/index.php/admin/catalog_product/edit/id/4360/"">Edit</a>","Ortak Jewellery","Ortak Jewellery",
4359,,"Thistle Charm ‑ C156",sr_ortak_C156,"Configurable Product","Ortak Charm",£19.00,Enabled,"<a href=""https://magento.clan.com/index.php/admin/catalog_product/edit/id/4359/"">Edit</a>","Ortak Jewellery","Ortak Jewellery",
4358,,"Thistle Charm ‑ C149",sr_ortak_C149,"Configurable Product","Ortak Charm",£26.00,Enabled,"<a href=""https://magento.clan.com/index.php/admin/catalog_product/edit/id/4358/"">Edit</a>","Ortak Jewellery","Ortak Jewellery",
4357,,"Thistle Charm ‑ C143",sr_ortak_C143,"Configurable Product","Ortak Charm",£16.00,Enabled,"<a href=""https://magento.clan.com/index.php/admin/catalog_product/edit/id/4357/"">Edit</a>","Ortak Jewellery","Ortak Jewellery",
4356,,"Thistle Charm ‑ C14",sr_ortak_C14,"Configurable Product","Ortak Charm",£22.00,Enabled,"<a href=""https://magento.clan.com/index.php/admin/catalog_product/edit/id/4356/"">Edit</a>","Ortak Jewellery","Ortak Jewellery",
4355,,"Thistle Charm ‑ C13",sr_ortak_C13,"Configurable Product","Ortak Charm",£22.00,Enabled,"<a href=""https://magento.clan.com/index.php/admin/catalog_product/edit/id/4355/"">Edit</a>","Ortak Jewellery","Ortak Jewellery",
4354,,"Thistle Brooch ‑ CB34",sr_ortak_CB34_amethy<br/>st,"Simple Product","Ortak Default (Gemstone)",£72.00,Enabled,"<a href=""https://magento.clan.com/index.php/admin/catalog_product/edit/id/4354/"">Edit</a>","Ortak Jewellery","Ortak Jewellery",
4353,,"Thistle Brooch ‑ CB33",sr_ortak_CB33_amethy<br/>st,"Simple Product","Ortak Default (Gemstone)",£72.00,Enabled,"<a href=""https://magento.clan.com/index.php/admin/catalog_product/edit/id/4353/"">Edit</a>","Ortak Jewellery","Ortak Jewellery",
4352,,"Thistle Brooch ‑ B534",sr_ortak_B534,"Simple Product","Ortak Default",£137.00,Enabled,"<a href=""https://magento.clan.com/index.php/admin/catalog_product/edit/id/4352/"">Edit</a>","Ortak Jewellery","Ortak Jewellery",
4351,,"Thistle Brooch ‑ B38",sr_ortak_B38,"Simple Product","Ortak Default",£79.00,Enabled,"<a href=""https://magento.clan.com/index.php/admin/catalog_product/edit/id/4351/"">Edit</a>","Ortak Jewellery","Ortak Jewellery",
4350,,"Teddy Bear Charm ‑ C304",sr_ortak_C304,"Configurable Product","Ortak Charm",£28.00,Enabled,"<a href=""https://magento.clan.com/index.php/admin/catalog_product/edit/id/4350/"">Edit</a>","Ortak Jewellery","Ortak Jewellery",
4349,,"Teddy Bear Charm ‑ C192",sr_ortak_C192,"Configurable Product","Ortak Charm",£20.00,Enabled,"<a href=""https://magento.clan.com/index.php/admin/catalog_product/edit/id/4349/"">Edit</a>","Ortak Jewellery","Ortak Jewellery",
4348,,"Teddy Bear Charm ‑ C119",sr_ortak_C119,"Configurable Product","Ortak Charm",£24.00,Enabled,"<a href=""https://magento.clan.com/index.php/admin/catalog_product/edit/id/4348/"">Edit</a>","Ortak Jewellery","Ortak Jewellery",
4347,,"Teddy Bear Charm ‑ C114",sr_ortak_C114,"Configurable Product","Ortak Charm",£31.00,Enabled,"<a href=""https://magento.clan.com/index.php/admin/catalog_product/edit/id/4347/"">Edit</a>","Ortak Jewellery","Ortak Jewellery",
4302,,"Simply Stylish Charm ‑ C303",sr_ortak_C303,"Configurable Product","Ortak Charm",£30.00,Enabled,"<a href=""https://magento.clan.com/index.php/admin/catalog_product/edit/id/4302/"">Edit</a>","Ortak Jewellery","Ortak Jewellery",
4301,,"Simply Stylish Charm ‑ C302",sr_ortak_C302,"Configurable Product","Ortak Charm",£24.00,Enabled,"<a href=""https://magento.clan.com/index.php/admin/catalog_product/edit/id/4301/"">Edit</a>","Ortak Jewellery","Ortak Jewellery",
4300,,"Simply Stylish Charm ‑ C157",sr_ortak_C157,"Configurable Product","Ortak Charm",£21.00,Enabled,"<a href=""https://magento.clan.com/index.php/admin/catalog_product/edit/id/4300/"">Edit</a>","Ortak Jewellery","Ortak Jewellery",
4299,,"Simply Stylish Charm ‑ C148",sr_ortak_C148,"Configurable Product","Ortak Charm",£24.00,Enabled,"<a href=""https://magento.clan.com/index.php/admin/catalog_product/edit/id/4299/"">Edit</a>","Ortak Jewellery","Ortak Jewellery",
4298,,"Simply Stylish Charm ‑ C103",sr_ortak_C103,"Configurable Product","Ortak Charm",£31.00,Enabled,"<a href=""https://magento.clan.com/index.php/admin/catalog_product/edit/id/4298/"">Edit</a>","Ortak Jewellery","Ortak Jewellery",
4294,,"Script Drop Earrings ‑ E1471",sr_ortak_E1471,"Simple Product","Ortak Default",£63.00,Enabled,"<a href=""https://magento.clan.com/index.php/admin/catalog_product/edit/id/4294/"">Edit</a>","Ortak Jewellery","Ortak Jewellery",
4288,,"Script Charm ‑ C314",sr_ortak_C314,"Configurable Product","Ortak Charm",£40.00,Enabled,"<a href=""https://magento.clan.com/index.php/admin/catalog_product/edit/id/4288/"">Edit</a>","Ortak Jewellery","Ortak Jewellery",
4241,,"Sahara Sunset Drop Earrings ‑ SE382",sr_ortak_SE382_synth<br/>etic_white_opal,"Simple Product","Ortak Default (Gemstone)",£84.00,Enabled,"<a href=""https://magento.clan.com/index.php/admin/catalog_product/edit/id/4241/"">Edit</a>","Ortak Jewellery","Ortak Jewellery",
4233,,"Runic Silver Narrow Tie Slide ‑ TS1",sr_ortak_TS1,"Simple Product","Ortak Default",£22.00,Enabled,"<a href=""https://magento.clan.com/index.php/admin/catalog_product/edit/id/4233/"">Edit</a>","Ortak Jewellery","Ortak Jewellery",
4217,,"Ring O Brodgar Brooch ‑ EB112",sr_ortak_EB112,"Simple Product","Ortak Default (Enamel)",£154.00,Enabled,"<a href=""https://magento.clan.com/index.php/admin/catalog_product/edit/id/4217/"">Edit</a>","Ortak Jewellery","Ortak Jewellery",
4202,,"Poppies Stud Earrings ‑ EE555",sr_ortak_EE555,"Simple Product","Ortak Default (Enamel)",£66.00,Enabled,"<a href=""https://magento.clan.com/index.php/admin/catalog_product/edit/id/4202/"">Edit</a>","Ortak Jewellery","Ortak Jewellery",
4201,,"Poppies Pendant ‑ EP420",sr_ortak_EP420,"Simple Product","Ortak Default (Enamel)",£76.00,Enabled,"<a href=""https://magento.clan.com/index.php/admin/catalog_product/edit/id/4201/"">Edit</a>","Ortak Jewellery","Ortak Jewellery",
4199,,"Poppies Necklet ‑ EN112",sr_ortak_EN112,"Simple Product","Ortak Default (Enamel)",£81.00,Enabled,"<a href=""https://magento.clan.com/index.php/admin/catalog_product/edit/id/4199/"">Edit</a>","Ortak Jewellery","Ortak Jewellery",
4197,,"Poppies Charm ‑ EC1",sr_ortak_EC1,"Configurable Product","Ortak Charm (Enamel)",£31.00,Enabled,"<a href=""https://magento.clan.com/index.php/admin/catalog_product/edit/id/4197/"">Edit</a>","Ortak Jewellery","Ortak Jewellery",
4196,,"Poppies Brooch ‑ EB113",sr_ortak_EB113,"Simple Product","Ortak Default (Enamel)",£81.00,Enabled,"<a href=""https://magento.clan.com/index.php/admin/catalog_product/edit/id/4196/"">Edit</a>","Ortak Jewellery","Ortak Jewellery",
4137,,"Orkney Traditional Charm ‑ C93",sr_ortak_C93,"Configurable Product","Ortak Charm",£26.00,Enabled,"<a href=""https://magento.clan.com/index.php/admin/catalog_product/edit/id/4137/"">Edit</a>","Ortak Jewellery","Ortak Jewellery",
4136,,"Orkney Traditional Charm ‑ C9",sr_ortak_C9,"Configurable Product","Ortak Charm",£44.00,Enabled,"<a href=""https://magento.clan.com/index.php/admin/catalog_product/edit/id/4136/"">Edit</a>","Ortak Jewellery","Ortak Jewellery",
4135,,"Orkney Traditional Charm ‑ C79",sr_ortak_C79,"Configurable Product","Ortak Charm",£21.00,Enabled,"<a href=""https://magento.clan.com/index.php/admin/catalog_product/edit/id/4135/"">Edit</a>","Ortak Jewellery","Ortak Jewellery",
4134,,"Orkney Traditional Charm ‑ C307",sr_ortak_C307,"Configurable Product","Ortak Charm",£27.00,Enabled,"<a href=""https://magento.clan.com/index.php/admin/catalog_product/edit/id/4134/"">Edit</a>","Ortak Jewellery","Ortak Jewellery",
4133,,"Orkney Traditional Charm ‑ C286",sr_ortak_C286,"Configurable Product","Ortak Charm",£28.00,Enabled,"<a href=""https://magento.clan.com/index.php/admin/catalog_product/edit/id/4133/"">Edit</a>","Ortak Jewellery","Ortak Jewellery",
4132,,"Orkney Traditional Charm ‑ C285",sr_ortak_C285,"Configurable Product","Ortak Charm",£28.00,Enabled,"<a href=""https://magento.clan.com/index.php/admin/catalog_product/edit/id/4132/"">Edit</a>","Ortak Jewellery","Ortak Jewellery",
4131,,"Orkney Traditional Charm ‑ C283",sr_ortak_C283,"Configurable Product","Ortak Charm",£28.00,Enabled,"<a href=""https://magento.clan.com/index.php/admin/catalog_product/edit/id/4131/"">Edit</a>","Ortak Jewellery","Ortak Jewellery",
4130,,"Orkney Traditional Charm ‑ C282",sr_ortak_C282,"Configurable Product","Ortak Charm",£28.00,Enabled,"<a href=""https://magento.clan.com/index.php/admin/catalog_product/edit/id/4130/"">Edit</a>","Ortak Jewellery","Ortak Jewellery",
4129,,"Orkney Traditional Charm ‑ C281",sr_ortak_C281,"Configurable Product","Ortak Charm",£28.00,Enabled,"<a href=""https://magento.clan.com/index.php/admin/catalog_product/edit/id/4129/"">Edit</a>","Ortak Jewellery","Ortak Jewellery",
4128,,"Orkney Traditional Charm ‑ C280",sr_ortak_C280,"Configurable Product","Ortak Charm",£28.00,Enabled,"<a href=""https://magento.clan.com/index.php/admin/catalog_product/edit/id/4128/"">Edit</a>","Ortak Jewellery","Ortak Jewellery",
4127,,"Orkney Traditional Charm ‑ C279",sr_ortak_C279,"Configurable Product","Ortak Charm",£28.00,Enabled,"<a href=""https://magento.clan.com/index.php/admin/catalog_product/edit/id/4127/"">Edit</a>","Ortak Jewellery","Ortak Jewellery",
4126,,"Orkney Traditional Charm ‑ C24",sr_ortak_C24,"Configurable Product","Ortak Charm",£19.00,Enabled,"<a href=""https://magento.clan.com/index.php/admin/catalog_product/edit/id/4126/"">Edit</a>","Ortak Jewellery","Ortak Jewellery",
4125,,"Orkney Traditional Charm ‑ C23",sr_ortak_C23,"Configurable Product","Ortak Charm",£26.00,Enabled,"<a href=""https://magento.clan.com/index.php/admin/catalog_product/edit/id/4125/"">Edit</a>","Ortak Jewellery","Ortak Jewellery",
4124,,"Orkney Traditional Charm ‑ C194",sr_ortak_C194,"Configurable Product","Ortak Charm",£16.00,Enabled,"<a href=""https://magento.clan.com/index.php/admin/catalog_product/edit/id/4124/"">Edit</a>","Ortak Jewellery","Ortak Jewellery",
4123,,"Bagpipes Charm ‑ C19",sr_ortak_C19,"Configurable Product","Ortak Charm",£24.00,Enabled,"<a href=""https://magento.clan.com/index.php/admin/catalog_product/edit/id/4123/"">Edit</a>","Ortak Jewellery","Ortak Jewellery",
4122,,"Bagpiper Charm ‑ C18",sr_ortak_C18,"Configurable Product","Ortak Charm",£29.00,Enabled,"<a href=""https://magento.clan.com/index.php/admin/catalog_product/edit/id/4122/"">Edit</a>","Ortak Jewellery","Ortak Jewellery",
4121,,"Orkney Traditional Charm ‑ C158",sr_ortak_C158,"Configurable Product","Ortak Charm",£20.00,Enabled,"<a href=""https://magento.clan.com/index.php/admin/catalog_product/edit/id/4121/"">Edit</a>","Ortak Jewellery","Ortak Jewellery",
4120,,"Orkney Traditional Charm ‑ C15",sr_ortak_C15,"Configurable Product","Ortak Charm",£29.00,Enabled,"<a href=""https://magento.clan.com/index.php/admin/catalog_product/edit/id/4120/"">Edit</a>","Ortak Jewellery","Ortak Jewellery",
4119,,"Orkney Traditional Charm ‑ C108",sr_ortak_C108,"Configurable Product","Ortak Charm",£25.00,Enabled,"<a href=""https://magento.clan.com/index.php/admin/catalog_product/edit/id/4119/"">Edit</a>","Ortak Jewellery","Ortak Jewellery",
4086,,"New Dawn Pendant ‑ EP373",sr_ortak_EP373_prair<br/>ie,"Simple Product","Ortak Default (Enamel)",£97.00,Enabled,"<a href=""https://magento.clan.com/index.php/admin/catalog_product/edit/id/4086/"">Edit</a>","Ortak Jewellery","Ortak Jewellery",
4082,,"New Dawn Drop Earrings ‑ EE495",sr_ortak_EE495_prair<br/>ie,"Simple Product","Ortak Default (Enamel)",£78.00,Enabled,"<a href=""https://magento.clan.com/index.php/admin/catalog_product/edit/id/4082/"">Edit</a>","Ortak Jewellery","Ortak Jewellery",
4075,,"New Dawn Drop Earrings ‑ EE498",sr_ortak_EE498_drago<br/>nfly,"Simple Product","Ortak Default (Enamel)",£91.00,Enabled,"<a href=""https://magento.clan.com/index.php/admin/catalog_product/edit/id/4075/"">Edit</a>","Ortak Jewellery","Ortak Jewellery",
4034,,"Nature in Flight Ignite Charm ‑ EC7",sr_ortak_EC7_dragonf<br/>ly,"Configurable Product","Ortak Charm (Enamel)",£46.00,Enabled,"<a href=""https://magento.clan.com/index.php/admin/catalog_product/edit/id/4034/"">Edit</a>","Ortak Jewellery","Ortak Jewellery",
4033,,"Nature in Flight Ignite Charm ‑ EC6",sr_ortak_EC6_synthet<br/>ic_white_opal_ember_<br/>cinder,"Configurable Product","Ortak Charm (Enamel+Gemstone)",£49.00,Enabled,"<a href=""https://magento.clan.com/index.php/admin/catalog_product/edit/id/4033/"">Edit</a>","Ortak Jewellery","Ortak Jewellery",
4032,,"Nature in Flight Ignite Charm ‑ EC5",sr_ortak_EC5_cz_oasi<br/>s_waterfall,"Configurable Product","Ortak Charm (Enamel+Gemstone)",£49.00,Enabled,"<a href=""https://magento.clan.com/index.php/admin/catalog_product/edit/id/4032/"">Edit</a>","Ortak Jewellery","Ortak Jewellery",
4031,,"Nature in Flight Haze and Charcoal Pendant ‑ ESP15",sr_ortak_ESP15_synth<br/>etic_white_opal_haze<br/>_charcoal,"Simple Product","Ortak Default (Enamel+Gemstone)",£84.00,Enabled,"<a href=""https://magento.clan.com/index.php/admin/catalog_product/edit/id/4031/"">Edit</a>","Ortak Jewellery","Ortak Jewellery",
4021,,"Nature in Flight Charm ‑ C144",sr_ortak_C144,"Configurable Product","Ortak Charm",£21.00,Enabled,"<a href=""https://magento.clan.com/index.php/admin/catalog_product/edit/id/4021/"">Edit</a>","Ortak Jewellery","Ortak Jewellery",
4020,,"Nature in Flight Charm ‑ C139",sr_ortak_C139,"Configurable Product","Ortak Charm",£22.00,Enabled,"<a href=""https://magento.clan.com/index.php/admin/catalog_product/edit/id/4020/"">Edit</a>","Ortak Jewellery","Ortak Jewellery",
4019,,"Nature in Flight Charm ‑ C138",sr_ortak_C138,"Configurable Product","Ortak Charm",£28.00,Enabled,"<a href=""https://magento.clan.com/index.php/admin/catalog_product/edit/id/4019/"">Edit</a>","Ortak Jewellery","Ortak Jewellery",
4018,,"Nature in Flight Charm ‑ C136",sr_ortak_C136,"Configurable Product","Ortak Charm",£22.00,Enabled,"<a href=""https://magento.clan.com/index.php/admin/catalog_product/edit/id/4018/"">Edit</a>","Ortak Jewellery","Ortak Jewellery",
4017,,"Nature in Flight Charm ‑ C116",sr_ortak_C116,"Configurable Product","Ortak Charm",£27.00,Enabled,"<a href=""https://magento.clan.com/index.php/admin/catalog_product/edit/id/4017/"">Edit</a>","Ortak Jewellery","Ortak Jewellery",
4016,,"Nature in Flight Charm ‑ C106",sr_ortak_C106,"Configurable Product","Ortak Charm",£23.00,Enabled,"<a href=""https://magento.clan.com/index.php/admin/catalog_product/edit/id/4016/"">Edit</a>","Ortak Jewellery","Ortak Jewellery",
3948,,"MaesHowe Dragon Brooch ‑ B604",sr_ortak_B604,"Simple Product","Ortak Default",£136.00,Enabled,"<a href=""https://magento.clan.com/index.php/admin/catalog_product/edit/id/3948/"">Edit</a>","Ortak Jewellery","Ortak Jewellery",
3939,,"Luckenbooth Pendant ‑ P171",sr_ortak_P171,"Simple Product","Ortak Default",£99.00,Enabled,"<a href=""https://magento.clan.com/index.php/admin/catalog_product/edit/id/3939/"">Edit</a>","Ortak Jewellery","Ortak Jewellery",
3938,,"Luckenbooth Pendant ‑ P162",sr_ortak_P162,"Simple Product","Ortak Default",£95.00,Enabled,"<a href=""https://magento.clan.com/index.php/admin/catalog_product/edit/id/3938/"">Edit</a>","Ortak Jewellery","Ortak Jewellery",
3937,,"Luckenbooth Pendant ‑ P137",sr_ortak_P137,"Simple Product","Ortak Default",£72.00,Enabled,"<a href=""https://magento.clan.com/index.php/admin/catalog_product/edit/id/3937/"">Edit</a>","Ortak Jewellery","Ortak Jewellery",
3936,,"Luckenbooth Pendant ‑ P136",sr_ortak_P136,"Simple Product","Ortak Default",£62.00,Enabled,"<a href=""https://magento.clan.com/index.php/admin/catalog_product/edit/id/3936/"">Edit</a>","Ortak Jewellery","Ortak Jewellery",
3935,,"Luckenbooth Pendant ‑ P129",sr_ortak_P129,"Simple Product","Ortak Default",£73.00,Enabled,"<a href=""https://magento.clan.com/index.php/admin/catalog_product/edit/id/3935/"">Edit</a>","Ortak Jewellery","Ortak Jewellery",
3934,,"Luckenbooth Earrings ‑ E177",sr_ortak_E177,"Simple Product","Ortak Default",£42.00,Enabled,"<a href=""https://magento.clan.com/index.php/admin/catalog_product/edit/id/3934/"">Edit</a>","Ortak Jewellery","Ortak Jewellery",
3931,,"Luckenbooth Drop Earrings ‑ E178",sr_ortak_E178,"Simple Product","Ortak Default",£64.00,Enabled,"<a href=""https://magento.clan.com/index.php/admin/catalog_product/edit/id/3931/"">Edit</a>","Ortak Jewellery","Ortak Jewellery",
3930,,"Luckenbooth Charm ‑ C167",sr_ortak_C167,"Configurable Product","Ortak Charm",£23.00,Enabled,"<a href=""https://magento.clan.com/index.php/admin/catalog_product/edit/id/3930/"">Edit</a>","Ortak Jewellery","Ortak Jewellery",
3929,,"Luckenbooth Charm ‑ C166",sr_ortak_C166,"Configurable Product","Ortak Charm",£16.00,Enabled,"<a href=""https://magento.clan.com/index.php/admin/catalog_product/edit/id/3929/"">Edit</a>","Ortak Jewellery","Ortak Jewellery",
3928,,"Luckenbooth Brooch ‑ B116",sr_ortak_B116,"Simple Product","Ortak Default",£54.00,Enabled,"<a href=""https://magento.clan.com/index.php/admin/catalog_product/edit/id/3928/"">Edit</a>","Ortak Jewellery","Ortak Jewellery",
3926,,"Lion Rampant Charm ‑ C151",sr_ortak_C151,"Configurable Product","Ortak Charm",£27.00,Enabled,"<a href=""https://magento.clan.com/index.php/admin/catalog_product/edit/id/3926/"">Edit</a>","Ortak Jewellery","Ortak Jewellery",
3889,,"Leah Drop Earrings ‑ EE491",sr_ortak_EE491_aquam<br/>arine,"Simple Product","Ortak Default (Enamel)",£105.00,Enabled,"<a href=""https://magento.clan.com/index.php/admin/catalog_product/edit/id/3889/"">Edit</a>","Ortak Jewellery","Ortak Jewellery",
3870,,"Kooky Drop Earrings ‑ E1594",sr_ortak_E1594,"Simple Product","Ortak Default",£42.00,Enabled,"<a href=""https://magento.clan.com/index.php/admin/catalog_product/edit/id/3870/"">Edit</a>","Ortak Jewellery","Ortak Jewellery",
3789,,"Hearts Drop Earrings ‑ EE489",sr_ortak_EE489_passi<br/>on_pink,"Simple Product","Ortak Default (Enamel)",£77.00,Enabled,"<a href=""https://magento.clan.com/index.php/admin/catalog_product/edit/id/3789/"">Edit</a>","Ortak Jewellery","Ortak Jewellery",
3786,,"Hearts Charm ‑ EC8",sr_ortak_EC8_passion<br/>_pink,"Configurable Product","Ortak Charm (Enamel)",£40.00,Enabled,"<a href=""https://magento.clan.com/index.php/admin/catalog_product/edit/id/3786/"">Edit</a>","Ortak Jewellery","Ortak Jewellery",
3785,,"Hearts Charm ‑ C313",sr_ortak_C313,"Configurable Product","Ortak Charm",£33.00,Enabled,"<a href=""https://magento.clan.com/index.php/admin/catalog_product/edit/id/3785/"">Edit</a>","Ortak Jewellery","Ortak Jewellery",
3784,,"Hearts Charm ‑ C301",sr_ortak_C301,"Configurable Product","Ortak Charm",£39.00,Enabled,"<a href=""https://magento.clan.com/index.php/admin/catalog_product/edit/id/3784/"">Edit</a>","Ortak Jewellery","Ortak Jewellery",
3783,,"Hearts Charm ‑ C193",sr_ortak_C193,"Configurable Product","Ortak Charm",£26.00,Enabled,"<a href=""https://magento.clan.com/index.php/admin/catalog_product/edit/id/3783/"">Edit</a>","Ortak Jewellery","Ortak Jewellery",
3747,,"Harlequin Charm ‑ C312",sr_ortak_C312_synthe<br/>tic_white_opal,"Configurable Product","Ortak Charm (Gemstone)",£33.00,Enabled,"<a href=""https://magento.clan.com/index.php/admin/catalog_product/edit/id/3747/"">Edit</a>","Ortak Jewellery","Ortak Jewellery",
3746,,"Harlequin Charm ‑ C311",sr_ortak_C311_cubic_<br/>zirconia,"Configurable Product","Ortak Charm (Gemstone)",£33.00,Enabled,"<a href=""https://magento.clan.com/index.php/admin/catalog_product/edit/id/3746/"">Edit</a>","Ortak Jewellery","Ortak Jewellery",
3734,,"Happy Valley Pansy Pendant ‑ ECP15",sr_ortak_ECP15_yello<br/>w_cz_pansy,"Simple Product","Ortak Default (Enamel)",£69.00,Enabled,"<a href=""https://magento.clan.com/index.php/admin/catalog_product/edit/id/3734/"">Edit</a>","Ortak Jewellery","Ortak Jewellery",
3732,,"Happy Valley Pansy Charm ‑ EC4",sr_ortak_EC4_yellow_<br/>cz_pansy,"Configurable Product","Ortak Charm (Enamel+Gemstone)",£43.00,Enabled,"<a href=""https://magento.clan.com/index.php/admin/catalog_product/edit/id/3732/"">Edit</a>","Ortak Jewellery","Ortak Jewellery",
3725,,"Happy Valley Fruit Pastel Necklet ‑ ECN3",sr_ortak_ECN3_fruit_<br/>pastel,"Simple Product","Ortak Default (Enamel)",£170.00,Enabled,"<a href=""https://magento.clan.com/index.php/admin/catalog_product/edit/id/3725/"">Edit</a>","Ortak Jewellery","Ortak Jewellery",
3714,,"Happy Valley Bracelet ‑ ECBL1",sr_ortak_ECBL1_yello<br/>w_cz_pansy,"Simple Product","Ortak Default (Enamel)",£440.00,Enabled,"<a href=""https://magento.clan.com/index.php/admin/catalog_product/edit/id/3714/"">Edit</a>","Ortak Jewellery","Ortak Jewellery",
3711,,"Happy Valley Blue Cubic Zirconia Charm ‑ C310",sr_ortak_C310_blue_c<br/>z,"Configurable Product","Ortak Charm (Gemstone)",£33.00,Enabled,"<a href=""https://magento.clan.com/index.php/admin/catalog_product/edit/id/3711/"">Edit</a>","Ortak Jewellery","Ortak Jewellery",
3707,,"Flourish Stud Earrings ‑ SE397",sr_ortak_SE397_pearl,"Simple Product","Ortak Default (Gemstone)",£32.00,Enabled,"<a href=""https://magento.clan.com/index.php/admin/catalog_product/edit/id/3707/"">Edit</a>","Ortak Jewellery","Ortak Jewellery",
3650,,"Elements‑Water Waterfall Stud Earrings ‑ EE420",sr_ortak_EE420_water<br/>fall,"Simple Product","Ortak Default (Enamel)",£62.00,Enabled,"<a href=""https://magento.clan.com/index.php/admin/catalog_product/edit/id/3650/"">Edit</a>","Ortak Jewellery","Ortak Jewellery",
3619,,"Elements‑Earth Tundra Pendant ‑ EP385",sr_ortak_EP385_tundr<br/>a,"Simple Product","Ortak Default (Enamel)",£95.00,Enabled,"<a href=""https://magento.clan.com/index.php/admin/catalog_product/edit/id/3619/"">Edit</a>","Ortak Jewellery","Ortak Jewellery",
3551,,"Crosses Pendant ‑ P343",sr_ortak_P343,"Simple Product","Ortak Default",£49.00,Enabled,"<a href=""https://magento.clan.com/index.php/admin/catalog_product/edit/id/3551/"">Edit</a>","Ortak Jewellery","Ortak Jewellery",
3549,,"Crosses Pendant ‑ P170",sr_ortak_P170,"Simple Product","Ortak Default",£57.00,Enabled,"<a href=""https://magento.clan.com/index.php/admin/catalog_product/edit/id/3549/"">Edit</a>","Ortak Jewellery","Ortak Jewellery",
3548,,"Crosses Pendant ‑ P169",sr_ortak_P169,"Simple Product","Ortak Default",£89.00,Enabled,"<a href=""https://magento.clan.com/index.php/admin/catalog_product/edit/id/3548/"">Edit</a>","Ortak Jewellery","Ortak Jewellery",
3546,,"Crosses Pendant ‑ P1080",sr_ortak_P1080,"Simple Product","Ortak Default",£41.00,Enabled,"<a href=""https://magento.clan.com/index.php/admin/catalog_product/edit/id/3546/"">Edit</a>","Ortak Jewellery","Ortak Jewellery",
3542,,"Crosses Charm ‑ C309",sr_ortak_C309,"Configurable Product","Ortak Charm",£30.00,Enabled,"<a href=""https://magento.clan.com/index.php/admin/catalog_product/edit/id/3542/"">Edit</a>","Ortak Jewellery","Ortak Jewellery",
3541,,"Crosses Charm ‑ C104",sr_ortak_C104,"Configurable Product","Ortak Charm",£24.00,Enabled,"<a href=""https://magento.clan.com/index.php/admin/catalog_product/edit/id/3541/"">Edit</a>","Ortak Jewellery","Ortak Jewellery",
3538,,"Coastal Pendant ‑ EP245",sr_ortak_EP245_mangr<br/>ove,"Simple Product","Ortak Default (Enamel)",£84.00,Enabled,"<a href=""https://magento.clan.com/index.php/admin/catalog_product/edit/id/3538/"">Edit</a>","Ortak Jewellery","Ortak Jewellery",
3534,,"Coastal Drop Earrings ‑ EE327",sr_ortak_EE327_mangr<br/>ove,"Simple Product","Ortak Default (Enamel)",£79.00,Enabled,"<a href=""https://magento.clan.com/index.php/admin/catalog_product/edit/id/3534/"">Edit</a>","Ortak Jewellery","Ortak Jewellery",
3511,,"Charles Rennie Mackintosh Pendant ‑ P592",sr_ortak_P592,"Simple Product","Ortak Default",£71.00,Enabled,"<a href=""https://magento.clan.com/index.php/admin/catalog_product/edit/id/3511/"">Edit</a>","Ortak Jewellery","Ortak Jewellery",
3508,,"Charles Rennie Mackintosh Pendant ‑ P276",sr_ortak_P276,"Simple Product","Ortak Default",£54.00,Enabled,"<a href=""https://magento.clan.com/index.php/admin/catalog_product/edit/id/3508/"">Edit</a>","Ortak Jewellery","Ortak Jewellery",
3505,,"Charles Rennie Mackintosh Pendant ‑ P270",sr_ortak_P270,"Simple Product","Ortak Default",£57.00,Enabled,"<a href=""https://magento.clan.com/index.php/admin/catalog_product/edit/id/3505/"">Edit</a>","Ortak Jewellery","Ortak Jewellery",
3492,,"Charles Rennie Mackintosh Kilt Pin ‑ EB109",sr_ortak_EB109_sorbe<br/>t_pink,"Simple Product","Ortak Default (Enamel)",£212.00,Enabled,"<a href=""https://magento.clan.com/index.php/admin/catalog_product/edit/id/3492/"">Edit</a>","Ortak Jewellery","Ortak Jewellery",
3488,,"Charles Rennie Mackintosh Earrings ‑ E632",sr_ortak_E632,"Simple Product","Ortak Default",£46.00,Enabled,"<a href=""https://magento.clan.com/index.php/admin/catalog_product/edit/id/3488/"">Edit</a>","Ortak Jewellery","Ortak Jewellery",
3487,,"Charles Rennie Mackintosh Earrings ‑ E1024",sr_ortak_E1024,"Simple Product","Ortak Default",£72.00,Enabled,"<a href=""https://magento.clan.com/index.php/admin/catalog_product/edit/id/3487/"">Edit</a>","Ortak Jewellery","Ortak Jewellery",
3485,,"Charles Rennie Mackintosh Drop Earrings ‑ EE23",sr_ortak_EE23_foreve<br/>r_green,"Simple Product","Ortak Default (Enamel)",£150.00,Enabled,"<a href=""https://magento.clan.com/index.php/admin/catalog_product/edit/id/3485/"">Edit</a>","Ortak Jewellery","Ortak Jewellery",
3482,,"Charles Rennie Mackintosh Drop Earrings ‑ E625",sr_ortak_E625,"Simple Product","Ortak Default",£57.00,Enabled,"<a href=""https://magento.clan.com/index.php/admin/catalog_product/edit/id/3482/"">Edit</a>","Ortak Jewellery","Ortak Jewellery",
3471,,"Charles Rennie Mackintosh Charm ‑ C300",sr_ortak_C300,"Configurable Product","Ortak Charm",£26.00,Enabled,"<a href=""https://magento.clan.com/index.php/admin/catalog_product/edit/id/3471/"">Edit</a>","Ortak Jewellery","Ortak Jewellery",
3470,,"Charles Rennie Mackintosh Charm ‑ C181",sr_ortak_C181,"Configurable Product","Ortak Charm",£25.00,Enabled,"<a href=""https://magento.clan.com/index.php/admin/catalog_product/edit/id/3470/"">Edit</a>","Ortak Jewellery","Ortak Jewellery",
3469,,"Charles Rennie Mackintosh Charm ‑ C179",sr_ortak_C179,"Configurable Product","Ortak Charm",£22.00,Enabled,"<a href=""https://magento.clan.com/index.php/admin/catalog_product/edit/id/3469/"">Edit</a>","Ortak Jewellery","Ortak Jewellery",
3468,,"Charles Rennie Mackintosh Brooch ‑ B590",sr_ortak_B590,"Simple Product","Ortak Default",£91.00,Enabled,"<a href=""https://magento.clan.com/index.php/admin/catalog_product/edit/id/3468/"">Edit</a>","Ortak Jewellery","Ortak Jewellery",
3465,,"Charles Rennie Mackintosh Brooch ‑ B488",sr_ortak_B488,"Simple Product","Ortak Default",£85.00,Enabled,"<a href=""https://magento.clan.com/index.php/admin/catalog_product/edit/id/3465/"">Edit</a>","Ortak Jewellery","Ortak Jewellery",
3462,,"Charles Rennie Mackintosh Bracelet ‑ CBL77",sr_ortak_CBL77,"Simple Product","Ortak Default (Gemstone)",£313.00,Enabled,"<a href=""https://magento.clan.com/index.php/admin/catalog_product/edit/id/3462/"">Edit</a>","Ortak Jewellery","Ortak Jewellery",
3461,,"Charles Rennie Mackintosh Bracelet ‑ BL349",sr_ortak_BL349,"Simple Product","Ortak Default",£154.00,Enabled,"<a href=""https://magento.clan.com/index.php/admin/catalog_product/edit/id/3461/"">Edit</a>","Ortak Jewellery","Ortak Jewellery",
3452,,"Celtic Pendant ‑ P98",sr_ortak_P98,"Simple Product","Ortak Default",£151.00,Enabled,"<a href=""https://magento.clan.com/index.php/admin/catalog_product/edit/id/3452/"">Edit</a>","Ortak Jewellery","Ortak Jewellery",
3438,,"Celtic Pendant ‑ P100",sr_ortak_P100,"Simple Product","Ortak Default",£110.00,Enabled,"<a href=""https://magento.clan.com/index.php/admin/catalog_product/edit/id/3438/"">Edit</a>","Ortak Jewellery","Ortak Jewellery",
3431,,"Celtic Necklet ‑ N37",sr_ortak_N37,"Simple Product","Ortak Default",£79.00,Enabled,"<a href=""https://magento.clan.com/index.php/admin/catalog_product/edit/id/3431/"">Edit</a>","Ortak Jewellery","Ortak Jewellery",
3425,,"Celtic Stud Earrings ‑ SE393",sr_ortak_SE393_onyx,"Simple Product","Ortak Default (Gemstone)",£59.00,Enabled,"<a href=""https://magento.clan.com/index.php/admin/catalog_product/edit/id/3425/"">Edit</a>","Ortak Jewellery","Ortak Jewellery",
3415,,"Celtic Drop Earrings ‑ CE390",sr_ortak_CE390_ameth<br/>yst,"Simple Product","Ortak Default (Gemstone)",£69.00,Enabled,"<a href=""https://magento.clan.com/index.php/admin/catalog_product/edit/id/3415/"">Edit</a>","Ortak Jewellery","Ortak Jewellery",
3413,,"Celtic Drop Earrings ‑ CE16",sr_ortak_CE16_amethy<br/>st,"Simple Product","Ortak Default (Gemstone)",£84.00,Enabled,"<a href=""https://magento.clan.com/index.php/admin/catalog_product/edit/id/3413/"">Edit</a>","Ortak Jewellery","Ortak Jewellery",
3409,,"Celtic Charm ‑ C299",sr_ortak_C299,"Configurable Product","Ortak Charm",£30.00,Enabled,"<a href=""https://magento.clan.com/index.php/admin/catalog_product/edit/id/3409/"">Edit</a>","Ortak Jewellery","Ortak Jewellery",
3408,,"Celtic Charm ‑ C175",sr_ortak_C175,"Configurable Product","Ortak Charm",£25.00,Enabled,"<a href=""https://magento.clan.com/index.php/admin/catalog_product/edit/id/3408/"">Edit</a>","Ortak Jewellery","Ortak Jewellery",
3407,,"Celtic Brooch ‑ SB33",sr_ortak_SB33_onyx,"Simple Product","Ortak Default (Gemstone)",£95.00,Enabled,"<a href=""https://magento.clan.com/index.php/admin/catalog_product/edit/id/3407/"">Edit</a>","Ortak Jewellery","Ortak Jewellery",
3406,,"Celtic Brooch ‑ SB150",sr_ortak_SB150_onyx,"Simple Product","Ortak Default (Gemstone)",£154.00,Enabled,"<a href=""https://magento.clan.com/index.php/admin/catalog_product/edit/id/3406/"">Edit</a>","Ortak Jewellery","Ortak Jewellery",
3405,,"Celtic Brooch ‑ CB62",sr_ortak_CB62_amethy<br/>st,"Simple Product","Ortak Default (Gemstone)",£84.00,Enabled,"<a href=""https://magento.clan.com/index.php/admin/catalog_product/edit/id/3405/"">Edit</a>","Ortak Jewellery","Ortak Jewellery",
3400,,"Celtic Brooch ‑ B268",sr_ortak_B268,"Simple Product","Ortak Default",£59.00,Enabled,"<a href=""https://magento.clan.com/index.php/admin/catalog_product/edit/id/3400/"">Edit</a>","Ortak Jewellery","Ortak Jewellery",
3391,,"Celtic 16 Stud Earrings ‑ EE529",sr_ortak_EE529_oasis,"Simple Product","Ortak Default (Enamel)",£100.00,Enabled,"<a href=""https://magento.clan.com/index.php/admin/catalog_product/edit/id/3391/"">Edit</a>","Ortak Jewellery","Ortak Jewellery",
3369,,"Celtic 16 Drop Earrings ‑ EE530",sr_ortak_EE530_fp_gr<br/>een,"Simple Product","Ortak Default (Enamel)",£83.00,Enabled,"<a href=""https://magento.clan.com/index.php/admin/catalog_product/edit/id/3369/"">Edit</a>","Ortak Jewellery","Ortak Jewellery",
3368,,"Celtic 16 Drop Earrings ‑ E1789",sr_ortak_E1789,"Simple Product","Ortak Default",£62.00,Enabled,"<a href=""https://magento.clan.com/index.php/admin/catalog_product/edit/id/3368/"">Edit</a>","Ortak Jewellery","Ortak Jewellery",
3316,,"Blaze Pendant ‑ EP168",sr_ortak_EP168_ameth<br/>yst_bluebell,"Simple Product","Ortak Default (Enamel)",£123.00,Enabled,"<a href=""https://magento.clan.com/index.php/admin/catalog_product/edit/id/3316/"">Edit</a>","Ortak Jewellery","Ortak Jewellery",
3315,,"Blaze Pendant ‑ EP166",sr_ortak_EP166_ameth<br/>yst_bluebell,"Simple Product","Ortak Default (Enamel)",£101.00,Enabled,"<a href=""https://magento.clan.com/index.php/admin/catalog_product/edit/id/3315/"">Edit</a>","Ortak Jewellery","Ortak Jewellery",
3300,,"Birthstones Pendant ‑ December ‑ SP298",sr_ortak_SP298_turqu<br/>oise,"Simple Product","Ortak Default (Gemstone)",£53.00,Enabled,"<a href=""https://magento.clan.com/index.php/admin/catalog_product/edit/id/3300/"">Edit</a>","Ortak Jewellery","Ortak Jewellery",
3299,,"Birthstones Pendant ‑ October ‑ SP296",sr_ortak_SP296_synth<br/>etic_white_opal,"Simple Product","Ortak Default (Gemstone)",£59.00,Enabled,"<a href=""https://magento.clan.com/index.php/admin/catalog_product/edit/id/3299/"">Edit</a>","Ortak Jewellery","Ortak Jewellery",
3298,,"Birthstones Pendant ‑ June ‑ SP295",sr_ortak_SP295_pearl,"Simple Product","Ortak Default (Gemstone)",£48.00,Enabled,"<a href=""https://magento.clan.com/index.php/admin/catalog_product/edit/id/3298/"">Edit</a>","Ortak Jewellery","Ortak Jewellery",
3297,,"Birthstones Pendant ‑ December ‑ SP280",sr_ortak_SP280_turqu<br/>oise,"Simple Product","Ortak Default (Gemstone)",£73.00,Enabled,"<a href=""https://magento.clan.com/index.php/admin/catalog_product/edit/id/3297/"">Edit</a>","Ortak Jewellery","Ortak Jewellery",
3296,,"Birthstones Pendant ‑ October ‑ SP278",sr_ortak_SP278_synth<br/>etic_white_opal,"Simple Product","Ortak Default (Gemstone)",£62.00,Enabled,"<a href=""https://magento.clan.com/index.php/admin/catalog_product/edit/id/3296/"">Edit</a>","Ortak Jewellery","Ortak Jewellery",
3295,,"Birthstones Pendant ‑ June ‑ SP277",sr_ortak_SP277_pearl,"Simple Product","Ortak Default (Gemstone)",£62.00,Enabled,"<a href=""https://magento.clan.com/index.php/admin/catalog_product/edit/id/3295/"">Edit</a>","Ortak Jewellery","Ortak Jewellery",
3294,,"Birthstones Pendant ‑ April ‑ DP91",sr_ortak_DP91_diamon<br/>d,"Simple Product","Ortak Default (Gemstone)",£69.00,Enabled,"<a href=""https://magento.clan.com/index.php/admin/catalog_product/edit/id/3294/"">Edit</a>","Ortak Jewellery","Ortak Jewellery",
3293,,"Birthstones Pendant ‑ April ‑ DP90",sr_ortak_DP90_diamon<br/>d,"Simple Product","Ortak Default (Gemstone)",£66.00,Enabled,"<a href=""https://magento.clan.com/index.php/admin/catalog_product/edit/id/3293/"">Edit</a>","Ortak Jewellery","Ortak Jewellery",
3292,,"Birthstones Pendant ‑ November ‑ CP337",sr_ortak_CP337_blue_<br/>topaz,"Simple Product","Ortak Default (Gemstone)",£59.00,Enabled,"<a href=""https://magento.clan.com/index.php/admin/catalog_product/edit/id/3292/"">Edit</a>","Ortak Jewellery","Ortak Jewellery",
3291,,"Birthstones Pendant ‑ September ‑ CP336",sr_ortak_CP336_sapph<br/>ire,"Simple Product","Ortak Default (Gemstone)",£59.00,Enabled,"<a href=""https://magento.clan.com/index.php/admin/catalog_product/edit/id/3291/"">Edit</a>","Ortak Jewellery","Ortak Jewellery",
3290,,"Birthstones Pendant ‑ August ‑ CP335",sr_ortak_CP335_perid<br/>ot,"Simple Product","Ortak Default (Gemstone)",£59.00,Enabled,"<a href=""https://magento.clan.com/index.php/admin/catalog_product/edit/id/3290/"">Edit</a>","Ortak Jewellery","Ortak Jewellery",
3289,,"Birthstones Pendant ‑ July ‑ CP334",sr_ortak_CP334_ruby,"Simple Product","Ortak Default (Gemstone)",£53.00,Enabled,"<a href=""https://magento.clan.com/index.php/admin/catalog_product/edit/id/3289/"">Edit</a>","Ortak Jewellery","Ortak Jewellery",
3288,,"Birthstones Pendant ‑ May ‑ CP333",sr_ortak_CP333_emera<br/>ld,"Simple Product","Ortak Default (Gemstone)",£53.00,Enabled,"<a href=""https://magento.clan.com/index.php/admin/catalog_product/edit/id/3288/"">Edit</a>","Ortak Jewellery","Ortak Jewellery",
3287,,"Birthstones Pendant ‑ March ‑ CP332",sr_ortak_CP332_aquam<br/>arine,"Simple Product","Ortak Default (Gemstone)",£80.00,Enabled,"<a href=""https://magento.clan.com/index.php/admin/catalog_product/edit/id/3287/"">Edit</a>","Ortak Jewellery","Ortak Jewellery",
3286,,"Birthstones Pendant ‑ February ‑ CP331",sr_ortak_CP331_ameth<br/>yst,"Simple Product","Ortak Default (Gemstone)",£53.00,Enabled,"<a href=""https://magento.clan.com/index.php/admin/catalog_product/edit/id/3286/"">Edit</a>","Ortak Jewellery","Ortak Jewellery",
3285,,"Birthstones Pendant ‑ January ‑ CP330",sr_ortak_CP330_garne<br/>t,"Simple Product","Ortak Default (Gemstone)",£59.00,Enabled,"<a href=""https://magento.clan.com/index.php/admin/catalog_product/edit/id/3285/"">Edit</a>","Ortak Jewellery","Ortak Jewellery",
3284,,"Birthstones Pendant ‑ September ‑ CP322",sr_ortak_CP322_sapph<br/>ire,"Simple Product","Ortak Default (Gemstone)",£62.00,Enabled,"<a href=""https://magento.clan.com/index.php/admin/catalog_product/edit/id/3284/"">Edit</a>","Ortak Jewellery","Ortak Jewellery",
3283,,"Birthstones Pendant ‑ November ‑ CP318",sr_ortak_CP318_blue_<br/>topaz,"Simple Product","Ortak Default (Gemstone)",£62.00,Enabled,"<a href=""https://magento.clan.com/index.php/admin/catalog_product/edit/id/3283/"">Edit</a>","Ortak Jewellery","Ortak Jewellery",
3282,,"Birthstones Pendant ‑ August ‑ CP306",sr_ortak_CP306_perid<br/>ot,"Simple Product","Ortak Default (Gemstone)",£73.00,Enabled,"<a href=""https://magento.clan.com/index.php/admin/catalog_product/edit/id/3282/"">Edit</a>","Ortak Jewellery","Ortak Jewellery",
3281,,"Birthstones Pendant ‑ July ‑ CP305",sr_ortak_CP305_ruby,"Simple Product","Ortak Default (Gemstone)",£62.00,Enabled,"<a href=""https://magento.clan.com/index.php/admin/catalog_product/edit/id/3281/"">Edit</a>","Ortak Jewellery","Ortak Jewellery",
3280,,"Birthstones Pendant ‑ May ‑ CP304",sr_ortak_CP304_emera<br/>ld,"Simple Product","Ortak Default (Gemstone)",£62.00,Enabled,"<a href=""https://magento.clan.com/index.php/admin/catalog_product/edit/id/3280/"">Edit</a>","Ortak Jewellery","Ortak Jewellery",
3279,,"Birthstones Pendant ‑ March ‑ CP303",sr_ortak_CP303_aquam<br/>arine,"Simple Product","Ortak Default (Gemstone)",£62.00,Enabled,"<a href=""https://magento.clan.com/index.php/admin/catalog_product/edit/id/3279/"">Edit</a>","Ortak Jewellery","Ortak Jewellery",
3278,,"Birthstones Pendant ‑ February ‑ CP302",sr_ortak_CP302_ameth<br/>yst,"Simple Product","Ortak Default (Gemstone)",£50.00,Enabled,"<a href=""https://magento.clan.com/index.php/admin/catalog_product/edit/id/3278/"">Edit</a>","Ortak Jewellery","Ortak Jewellery",
3277,,"Birthstones Pendant ‑ January ‑ CP301",sr_ortak_CP301_garne<br/>t,"Simple Product","Ortak Default (Gemstone)",£54.00,Enabled,"<a href=""https://magento.clan.com/index.php/admin/catalog_product/edit/id/3277/"">Edit</a>","Ortak Jewellery","Ortak Jewellery",
3250,,"Birth Flowers Pendant ‑ September ‑ P1163",sr_ortak_P1163,"Simple Product","Ortak Default",£63.00,Enabled,"<a href=""https://magento.clan.com/index.php/admin/catalog_product/edit/id/3250/"">Edit</a>","Ortak Jewellery","Ortak Jewellery",
3236,,"Birth Flowers Drop Earrings ‑ July ‑ E1865",sr_ortak_E1865,"Simple Product","Ortak Default",£59.00,Enabled,"<a href=""https://magento.clan.com/index.php/admin/catalog_product/edit/id/3236/"">Edit</a>","Ortak Jewellery","Ortak Jewellery",
3180,,"Azami Bracelet ‑ BL492",sr_ortak_BL492,"Simple Product","Ortak Default",£181.00,Enabled,"<a href=""https://magento.clan.com/index.php/admin/catalog_product/edit/id/3180/"">Edit</a>","Ortak Jewellery","Ortak Jewellery",
3140,,"Archibald Knox Stud Earrings ‑ EE78",sr_ortak_EE78_bombay<br/>_sapphire,"Simple Product","Ortak Default (Enamel)",£54.00,Enabled,"<a href=""https://magento.clan.com/index.php/admin/catalog_product/edit/id/3140/"">Edit</a>","Ortak Jewellery","Ortak Jewellery",
3138,,"Archibald Knox Stud Earrings ‑ EE74",sr_ortak_EE74_peacoc<br/>k,"Simple Product","Ortak Default (Enamel)",£52.00,Enabled,"<a href=""https://magento.clan.com/index.php/admin/catalog_product/edit/id/3138/"">Edit</a>","Ortak Jewellery","Ortak Jewellery",
3122,,"Archibald Knox Drop Earrings ‑ E329",sr_ortak_E329,"Simple Product","Ortak Default",£67.00,Enabled,"<a href=""https://magento.clan.com/index.php/admin/catalog_product/edit/id/3122/"">Edit</a>","Ortak Jewellery","Ortak Jewellery",
3112,,"Archibald Knox Brooch ‑ B583",sr_ortak_B583,"Simple Product","Ortak Default",£67.00,Enabled,"<a href=""https://magento.clan.com/index.php/admin/catalog_product/edit/id/3112/"">Edit</a>","Ortak Jewellery","Ortak Jewellery",
3111,,"Archibald Knox Brooch ‑ B581",sr_ortak_B581,"Simple Product","Ortak Default",£67.00,Enabled,"<a href=""https://magento.clan.com/index.php/admin/catalog_product/edit/id/3111/"">Edit</a>","Ortak Jewellery","Ortak Jewellery",
3106,,"Archibald Knox Bangle ‑ BG3",sr_ortak_BG3,"Simple Product","Ortak Default",£168.00,Enabled,"<a href=""https://magento.clan.com/index.php/admin/catalog_product/edit/id/3106/"">Edit</a>","Ortak Jewellery","Ortak Jewellery",
3105,,"Alba Stud Earrings ‑ EE425",sr_ortak_EE425_oasis,"Simple Product","Ortak Default (Enamel)",£62.00,Enabled,"<a href=""https://magento.clan.com/index.php/admin/catalog_product/edit/id/3105/"">Edit</a>","Ortak Jewellery","Ortak Jewellery",
1518,,"Black Ghillie Boot",sr_strut_ghillie_boo<br/>t,"Configurable Product","Generic Shoes + Colour",£118.00,Enabled,"<a href=""https://magento.clan.com/index.php/admin/catalog_product/edit/id/1518/"">Edit</a>","AE Struthers Footwear","Clan Originals",
1454,,"Twin Teardrop Moonstone and Sapphire Ring",sr_jthom_fr160_moons<br/>tone_sapphire_silver,"Configurable Product","jthom Ring Size + Filterable Attributes",£240.00,Enabled,"<a href=""https://magento.clan.com/index.php/admin/catalog_product/edit/id/1454/"">Edit</a>","Joanna Thomson Jewellery","Joanna Thomson Jewellery",
1448,,"Moonstone Leaf Ring",sr_jthom_fr142_moons<br/>tone_sapphire_silver,"Configurable Product","jthom Ring Size + Filterable Attributes",£180.00,Enabled,"<a href=""https://magento.clan.com/index.php/admin/catalog_product/edit/id/1448/"">Edit</a>","Joanna Thomson Jewellery","Joanna Thomson Jewellery",
1419,,"Scottish Smokey Quartz Celtic Cross Pendant",sr_jthom_sq31_silver,"Configurable Product","jthom Metal +hand_made",£222.00,Enabled,"<a href=""https://magento.clan.com/index.php/admin/catalog_product/edit/id/1419/"">Edit</a>","Joanna Thomson Jewellery","Joanna Thomson Jewellery",
1416,,"Scottish Agate Celtic Knot Earrings",sr_jthom_sq4_silver,"Configurable Product","jthom Metal +hand_made",£162.00,Enabled,"<a href=""https://magento.clan.com/index.php/admin/catalog_product/edit/id/1416/"">Edit</a>","Joanna Thomson Jewellery","Joanna Thomson Jewellery",
1396,,"Argyll Welsh Kilt Outfit",sr_swhdr_welsh_argyl<br/>e_outfit,"Bundle Product","Default Kilt Jacket",,Enabled,"<a href=""https://magento.clan.com/index.php/admin/catalog_product/edit/id/1396/"">Edit</a>",,"Balmoral Kilts and Highland Dress",
1395,,"Kilkenny Irish Kilt Outfit",sr_swhdr_irish_kilke<br/>nny_outfit,"Bundle Product","Default Kilt Jacket",,Enabled,"<a href=""https://magento.clan.com/index.php/admin/catalog_product/edit/id/1395/"">Edit</a>",,"Balmoral Kilts and Highland Dress",
1394,,"Brian Boru Irish Kilt Outfit",sr_swhdr_irish_bb_ou<br/>tfit,"Bundle Product","Default Kilt Jacket",,Enabled,"<a href=""https://magento.clan.com/index.php/admin/catalog_product/edit/id/1394/"">Edit</a>",,"Balmoral Kilts and Highland Dress",
1393,,"Essential Jacobite Kilt Outfit",sr_esssw_essential_j<br/>acobite_outfit,"Bundle Product","Default Kilt Jacket",,Enabled,"<a href=""https://magento.clan.com/index.php/admin/catalog_product/edit/id/1393/"">Edit</a>",,"Clan Originals",
1392,,"Classic Jacobite Kilt Outfit",sr_swhdr_classic_jac<br/>obite_outfit,"Bundle Product","Default Kilt Jacket",,Enabled,"<a href=""https://magento.clan.com/index.php/admin/catalog_product/edit/id/1392/"">Edit</a>",,"Balmoral Kilts and Highland Dress",
1391,,"Classic Tweed Day Kilt Outfit",sr_swhdr_tweed_day_o<br/>utfit,"Bundle Product","Default Kilt Jacket",,Enabled,"<a href=""https://magento.clan.com/index.php/admin/catalog_product/edit/id/1391/"">Edit</a>",,"Balmoral Kilts and Highland Dress",
1390,,"Luxury Tweed Day Kilt Outfit",sr_swhdr_luxury_twee<br/>d_day_outfit,"Bundle Product","Default Kilt Jacket",,Enabled,"<a href=""https://magento.clan.com/index.php/admin/catalog_product/edit/id/1390/"">Edit</a>",,"Balmoral Kilts and Highland Dress",
1389,,"Luxury Argyll Kilt Outfit",sr_swhdr_luxury_argy<br/>ll_outfit,"Bundle Product","Default Kilt Jacket",,Enabled,"<a href=""https://magento.clan.com/index.php/admin/catalog_product/edit/id/1389/"">Edit</a>",,"Balmoral Kilts and Highland Dress",
1388,,"Essential Argyll Kilt Outfit",sr_esssw_essential_a<br/>rgyll_outfit,"Bundle Product","Default Kilt Jacket",,Enabled,"<a href=""https://magento.clan.com/index.php/admin/catalog_product/edit/id/1388/"">Edit</a>",,,
1386,,"Classic Argyll Kilt Outfit",sr_swhdr_standard_ar<br/>gyll_outfit,"Bundle Product","Default Kilt Jacket",,Enabled,"<a href=""https://magento.clan.com/index.php/admin/catalog_product/edit/id/1386/"">Edit</a>",,"Balmoral Kilts and Highland Dress",
1385,,"Essential Prince Charlie Kilt Outfit",sr_esssw_essential_p<br/>c_outfit,"Bundle Product","Default Kilt Jacket",,Enabled,"<a href=""https://magento.clan.com/index.php/admin/catalog_product/edit/id/1385/"">Edit</a>",,,
1384,,"Luxury Prince Charlie Kilt Outfit",sr_swhdr_luxury_pc_o<br/>utfit,"Bundle Product","Default Kilt Jacket",,Enabled,"<a href=""https://magento.clan.com/index.php/admin/catalog_product/edit/id/1384/"">Edit</a>",,"Balmoral Kilts and Highland Dress",
1382,,"Clan Crest Silver Tie Pin",sr_ccsil_tiepin_CCS1<br/>0_silver,"Configurable Product","ccsil Clan Crest +emblem +hand_made",£135.00,Enabled,"<a href=""https://magento.clan.com/index.php/admin/catalog_product/edit/id/1382/"">Edit</a>","Clan Crest Silver","Clan Crest Silver",
1381,,"Clan Crest Silver Pendant",sr_ccsil_pendant_CCS<br/>06_silver,"Configurable Product","ccsil Clan Crest +emblem +hand_made",£266.00,Enabled,"<a href=""https://magento.clan.com/index.php/admin/catalog_product/edit/id/1381/"">Edit</a>","Clan Crest Silver","Clan Crest Silver",
1380,,"Clan Crest Silver Kilt Pin",sr_ccsil_kiltpin_CCS<br/>02_silver,"Configurable Product","ccsil Clan Crest +emblem +hand_made",£435.00,Enabled,"<a href=""https://magento.clan.com/index.php/admin/catalog_product/edit/id/1380/"">Edit</a>","Clan Crest Silver","Clan Crest Silver",
1379,,"Clan Crest Silver Cufflinks",sr_ccsil_cufflinks_C<br/>CS04_silver,"Configurable Product","ccsil Clan Crest +emblem +hand_made",£310.00,Enabled,"<a href=""https://magento.clan.com/index.php/admin/catalog_product/edit/id/1379/"">Edit</a>","Clan Crest Silver","Clan Crest Silver",
1378,,"Clan Crest Silver Charm",sr_ccsil_charm_CCS11<br/>_silver,"Configurable Product","ccsil Clan Crest +emblem +hand_made",£115.00,Enabled,"<a href=""https://magento.clan.com/index.php/admin/catalog_product/edit/id/1378/"">Edit</a>","Clan Crest Silver","Clan Crest Silver",
1377,,"Clan Crest Silver Buckle",sr_ccsil_buckle_CCS0<br/>1_silver,"Configurable Product","ccsil Clan Crest +emblem +hand_made","£1,252.00",Enabled,"<a href=""https://magento.clan.com/index.php/admin/catalog_product/edit/id/1377/"">Edit</a>","Clan Crest Silver","Clan Crest Silver",
1376,,"Classic Prince Charlie Kilt Outfit",sr_swhdr_standard_pc<br/>_outfit,"Bundle Product","Default Kilt Jacket",,Enabled,"<a href=""https://magento.clan.com/index.php/admin/catalog_product/edit/id/1376/"">Edit</a>",,"Balmoral Kilts and Highland Dress",
1266,,"Luxury Scottish Cashmere T‑Shirt, Crew Neck",sr_wilkn_charlotte_r<br/>ound_neck_tshirt,"Configurable Product","wilkn Womens Garments (Colour and Chest Options) +location_source",£235.00,Enabled,"<a href=""https://magento.clan.com/index.php/admin/catalog_product/edit/id/1266/"">Edit</a>","William Lockie Knitwear","William Lockie Knitwear",
1237,,"Gents Cashmere Argyle V‑Neck Sweater",sr_sworg_mav,"Configurable Product","sworg Mens Jumper (Colour options 6)",£257.00,Enabled,"<a href=""https://magento.clan.com/index.php/admin/catalog_product/edit/id/1237/"">Edit</a>","Lona Uk Ltd",,
1236,,"Gents Cashmere Argyle Crew Neck Sweater",sr_sworg_mac09,"Configurable Product","sworg Mens Jumper (Colour Options 5)",£250.00,Enabled,"<a href=""https://magento.clan.com/index.php/admin/catalog_product/edit/id/1236/"">Edit</a>","Lona Uk Ltd",,
1234,,"Ladies Cashmere Argyle Crew Neck Sweater",sr_sworg_lah,"Configurable Product","sworg Ladies Jumper (Colour Options 3) +location_source",£224.00,Enabled,"<a href=""https://magento.clan.com/index.php/admin/catalog_product/edit/id/1234/"">Edit</a>","Lona Uk Ltd","Clan Originals",
1231,,"A‑line Mini Skirt, tweed",sr_swhdr_sf_alinemin<br/>i,"Fabric CMT Product","Generic Fabric M2M Short Skirt",£215.00,Enabled,"<a href=""https://magento.clan.com/index.php/admin/catalog_product/edit/id/1231/"">Edit</a>","Glenisla Kilts","Balmoral Kilts and Highland Dress",
1230,,"A‑line Skirt, tweed",sr_swhdr_sf_aline,"Fabric CMT Product","Generic Fabric M2M Medium Skirt",£215.00,Enabled,"<a href=""https://magento.clan.com/index.php/admin/catalog_product/edit/id/1230/"">Edit</a>","Glenisla Kilts","Balmoral Kilts and Highland Dress",
1229,,"Mini Skirt, tweed",sr_swhdr_hr_ministra<br/>ight,"Fabric CMT Product","Generic Fabric M2M Short Skirt",£189.00,Enabled,"<a href=""https://magento.clan.com/index.php/admin/catalog_product/edit/id/1229/"">Edit</a>","Glenisla Kilts","Balmoral Kilts and Highland Dress",
1228,,"Sgarabhaigh Silver Sixpence",sr_scara_silver_sixp<br/>ence,"Simple Product",Default,£39.00,Enabled,"<a href=""https://magento.clan.com/index.php/admin/catalog_product/edit/id/1228/"">Edit</a>","Friends of Sgarabhaigh","Clan Originals",
1167,,"Luxury Cashmere &#39;Golf Style&#39; V‑Neck Sweater",sr_lonau_LAV08,"Configurable Product","lonau Jumper (Colour and Size Options) +location_source",£230.00,Enabled,"<a href=""https://magento.clan.com/index.php/admin/catalog_product/edit/id/1167/"">Edit</a>","Lona Uk Ltd","Clan Originals",
1166,,"Luxury Cashmere Roll Neck Jumper",sr_lonau_cashmere_ro<br/>ll_neck_jumper_LPH2,"Configurable Product","Generic Chest Garment (Ladies) +location_source",£250.00,Enabled,"<a href=""https://magento.clan.com/index.php/admin/catalog_product/edit/id/1166/"">Edit</a>","Lona Uk Ltd","Clan Originals",
1157,,"Tartan Ribbon Strips ‑ Pack of Five",sr_ibuch_handfasting<br/>_ribbon_5pack,"Fabric Simple Product","ibuch Handfasting",£33.00,Enabled,"<a href=""https://magento.clan.com/index.php/admin/catalog_product/edit/id/1157/"">Edit</a>","Ingles Buchan","Clan Originals",
1136,,"Made to Measure Sheriffmuir Doublet",sr_gaeli_sherrifmuir<br/>_doublet,"Configurable Product","gaeli Sherrifmuir Doublet",£725.00,Enabled,"<a href=""https://magento.clan.com/index.php/admin/catalog_product/edit/id/1136/"">Edit</a>","Gaelic Themes","Gaelic Themes",
1134,,"Made to Measure Montrose Doublet",sr_gaeli_montrose_do<br/>ublet,"Configurable Product","gaeli Montrose Doublet",£545.00,Enabled,"<a href=""https://magento.clan.com/index.php/admin/catalog_product/edit/id/1134/"">Edit</a>","Gaelic Themes","Gaelic Themes",
1129,,"Rolled Celtic 1 Pint Tankard",sr_edwbl_63900,"Simple Product","Default +emblem",£45.00,Enabled,"<a href=""https://magento.clan.com/index.php/admin/catalog_product/edit/id/1129/"">Edit</a>","Edwin Blyde Pewter","Edwin Blyde Pewter",
1128,,"Drinking Cups, Set of 4",sr_edwbl_53000,"Simple Product","Default +emblem",£12.00,Enabled,"<a href=""https://magento.clan.com/index.php/admin/catalog_product/edit/id/1128/"">Edit</a>","Edwin Blyde Pewter","Edwin Blyde Pewter",
1127,,"Stirrup Cup",sr_edwbl_41300,"Simple Product","Default +emblem",£29.00,Enabled,"<a href=""https://magento.clan.com/index.php/admin/catalog_product/edit/id/1127/"">Edit</a>","Edwin Blyde Pewter","Edwin Blyde Pewter",
1123,,"Charles Rennie MacKintosh Glasgow Bouquet 4&quot; Quaich",sr_edwbl_15944,"Simple Product",Default,£56.00,Enabled,"<a href=""https://magento.clan.com/index.php/admin/catalog_product/edit/id/1123/"">Edit</a>","Edwin Blyde Pewter","Edwin Blyde Pewter",
1121,,"Luxury Mini Kilt",sr_dcdal_bronwyn_del<br/>uxe_mini_kilt,"Fabric CMT Product","Generic Fabric M2M Short Skirt (Kilted)",£185.00,Enabled,"<a href=""https://magento.clan.com/index.php/admin/catalog_product/edit/id/1121/"">Edit</a>","Glenisla Kilts","Balmoral Kilts and Highland Dress",
1110,,"Oxhorn Tea Caddy Spoon",sr_abbho_T4P,"Simple Product",Default,£18.00,Enabled,"<a href=""https://magento.clan.com/index.php/admin/catalog_product/edit/id/1110/"">Edit</a>",Abbeyhorn,Abbeyhorn,
1107,,"Oxhorn Buttons (Set of Six) Small",sr_abbho_SHB,"Simple Product",Default,£24.00,Enabled,"<a href=""https://magento.clan.com/index.php/admin/catalog_product/edit/id/1107/"">Edit</a>",Abbeyhorn,Abbeyhorn,
1104,,"Oxhorn Buttons (Set of Six) Large",sr_abbho_LHB,"Simple Product",Default,£27.00,Enabled,"<a href=""https://magento.clan.com/index.php/admin/catalog_product/edit/id/1104/"">Edit</a>",Abbeyhorn,Abbeyhorn,
1070,,"CLAN Gift Voucher",gift-card,"Gift Card","Gift Card Set",£25.00,Enabled,"<a href=""https://magento.clan.com/index.php/admin/catalog_product/edit/id/1070/"">Edit</a>",CLAN,,
1023,,"Lion Rampant Dress Sporran with Chrome Finish Full Dress Cantles",sr_wscot_wes1_lionra<br/>mpant_sporran,"Configurable Product","Generic Standard Sporran (front)",£253.00,Enabled,"<a href=""https://magento.clan.com/index.php/admin/catalog_product/edit/id/1023/"">Edit</a>","William Scott Sporran Maker","William Scott Sporran Maker",
1020,,"Studded Daywear Sporran",sr_wscot_studhspigsk<br/>in,"Configurable Product","Generic Daywear Sporran (Colour)",£270.00,Enabled,"<a href=""https://magento.clan.com/index.php/admin/catalog_product/edit/id/1020/"">Edit</a>","William Scott Sporran Maker","William Scott Sporran Maker",
1019,,"Dress Sporran with Stag and Hounds Cantle",sr_wscot_stagandhoun<br/>ds_dress_sporran,"Configurable Product","Generic Standard Sporran (front)",£312.00,Enabled,"<a href=""https://magento.clan.com/index.php/admin/catalog_product/edit/id/1019/"">Edit</a>","William Scott Sporran Maker","William Scott Sporran Maker",
1018,,"Thistle Top Dress Sporran",sr_wscot_sporran_pla<br/>intop_dress_thistle,"Configurable Product","Generic Standard Sporran (front)",£253.00,Enabled,"<a href=""https://magento.clan.com/index.php/admin/catalog_product/edit/id/1018/"">Edit</a>","William Scott Sporran Maker","William Scott Sporran Maker",
1017,,"Masonic Plain Top Full Dress Sporran",sr_wscot_sporran_pla<br/>intop_dress_masonic,"Configurable Product","Generic Standard Sporran (front)",£253.00,Enabled,"<a href=""https://magento.clan.com/index.php/admin/catalog_product/edit/id/1017/"">Edit</a>","William Scott Sporran Maker","William Scott Sporran Maker",
1016,,"Semi Dress Sporran, Thistle emblem",sr_wscot_sporran_jmp<br/>s_semidress_thistle,"Configurable Product","Generic Standard Sporran (front)",£142.00,Enabled,"<a href=""https://magento.clan.com/index.php/admin/catalog_product/edit/id/1016/"">Edit</a>","William Scott Sporran Maker","William Scott Sporran Maker",
1015,,"Full Dress Mink Deluxe Sporran with Silver Plated Dragon Cantle",sr_wscot_sporran_ew1<br/>mink_dress_silverpla<br/>te,"Simple Product","wscot Standard Sporran (no options)",£350.00,Enabled,"<a href=""https://magento.clan.com/index.php/admin/catalog_product/edit/id/1015/"">Edit</a>","William Scott Sporran Maker","William Scott Sporran Maker",
1014,,"Stag Head Plain Dress Sporran",sr_wscot_sporran_dre<br/>ss_plain_stag,"Configurable Product","Generic Standard Sporran (front)",£253.00,Enabled,"<a href=""https://magento.clan.com/index.php/admin/catalog_product/edit/id/1014/"">Edit</a>","William Scott Sporran Maker","William Scott Sporran Maker",
1013,,"Lion Rampant Plain Dress Sporran",sr_wscot_sporran_dre<br/>ss_plain_lionrampant,"Configurable Product","Generic Standard Sporran (front)",£253.00,Enabled,"<a href=""https://magento.clan.com/index.php/admin/catalog_product/edit/id/1013/"">Edit</a>","William Scott Sporran Maker","William Scott Sporran Maker",
1011,,"Semi Dress Sporran, Celtic tooled and studded flap with full tassels",sr_wscot_sporran_cbf<br/>s2,"Configurable Product","Generic Sporran (Fur Options)",£137.00,Enabled,"<a href=""https://magento.clan.com/index.php/admin/catalog_product/edit/id/1011/"">Edit</a>","William Scott Sporran Maker","William Scott Sporran Maker",
1010,,"Semi Dress Sporran, Celtic tooled and studded flap",sr_wscot_sporran_azs<br/>fs2,"Configurable Product","Generic Standard Sporran (front)",£137.00,Enabled,"<a href=""https://magento.clan.com/index.php/admin/catalog_product/edit/id/1010/"">Edit</a>","William Scott Sporran Maker","William Scott Sporran Maker",
1009,,"Daywear Sporran, Celtic Tooled and Studded Flap",sr_wscot_sporran_azs<br/>f2,"Configurable Product","Generic Daywear Sporran (Colour)",£145.00,Enabled,"<a href=""https://magento.clan.com/index.php/admin/catalog_product/edit/id/1009/"">Edit</a>","William Scott Sporran Maker","William Scott Sporran Maker",
1008,,"Celtic Tooled Semi Dress Black Sporran",sr_wscot_sporran_azd<br/>s_black,"Configurable Product","Generic Standard Sporran (front)",£131.00,Enabled,"<a href=""https://magento.clan.com/index.php/admin/catalog_product/edit/id/1008/"">Edit</a>","William Scott Sporran Maker","William Scott Sporran Maker",
1007,,"Classic Daywear Sporran, Celtic Tooled",sr_wscot_sporran_azd<br/>_black_day_celtic,"Simple Product","wscot Standard Sporran (no options)",£125.00,Enabled,"<a href=""https://magento.clan.com/index.php/admin/catalog_product/edit/id/1007/"">Edit</a>","William Scott Sporran Maker","William Scott Sporran Maker",
1006,,"Semi‑Dress Sporran, plain with leather tassels",sr_wscot_sporran_8sc<br/>_plain,"Configurable Product","Generic Standard Sporran (front)",£82.00,Enabled,"<a href=""https://magento.clan.com/index.php/admin/catalog_product/edit/id/1006/"">Edit</a>","William Scott Sporran Maker","William Scott Sporran Maker",
1003,,"Stag Antler Effect Sgian Dubh, with thistle top",sr_wscot_sgiandubh_s<br/>kt_horn_thistle,"Simple Product","Generic Sgian Dubh",£60.00,Enabled,"<a href=""https://magento.clan.com/index.php/admin/catalog_product/edit/id/1003/"">Edit</a>","William Scott Sporran Maker","William Scott Sporran Maker",
1002,,"Shamrock Crest Sgian Dubh",sr_wscot_sgiandhubs_<br/>wscrest_shamrock,"Simple Product","Generic Sgian Dubh",£74.00,Enabled,"<a href=""https://magento.clan.com/index.php/admin/catalog_product/edit/id/1002/"">Edit</a>","William Scott Sporran Maker","William Scott Sporran Maker",
1000,,"Dummy Sgian Dubh with ball top",sr_wscot_sgiandhubs_<br/>dummy_balltop,"Simple Product","Generic Sgian Dubh",£14.00,Enabled,"<a href=""https://magento.clan.com/index.php/admin/catalog_product/edit/id/1000/"">Edit</a>","William Scott Sporran Maker","William Scott Sporran Maker",
998,,"Semi Dress Sporran, studded targe",sr_wscot_semi_dress_<br/>HS_P_T_pg13,"Configurable Product","Generic Standard Sporran (front)",£183.00,Enabled,"<a href=""https://magento.clan.com/index.php/admin/catalog_product/edit/id/998/"">Edit</a>","William Scott Sporran Maker","William Scott Sporran Maker",
997,,"Classic Clan Crest Semi‑Dress Sporran",sr_wscot_semi_dress_<br/>clan,"Configurable Product","wscot Clan Crest Sporran (Fur Options)",£145.00,Enabled,"<a href=""https://magento.clan.com/index.php/admin/catalog_product/edit/id/997/"">Edit</a>","William Scott Sporran Maker","William Scott Sporran Maker",
996,,"Semi Dress Sporran, decorative studs",sr_wscot_semi_dress_<br/>BT_SC_pg12,"Configurable Product","Generic Standard Sporran (front)",£131.00,Enabled,"<a href=""https://magento.clan.com/index.php/admin/catalog_product/edit/id/996/"">Edit</a>","William Scott Sporran Maker","William Scott Sporran Maker",
995,,"Semi Dress Sporran with Studs",sr_wscot_semi_dress_<br/>AZD_S_SP_pg12,"Configurable Product","Generic Standard Sporran (front)",£127.00,Enabled,"<a href=""https://magento.clan.com/index.php/admin/catalog_product/edit/id/995/"">Edit</a>","William Scott Sporran Maker","William Scott Sporran Maker",
993,,"Dress Sporran with Northumberland Cross Cantle",sr_wscot_northumberl<br/>and_cross_dress_spor<br/>ran,"Configurable Product","Generic Standard Sporran (front)",£325.00,Enabled,"<a href=""https://magento.clan.com/index.php/admin/catalog_product/edit/id/993/"">Edit</a>","William Scott Sporran Maker","William Scott Sporran Maker",
990,,"All Leather Sporran Strap",sr_wscot_leathestrap,"Configurable Product","Generic Belts and Chain Straps (Leather Options)",£21.00,Enabled,"<a href=""https://magento.clan.com/index.php/admin/catalog_product/edit/id/990/"">Edit</a>","William Scott Sporran Maker","William Scott Sporran Maker",
989,,"Dress Sporran with Knotwork Cantle",sr_wscot_large_knotw<br/>ork_dress_sporran,"Configurable Product","Generic Standard Sporran (front)",£325.00,Enabled,"<a href=""https://magento.clan.com/index.php/admin/catalog_product/edit/id/989/"">Edit</a>","William Scott Sporran Maker","William Scott Sporran Maker",
988,,"Boy's Sword Kilt Pin",sr_wscot_kiltpin_swo<br/>rdb,"Simple Product","Default +emblem",£13.00,Enabled,"<a href=""https://magento.clan.com/index.php/admin/catalog_product/edit/id/988/"">Edit</a>","William Scott Sporran Maker","William Scott Sporran Maker",
987,,"Masonic Kilt Pin",sr_wscot_kiltpin_mas<br/>onic,"Simple Product","Default +emblem",£22.00,Enabled,"<a href=""https://magento.clan.com/index.php/admin/catalog_product/edit/id/987/"">Edit</a>","William Scott Sporran Maker","William Scott Sporran Maker",
986,,"Thistle Crest Kilt Pin",sr_wscot_kiltpin_cre<br/>st_thistle,"Simple Product","Default +emblem",£21.00,Enabled,"<a href=""https://magento.clan.com/index.php/admin/catalog_product/edit/id/986/"">Edit</a>","William Scott Sporran Maker","William Scott Sporran Maker",
985,,"Stag Head Crest Kilt Pin",sr_wscot_kiltpin_cre<br/>st_stag,"Simple Product","Default +emblem",£18.00,Enabled,"<a href=""https://magento.clan.com/index.php/admin/catalog_product/edit/id/985/"">Edit</a>","William Scott Sporran Maker","William Scott Sporran Maker",
984,,"Shamrock Crest Kilt Pin",sr_wscot_kiltpin_cre<br/>st_shamrock,"Simple Product","Default +emblem",£21.00,Enabled,"<a href=""https://magento.clan.com/index.php/admin/catalog_product/edit/id/984/"">Edit</a>","William Scott Sporran Maker","William Scott Sporran Maker",
983,,"Lion Rampant Crest Kilt Pin",sr_wscot_kiltpin_cre<br/>st_lionrampant,"Simple Product","Default +emblem",£21.00,Enabled,"<a href=""https://magento.clan.com/index.php/admin/catalog_product/edit/id/983/"">Edit</a>","William Scott Sporran Maker","William Scott Sporran Maker",
982,,"Semi Dress Sporran, stag head emblem",sr_wscot_jmps_stag_s<br/>emidress_stag,"Configurable Product","morri Sporran +sporran_front",£150.00,Enabled,"<a href=""https://magento.clan.com/index.php/admin/catalog_product/edit/id/982/"">Edit</a>","William Scott Sporran Maker","William Scott Sporran Maker",
981,,"Semi Dress Sporran, Lion Rampant emblem",sr_wscot_jmps,"Configurable Product","Generic Standard Sporran (front)",£150.00,Enabled,"<a href=""https://magento.clan.com/index.php/admin/catalog_product/edit/id/981/"">Edit</a>","William Scott Sporran Maker","William Scott Sporran Maker",
980,,"Synthetic Dress Sporran &amp; Celtic Cantle",sr_wscot_eur_synthet<br/>icdress,"Simple Product","wscot Standard Sporran (no options)",£250.00,Enabled,"<a href=""https://magento.clan.com/index.php/admin/catalog_product/edit/id/980/"">Edit</a>","William Scott Sporran Maker","William Scott Sporran Maker",
979,,"Dress Sporran with Lattice Tassels",sr_wscot_dress_inter<br/>link_pg10,"Configurable Product","Generic Standard Sporran (front)",£264.00,Enabled,"<a href=""https://magento.clan.com/index.php/admin/catalog_product/edit/id/979/"">Edit</a>","William Scott Sporran Maker","William Scott Sporran Maker",
978,,"Dress Sporran with Diamond and Thistle Design Cantle",sr_wscot_dress_EW6_D<br/>_pg9,"Configurable Product","Generic Standard Sporran (front)",£257.00,Enabled,"<a href=""https://magento.clan.com/index.php/admin/catalog_product/edit/id/978/"">Edit</a>","William Scott Sporran Maker","William Scott Sporran Maker",
977,,"Luxury Rabbit Dress Sporran with Studded Targe",sr_wscot_dress_EW4_A<br/>_T_pg7,"Simple Product","wscot Standard Sporran (no options)",£245.00,Enabled,"<a href=""https://magento.clan.com/index.php/admin/catalog_product/edit/id/977/"">Edit</a>","William Scott Sporran Maker","William Scott Sporran Maker",
976,,"Dress Sporran with Leather Studded Targe",sr_wscot_dress_EW2_A<br/>_T_pg3,"Configurable Product","Generic Standard Sporran (front)",£250.00,Enabled,"<a href=""https://magento.clan.com/index.php/admin/catalog_product/edit/id/976/"">Edit</a>","William Scott Sporran Maker","William Scott Sporran Maker",
975,,"Daywear Sporran, Tooled and Studded Targe design",sr_wscot_day_sporran<br/>_BT_pg18,"Configurable Product","Generic Daywear Sporran (Colour)",£129.00,Enabled,"<a href=""https://magento.clan.com/index.php/admin/catalog_product/edit/id/975/"">Edit</a>","William Scott Sporran Maker","William Scott Sporran Maker",
974,,"Northumberland Cross Kilt Pin",sr_wscot_CLA_G014AH,"Simple Product","Default +emblem",£30.00,Enabled,"<a href=""https://magento.clan.com/index.php/admin/catalog_product/edit/id/974/"">Edit</a>","William Scott Sporran Maker","William Scott Sporran Maker",
973,,"Stag and Hounds Kilt Pin",sr_wscot_CLA_G013AH,"Simple Product","Default +emblem",£30.00,Enabled,"<a href=""https://magento.clan.com/index.php/admin/catalog_product/edit/id/973/"">Edit</a>","William Scott Sporran Maker","William Scott Sporran Maker",
972,,"Viking Knot Kilt Pin",sr_wscot_CLA_G010AH,"Simple Product","Default +emblem",£30.00,Enabled,"<a href=""https://magento.clan.com/index.php/admin/catalog_product/edit/id/972/"">Edit</a>","William Scott Sporran Maker","William Scott Sporran Maker",
971,,"Northumberland Cross Buckle",sr_wscot_CLA_E016AH,"Simple Product","Default +emblem",£55.00,Enabled,"<a href=""https://magento.clan.com/index.php/admin/catalog_product/edit/id/971/"">Edit</a>","William Scott Sporran Maker","William Scott Sporran Maker",
970,,"Stag and Hounds Buckle",sr_wscot_CLA_E015AH,"Simple Product","Default +emblem",£55.00,Enabled,"<a href=""https://magento.clan.com/index.php/admin/catalog_product/edit/id/970/"">Edit</a>","William Scott Sporran Maker","William Scott Sporran Maker",
969,,"Large Celtic Knot Buckle",sr_wscot_CLA_E014AH,"Simple Product","Default +emblem",£55.00,Enabled,"<a href=""https://magento.clan.com/index.php/admin/catalog_product/edit/id/969/"">Edit</a>","William Scott Sporran Maker","William Scott Sporran Maker",
968,,"Viking Knotwork Buckle",sr_wscot_CLA_E011AH,"Simple Product","Default +emblem",£55.00,Enabled,"<a href=""https://magento.clan.com/index.php/admin/catalog_product/edit/id/968/"">Edit</a>","William Scott Sporran Maker","William Scott Sporran Maker",
967,,"Celtic Bird Buckle",sr_wscot_CLA_E008AH,"Simple Product","Default +emblem",£55.00,Enabled,"<a href=""https://magento.clan.com/index.php/admin/catalog_product/edit/id/967/"">Edit</a>","William Scott Sporran Maker","William Scott Sporran Maker",
966,,"Celtic Dog Buckle",sr_wscot_CLA_E007AH,"Simple Product","Default +emblem",£55.00,Enabled,"<a href=""https://magento.clan.com/index.php/admin/catalog_product/edit/id/966/"">Edit</a>","William Scott Sporran Maker","William Scott Sporran Maker",
965,,"Celtic Oval Belt Buckle",sr_wscot_CLA_E006AH,"Simple Product","Default +emblem",£55.00,Enabled,"<a href=""https://magento.clan.com/index.php/admin/catalog_product/edit/id/965/"">Edit</a>","William Scott Sporran Maker","William Scott Sporran Maker",
964,,"Torq Belt Buckle",sr_wscot_CLA_E005AH,"Simple Product","Default +emblem",£55.00,Enabled,"<a href=""https://magento.clan.com/index.php/admin/catalog_product/edit/id/964/"">Edit</a>","William Scott Sporran Maker","William Scott Sporran Maker",
963,,"Stag Belt Buckle",sr_wscot_CLA_E004AH,"Simple Product","Default +emblem",£55.00,Enabled,"<a href=""https://magento.clan.com/index.php/admin/catalog_product/edit/id/963/"">Edit</a>","William Scott Sporran Maker","William Scott Sporran Maker",
962,,"Celtic Square Buckle",sr_wscot_CLA_E003AH,"Simple Product","Default +emblem",£55.00,Enabled,"<a href=""https://magento.clan.com/index.php/admin/catalog_product/edit/id/962/"">Edit</a>","William Scott Sporran Maker","William Scott Sporran Maker",
961,,"Celtic Circle Belt Buckle",sr_wscot_CLA_E002AH,"Simple Product","Default +emblem",£55.00,Enabled,"<a href=""https://magento.clan.com/index.php/admin/catalog_product/edit/id/961/"">Edit</a>","William Scott Sporran Maker","William Scott Sporran Maker",
960,,"Thistle Buckle",sr_wscot_CLA_E001AH,"Simple Product","Default +emblem",£55.00,Enabled,"<a href=""https://magento.clan.com/index.php/admin/catalog_product/edit/id/960/"">Edit</a>","William Scott Sporran Maker","William Scott Sporran Maker",
959,,"Dress Sporran with Thistle Design Cantle",sr_wscot_chrome_this<br/>tle_dress_WES12,"Configurable Product","Generic Standard Sporran (front)",£275.00,Enabled,"<a href=""https://magento.clan.com/index.php/admin/catalog_product/edit/id/959/"">Edit</a>","William Scott Sporran Maker","William Scott Sporran Maker",
958,,"Khaki Leather Chain Strap",sr_wscot_chainstrap_<br/>chrome_gents_khaki,"Configurable Product","Generic Belts and Chain Straps (Default)",£22.00,Enabled,"<a href=""https://magento.clan.com/index.php/admin/catalog_product/edit/id/958/"">Edit</a>","William Scott Sporran Maker","William Scott Sporran Maker",
957,,"Chain Strap (Free with sporrans)",sr_wscot_chainstrap_<br/>chrome_gents_free,"Configurable Product","Generic Belts and Chain Straps (Leather Options)",£0.00,Enabled,"<a href=""https://magento.clan.com/index.php/admin/catalog_product/edit/id/957/"">Edit</a>","William Scott Sporran Maker","William Scott Sporran Maker",
956,,"Chrome Brown Leather Chain Strap",sr_wscot_chainstrap_<br/>chrome_gents_brown,"Configurable Product","Generic Belts and Chain Straps (Default)",£18.00,Enabled,"<a href=""https://magento.clan.com/index.php/admin/catalog_product/edit/id/956/"">Edit</a>","William Scott Sporran Maker","William Scott Sporran Maker",
955,,"Chrome Leather Chain Strap",sr_wscot_chainstrap_<br/>chrome_gents,"Configurable Product","Generic Belts and Chain Straps (Default)",£18.00,Enabled,"<a href=""https://magento.clan.com/index.php/admin/catalog_product/edit/id/955/"">Edit</a>","William Scott Sporran Maker","William Scott Sporran Maker",
954,,"Celtic Rose Kilt Pin",sr_wscot_celtic_rose<br/>_polished_kilt_pin_c<br/>la_g008ah,"Simple Product","Default +emblem",£30.00,Enabled,"<a href=""https://magento.clan.com/index.php/admin/catalog_product/edit/id/954/"">Edit</a>","William Scott Sporran Maker","William Scott Sporran Maker",
952,,"Dress Sporran with Torq Cantle",sr_wscot_bulldog_tor<br/>q_pg4_rolledtassels,"Configurable Product","Generic Standard Sporran (front)",£320.00,Enabled,"<a href=""https://magento.clan.com/index.php/admin/catalog_product/edit/id/952/"">Edit</a>","William Scott Sporran Maker","William Scott Sporran Maker",
951,,"Dress Sporran with Thistle Detail Cantle and Chrome Balls",sr_wscot_bulldog_thi<br/>stle_pg4_rolledtasse<br/>ls,"Configurable Product","Generic Standard Sporran (front)",£320.00,Enabled,"<a href=""https://magento.clan.com/index.php/admin/catalog_product/edit/id/951/"">Edit</a>","William Scott Sporran Maker","William Scott Sporran Maker",
950,,"Dress Sporran with Celtic Stag Cantle",sr_wscot_bulldog_sta<br/>g_pg4_rolledtassels,"Configurable Product","Generic Standard Sporran (front)",£320.00,Enabled,"<a href=""https://magento.clan.com/index.php/admin/catalog_product/edit/id/950/"">Edit</a>","William Scott Sporran Maker","William Scott Sporran Maker",
949,,"Dress Sporran with Celtic Oval Cantle",sr_wscot_bulldog_cel<br/>tic_oval_pg4_rolledt<br/>assels,"Configurable Product","Generic Standard Sporran (front)",£320.00,Enabled,"<a href=""https://magento.clan.com/index.php/admin/catalog_product/edit/id/949/"">Edit</a>","William Scott Sporran Maker","William Scott Sporran Maker",
948,,"Dress Sporran with Celtic Dog Cantle",sr_wscot_bulldog_cel<br/>tic_dog_pg4_rolledta<br/>ssels,"Configurable Product","Generic Standard Sporran (front)",£320.00,Enabled,"<a href=""https://magento.clan.com/index.php/admin/catalog_product/edit/id/948/"">Edit</a>","William Scott Sporran Maker","William Scott Sporran Maker",
947,,"Dress Sporran with Celtic Bird Cantle",sr_wscot_bulldog_cel<br/>tic_bird_pg4_rolledt<br/>assels,"Configurable Product","Generic Standard Sporran (front)",£320.00,Enabled,"<a href=""https://magento.clan.com/index.php/admin/catalog_product/edit/id/947/"">Edit</a>","William Scott Sporran Maker","William Scott Sporran Maker",
945,,"Plain Thistle Belt Buckle",sr_wscot_buckles_pla<br/>in_thistle,"Simple Product","Default +emblem",£24.00,Enabled,"<a href=""https://magento.clan.com/index.php/admin/catalog_product/edit/id/945/"">Edit</a>","William Scott Sporran Maker","William Scott Sporran Maker",
944,,"Plain St Andrews Cross Belt Buckle",sr_wscot_buckles_pla<br/>in_standrews,"Simple Product","Default +emblem",£24.00,Enabled,"<a href=""https://magento.clan.com/index.php/admin/catalog_product/edit/id/944/"">Edit</a>","William Scott Sporran Maker","William Scott Sporran Maker",
943,,"Plain Stag Head Belt Buckle",sr_wscot_buckles_pla<br/>in_stag,"Simple Product","Default +emblem",£24.00,Enabled,"<a href=""https://magento.clan.com/index.php/admin/catalog_product/edit/id/943/"">Edit</a>","William Scott Sporran Maker","William Scott Sporran Maker",
942,,"Plain Lion Rampant Belt Buckle",sr_wscot_buckles_pla<br/>in_lionrampant,"Simple Product","Default +emblem",£24.00,Enabled,"<a href=""https://magento.clan.com/index.php/admin/catalog_product/edit/id/942/"">Edit</a>","William Scott Sporran Maker","William Scott Sporran Maker",
941,,"Plain Masonic Belt Buckle",sr_wscot_buckles_mas<br/>onic_plain,"Configurable Product","wscot Finish",£26.00,Enabled,"<a href=""https://magento.clan.com/index.php/admin/catalog_product/edit/id/941/"">Edit</a>","William Scott Sporran Maker","William Scott Sporran Maker",
940,,"Zoomorphic Belt Buckle With Velcro Leather Belt",sr_wscot_buckles_chr<br/>ome_zoomorphic,"Configurable Product","Generic Belts and Chain Straps (Leather Options)",£45.00,Enabled,"<a href=""https://magento.clan.com/index.php/admin/catalog_product/edit/id/940/"">Edit</a>","William Scott Sporran Maker","William Scott Sporran Maker",
939,,"Thistle Belt Buckle With Velcro Leather Belt",sr_wscot_buckles_chr<br/>ome_thistle,"Configurable Product","Generic Belts and Chain Straps (Default)",£45.00,Enabled,"<a href=""https://magento.clan.com/index.php/admin/catalog_product/edit/id/939/"">Edit</a>","William Scott Sporran Maker","William Scott Sporran Maker",
938,,"Boy's Leather Belt with Buckle",sr_wscot_buckles_boy<br/>s,"Configurable Product","Generic Belts and Chain Straps Boys (Leather Options)",£31.00,Enabled,"<a href=""https://magento.clan.com/index.php/admin/catalog_product/edit/id/938/"">Edit</a>","William Scott Sporran Maker","William Scott Sporran Maker",
937,,"Plain Antique Thistle Belt Buckle",sr_wscot_buckles_ant<br/>iqueplain_thistle,"Simple Product","Default +emblem",£24.00,Enabled,"<a href=""https://magento.clan.com/index.php/admin/catalog_product/edit/id/937/"">Edit</a>","William Scott Sporran Maker","William Scott Sporran Maker",
936,,"Plain Antique St Andrews Cross Belt Buckle",sr_wscot_buckles_ant<br/>iqueplain_standrews,"Simple Product","Default +emblem",£24.00,Enabled,"<a href=""https://magento.clan.com/index.php/admin/catalog_product/edit/id/936/"">Edit</a>","William Scott Sporran Maker","William Scott Sporran Maker",
935,,"Plain Antique Stag Belt Buckle",sr_wscot_buckles_ant<br/>iqueplain_stag,"Simple Product","Default +emblem",£24.00,Enabled,"<a href=""https://magento.clan.com/index.php/admin/catalog_product/edit/id/935/"">Edit</a>","William Scott Sporran Maker","William Scott Sporran Maker",
934,,"Plain Antique Lion Rampant Belt Buckle",sr_wscot_buckles_ant<br/>iqueplain_lionrampan<br/>t,"Simple Product","Default +emblem",£24.00,Enabled,"<a href=""https://magento.clan.com/index.php/admin/catalog_product/edit/id/934/"">Edit</a>","William Scott Sporran Maker","William Scott Sporran Maker",
933,,"Masonic Belt Buckle with Engraved Surround",sr_wscot_buckles_102<br/>_masonic,"Simple Product","Default +emblem",£26.00,Enabled,"<a href=""https://magento.clan.com/index.php/admin/catalog_product/edit/id/933/"">Edit</a>","William Scott Sporran Maker","William Scott Sporran Maker",
929,,"Celtic Chrome‑Finish Buckle",sr_wscot_buckle_chro<br/>me_celtic,"Simple Product","Default +emblem",£15.00,Enabled,"<a href=""https://magento.clan.com/index.php/admin/catalog_product/edit/id/929/"">Edit</a>","William Scott Sporran Maker","William Scott Sporran Maker",
926,,"Classic Kilt Belt, plain",sr_wscot_belt_mb3,"Configurable Product","Generic Belts and Chain Straps (Leather Options)",£25.00,Enabled,"<a href=""https://magento.clan.com/index.php/admin/catalog_product/edit/id/926/"">Edit</a>","William Scott Sporran Maker","William Scott Sporran Maker",
925,,"Classic Kilt Belt, adjustable",sr_wscot_belt_adjust<br/>able_velco,"Configurable Product","Generic Belts and Chain Straps (Leather Options)",£25.00,Enabled,"<a href=""https://magento.clan.com/index.php/admin/catalog_product/edit/id/925/"">Edit</a>","William Scott Sporran Maker","William Scott Sporran Maker",
924,,"Tartan Ribbon Bows, 10 pieces",sr_wilro_R310,"Configurable Product","wilro Tartan",£8.00,Enabled,"<a href=""https://magento.clan.com/index.php/admin/catalog_product/edit/id/924/"">Edit</a>","William & A.M Robb","Clan Originals",
923,,"Tartan Ribbon, 70mm wide",sr_wilro_4446_75mm,"Configurable Product","wilro Ribbon",£4.00,Enabled,"<a href=""https://magento.clan.com/index.php/admin/catalog_product/edit/id/923/"">Edit</a>","William & A.M Robb","Clan Originals",
922,,"Tartan Ribbon, 25mm wide",sr_wilro_4446_25mm,"Configurable Product","wilro Ribbon",£3.00,Enabled,"<a href=""https://magento.clan.com/index.php/admin/catalog_product/edit/id/922/"">Edit</a>","William & A.M Robb","Clan Originals",
921,,"Tartan Ribbon, 10mm wide",sr_wilro_4446_10mm,"Configurable Product","wilro Ribbon",£2.00,Enabled,"<a href=""https://magento.clan.com/index.php/admin/catalog_product/edit/id/921/"">Edit</a>","William & A.M Robb","Clan Originals",
919,,"Luxury Scottish Cashmere Sweater, V‑Neck",sr_wilkn_melrose_vn,"Configurable Product","wilkn Mens Garments (Colour and Chest Options)",£315.00,Enabled,"<a href=""https://magento.clan.com/index.php/admin/catalog_product/edit/id/919/"">Edit</a>","William Lockie Knitwear","William Lockie Knitwear",
918,,"Luxury Scottish Cashmere Sweater, Crew Neck",sr_wilkn_melrose_cre<br/>w_neck,"Configurable Product","wilkn Mens Garments (Colour and Chest Options)",£315.00,Enabled,"<a href=""https://magento.clan.com/index.php/admin/catalog_product/edit/id/918/"">Edit</a>","William Lockie Knitwear","William Lockie Knitwear",
916,,"Luxury Scottish Cashmere Sweater, V‑Neck",sr_wilkn_charlotte_v<br/>ee_neck,"Configurable Product","wilkn Womens Garments (Colour and Chest Options) +location_source",£269.00,Enabled,"<a href=""https://magento.clan.com/index.php/admin/catalog_product/edit/id/916/"">Edit</a>","William Lockie Knitwear","William Lockie Knitwear",
915,,"Luxury Scottish Cashmere V‑Neck Cardigan, Charlotte",sr_wilkn_charlotte_v<br/>ee_card,"Configurable Product","wilkn Womens Garments (Colour and Chest Options) +location_source",£320.00,Enabled,"<a href=""https://magento.clan.com/index.php/admin/catalog_product/edit/id/915/"">Edit</a>","William Lockie Knitwear","William Lockie Knitwear",
914,,"Luxury Scottish Cashmere Sweater, Crew Neck",sr_wilkn_charlotte_r<br/>ound_ne,"Configurable Product","wilkn Womens Garments (Colour and Chest Options) +location_source",£269.00,Enabled,"<a href=""https://magento.clan.com/index.php/admin/catalog_product/edit/id/914/"">Edit</a>","William Lockie Knitwear","William Lockie Knitwear",
913,,"Luxury Scottish Cashmere Sweater, Roll Neck",sr_wilkn_charlotte_r<br/>oll_col,"Configurable Product","wilkn Womens Garments (Colour and Chest Options) +location_source",£299.00,Enabled,"<a href=""https://magento.clan.com/index.php/admin/catalog_product/edit/id/913/"">Edit</a>","William Lockie Knitwear","William Lockie Knitwear",
912,,"Luxury Scottish Cashmere Golfer Cardigan, Charlotte",sr_wilkn_charlotte_g<br/>olfer_c,"Configurable Product","wilkn Womens Garments (Colour and Chest Options) +location_source",£320.00,Enabled,"<a href=""https://magento.clan.com/index.php/admin/catalog_product/edit/id/912/"">Edit</a>","William Lockie Knitwear","William Lockie Knitwear",
909,,"Welsh Tartan Tie with embroidered dragon",sr_weltc_welsh_tarta<br/>n_tie,"Fabric Simple Product","Generic Tie CMT",£29.00,Enabled,"<a href=""https://magento.clan.com/index.php/admin/catalog_product/edit/id/909/"">Edit</a>","Wales Tartan","Wales Tartan",
906,,"Welsh Lambswool Tartan Scarf",sr_weltc_welsh_lambs<br/>wool_scarf,"Fabric Simple Product","Generic Scarf (Fabric Choice)",£39.00,Enabled,"<a href=""https://magento.clan.com/index.php/admin/catalog_product/edit/id/906/"">Edit</a>","Wales Tartan","Wales Tartan",
861,,"Childhood ‑ Set of 2 Prints",sr_timco_childhood,"Simple Product","Default +emblem",£31.00,Enabled,"<a href=""https://magento.clan.com/index.php/admin/catalog_product/edit/id/861/"">Edit</a>","Tim Cockburn","Clan Originals",
860,,"Cashmere V‑Neck Sweater",sr_sworg_mvh,"Configurable Product","sworg Mens Jumper (Colour Options 0)",£189.00,Enabled,"<a href=""https://magento.clan.com/index.php/admin/catalog_product/edit/id/860/"">Edit</a>","Lona Uk Ltd","Clan Originals",
859,,"Cashmere V Neck Sleeveless Sweater",sr_sworg_mslh,"Configurable Product","sworg Mens Jumper (Colour Options 0)",£169.00,Enabled,"<a href=""https://magento.clan.com/index.php/admin/catalog_product/edit/id/859/"">Edit</a>","Lona Uk Ltd","Clan Originals",
858,,"Cashmere Roll Neck Sweater",sr_sworg_mph,"Configurable Product","sworg Mens Jumper (Colour Options 0)",£190.00,Enabled,"<a href=""https://magento.clan.com/index.php/admin/catalog_product/edit/id/858/"">Edit</a>","Lona Uk Ltd","Clan Originals",
857,,"Cashmere Crew Neck Sweater",sr_sworg_mch,"Configurable Product","sworg Mens Jumper (Colour Options 0)",£189.00,Enabled,"<a href=""https://magento.clan.com/index.php/admin/catalog_product/edit/id/857/"">Edit</a>","Lona Uk Ltd","Clan Originals",
856,,"Scotweb Original Cashmere Cardigan",sr_sworg_mbh,"Configurable Product","sworg Mens Jumper (Colour Options 0)",£232.00,Enabled,"<a href=""https://magento.clan.com/index.php/admin/catalog_product/edit/id/856/"">Edit</a>","Lona Uk Ltd","Clan Originals",
855,,"Ladies Cashmere V‑Neck Sweater",sr_sworg_LVH,"Configurable Product","sworg Ladies Chest + Colour +location_source",£180.00,Enabled,"<a href=""https://magento.clan.com/index.php/admin/catalog_product/edit/id/855/"">Edit</a>","Lona Uk Ltd","Clan Originals",
854,,"Cashmere Twin Set",sr_sworg_lth,"Configurable Product","sworg Ladies Chest + Colour +location_source",£275.00,Enabled,"<a href=""https://magento.clan.com/index.php/admin/catalog_product/edit/id/854/"">Edit</a>","Lona Uk Ltd","Clan Originals",
853,,"Cashmere Roll Neck Sweater",sr_sworg_lph,"Configurable Product","sworg Ladies Chest + Colour +location_source",£188.00,Enabled,"<a href=""https://magento.clan.com/index.php/admin/catalog_product/edit/id/853/"">Edit</a>","Lona Uk Ltd","Clan Originals",
852,,"Cashmere Crew Neck Sweater",sr_sworg_lch,"Configurable Product","sworg Ladies Chest + Colour +location_source",£180.00,Enabled,"<a href=""https://magento.clan.com/index.php/admin/catalog_product/edit/id/852/"">Edit</a>","Lona Uk Ltd","Clan Originals",
851,,"Cashmere Cable Crew Neck Sweater",sr_sworg_lcc,"Configurable Product","sworg Ladies Chest + Colour +location_source",£206.00,Enabled,"<a href=""https://magento.clan.com/index.php/admin/catalog_product/edit/id/851/"">Edit</a>","Lona Uk Ltd","Clan Originals",
850,,"Cashmere Cardigan",sr_sworg_lbh,"Configurable Product","sworg Ladies Chest + Colour +location_source",£189.00,Enabled,"<a href=""https://magento.clan.com/index.php/admin/catalog_product/edit/id/850/"">Edit</a>","Lona Uk Ltd","Clan Originals",
849,,"Knitted Cashmere Cape, frilled edge",sr_sworg_capek,"Configurable Product","sworg Cape",£449.00,Enabled,"<a href=""https://magento.clan.com/index.php/admin/catalog_product/edit/id/849/"">Edit</a>","Lona Uk Ltd","Clan Originals",
847,,"Boy's Kilt",sr_swhdr_weemannumbe<br/>r2,"Fabric CMT Product",,£168.00,Enabled,"<a href=""https://magento.clan.com/index.php/admin/catalog_product/edit/id/847/"">Edit</a>","<strong>Glenisla Kilts</strong><br/>House of Edgar","Balmoral Kilts and Highland Dress",
846,,"Tweed Swatch",sr_swhdr_tweedswatch<br/>es,"Fabric Swatch Product","Fabric Simple Set",£23.22,Enabled,"<a href=""https://magento.clan.com/index.php/admin/catalog_product/edit/id/846/"">Edit</a>","Balmoral Kilts and Highland Dress","Balmoral Kilts and Highland Dress",
845,,"Classic Tweed 5 Button Vest",sr_swhdr_tweed_argyl<br/>l_vest,"Configurable Product","swhdr Stock Jacket and Vest (Colour Options)",£145.00,Enabled,"<a href=""https://magento.clan.com/index.php/admin/catalog_product/edit/id/845/"">Edit</a>","TJ Matthews","Balmoral Kilts and Highland Dress",
844,,"Tweed Argyll Jacket",sr_swhdr_tweed_argyl<br/>l,"Configurable Product","swhdr Stock Jacket and Vest (Colour Options)",£399.00,Enabled,"<a href=""https://magento.clan.com/index.php/admin/catalog_product/edit/id/844/"">Edit</a>","TJ Matthews","Balmoral Kilts and Highland Dress",
843,,"Tweed Casual Kilt",sr_swhdr_tweed_5_yar<br/>d_kilt,"Fabric CMT Product","sr_swhdr_tweed_5_yard_kilt Set",£228.00,Enabled,"<a href=""https://magento.clan.com/index.php/admin/catalog_product/edit/id/843/"">Edit</a>","Glenisla Kilts","Balmoral Kilts and Highland Dress",
841,,"Tartan Trousers, made‑to‑measure",sr_swhdr_tartan_trou<br/>sers_mm,"Fabric CMT Product","swhdr M2M Trousers",£211.00,Enabled,"<a href=""https://magento.clan.com/index.php/admin/catalog_product/edit/id/841/"">Edit</a>","<strong>TJ Matthews</strong><br/>Gaelic Themes","Balmoral Kilts and Highland Dress",
840,,"Fishtail Back Tartan Trews",sr_swhdr_tartan_trew<br/>s,"Fabric CMT Product","esssw Trews",£168.00,Enabled,"<a href=""https://magento.clan.com/index.php/admin/catalog_product/edit/id/840/"">Edit</a>","<strong>TJ Matthews</strong><br/>Gaelic Themes","Balmoral Kilts and Highland Dress",
839,,"Luxury Handmade Tartan Tie",sr_swhdr_tartan_tie_<br/>cmt,"Fabric CMT Product","Generic Tie CMT",£40.00,Enabled,"<a href=""https://magento.clan.com/index.php/admin/catalog_product/edit/id/839/"">Edit</a>","<strong>Ingles Buchan</strong><br/>Strathmore Woollens<br/>Lochcarron of Scotland<br/>House of Edgar","Balmoral Kilts and Highland Dress",
838,,"Luxury Tartan Flashes",sr_swhdr_tartan_flas<br/>hes_individual,"Fabric CMT Product","Fabric Simple Set +pattern",£32.00,Enabled,"<a href=""https://magento.clan.com/index.php/admin/catalog_product/edit/id/838/"">Edit</a>","<strong>Glenisla Kilts</strong><br/>Gaelic Themes<br/>House of Edgar","Balmoral Kilts and Highland Dress",
836,,"Straight Skirt, tartan",sr_swhdr_straightkne<br/>e,"Fabric CMT Product","Generic Fabric M2M Medium Skirt",£180.00,Enabled,"<a href=""https://magento.clan.com/index.php/admin/catalog_product/edit/id/836/"">Edit</a>","Glenisla Kilts","Balmoral Kilts and Highland Dress",
834,,"Soft Pleat Skirt, tartan",sr_swhdr_soft_pleat,"Fabric CMT Product","Generic Fabric M2M Long Skirt",£181.00,Enabled,"<a href=""https://magento.clan.com/index.php/admin/catalog_product/edit/id/834/"">Edit</a>","Glenisla Kilts","Balmoral Kilts and Highland Dress",
831,,"Straight Skirt, tweed",sr_swhdr_sf_kneestra<br/>ight,"Fabric CMT Product","Generic Fabric M2M Medium Skirt",£189.00,Enabled,"<a href=""https://magento.clan.com/index.php/admin/catalog_product/edit/id/831/"">Edit</a>","Glenisla Kilts","Balmoral Kilts and Highland Dress",
830,,"Kilted Skirt, tweed",sr_swhdr_sf_kiltedsk<br/>irt,"Fabric CMT Product","Generic Fabric M2M Medium Skirt (Kilted)",£213.00,Enabled,"<a href=""https://magento.clan.com/index.php/admin/catalog_product/edit/id/830/"">Edit</a>","Glenisla Kilts","Balmoral Kilts and Highland Dress",
829,,"All‑round Pleated Skirt, tartan",sr_swhdr_rydal_skirt,"Fabric CMT Product","Generic Fabric M2M Medium Skirt",£177.00,Enabled,"<a href=""https://magento.clan.com/index.php/admin/catalog_product/edit/id/829/"">Edit</a>","Glenisla Kilts","Balmoral Kilts and Highland Dress",
828,,"Classic Prince Charlie Jacket and Vest",sr_swhdr_princecharl<br/>ieblack,"Configurable Product","Generic Stock Jacket (Colour Options)",£495.00,Enabled,"<a href=""https://magento.clan.com/index.php/admin/catalog_product/edit/id/828/"">Edit</a>","<strong>TJ Matthews</strong><br/>Gaelic Themes","Balmoral Kilts and Highland Dress",
827,,"Classic Fly Plaid, Purled",sr_swhdr_pearled_fly<br/>_plaid,"Fabric CMT Product","Fabric Default + Pattern",£0.00,Enabled,"<a href=""https://magento.clan.com/index.php/admin/catalog_product/edit/id/827/"">Edit</a>","<strong>Glenisla Kilts</strong><br/>House of Edgar","Balmoral Kilts and Highland Dress",
826,,"Buttons for Prince Charlie and Argyll Jacket (set of 5)",sr_swhdr_pc_buttons,"Configurable Product","swhdr Buttons",£23.00,Enabled,"<a href=""https://magento.clan.com/index.php/admin/catalog_product/edit/id/826/"">Edit</a>","William & A.M Robb","Balmoral Kilts and Highland Dress",
825,,"Made to Measure Tweed Argyll Jacket",sr_swhdr_mtm_tweed_a<br/>rgyll,"Configurable Product","swhdr Generic M2M Jacket (Colour Options)",£450.00,Enabled,"<a href=""https://magento.clan.com/index.php/admin/catalog_product/edit/id/825/"">Edit</a>","TJ Matthews","Balmoral Kilts and Highland Dress",
824,,"Made to Measure Prince Charlie Jacket and Vest",sr_swhdr_mtm_princec<br/>harlie,"Configurable Product","swhdr Jacket M2M (Lapel and Colour Options)",£575.00,Enabled,"<a href=""https://magento.clan.com/index.php/admin/catalog_product/edit/id/824/"">Edit</a>","TJ Matthews","Balmoral Kilts and Highland Dress",
823,,"Made to Measure Crail Tweed Jacket",sr_swhdr_mtm_crail_t<br/>weed,"Configurable Product","swhdr Generic M2M Jacket (Colour Options)",£450.00,Enabled,"<a href=""https://magento.clan.com/index.php/admin/catalog_product/edit/id/823/"">Edit</a>","TJ Matthews","Balmoral Kilts and Highland Dress",
822,,"Made to Measure Braemar Tweed Jacket",sr_swhdr_mtm_braemar<br/>_tweed,"Configurable Product","swhdr Generic M2M Jacket (Colour Options)",£450.00,Enabled,"<a href=""https://magento.clan.com/index.php/admin/catalog_product/edit/id/822/"">Edit</a>","TJ Matthews","Balmoral Kilts and Highland Dress",
821,,"Made to Measure Braemar Jacket",sr_swhdr_mtm_braemar,"Configurable Product","swhdr M2M Jacket (Multi Options)",£450.00,Enabled,"<a href=""https://magento.clan.com/index.php/admin/catalog_product/edit/id/821/"">Edit</a>","TJ Matthews","Balmoral Kilts and Highland Dress",
820,,"Made to Measure Tweed 5 Button Vest",sr_swhdr_mtm_argyll_<br/>vest_tweed,"Configurable Product","swhdr Vest (Colour Options 2)",£185.00,Enabled,"<a href=""https://magento.clan.com/index.php/admin/catalog_product/edit/id/820/"">Edit</a>","TJ Matthews","Balmoral Kilts and Highland Dress",
819,,"Made to Measure 5 Button Vest",sr_swhdr_mtm_argyll_<br/>vest,"Configurable Product","swhdr Vest (Colour Options)",£185.00,Enabled,"<a href=""https://magento.clan.com/index.php/admin/catalog_product/edit/id/819/"">Edit</a>","TJ Matthews","Balmoral Kilts and Highland Dress",
818,,"Made to Measure Argyll Jacket",sr_swhdr_mtm_argyll,"Configurable Product","swhdr M2M Jacket (Multi Options)",£450.00,Enabled,"<a href=""https://magento.clan.com/index.php/admin/catalog_product/edit/id/818/"">Edit</a>","TJ Matthews","Balmoral Kilts and Highland Dress",
817,,"Mini Skirt, tartan",sr_swhdr_miniskirt_s<br/>traightskirt_backven<br/>t,"Fabric CMT Product","Generic Fabric M2M Short Skirt",£179.00,Enabled,"<a href=""https://magento.clan.com/index.php/admin/catalog_product/edit/id/817/"">Edit</a>","Glenisla Kilts","Balmoral Kilts and Highland Dress",
815,,"Classic Mini Kilt, tartan",sr_swhdr_minikilt,"Fabric CMT Product","Generic Fabric M2M Short Skirt (Kilted)",£178.00,Enabled,"<a href=""https://magento.clan.com/index.php/admin/catalog_product/edit/id/815/"">Edit</a>","Glenisla Kilts","Balmoral Kilts and Highland Dress",
814,,"Long Straight Skirt, tartan",sr_swhdr_longstraigh<br/>t,"Fabric CMT Product","Generic Fabric M2M Long Skirt",£180.00,Enabled,"<a href=""https://magento.clan.com/index.php/admin/catalog_product/edit/id/814/"">Edit</a>","Glenisla Kilts","Balmoral Kilts and Highland Dress",
812,,"Kilted Skirt, tartan",sr_swhdr_kiltedskirt,"Fabric CMT Product","Generic Fabric M2M Medium Skirt (Kilted)",£175.00,Enabled,"<a href=""https://magento.clan.com/index.php/admin/catalog_product/edit/id/812/"">Edit</a>","Glenisla Kilts","Balmoral Kilts and Highland Dress",
811,,"Single Colour Traditional 8 Yard Kilt",sr_swhdr_kilt_single<br/>colour_eightyard,"Fabric CMT Product","Generic Fabric M2M Kilt",£294.00,Enabled,"<a href=""https://magento.clan.com/index.php/admin/catalog_product/edit/id/811/"">Edit</a>","Glenisla Kilts","Balmoral Kilts and Highland Dress",
810,,"Single Colour Wool Casual Kilt",sr_swhdr_kilt_single<br/>colour_casual,"Fabric CMT Product","Generic Fabric M2M Casual Kilt +pattern +kilt_style +nationality",£207.00,Enabled,"<a href=""https://magento.clan.com/index.php/admin/catalog_product/edit/id/810/"">Edit</a>","Glenisla Kilts","Balmoral Kilts and Highland Dress",
806,,"Hostess Skirt, tartan",sr_swhdr_hostess,"Fabric CMT Product","Generic Fabric M2M Long Skirt (Kilted)",£181.00,Enabled,"<a href=""https://magento.clan.com/index.php/admin/catalog_product/edit/id/806/"">Edit</a>","Glenisla Kilts","Balmoral Kilts and Highland Dress",
805,,"Hipster Mini Kilt, tartan",sr_swhdr_hipstermini,"Fabric CMT Product","swhdr Hipster Mini",£181.00,Enabled,"<a href=""https://magento.clan.com/index.php/admin/catalog_product/edit/id/805/"">Edit</a>","Glenisla Kilts","Balmoral Kilts and Highland Dress",
804,,"High‑Waisted Tartan Trews",sr_swhdr_high_waist_<br/>argyll_trews,"Fabric CMT Product","Generic Fabric M2M Trews",£208.00,Enabled,"<a href=""https://magento.clan.com/index.php/admin/catalog_product/edit/id/804/"">Edit</a>","TJ Matthews","Balmoral Kilts and Highland Dress",
803,,"Classic Kilt Hanger",sr_swhdr_hanger,"Simple Product","sr_swhdr_hanger Set",£12.00,Enabled,"<a href=""https://magento.clan.com/index.php/admin/catalog_product/edit/id/803/"">Edit</a>","Gaelic Themes","Balmoral Kilts and Highland Dress",
799,,"Boy's Fly Plaid",sr_swhdr_fly_plaid_b<br/>oys,"Fabric CMT Product","swhdr Fly Plaid (Fringe Options) +fringe",£108.00,Enabled,"<a href=""https://magento.clan.com/index.php/admin/catalog_product/edit/id/799/"">Edit</a>","Glenisla Kilts","Balmoral Kilts and Highland Dress",
798,,"Classic Fly Plaid",sr_swhdr_fly_plaid,"Fabric CMT Product","Fabric Simple Set",£110.00,Enabled,"<a href=""https://magento.clan.com/index.php/admin/catalog_product/edit/id/798/"">Edit</a>","<strong>Glenisla Kilts</strong><br/>Gaelic Themes<br/>House of Edgar","Balmoral Kilts and Highland Dress",
797,,"Casual Kilt",sr_swhdr_fiveyardkil<br/>t_madetomeasure,"Fabric CMT Product","sr_swhdr_fiveyardkilt_madetomeasure Set",£194.00,Enabled,"<a href=""https://magento.clan.com/index.php/admin/catalog_product/edit/id/797/"">Edit</a>","<strong>Glenisla Kilts</strong><br/>House of Edgar","Balmoral Kilts and Highland Dress",
796,,"Extra Long Tartan Tie",sr_swhdr_extra_long_<br/>tie,"Fabric CMT Product","Generic Tie CMT",£0.00,Enabled,"<a href=""https://magento.clan.com/index.php/admin/catalog_product/edit/id/796/"">Edit</a>","<strong>Ingles Buchan</strong><br/>DC Dalgliesh","Balmoral Kilts and Highland Dress",
795,,"Denim 8 Yard Kilt",sr_swhdr_eightyardki<br/>lt_dark_deminkilt,"Configurable Product","Generic M2M Kilt (Coloured Stitching)",£295.00,Enabled,"<a href=""https://magento.clan.com/index.php/admin/catalog_product/edit/id/795/"">Edit</a>","Glenisla Kilts","Balmoral Kilts and Highland Dress",
791,,"Denim Casual Kilt",sr_swhdr_dark_demink<br/>ilt,"Configurable Product","Generic Casual Kilt (Non-M2M; coloured stitching)",£195.00,Enabled,"<a href=""https://magento.clan.com/index.php/admin/catalog_product/edit/id/791/"">Edit</a>","Glenisla Kilts","Balmoral Kilts and Highland Dress",
790,,"Tweed Crail Jacket",sr_swhdr_crail_tweed,"Configurable Product","swhdr Stock Jacket and Vest (Colour Options)",£399.00,Enabled,"<a href=""https://magento.clan.com/index.php/admin/catalog_product/edit/id/790/"">Edit</a>","TJ Matthews","Balmoral Kilts and Highland Dress",
789,,"Luxury Tartan Poncho",sr_swhdr_cmt_tgr197,"Fabric CMT Product","Generic Capes, Scarves, Wraps etc (Fabric Choice)",£72.00,Enabled,"<a href=""https://magento.clan.com/index.php/admin/catalog_product/edit/id/789/"">Edit</a>","Ingles Buchan","Balmoral Kilts and Highland Dress",
787,,"Tweed Chieftain Waistcoat",sr_swhdr_chieftan_wa<br/>istcoat_tweed_charco<br/>al,"Configurable Product","swhdr Chieftan (Colour Options 2)",£349.00,Enabled,"<a href=""https://magento.clan.com/index.php/admin/catalog_product/edit/id/787/"">Edit</a>","TJ Matthews","Balmoral Kilts and Highland Dress",
786,,"Barathea Chieftain Waistcoat",sr_swhdr_chieftainbr<br/>o,"Configurable Product","swhdr Chieftan (Colour Options 1)",£299.00,Enabled,"<a href=""https://magento.clan.com/index.php/admin/catalog_product/edit/id/786/"">Edit</a>","TJ Matthews","Balmoral Kilts and Highland Dress",
784,,"Tweed Braemar Jacket",sr_swhdr_braemar_twe<br/>ed,"Configurable Product","swhdr Stock Jacket and Vest (Colour Options)",£399.00,Enabled,"<a href=""https://magento.clan.com/index.php/admin/catalog_product/edit/id/784/"">Edit</a>","TJ Matthews","Balmoral Kilts and Highland Dress",
783,,"Boy's Tweed Argyll Jacket",sr_swhdr_boystweedar<br/>gyll,"Configurable Product","swhdr Boys Stock Jacket and Vest (Colour Options)",£310.00,Enabled,"<a href=""https://magento.clan.com/index.php/admin/catalog_product/edit/id/783/"">Edit</a>","TJ Matthews","Balmoral Kilts and Highland Dress",
782,,"Boy's Prince Charlie Jacket/Vest",sr_swhdr_boyspc,"Configurable Product","Generic Fitted Chest Garment (Child)",£415.00,Enabled,"<a href=""https://magento.clan.com/index.php/admin/catalog_product/edit/id/782/"">Edit</a>","TJ Matthews","Balmoral Kilts and Highland Dress",
781,,"Boy's Argyll Vest",sr_swhdr_boysargyllv<br/>est,"Configurable Product","Generic Fitted Chest Garment (Child)",£120.00,Enabled,"<a href=""https://magento.clan.com/index.php/admin/catalog_product/edit/id/781/"">Edit</a>","TJ Matthews","Balmoral Kilts and Highland Dress",
780,,"Boy's Argyll Jacket",sr_swhdr_boysargyll,"Configurable Product","Generic Fitted Chest Garment (Child)",£310.00,Enabled,"<a href=""https://magento.clan.com/index.php/admin/catalog_product/edit/id/780/"">Edit</a>","TJ Matthews","Balmoral Kilts and Highland Dress",
779,,"Boy's Tweed Argyll 5 Button Vest",sr_swhdr_boys_tweed_<br/>argyll_vest,"Configurable Product","swhdr Boys Vest (Colour Options)",£120.00,Enabled,"<a href=""https://magento.clan.com/index.php/admin/catalog_product/edit/id/779/"">Edit</a>","TJ Matthews","Clan Originals",
778,,"Boy's Tartan Kilt Flashes",sr_swhdr_boys_tartan<br/>_flashes,"Fabric CMT Product","Fabric Default + Pattern",£25.00,Enabled,"<a href=""https://magento.clan.com/index.php/admin/catalog_product/edit/id/778/"">Edit</a>","Glenisla Kilts","Balmoral Kilts and Highland Dress",
777,,"Box Pleat Mini Kilt, tartan",sr_swhdr_boxpleatmin<br/>i,"Fabric CMT Product","Generic Fabric M2M Short Skirt",£181.00,Enabled,"<a href=""https://magento.clan.com/index.php/admin/catalog_product/edit/id/777/"">Edit</a>","Glenisla Kilts","Balmoral Kilts and Highland Dress",
775,,"Black Wool Casual Kilt",sr_swhdr_black_kilt,"Configurable Product","Generic Casual Kilt (Colour Choices Only)",£275.00,Enabled,"<a href=""https://magento.clan.com/index.php/admin/catalog_product/edit/id/775/"">Edit</a>","Glenisla Kilts","Balmoral Kilts and Highland Dress",
774,,"Tartan Skirt, cut on the bias",sr_swhdr_bias_skirt_<br/>lyth,"Fabric CMT Product","Generic Fabric M2M Medium Skirt",£181.00,Enabled,"<a href=""https://magento.clan.com/index.php/admin/catalog_product/edit/id/774/"">Edit</a>","Glenisla Kilts","Balmoral Kilts and Highland Dress",
773,,"Classic Braemar Jacket",sr_swhdr_barathea_br<br/>aemar,"Configurable Product","Generic Stock Jacket (Colour Options)",£399.00,Enabled,"<a href=""https://magento.clan.com/index.php/admin/catalog_product/edit/id/773/"">Edit</a>","TJ Matthews","Balmoral Kilts and Highland Dress",
772,,"Classic Argyll Jacket",sr_swhdr_argyllblack,"Configurable Product","Generic Stock Jacket (Colour Options)",£399.00,Enabled,"<a href=""https://magento.clan.com/index.php/admin/catalog_product/edit/id/772/"">Edit</a>","TJ Matthews","Balmoral Kilts and Highland Dress",
771,,"Tweed 8 Yard Kilt",sr_swhdr_8_yard_twee<br/>d,"Fabric CMT Product","Generic Fabric M2M Kilt",£316.00,Enabled,"<a href=""https://magento.clan.com/index.php/admin/catalog_product/edit/id/771/"">Edit</a>","<strong>Glenisla Kilts</strong><br/>Gaelic Themes","Balmoral Kilts and Highland Dress",
769,,"Stretch Kilt Hose",sr_strut_AA,"Configurable Product","strut Shoes",£12.00,Enabled,"<a href=""https://magento.clan.com/index.php/admin/catalog_product/edit/id/769/"">Edit</a>","AE Struthers Footwear","Clan Originals",
768,,"Classic Boy's Kilt Hose",sr_strut_TJS01BOY,"Configurable Product","strut Boys Hose",£11.00,Enabled,"<a href=""https://magento.clan.com/index.php/admin/catalog_product/edit/id/768/"">Edit</a>","AE Struthers Footwear","Clan Originals",
767,,"Ghillie Brogues Laces And Tassels Set",sr_strut_lacesandtas<br/>slesset,"Simple Product","Default + pattern",£13.00,Enabled,"<a href=""https://magento.clan.com/index.php/admin/catalog_product/edit/id/767/"">Edit</a>","AE Struthers Footwear","Clan Originals",
765,,"Comfort Ghillie Brogues",sr_strut_comfort,"Configurable Product","Generic Shoes + Colour",£106.00,Enabled,"<a href=""https://magento.clan.com/index.php/admin/catalog_product/edit/id/765/"">Edit</a>","AE Struthers Footwear","Clan Originals",
764,,"Brown Daywear Brogues",sr_strut_873BGYW,"Configurable Product","Generic Shoes + Colour",£118.00,Enabled,"<a href=""https://magento.clan.com/index.php/admin/catalog_product/edit/id/764/"">Edit</a>","AE Struthers Footwear","Clan Originals",
763,,"Classic Daywear Brogues",sr_strut_873_wing_ca<br/>p_brogue,"Configurable Product","Generic Shoes + Colour",£120.00,Enabled,"<a href=""https://magento.clan.com/index.php/admin/catalog_product/edit/id/763/"">Edit</a>","AE Struthers Footwear","Clan Originals",
762,,"Luxury Ghillie Brogues",sr_strut_1299,"Configurable Product","Generic Shoes + Colour",£125.00,Enabled,"<a href=""https://magento.clan.com/index.php/admin/catalog_product/edit/id/762/"">Edit</a>","AE Struthers Footwear","Clan Originals",
761,,"Buckle Kilt Brogues",sr_strut_1239,"Configurable Product","Generic Shoes + Colour",£176.00,Enabled,"<a href=""https://magento.clan.com/index.php/admin/catalog_product/edit/id/761/"">Edit</a>","AE Struthers Footwear","Clan Originals",
760,,"Wide Fitting Ghillie Brogues",sr_strut_1112W,"Configurable Product","Generic Shoes + Colour",£108.00,Enabled,"<a href=""https://magento.clan.com/index.php/admin/catalog_product/edit/id/760/"">Edit</a>","AE Struthers Footwear","Clan Originals",
759,,"Brown Ghillie Brogues",sr_strut_1112BGYW,"Configurable Product","Generic Shoes + Colour",£115.00,Enabled,"<a href=""https://magento.clan.com/index.php/admin/catalog_product/edit/id/759/"">Edit</a>","AE Struthers Footwear","Clan Originals",
758,,"Boy's Ghillie Brogues",sr_strut_008p,"Configurable Product","Generic Shoe (Child)",£61.00,Enabled,"<a href=""https://magento.clan.com/index.php/admin/catalog_product/edit/id/758/"">Edit</a>","AE Struthers Footwear","Clan Originals",
757,,"Essential Girl's Kilt",sr_stmwc_sm102_girls,"Fabric Simple Product","stmwc Essential Children's Kilt",£60.00,Enabled,"<a href=""https://magento.clan.com/index.php/admin/catalog_product/edit/id/757/"">Edit</a>","Strathmore Woollens","Clan Originals",
756,,"Essential Boy's Kilt",sr_stmwc_sm102,"Fabric Simple Product","stmwc Essential Children's Kilt",£60.00,Enabled,"<a href=""https://magento.clan.com/index.php/admin/catalog_product/edit/id/756/"">Edit</a>","Strathmore Woollens","Clan Originals",
753,,"Clan Crest Wall Plaque",sr_scres_plaque,"Fabric Simple Product","scres Plaques",£69.00,Enabled,"<a href=""https://magento.clan.com/index.php/admin/catalog_product/edit/id/753/"">Edit</a>",ScotCrest,"Clan Originals",
748,,"Thistle the Big Highland Cow",sr_ronnh_thistle_hig<br/>hland_coo,"Fabric CMT Product","ronnh Cuddly Anmials",£84.00,Enabled,"<a href=""https://magento.clan.com/index.php/admin/catalog_product/edit/id/748/"">Edit</a>","Ingles Buchan","Clan Originals",
746,,"Gent's Luxury Tartan Waistcoat",sr_ronnh_tartanwaist<br/>coat,"Fabric CMT Product","ronnh Waistcoat",£188.00,Enabled,"<a href=""https://magento.clan.com/index.php/admin/catalog_product/edit/id/746/"">Edit</a>","<strong>Ingles Buchan</strong><br/>TJ Matthews","Balmoral Kilts and Highland Dress",
734,,"Angus the Highland Bear",sr_ronnh_hghlnd_bear,"Fabric CMT Product","ronnh Cuddly Anmials",£65.00,Enabled,"<a href=""https://magento.clan.com/index.php/admin/catalog_product/edit/id/734/"">Edit</a>","Ingles Buchan","Clan Originals",
733,,"Hamish the Teddy Bear",sr_ronnh_hamish,"Fabric CMT Product","ronnh Cuddly Anmials",£62.00,Enabled,"<a href=""https://magento.clan.com/index.php/admin/catalog_product/edit/id/733/"">Edit</a>","Ingles Buchan","Clan Originals",
731,,"Luxury Wool Tartan Cummerbund &amp; Bow Tie Set",sr_ronnh_cummerbund_<br/>bowtie_set_tartan_st<br/>rap,"Fabric CMT Product","Generic Bow Tie CMT",£77.00,Enabled,"<a href=""https://magento.clan.com/index.php/admin/catalog_product/edit/id/731/"">Edit</a>","Ingles Buchan","Clan Originals",
729,,"Luxury Tartan Stole",sr_ronnh_cmt_stole,"Fabric CMT Product","Generic Capes, Scarves, Wraps etc (Fabric Choice)",£0.00,Enabled,"<a href=""https://magento.clan.com/index.php/admin/catalog_product/edit/id/729/"">Edit</a>","<strong>Ingles Buchan</strong><br/>Strathmore Woollens<br/>House of Edgar","Clan Originals",
728,,"Luxury Tartan Wool Shawl",sr_ronnh_cmt_shawl,"Fabric CMT Product","Generic Capes, Scarves, Wraps etc (Fabric Choice)",£55.00,Enabled,"<a href=""https://magento.clan.com/index.php/admin/catalog_product/edit/id/728/"">Edit</a>","<strong>Ingles Buchan</strong><br/>Strathmore Woollens<br/>Lochcarron of Scotland","Balmoral Kilts and Highland Dress",
726,,"Luxury Fine Wool Tartan Scarf",sr_ronnh_cmt_scarf,"Fabric CMT Product","Generic Scarf (Fabric Choice)",£40.00,Enabled,"<a href=""https://magento.clan.com/index.php/admin/catalog_product/edit/id/726/"">Edit</a>","<strong>Ingles Buchan</strong><br/>Strathmore Woollens","Balmoral Kilts and Highland Dress",
725,,"Luxury Tartan Sash",sr_ronnh_cmt_sash,"Fabric CMT Product","Generic Sash (Fabric Choice)",£0.00,Enabled,"<a href=""https://magento.clan.com/index.php/admin/catalog_product/edit/id/725/"">Edit</a>","<strong>Ingles Buchan</strong><br/>Strathmore Woollens<br/>Lochcarron of Scotland<br/>DC Dalgliesh","Clan Originals",
724,,"Girls Luxury Tartan Sash",sr_ronnh_cmt_girls_s<br/>ash,"Fabric CMT Product","Generic Sash (Fabric Choice)",£51.00,Enabled,"<a href=""https://magento.clan.com/index.php/admin/catalog_product/edit/id/724/"">Edit</a>","Ingles Buchan","Balmoral Kilts and Highland Dress",
723,,"Luxury Wool Tartan Cummerbund",sr_ronnh_cmt_cummerb<br/>und,"Fabric CMT Product","Fabric Default + Pattern",£58.00,Enabled,"<a href=""https://magento.clan.com/index.php/admin/catalog_product/edit/id/723/"">Edit</a>","<strong>Ingles Buchan</strong><br/>DC Dalgliesh","Clan Originals",
722,,"Luxury Tartan Wool Braces",sr_ronnh_cmt_braces_<br/>wool,"Fabric CMT Product","Fabric Default + Pattern",£60.00,Enabled,"<a href=""https://magento.clan.com/index.php/admin/catalog_product/edit/id/722/"">Edit</a>","Ingles Buchan","Clan Originals",
721,,"Luxury Adjustable Tartan Bow Tie",sr_ronnh_cmt_adjusta<br/>ble_bow_tie,"Fabric CMT Product","Generic Bow Tie CMT",£44.00,Enabled,"<a href=""https://magento.clan.com/index.php/admin/catalog_product/edit/id/721/"">Edit</a>","<strong>Ingles Buchan</strong><br/>DC Dalgliesh","Clan Originals",
716,,"Bella the Teddy Bear",sr_ronnh_bella_bear,"Fabric CMT Product","ronnh Cuddly Anmials",£63.00,Enabled,"<a href=""https://magento.clan.com/index.php/admin/catalog_product/edit/id/716/"">Edit</a>","Ingles Buchan","Clan Originals",
712,,"Double Celtic Band Tankard",sr_quaic_W27C11,"Configurable Product","quaic Flasks (Not Clan Crest - Size Options and Engraving)",£78.00,Enabled,"<a href=""https://magento.clan.com/index.php/admin/catalog_product/edit/id/712/"">Edit</a>","Quaich Company","Quaich Company",
711,,"Silver Plated Celtic Quaich",sr_quaic_SP,"Configurable Product","quaic Non Standard Quaichs (Not Clan Crest with Engraving)",£99.00,Enabled,"<a href=""https://magento.clan.com/index.php/admin/catalog_product/edit/id/711/"">Edit</a>","Quaich Company","Quaich Company",
709,,"Clan Crest Tankard",sr_quaic_999CLAN,"Configurable Product","quaich Flasks (Clan Crest - Size Options and Engraving)",£47.00,Enabled,"<a href=""https://magento.clan.com/index.php/admin/catalog_product/edit/id/709/"">Edit</a>","Quaich Company","Quaich Company",
708,,"Clan Crest Trinket Box",sr_quaic_494CLAN,"Configurable Product","quaic Trinket Box (Clan Crest and Engraving)",£60.00,Enabled,"<a href=""https://magento.clan.com/index.php/admin/catalog_product/edit/id/708/"">Edit</a>","Quaich Company","Quaich Company",
707,,"Thistle Sporran Flask",sr_quaic_479TH,"Configurable Product","quaich One Size Items (Not Clan Crest with Engraving)",£49.00,Enabled,"<a href=""https://magento.clan.com/index.php/admin/catalog_product/edit/id/707/"">Edit</a>","Quaich Company","Quaich Company",
705,,"Sporran Flask",sr_quaic_479P,"Configurable Product","quaich One Size Items (Not Clan Crest with Engraving)",£49.00,Enabled,"<a href=""https://magento.clan.com/index.php/admin/catalog_product/edit/id/705/"">Edit</a>","Quaich Company","Quaich Company",
704,,"Kells Sporran Flask",sr_quaic_479K,"Configurable Product","quaich One Size Items (Not Clan Crest with Engraving)",£50.00,Enabled,"<a href=""https://magento.clan.com/index.php/admin/catalog_product/edit/id/704/"">Edit</a>","Quaich Company","Quaich Company",
703,,"Sporran Flask with Engraved Clan Crest",sr_quaic_479CLAN,"Configurable Product","quaich One Size Items (Clan Crest with Engraving)",£60.00,Enabled,"<a href=""https://magento.clan.com/index.php/admin/catalog_product/edit/id/703/"">Edit</a>","Quaich Company","Quaich Company",
700,,"Clan Crest Purse Flask",sr_quaic_477CLAN,"Configurable Product","quaich Flasks (Clan Crest - Size Options and Engraving)",£38.00,Enabled,"<a href=""https://magento.clan.com/index.php/admin/catalog_product/edit/id/700/"">Edit</a>","Quaich Company","Quaich Company",
699,,"Robert Burns Purse Flask",sr_quaic_477BURNS,"Configurable Product","quaic Flasks (Not Clan Crest - Size Options)",£40.00,Enabled,"<a href=""https://magento.clan.com/index.php/admin/catalog_product/edit/id/699/"">Edit</a>","Quaich Company","Quaich Company",
698,,"Clan Crest Round Flask",sr_quaic_476CLAN,"Configurable Product","quaich Flasks (Clan Crest - Size Options and Engraving)",£42.00,Enabled,"<a href=""https://magento.clan.com/index.php/admin/catalog_product/edit/id/698/"">Edit</a>","Quaich Company","Quaich Company",
697,,"Round Celtic Knot Flask",sr_quaic_4766CEL,"Configurable Product","quaich One Size Items (Not Clan Crest with Engraving)",£49.00,Enabled,"<a href=""https://magento.clan.com/index.php/admin/catalog_product/edit/id/697/"">Edit</a>","Quaich Company","Quaich Company",
695,,"Thistle Hip Flask",sr_quaic_475TH,"Configurable Product","quaic Flasks (Not Clan Crest - Size Options and Engraving)",£35.00,Enabled,"<a href=""https://magento.clan.com/index.php/admin/catalog_product/edit/id/695/"">Edit</a>","Quaich Company","Quaich Company",
694,,"Clan Crest Hip Flask",sr_quaic_475CLAN,"Configurable Product","quaich Flasks (Clan Crest - Size Options and Engraving)",£44.00,Enabled,"<a href=""https://magento.clan.com/index.php/admin/catalog_product/edit/id/694/"">Edit</a>","Quaich Company","Quaich Company",
693,,"Lion of Scotland Hip Flask",sr_quaic_475_Lion,"Configurable Product","quaich One Size Items (Not Clan Crest with Engraving)",£44.00,Enabled,"<a href=""https://magento.clan.com/index.php/admin/catalog_product/edit/id/693/"">Edit</a>","Quaich Company","Quaich Company",
692,,"Celtic candlestick",sr_quaic_45CS,"Configurable Product","quaic Standard Candlestick (With Engraving)",£34.00,Enabled,"<a href=""https://magento.clan.com/index.php/admin/catalog_product/edit/id/692/"">Edit</a>","Quaich Company","Quaich Company",
691,,"Wood &amp; Pewter Quaich",sr_quaic_43W,"Configurable Product","quaich Standard Quaichs (Not Clan Crest with Engraving)",£99.00,Enabled,"<a href=""https://magento.clan.com/index.php/admin/catalog_product/edit/id/691/"">Edit</a>","Quaich Company","Quaich Company",
690,,"Celtic Thistle Quaich",sr_quaic_43TH,"Configurable Product","quaich Standard Quaichs (Not Clan Crest with Engraving)",£39.00,Enabled,"<a href=""https://magento.clan.com/index.php/admin/catalog_product/edit/id/690/"">Edit</a>","Quaich Company","Quaich Company",
689,,"Tartan Quaich",sr_quaic_43T,"Configurable Product","quaich Standard Quaichs (Not Clan Crest with Engraving)",£38.00,Enabled,"<a href=""https://magento.clan.com/index.php/admin/catalog_product/edit/id/689/"">Edit</a>","Quaich Company","Quaich Company",
688,,"Kells Quaich",sr_quaic_43K,"Configurable Product","quaich Standard Quaichs (Not Clan Crest with Engraving)",£39.00,Enabled,"<a href=""https://magento.clan.com/index.php/admin/catalog_product/edit/id/688/"">Edit</a>","Quaich Company","Quaich Company",
687,,"Celtic Gemset Handle Quaich",sr_quaic_43GEMHDL,"Configurable Product","quaich One Size Items (Not Clan Crest with Engraving)",£52.00,Enabled,"<a href=""https://magento.clan.com/index.php/admin/catalog_product/edit/id/687/"">Edit</a>","Quaich Company","Quaich Company",
686,,"Celtic Gemset Quaich",sr_quaic_43GEM,"Configurable Product","quaich One Size Items (Not Clan Crest with Engraving)",£65.00,Enabled,"<a href=""https://magento.clan.com/index.php/admin/catalog_product/edit/id/686/"">Edit</a>","Quaich Company","Quaich Company",
685,,"Clan Crest Quaich",sr_quaic_43CLAN,"Configurable Product","quaich Standard Quaichs (Clan Crest with Engraving)",£48.00,Enabled,"<a href=""https://magento.clan.com/index.php/admin/catalog_product/edit/id/685/"">Edit</a>","Quaich Company","Quaich Company",
684,,"Celtic Gold Quaich",sr_quaic_43CG,"Configurable Product","quaich Standard Quaichs (Not Clan Crest with Engraving)",£57.00,Enabled,"<a href=""https://magento.clan.com/index.php/admin/catalog_product/edit/id/684/"">Edit</a>","Quaich Company","Quaich Company",
683,,"Celtic Banded Pewter Quaich",sr_quaic_43C,"Configurable Product","quaich Standard Quaichs (Not Clan Crest with Engraving)",£44.00,Enabled,"<a href=""https://magento.clan.com/index.php/admin/catalog_product/edit/id/683/"">Edit</a>","Quaich Company","Quaich Company",
682,,"Robert Burns Quaich",sr_quaic_43BURNS,"Configurable Product","quaich Standard Quaichs (Not Clan Crest with Engraving)",£79.00,Enabled,"<a href=""https://magento.clan.com/index.php/admin/catalog_product/edit/id/682/"">Edit</a>","Quaich Company","Quaich Company",
681,,"Brass Rim Pewter Quaich",sr_quaic_43B,"Configurable Product","quaich Standard Quaichs (Not Clan Crest with Engraving)",£55.00,Enabled,"<a href=""https://magento.clan.com/index.php/admin/catalog_product/edit/id/681/"">Edit</a>","Quaich Company","Quaich Company",
680,,"Lion of Scotland Quaich",sr_quaic_43_Lion,"Configurable Product","quaich Standard Quaichs (Not Clan Crest with Engraving)",£47.00,Enabled,"<a href=""https://magento.clan.com/index.php/admin/catalog_product/edit/id/680/"">Edit</a>","Quaich Company","Quaich Company",
679,,"Plain Bowl, Celtic Handle Quaich",sr_quaic_43,"Configurable Product","quaich Standard Quaichs (Not Clan Crest with Engraving)",£31.00,Enabled,"<a href=""https://magento.clan.com/index.php/admin/catalog_product/edit/id/679/"">Edit</a>","Quaich Company","Quaich Company",
677,,"Tartan Table Runner",sr_pmgev_table_runne<br/>r_hem_no_lining,"Fabric CMT Product","pmgev Table Runner Sizes",£79.00,Enabled,"<a href=""https://magento.clan.com/index.php/admin/catalog_product/edit/id/677/"">Edit</a>","Ingles Buchan","Clan Originals",
676,,"Square Tartan Tablecloth",sr_pmgev_square_tabl<br/>ecloth_hem,"Fabric CMT Product","pmgev Tablecloth Sizes Square",£50.00,Enabled,"<a href=""https://magento.clan.com/index.php/admin/catalog_product/edit/id/676/"">Edit</a>","Ingles Buchan","Clan Originals",
675,,"Premium Tartan Cushion Covers (Set of 2)",sr_pmgev_square_cush<br/>ion_covers_2,"Fabric CMT Product","pmgev Cushion Cover Sizes",£61.00,Enabled,"<a href=""https://magento.clan.com/index.php/admin/catalog_product/edit/id/675/"">Edit</a>","Ingles Buchan","Clan Originals",
674,,"Rectangular Tartan Tablecloth",sr_pmgev_rectangle_t<br/>ablecloth_hem,"Fabric CMT Product","pmgev Tablecloth Sizes Rectangle",£53.00,Enabled,"<a href=""https://magento.clan.com/index.php/admin/catalog_product/edit/id/674/"">Edit</a>","Ingles Buchan","Clan Originals",
673,,"Tartan Napkins (Set of 4)",sr_pmgev_napkins_hem<br/>_4,"Fabric CMT Product","Fabric Simple Set",£76.00,Enabled,"<a href=""https://magento.clan.com/index.php/admin/catalog_product/edit/id/673/"">Edit</a>","Ingles Buchan","Clan Originals",
562,,"Standard White Shirt",sr_mmcon_plaincollar<br/>shirt,"Configurable Product","Generic Shirts (Men)",£30.00,Enabled,"<a href=""https://magento.clan.com/index.php/admin/catalog_product/edit/id/562/"">Edit</a>","Morrison McConnell","Clan Originals",
485,,"Classic Boy's Tartan Tie",sr_lochc_ttrv_tie_ta<br/>rtan_boys,"Fabric Simple Product","Generic Tie CMT",£46.00,Enabled,"<a href=""https://magento.clan.com/index.php/admin/catalog_product/edit/id/485/"">Edit</a>","Lochcarron of Scotland","Clan Originals",
484,,"Classic Tartan Tie, lightweight",sr_lochc_ttrv_tie_ta<br/>rtan,"Fabric Simple Product","Generic Tie CMT",£26.00,Enabled,"<a href=""https://magento.clan.com/index.php/admin/catalog_product/edit/id/484/"">Edit</a>","Lochcarron of Scotland","Balmoral Kilts and Highland Dress",
483,,"Classic Plain Wool Tie, Lightweight",sr_lochc_tplw_tie_fi<br/>newool,"Configurable Product","lochc Colour",£26.00,Enabled,"<a href=""https://magento.clan.com/index.php/admin/catalog_product/edit/id/483/"">Edit</a>","Lochcarron of Scotland","Balmoral Kilts and Highland Dress",
482,,"Classic Tartan Adjustable Bow Tie",sr_lochc_tbax_specia<br/>l,"Fabric Simple Product","Generic Bow Tie CMT",£55.00,Enabled,"<a href=""https://magento.clan.com/index.php/admin/catalog_product/edit/id/482/"">Edit</a>","Lochcarron of Scotland","Clan Originals",
481,,"Classic Tartan Sash",sr_lochc_tartan_sash,"Fabric Simple Product","Generic Sash (Fabric Choice)",£70.00,Enabled,"<a href=""https://magento.clan.com/index.php/admin/catalog_product/edit/id/481/"">Edit</a>","Lochcarron of Scotland","Clan Originals",
480,,"Lambswool Tartan Serape",sr_lochc_tartan_lamb<br/>swool_serape_absr,"Fabric Simple Product","Generic Capes, Scarves, Wraps etc (Fabric Choice)",£135.00,Enabled,"<a href=""https://magento.clan.com/index.php/admin/catalog_product/edit/id/480/"">Edit</a>","Lochcarron of Scotland","Clan Originals",
478,,"Classic Mini Rosette Tartan Sash",sr_lochc_rosette_sas<br/>h,"Fabric Simple Product","Generic Sash (Fabric Choice)",£34.00,Enabled,"<a href=""https://magento.clan.com/index.php/admin/catalog_product/edit/id/478/"">Edit</a>","Lochcarron of Scotland","Clan Originals",
475,,"Luxury Tartan Skinny Tie",sr_lochc_luxury_tart<br/>an_skinny_tie,"Fabric CMT Product","Generic Tie CMT",£40.00,Enabled,"<a href=""https://magento.clan.com/index.php/admin/catalog_product/edit/id/475/"">Edit</a>","Ingles Buchan","Balmoral Kilts and Highland Dress",
474,,"Classic Lambswool Tartan Scarf",sr_lochc_abscp_scarf<br/>_lambswool,"Fabric Simple Product","Generic Scarf (Fabric Choice)",£25.00,Enabled,"<a href=""https://magento.clan.com/index.php/admin/catalog_product/edit/id/474/"">Edit</a>","Lochcarron of Scotland","Clan Originals",
473,,"Classic Tartan Stole",sr_lochc_ktstr,"Fabric Simple Product","Generic Capes, Scarves, Wraps etc (Fabric Choice)",£120.00,Enabled,"<a href=""https://magento.clan.com/index.php/admin/catalog_product/edit/id/473/"">Edit</a>","Lochcarron of Scotland","Clan Originals",
472,,"Mini Fly Plaid",sr_lochc_kpmr,"Fabric Simple Product","Fabric Simple Set",£80.00,Enabled,"<a href=""https://magento.clan.com/index.php/admin/catalog_product/edit/id/472/"">Edit</a>","Lochcarron of Scotland","Clan Originals",
471,,"Classic Solid Colour Flashes",sr_lochc_kgfd_flashe<br/>s,"Configurable Product","lochc Colour",£24.00,Enabled,"<a href=""https://magento.clan.com/index.php/admin/catalog_product/edit/id/471/"">Edit</a>","Lochcarron of Scotland","Clan Originals",
470,,"Boy's Kilt Flashes",sr_lochc_kgfb_a_flas<br/>hes,"Configurable Product","lochc Colour",£24.00,Enabled,"<a href=""https://magento.clan.com/index.php/admin/catalog_product/edit/id/470/"">Edit</a>","Lochcarron of Scotland","Clan Originals",
469,,"Classic Tartan Cummerbund",sr_lochc_kcmb,"Fabric Simple Product","lochc Cummerbund",£91.00,Enabled,"<a href=""https://magento.clan.com/index.php/admin/catalog_product/edit/id/469/"">Edit</a>","Lochcarron of Scotland","Clan Originals",
468,,"Classic Tartan Tam",sr_lochc_htrvx_men,"Fabric Simple Product","Fabric Simple Set +pattern",£62.00,Enabled,"<a href=""https://magento.clan.com/index.php/admin/catalog_product/edit/id/468/"">Edit</a>","Lochcarron of Scotland","Clan Originals",
467,,"Classic Tartan Tam",sr_lochc_htrvx,"Fabric Simple Product","Fabric Simple Set +pattern",£62.00,Enabled,"<a href=""https://magento.clan.com/index.php/admin/catalog_product/edit/id/467/"">Edit</a>","Lochcarron of Scotland","Clan Originals",
466,,"Classic Lambswool Tartan Tam",sr_lochc_htbw_tam_br<br/>ushedwool_m,"Fabric Simple Product","Fabric Simple Set +pattern",£62.00,Enabled,"<a href=""https://magento.clan.com/index.php/admin/catalog_product/edit/id/466/"">Edit</a>","Lochcarron of Scotland","Clan Originals",
465,,"Child's Tartan Tammy",sr_lochc_htbw_tam_br<br/>ushedwool_kids,"Fabric Simple Product","Fabric Simple Set +pattern",£52.00,Enabled,"<a href=""https://magento.clan.com/index.php/admin/catalog_product/edit/id/465/"">Edit</a>","Lochcarron of Scotland","Clan Originals",
464,,"Classic Lambswool Tartan Tam",sr_lochc_htbw_tam_br<br/>ushedwool,"Fabric Simple Product","Fabric Simple Set",£62.00,Enabled,"<a href=""https://magento.clan.com/index.php/admin/catalog_product/edit/id/464/"">Edit</a>","Lochcarron of Scotland","Clan Originals",
463,,"Classic Tartan Shawl",sr_lochc_hshrx,"Fabric Simple Product","Generic Capes, Scarves, Wraps etc (Fabric Choice)",£128.00,Enabled,"<a href=""https://magento.clan.com/index.php/admin/catalog_product/edit/id/463/"">Edit</a>","Lochcarron of Scotland","Clan Originals",
457,,"Classic Fine Wool Tartan Scarf",sr_lochc_arvsc_reive<br/>rscarf,"Fabric Simple Product","Generic Scarf (Fabric Choice)",£44.00,Enabled,"<a href=""https://magento.clan.com/index.php/admin/catalog_product/edit/id/457/"">Edit</a>","Lochcarron of Scotland","Balmoral Kilts and Highland Dress",
456,,"Classic Tartan Serape",sr_lochc_arsrs_serap<br/>e_tartan,"Fabric Simple Product","Generic Capes, Scarves, Wraps etc (Fabric Choice)",£191.00,Enabled,"<a href=""https://magento.clan.com/index.php/admin/catalog_product/edit/id/456/"">Edit</a>","Lochcarron of Scotland","Clan Originals",
455,,"Lambswool Tartan Rug",sr_lochc_abrg_rug_la<br/>mbswool_tartan,"Fabric Simple Product","Generic Scarf (Fabric Choice)",£122.00,Enabled,"<a href=""https://magento.clan.com/index.php/admin/catalog_product/edit/id/455/"">Edit</a>","Lochcarron of Scotland","Clan Originals",
448,,"Scottish Quartz Celtic Knot Kilt Pin",sr_jthom_sqk9,"Configurable Product","jthom Metal +hand_made",£279.00,Enabled,"<a href=""https://magento.clan.com/index.php/admin/catalog_product/edit/id/448/"">Edit</a>","Joanna Thomson Jewellery","Joanna Thomson Jewellery",
446,,"Scottish Quartz Celtic Thistle Kilt Pin",sr_jthom_sqk10,"Configurable Product","jthom Metal +hand_made",£351.00,Enabled,"<a href=""https://magento.clan.com/index.php/admin/catalog_product/edit/id/446/"">Edit</a>","Joanna Thomson Jewellery","Joanna Thomson Jewellery",
444,,"Scottish Quartz Celtic Brooch",sr_jthom_sqb24,"Configurable Product","jthom Metal +hand_made",£179.00,Enabled,"<a href=""https://magento.clan.com/index.php/admin/catalog_product/edit/id/444/"">Edit</a>","Joanna Thomson Jewellery","Joanna Thomson Jewellery",
437,,"Large Classic Scottish Cashmere Tartan Scarf",sr_johns_WA000016,"Configurable Product","johns Tartan",£129.00,Enabled,"<a href=""https://magento.clan.com/index.php/admin/catalog_product/edit/id/437/"">Edit</a>","Johnstons of Elgin",,
432,,"Ladies Luxury Scottish Cashmere Gloves With Short Cuff",sr_johns_HAD3226_glo<br/>ves,"Configurable Product","johns Colour",£69.00,Enabled,"<a href=""https://magento.clan.com/index.php/admin/catalog_product/edit/id/432/"">Edit</a>","Johnstons of Elgin","Johnstons of Elgin",
431,,"Gents Luxury Scottish Cashmere Gloves",sr_johns_HAD01001_m,"Configurable Product","johns Colour",£69.00,Enabled,"<a href=""https://magento.clan.com/index.php/admin/catalog_product/edit/id/431/"">Edit</a>","Johnstons of Elgin","Johnstons of Elgin",
430,,"Knitted Classic Scottish Cashmere Scarf",sr_johns_HAA01684_m,"Configurable Product","johns Colour",£195.00,Enabled,"<a href=""https://magento.clan.com/index.php/admin/catalog_product/edit/id/430/"">Edit</a>","Johnstons of Elgin",,
428,,"Luxury Scottish Cashmere Beanie Hat",sr_johns_HAE01941,"Configurable Product","johns Colour",£65.00,Enabled,"<a href=""https://magento.clan.com/index.php/admin/catalog_product/edit/id/428/"">Edit</a>","Johnstons of Elgin","Johnstons of Elgin",
425,,"Girl's Pinafore Dress",sr_jemss_pinafore_st<br/>yleA,"Fabric CMT Product","jemss Pinafore",£128.00,Enabled,"<a href=""https://magento.clan.com/index.php/admin/catalog_product/edit/id/425/"">Edit</a>",Jems,"Clan Originals",
390,,"Plain Colour Tie for Boys",sr_ibuch_WWBT,"Configurable Product","ibuch Colour",£15.00,Enabled,"<a href=""https://magento.clan.com/index.php/admin/catalog_product/edit/id/390/"">Edit</a>","Ingles Buchan","Clan Originals",
389,,"Tartan Scrunchie",sr_ibuch_TGSC87,"Fabric Simple Product","Fabric Default + Pattern",£7.00,Enabled,"<a href=""https://magento.clan.com/index.php/admin/catalog_product/edit/id/389/"">Edit</a>","Ingles Buchan","Clan Originals",
388,,"Essential Tartan Poncho",sr_ibuch_TGR197,"Fabric Simple Product","Generic Capes, Scarves, Wraps etc (Fabric Choice)",£110.00,Enabled,"<a href=""https://magento.clan.com/index.php/admin/catalog_product/edit/id/388/"">Edit</a>","Ingles Buchan","Clan Originals",
387,,"Tartan Wedding Garter",sr_ibuch_tgg001_gart<br/>er,"Fabric Simple Product","Fabric Default + Pattern",£20.00,Enabled,"<a href=""https://magento.clan.com/index.php/admin/catalog_product/edit/id/387/"">Edit</a>","Ingles Buchan","Clan Originals",
386,,"Essential Brushed Wool Tartan Serape",sr_ibuch_tartan_sera<br/>pe,"Fabric Simple Product","Generic Capes, Scarves, Wraps etc (Fabric Choice)",£67.00,Enabled,"<a href=""https://magento.clan.com/index.php/admin/catalog_product/edit/id/386/"">Edit</a>","Ingles Buchan","Clan Originals",
385,,"Essential Tartan Knee Rug",sr_ibuch_tartan_rug,"Fabric Simple Product","Generic Capes, Scarves, Wraps etc (Fabric Choice)",£39.00,Enabled,"<a href=""https://magento.clan.com/index.php/admin/catalog_product/edit/id/385/"">Edit</a>","Ingles Buchan","Clan Originals",
375,,"Essential Tartan Shawl",sr_ibuch_SHAL30,"Fabric Simple Product","Generic Capes, Scarves, Wraps etc (Fabric Choice)",£100.00,Enabled,"<a href=""https://magento.clan.com/index.php/admin/catalog_product/edit/id/375/"">Edit</a>","Ingles Buchan","Clan Originals",
373,,"Essential Fine Wool Tartan Scarf",sr_ibuch_SCTW20,"Fabric Simple Product","Generic Scarf (Fabric Choice)",£22.00,Enabled,"<a href=""https://magento.clan.com/index.php/admin/catalog_product/edit/id/373/"">Edit</a>","Ingles Buchan","Clan Originals",
372,,"Essential Mini Rosette Tartan Sash",sr_ibuch_SCSM26,"Fabric Simple Product","Generic Sash (Fabric Choice)",£16.00,Enabled,"<a href=""https://magento.clan.com/index.php/admin/catalog_product/edit/id/372/"">Edit</a>","Ingles Buchan","Clan Originals",
370,,"Essential Lambswool Tartan Scarf",sr_ibuch_SCLW24,"Fabric Simple Product","Generic Scarf (Fabric Choice)",£24.00,Enabled,"<a href=""https://magento.clan.com/index.php/admin/catalog_product/edit/id/370/"">Edit</a>","Ingles Buchan","Clan Originals",
369,,"Essential Tartan Wool Rouche",sr_ibuch_rouche,"Fabric Simple Product","Generic Tie CMT",£47.00,Enabled,"<a href=""https://magento.clan.com/index.php/admin/catalog_product/edit/id/369/"">Edit</a>","Ingles Buchan","Clan Originals",
368,,"Satin Rouche",sr_ibuch_ROU001,"Configurable Product","ibuch Colour",£25.00,Enabled,"<a href=""https://magento.clan.com/index.php/admin/catalog_product/edit/id/368/"">Edit</a>","Ingles Buchan","Clan Originals",
367,,"Essential Plain Wool Tie",sr_ibuch_MWW007,"Configurable Product","ibuch Colour",£24.00,Enabled,"<a href=""https://magento.clan.com/index.php/admin/catalog_product/edit/id/367/"">Edit</a>","Ingles Buchan","Clan Originals",
366,,"Essential Tartan Tie",sr_ibuch_MTT001,"Fabric Simple Product","Generic Tie CMT",£24.00,Enabled,"<a href=""https://magento.clan.com/index.php/admin/catalog_product/edit/id/366/"">Edit</a>","Ingles Buchan","Clan Originals",
365,,"Essential Boy's Tartan Tie",sr_ibuch_MCT009,"Fabric Simple Product","Generic Tie CMT",£15.00,Enabled,"<a href=""https://magento.clan.com/index.php/admin/catalog_product/edit/id/365/"">Edit</a>","Ingles Buchan","Clan Originals",
364,,"Essential Tartan Tam",sr_ibuch_HWTT41,"Fabric Simple Product","Fabric Default + Pattern",£25.00,Enabled,"<a href=""https://magento.clan.com/index.php/admin/catalog_product/edit/id/364/"">Edit</a>","Ingles Buchan","Clan Originals",
362,,"Tartan Glengarry Hat",sr_ibuch_HWGL47TW,"Fabric Simple Product","ibuch Hat (Fabric and Stock Sizes)",£55.00,Enabled,"<a href=""https://magento.clan.com/index.php/admin/catalog_product/edit/id/362/"">Edit</a>","Ingles Buchan","Clan Originals",
359,,"Tartan Peak Baseball Cap",sr_ibuch_HWBA50,"Fabric Simple Product","Fabric Default + Pattern",£44.00,Enabled,"<a href=""https://magento.clan.com/index.php/admin/catalog_product/edit/id/359/"">Edit</a>","Ingles Buchan",,
358,,"Boy's Cummerbund",sr_ibuch_CUMJ69,"Fabric Simple Product","Fabric Default + Pattern",£37.00,Enabled,"<a href=""https://magento.clan.com/index.php/admin/catalog_product/edit/id/358/"">Edit</a>","Ingles Buchan","Clan Originals",
357,,"Essential Cummerbund &amp; Bow Tie Set",sr_ibuch_CUMB68,"Fabric Simple Product","Generic Bow Tie CMT",£75.00,Enabled,"<a href=""https://magento.clan.com/index.php/admin/catalog_product/edit/id/357/"">Edit</a>","Ingles Buchan","Clan Originals",
356,,"Essential Tartan Cummerbund",sr_ibuch_CUM066,"Fabric Simple Product","Fabric Default + Pattern",£49.00,Enabled,"<a href=""https://magento.clan.com/index.php/admin/catalog_product/edit/id/356/"">Edit</a>","Ingles Buchan","Clan Originals",
355,,"Tartan Wool Braces",sr_ibuch_CUBR62,"Fabric Simple Product","Fabric Default + Pattern",£44.00,Enabled,"<a href=""https://magento.clan.com/index.php/admin/catalog_product/edit/id/355/"">Edit</a>","Ingles Buchan","Clan Originals",
354,,"Essential Tartan Cravat",sr_ibuch_CRA001,"Fabric Simple Product","Generic Tie CMT",£47.00,Enabled,"<a href=""https://magento.clan.com/index.php/admin/catalog_product/edit/id/354/"">Edit</a>","Ingles Buchan","Clan Originals",
353,,"Classic Tartan Waistcoat",sr_ibuch_cmt_tgws83_<br/>mens,"Fabric CMT Product","ibuch Waistcoat (Fabric and Fitting)",£154.00,Enabled,"<a href=""https://magento.clan.com/index.php/admin/catalog_product/edit/id/353/"">Edit</a>","TJ Matthews","Balmoral Kilts and Highland Dress",
351,,"Luxury Tartan Rouche",sr_ibuch_cmt_rouCHE0<br/>02,"Fabric CMT Product","Generic Tie CMT",£0.00,Enabled,"<a href=""https://magento.clan.com/index.php/admin/catalog_product/edit/id/351/"">Edit</a>","Ingles Buchan","Clan Originals",
350,,"Luxury Tartan Tam",sr_ibuch_cmt_hwtt41,"Fabric CMT Product","Fabric Default + Pattern",£51.00,Enabled,"<a href=""https://magento.clan.com/index.php/admin/catalog_product/edit/id/350/"">Edit</a>","Ingles Buchan","Clan Originals",
348,,"Luxury Tartan Flat Cap",sr_ibuch_cmt_hwca44,"Fabric CMT Product","Fabric Default + Pattern",£60.00,Enabled,"<a href=""https://magento.clan.com/index.php/admin/catalog_product/edit/id/348/"">Edit</a>","Ingles Buchan","Balmoral Kilts and Highland Dress",
347,,"Luxury Tartan Cravat",sr_ibuch_cmt_cravat0<br/>01,"Fabric CMT Product","Generic Tie CMT",£49.00,Enabled,"<a href=""https://magento.clan.com/index.php/admin/catalog_product/edit/id/347/"">Edit</a>","Ingles Buchan","Clan Originals",
346,,"Luxury Tartan Self Bow Tie",sr_ibuch_cmt_btst15,"Fabric CMT Product","Generic Bow Tie CMT",£52.00,Enabled,"<a href=""https://magento.clan.com/index.php/admin/catalog_product/edit/id/346/"">Edit</a>","Ingles Buchan","Clan Originals",
345,,"Essential Tartan Adjustable Bow Tie",sr_ibuch_BTT011,"Fabric Simple Product","Generic Bow Tie CMT",£21.00,Enabled,"<a href=""https://magento.clan.com/index.php/admin/catalog_product/edit/id/345/"">Edit</a>","Ingles Buchan","Clan Originals",
344,,"Essential Tartan Self Bow Tie",sr_ibuch_BTST15,"Fabric Simple Product","Generic Bow Tie CMT",£41.00,Enabled,"<a href=""https://magento.clan.com/index.php/admin/catalog_product/edit/id/344/"">Edit</a>","Ingles Buchan","Clan Originals",
343,,"Boy's Tartan Wing Collar Bow Tie",sr_ibuch_BTCW18,"Fabric Simple Product","Generic Bow Tie CMT",£17.00,Enabled,"<a href=""https://magento.clan.com/index.php/admin/catalog_product/edit/id/343/"">Edit</a>","Ingles Buchan","Clan Originals",
342,,"Full Tartan Hose",sr_houch_tartan_hose,"Configurable Product","houch Default",£160.00,Enabled,"<a href=""https://magento.clan.com/index.php/admin/catalog_product/edit/id/342/"">Edit</a>","House of Cheviot","House of Cheviot",
340,,"Merino Kilt Hose",sr_houch_lewis,"Configurable Product","houch Default",£59.00,Enabled,"<a href=""https://magento.clan.com/index.php/admin/catalog_product/edit/id/340/"">Edit</a>","House of Cheviot","House of Cheviot",
339,,"Merino Rannoch Luxury Country Socks",sr_houch_ladies_rann<br/>och,"Configurable Product","houch Rannoch Ladies",£60.00,Enabled,"<a href=""https://magento.clan.com/index.php/admin/catalog_product/edit/id/339/"">Edit</a>","House of Cheviot","House of Cheviot",
338,,"Military Diced Full Hose",sr_houch_dice_hose,"Configurable Product","houch Default",£160.00,Enabled,"<a href=""https://magento.clan.com/index.php/admin/catalog_product/edit/id/338/"">Edit</a>","House of Cheviot","House of Cheviot",
337,,"Pure Cotton Tattersall Check Shirt",sr_hoggs_tattersall_<br/>check_shirt,"Configurable Product","hoggs Mens Shirt (Colour)",£31.00,Enabled,"<a href=""https://magento.clan.com/index.php/admin/catalog_product/edit/id/337/"">Edit</a>","Hoggs of Fife","Hoggs of Fife",
334,,"Knee‑Length Breeks, Monarch moleskin",sr_hoggs_moleskin_br<br/>eeks,"Configurable Product","hoggs Moleskin Breeks",£62.00,Enabled,"<a href=""https://magento.clan.com/index.php/admin/catalog_product/edit/id/334/"">Edit</a>","Hoggs of Fife","Hoggs of Fife",
323,,"Classic Tartan Tie, Medium Weight",sr_hedga_tie_scottis<br/>h,"Fabric Simple Product","Generic Tie CMT",£35.00,Enabled,"<a href=""https://magento.clan.com/index.php/admin/catalog_product/edit/id/323/"">Edit</a>","House of Edgar","Balmoral Kilts and Highland Dress",
322,,"Classic Tartan Tie in Irish Tartans, Medium Weight",sr_hedga_tie_irishta<br/>rtans,"Fabric Simple Product","Generic Tie CMT",£35.00,Enabled,"<a href=""https://magento.clan.com/index.php/admin/catalog_product/edit/id/322/"">Edit</a>","House of Edgar","Balmoral Kilts and Highland Dress",
317,,"Irish Tartan Luxury Lambswool Scarf",sr_hedga_scarf_irish,"Fabric Simple Product","Generic Scarf (Fabric Choice)",£40.00,Enabled,"<a href=""https://magento.clan.com/index.php/admin/catalog_product/edit/id/317/"">Edit</a>","House of Edgar","Clan Originals",
316,,"Classic Plain Wool Tie, Medium Weight",sr_hedga_mediumweigh<br/>t_wool_ties,"Configurable Product","hedga Colour",£35.00,Enabled,"<a href=""https://magento.clan.com/index.php/admin/catalog_product/edit/id/316/"">Edit</a>","House of Edgar","Balmoral Kilts and Highland Dress",
310,,"Luxury Solid Colour Flashes",sr_hedga_flashes_ass<br/>orted,"Configurable Product","hedga Colour",£35.00,Enabled,"<a href=""https://magento.clan.com/index.php/admin/catalog_product/edit/id/310/"">Edit</a>","House of Edgar","Clan Originals",
308,,"Harris Tweed Swatch",sr_hartw_harristweed<br/>swatches,"Fabric Simple Product","Fabric Simple Set",£5.00,Enabled,"<a href=""https://magento.clan.com/index.php/admin/catalog_product/edit/id/308/"">Edit</a>","Harrisons of Edinburgh","Balmoral Kilts and Highland Dress",
304,,"The Haggis Whistle",sr_hagwh_haggiswhist<br/>le,"Simple Product",Default,£12.00,Enabled,"<a href=""https://magento.clan.com/index.php/admin/catalog_product/edit/id/304/"">Edit</a>","The Haggis Whistle","Clan Originals",
303,,"Plain Black Trews Belt",sr_glnsk_GMB006,"Configurable Product","Generic Belts and Chain Straps (Default)",£30.00,Enabled,"<a href=""https://magento.clan.com/index.php/admin/catalog_product/edit/id/303/"">Edit</a>","Glen Esk","Glen Esk",
302,,"Highland Thistle Kilt Pin",sr_glnsk_GMK06AS,"Configurable Product","glnsk Finish",£19.00,Enabled,"<a href=""https://magento.clan.com/index.php/admin/catalog_product/edit/id/302/"">Edit</a>","Glen Esk","Glen Esk",
301,,"Swirl Kilt Pin (Chrome)",sr_glnsk_GMK03CP,"Simple Product","Default +emblem",£19.00,Enabled,"<a href=""https://magento.clan.com/index.php/admin/catalog_product/edit/id/301/"">Edit</a>","Glen Esk","Glen Esk",
297,,"Shamrock Cufflinks",sr_glnsk_CUFF08,"Simple Product","Default +emblem",£24.00,Enabled,"<a href=""https://magento.clan.com/index.php/admin/catalog_product/edit/id/297/"">Edit</a>","Glen Esk","Glen Esk",
296,,"Dress Sgian Dubh With Shamrock Top",sr_glnsk_DRESS15,"Simple Product","Generic Sgian Dubh",£70.00,Enabled,"<a href=""https://magento.clan.com/index.php/admin/catalog_product/edit/id/296/"">Edit</a>","Glen Esk","Glen Esk",
293,,"Serpent Kilt Pin (Chrome)",sr_glnsk_GMK04CP,"Simple Product","Default +emblem",£16.00,Enabled,"<a href=""https://magento.clan.com/index.php/admin/catalog_product/edit/id/293/"">Edit</a>","Glen Esk","Glen Esk",
292,,"Serpent Kilt Pin (Antique)",sr_glnsk_GMK04AS,"Simple Product","Default +emblem",£19.00,Enabled,"<a href=""https://magento.clan.com/index.php/admin/catalog_product/edit/id/292/"">Edit</a>","Glen Esk","Glen Esk",
291,,"Highland Saltire Buckle With Chrome Finish",sr_glnsk_GMB20E/CP,"Configurable Product","glnsk Colour",£46.00,Enabled,"<a href=""https://magento.clan.com/index.php/admin/catalog_product/edit/id/291/"">Edit</a>","Glen Esk","Glen Esk",
290,,"Highland Saltire Buckle With Antique Finish",sr_glnsk_GMB20/AS_an<br/>tique,"Configurable Product","glnsk Colour",£46.00,Enabled,"<a href=""https://magento.clan.com/index.php/admin/catalog_product/edit/id/290/"">Edit</a>","Glen Esk","Glen Esk",
288,,"Highland Saltire Buckle with All Over Antique Finish",sr_glnsk_saltirebuck,"Simple Product","Default +emblem",£30.00,Enabled,"<a href=""https://magento.clan.com/index.php/admin/catalog_product/edit/id/288/"">Edit</a>","Glen Esk","Glen Esk",
286,,"Celtic Stag Belt Buckle",sr_glnsk_GMB26,"Configurable Product","glnsk Finish",£44.00,Enabled,"<a href=""https://magento.clan.com/index.php/admin/catalog_product/edit/id/286/"">Edit</a>","Glen Esk","Glen Esk",
276,,"Chrome Thistle Kilt Pin",sr_glnsk_GMK01CP_chr<br/>ome,"Simple Product","Default +emblem",£16.00,Enabled,"<a href=""https://magento.clan.com/index.php/admin/catalog_product/edit/id/276/"">Edit</a>","Glen Esk","Glen Esk",
275,,"Antique Thistle Kilt Pin",sr_glnsk_GMK01CP_ant<br/>ique,"Simple Product","Default +emblem",£16.00,Enabled,"<a href=""https://magento.clan.com/index.php/admin/catalog_product/edit/id/275/"">Edit</a>","Glen Esk","Glen Esk",
272,,"Fancy Square Link Sporran Chain Strap",sr_glnsk_GMC006,"Configurable Product","Generic Belts and Chain Straps (Default)",£70.00,Enabled,"<a href=""https://magento.clan.com/index.php/admin/catalog_product/edit/id/272/"">Edit</a>","Glen Esk","Glen Esk",
271,,"Fancy Square Link Antiqued Sporran Chain Strap",sr_glnsk_GMC007,"Configurable Product","Generic Belts and Chain Straps (Default)",£70.00,Enabled,"<a href=""https://magento.clan.com/index.php/admin/catalog_product/edit/id/271/"">Edit</a>","Glen Esk","Glen Esk",
270,,"Claddagh Belt Buckle",sr_glnsk_GMB27,"Configurable Product","glnsk Finish",£28.00,Enabled,"<a href=""https://magento.clan.com/index.php/admin/catalog_product/edit/id/270/"">Edit</a>","Glen Esk","Glen Esk",
267,,"Kilt Belt, Celtic Thistle design",sr_glnsk_GMB016,"Configurable Product","Generic Belts and Chain Straps (Default)",£39.00,Enabled,"<a href=""https://magento.clan.com/index.php/admin/catalog_product/edit/id/267/"">Edit</a>","Glen Esk","Glen Esk",
266,,"Kilt Belt, Celtic Serpent design",sr_glnsk_GMB017,"Configurable Product","Generic Belts and Chain Straps (Default)",£39.00,Enabled,"<a href=""https://magento.clan.com/index.php/admin/catalog_product/edit/id/266/"">Edit</a>","Glen Esk","Glen Esk",
265,,"Celtic Stag Kilt Pin",sr_glnsk_GMK18AS,"Simple Product",Default,£19.00,Enabled,"<a href=""https://magento.clan.com/index.php/admin/catalog_product/edit/id/265/"">Edit</a>","Glen Esk","Glen Esk",
264,,"Highland Swirl Belt Buckle",sr_glnsk_GMB03,"Configurable Product","glnsk Finish",£28.00,Enabled,"<a href=""https://magento.clan.com/index.php/admin/catalog_product/edit/id/264/"">Edit</a>","Glen Esk","Glen Esk",
263,,"Highland Serpent Belt Buckle",sr_glnsk_GMB09,"Configurable Product","glnsk Finish",£28.00,Enabled,"<a href=""https://magento.clan.com/index.php/admin/catalog_product/edit/id/263/"">Edit</a>","Glen Esk","Glen Esk",
261,,"Whisky Glass Set",sr_glenc_GGx4,"Simple Product",Default,£49.00,Enabled,"<a href=""https://magento.clan.com/index.php/admin/catalog_product/edit/id/261/"">Edit</a>","Glencairn Crystal","Glencairn Crystal",
260,,"Glencairn Whisky Glasses and Jug",sr_glenc_GGx2_WJUG,"Simple Product",Default,£65.00,Enabled,"<a href=""https://magento.clan.com/index.php/admin/catalog_product/edit/id/260/"">Edit</a>","Glencairn Crystal","Glencairn Crystal",
258,,"Cut Crystal Whisky Glass Set",sr_glenc_cut_crystal<br/>_glencairn_2,"Simple Product",Default,£80.00,Enabled,"<a href=""https://magento.clan.com/index.php/admin/catalog_product/edit/id/258/"">Edit</a>","Glencairn Crystal","Glencairn Crystal",
236,,"Antique Silver Wallace Sgian Dubh",sr_gaeli_wallace_ant<br/>ique_silver_sgian_du<br/>bh,"Configurable Product","gaeli Sgian Dubh (Stone and Engraving)",£117.00,Enabled,"<a href=""https://magento.clan.com/index.php/admin/catalog_product/edit/id/236/"">Edit</a>","Gaelic Themes","Gaelic Themes",
234,,"The Officer Sgian Dubh ‑ Irish Clan Crest",sr_gaeli_the_officer<br/>_clan_irish,"Configurable Product","gaeli Sgian Dubh (Irish Clan Crest and Engraving)",£117.00,Enabled,"<a href=""https://magento.clan.com/index.php/admin/catalog_product/edit/id/234/"">Edit</a>","Gaelic Themes","Gaelic Themes",
232,,"The Officer Clan Crest Sgian Dubh",sr_gaeli_the_officer<br/>_clan,"Configurable Product","gaeli Sgian Dubh (Clan Crest and Engraving)",£119.00,Enabled,"<a href=""https://magento.clan.com/index.php/admin/catalog_product/edit/id/232/"">Edit</a>","Gaelic Themes","Gaelic Themes",
231,,"Stag Antler Sgian Dubh, daywear style",sr_gaeli_stag_day_sg<br/>ian_dubh,"Configurable Product","gaeli Sgian Dubh (Engraving)",£88.00,Enabled,"<a href=""https://magento.clan.com/index.php/admin/catalog_product/edit/id/231/"">Edit</a>","Gaelic Themes","Gaelic Themes",
223,,"Lion Plaid Brooch",sr_gaeli_plbrlion,"Simple Product","Default +emblem",£34.00,Enabled,"<a href=""https://magento.clan.com/index.php/admin/catalog_product/edit/id/223/"">Edit</a>","Gaelic Themes","Gaelic Themes",
222,,"5 Stone Plaid Brooch",sr_gaeli_plbr5st,"Configurable Product","gaeli Stone Colour",£52.00,Enabled,"<a href=""https://magento.clan.com/index.php/admin/catalog_product/edit/id/222/"">Edit</a>","Gaelic Themes","Gaelic Themes",
221,,"4 Stone Plaid Brooch",sr_gaeli_plbr,"Configurable Product","gaeli Stone Colour",£38.00,Enabled,"<a href=""https://magento.clan.com/index.php/admin/catalog_product/edit/id/221/"">Edit</a>","Gaelic Themes","Gaelic Themes",
219,,"Sprung‑Sole Pipers' Ghillie Brogues",sr_gaeli_piper,"Configurable Product","Generic Shoes + Colour",£128.00,Enabled,"<a href=""https://magento.clan.com/index.php/admin/catalog_product/edit/id/219/"">Edit</a>","Gaelic Themes","Gaelic Themes",
218,,"Made to Measure Irish Kilkenny Jacket and Vest",sr_gaeli_mtm_kilkenn<br/>y,"Configurable Product","gaeli M2M Jackets",£489.00,Enabled,"<a href=""https://magento.clan.com/index.php/admin/catalog_product/edit/id/218/"">Edit</a>","Gaelic Themes","Balmoral Kilts and Highland Dress",
217,,"Made to Measure Irish Brian Boru Jacket, with vest",sr_gaeli_mtm_brian_b<br/>aru,"Configurable Product","gaeli M2M Jackets",£460.00,Enabled,"<a href=""https://magento.clan.com/index.php/admin/catalog_product/edit/id/217/"">Edit</a>","Gaelic Themes","Balmoral Kilts and Highland Dress",
216,,"Clan Crest Kilt Pin in Pewter",sr_gaeli_kp016,"Configurable Product","gaeli Clan Crest",£17.00,Enabled,"<a href=""https://magento.clan.com/index.php/admin/catalog_product/edit/id/216/"">Edit</a>","Gaelic Themes","Gaelic Themes",
215,,"Classic Kilt Roll",sr_gaeli_kilt_roll_b<br/>lack,"Simple Product",Default,£35.00,Enabled,"<a href=""https://magento.clan.com/index.php/admin/catalog_product/edit/id/215/"">Edit</a>","Gaelic Themes","Gaelic Themes",
214,,"Irish Kilkenny Jacket and Vest",sr_gaeli_kilkenny,"Configurable Product","gaeli Standard Jacket",£425.00,Enabled,"<a href=""https://magento.clan.com/index.php/admin/catalog_product/edit/id/214/"">Edit</a>","Gaelic Themes","Balmoral Kilts and Highland Dress",
213,,"Masonic Embroidery Kilt Hose",sr_gaeli_k2500,"Configurable Product","gaeli Sock Size",£24.00,Enabled,"<a href=""https://magento.clan.com/index.php/admin/catalog_product/edit/id/213/"">Edit</a>","Gaelic Themes","Gaelic Themes",
210,,"Thistle Embroidery Kilt Hose",sr_gaeli_k2000,"Configurable Product","gaeli Sock Size (Colour Option)",£24.00,Enabled,"<a href=""https://magento.clan.com/index.php/admin/catalog_product/edit/id/210/"">Edit</a>","Gaelic Themes","Gaelic Themes",
209,,"Classic Kilt Hose",sr_gaeli_k1500,"Configurable Product","gaeli Sock Size (Colour Option)",£20.00,Enabled,"<a href=""https://magento.clan.com/index.php/admin/catalog_product/edit/id/209/"">Edit</a>","Gaelic Themes","Gaelic Themes",
207,,"Irish Clan Crest Sgian Dubh",sr_gaeli_irish_clan_<br/>sd3,"Configurable Product","gaeli Sgian Dubh (Irish Clan Crest and Stone Top and Engraving)",£85.00,Enabled,"<a href=""https://magento.clan.com/index.php/admin/catalog_product/edit/id/207/"">Edit</a>","Gaelic Themes","Gaelic Themes",
206,,"Irish Clan Crest Kilt Pin",sr_gaeli_irish_clan_<br/>kilt_pin,"Configurable Product","gaeli Clan Crest Irish",£22.00,Enabled,"<a href=""https://magento.clan.com/index.php/admin/catalog_product/edit/id/206/"">Edit</a>","Gaelic Themes","Gaelic Themes",
205,,"Irish Clan Crest Dress Sporran",sr_gaeli_irish_clan_<br/>crest_dress_sporran,"Configurable Product","gaeli Sporran (Irish Clan Crest)",£254.00,Enabled,"<a href=""https://magento.clan.com/index.php/admin/catalog_product/edit/id/205/"">Edit</a>","Gaelic Themes","Gaelic Themes",
204,,"Irish Clan Crest Daywear Sporran",sr_gaeli_irish_clan_<br/>crest_day_sporran,"Configurable Product","gaeli Daywear Sporran (Colour and Irish Clan Crest)",£155.00,Enabled,"<a href=""https://magento.clan.com/index.php/admin/catalog_product/edit/id/204/"">Edit</a>","Gaelic Themes","Gaelic Themes",
203,,"Irish Clan Crest Belt Buckle",sr_gaeli_irish_clan_<br/>crest_buckle,"Configurable Product","gaeli Clan Crest Irish",£51.00,Enabled,"<a href=""https://magento.clan.com/index.php/admin/catalog_product/edit/id/203/"">Edit</a>","Gaelic Themes","Gaelic Themes",
202,,"Irish Clan Cap Badge",sr_gaeli_irish_clan_<br/>cap_badge_cbi,"Configurable Product","gaeli Clan Crest Irish",£17.00,Enabled,"<a href=""https://magento.clan.com/index.php/admin/catalog_product/edit/id/202/"">Edit</a>","Gaelic Themes","Gaelic Themes",
198,,"Classic Clan Crest Sgian Dubh",sr_gaeli_clan_sd3,"Configurable Product","gaeli Sgian Dubh (Clan Crest and Stone Top and Engraving)",£85.00,Enabled,"<a href=""https://magento.clan.com/index.php/admin/catalog_product/edit/id/198/"">Edit</a>","Gaelic Themes","Gaelic Themes",
197,,"Irish Clan Crest Plaid Brooch",sr_gaeli_clan_plaid_<br/>brooch_irish,"Configurable Product","gaeli Generic (Stone and Irish Clan Crest)",£46.00,Enabled,"<a href=""https://magento.clan.com/index.php/admin/catalog_product/edit/id/197/"">Edit</a>","Gaelic Themes","Gaelic Themes",
196,,"Clan Crest Plaid Brooch",sr_gaeli_clan_plaid_<br/>brooch,"Configurable Product","gaeli Generic (Stone and Clan Crest)",£46.00,Enabled,"<a href=""https://magento.clan.com/index.php/admin/catalog_product/edit/id/196/"">Edit</a>","Gaelic Themes","Gaelic Themes",
195,,"Classic Clan Crest Dress Sporran",sr_gaeli_clan_crest_<br/>dress_sporran,"Configurable Product","gaeli Sporran (Clan Crest)",£205.00,Enabled,"<a href=""https://magento.clan.com/index.php/admin/catalog_product/edit/id/195/"">Edit</a>","Gaelic Themes","Gaelic Themes",
194,,"Luxury Clan Crest Daywear Sporran",sr_gaeli_clan_crest_<br/>day_sporran,"Configurable Product","gaeli Daywear Sporran (Colour and Clan Crest)",£159.00,Enabled,"<a href=""https://magento.clan.com/index.php/admin/catalog_product/edit/id/194/"">Edit</a>","Gaelic Themes","Clan Originals",
193,,"Clan Crest Belt Buckle",sr_gaeli_clan_crest_<br/>buckle,"Configurable Product","gaeli Clan Crest",£52.00,Enabled,"<a href=""https://magento.clan.com/index.php/admin/catalog_product/edit/id/193/"">Edit</a>","Gaelic Themes","Gaelic Themes",
192,,"Clan Crest Cap Badge",sr_gaeli_clan_cap_ba<br/>dge_cb,"Configurable Product","gaeli Clan Crest",£22.00,Enabled,"<a href=""https://magento.clan.com/index.php/admin/catalog_product/edit/id/192/"">Edit</a>","Gaelic Themes","Gaelic Themes",
191,,"Classic Kilt Belt, Celtic Knot design",sr_gaeli_celticbelt_<br/>L_BT08,"Configurable Product","Generic Belts and Chain Straps (Default)",£39.00,Enabled,"<a href=""https://magento.clan.com/index.php/admin/catalog_product/edit/id/191/"">Edit</a>","Gaelic Themes","Gaelic Themes",
190,,"Irish Brian Boru Jacket, Black, with vest",sr_gaeli_brian_baru,"Configurable Product","Generic Stock Jacket (Chest + Fitting)",£425.00,Enabled,"<a href=""https://magento.clan.com/index.php/admin/catalog_product/edit/id/190/"">Edit</a>","Gaelic Themes","Balmoral Kilts and Highland Dress",
185,,"Essential Jacobite Shirt",sr_esssw_whitepcjacs<br/>hirt,"Configurable Product","broad Jacobite Shirts",£52.00,Enabled,"<a href=""https://magento.clan.com/index.php/admin/catalog_product/edit/id/185/"">Edit</a>",Broadsword,"Clan Originals",
184,,"Essential Gent's Tartan Waistcoat",sr_esssw_tartan_wais<br/>tcoat_tgw83,"Fabric Simple Product","ibuch Waistcoat (Fabric Choices)",£173.00,Enabled,"<a href=""https://magento.clan.com/index.php/admin/catalog_product/edit/id/184/"">Edit</a>","Ingles Buchan","Clan Originals",
183,,"Essential Tartan Stole",sr_esssw_tartan_stol<br/>e_wool,"Fabric Simple Product","Generic Capes, Scarves, Wraps etc (Fabric Choice)",£72.00,Enabled,"<a href=""https://magento.clan.com/index.php/admin/catalog_product/edit/id/183/"">Edit</a>","Ingles Buchan","Clan Originals",
182,,"Essential Tartan Sash",sr_esssw_tartan_sash<br/>_wool,"Fabric Simple Product","Generic Sash (Fabric Choice)",£43.00,Enabled,"<a href=""https://magento.clan.com/index.php/admin/catalog_product/edit/id/182/"">Edit</a>","Ingles Buchan","Clan Originals",
180,,"Essential Fishtail Trews",sr_esssw_essential_t<br/>artan_trews,"Fabric CMT Product","esssw Trews",£210.00,Enabled,"<a href=""https://magento.clan.com/index.php/admin/catalog_product/edit/id/180/"">Edit</a>","<strong>TJ Matthews</strong><br/>Gaelic Themes","Clan Originals",
179,,"Essential Semi Dress Sporran",sr_esssw_essential_s<br/>porran_shep,"Configurable Product","Generic Sporran (Fur Options)",£90.00,Enabled,"<a href=""https://magento.clan.com/index.php/admin/catalog_product/edit/id/179/"">Edit</a>","William Scott Sporran Maker","Clan Originals",
178,,"Essential Dress Sporran",sr_esssw_sporran_dre<br/>ss_EW2,"Configurable Product","Generic Standard Sporran (front)",£270.00,Enabled,"<a href=""https://magento.clan.com/index.php/admin/catalog_product/edit/id/178/"">Edit</a>","William Scott Sporran Maker","Clan Originals",
177,,"Essential Black Dress Sporran",sr_esssw_essential_s<br/>porran_dress_economy<br/>_black,"Configurable Product","Generic Standard Sporran (front)",£270.00,Enabled,"<a href=""https://magento.clan.com/index.php/admin/catalog_product/edit/id/177/"">Edit</a>","William Scott Sporran Maker","Clan Originals",
175,,"Essential Dummy Sgian Dubh",sr_esssw_essential_s<br/>gianshubs_dummy_ston<br/>etop,"Simple Product","Generic Sgian Dubh",£14.00,Enabled,"<a href=""https://magento.clan.com/index.php/admin/catalog_product/edit/id/175/"">Edit</a>","William Scott Sporran Maker","Clan Originals",
174,,"Essential Prince Charlie Jacket and Vest",sr_esssw_essential_p<br/>c_jacket,"Configurable Product",,£399.00,Enabled,"<a href=""https://magento.clan.com/index.php/admin/catalog_product/edit/id/174/"">Edit</a>","<strong>Gaelic Themes</strong><br/>House of Edgar","Clan Originals",
173,,"Essential Kilt Pin",sr_esssw_essential_k<br/>iltpin_sword,"Simple Product","Default +emblem",£13.00,Enabled,"<a href=""https://magento.clan.com/index.php/admin/catalog_product/edit/id/173/"">Edit</a>","William Scott Sporran Maker","Clan Originals",
170,,"Essential Casual Kilt",sr_esssw_essential_f<br/>iveyardkilt,"Fabric CMT Product","sr_esssw_essential_fiveyardkilt Set",£185.00,Enabled,"<a href=""https://magento.clan.com/index.php/admin/catalog_product/edit/id/170/"">Edit</a>","Glenisla Kilts","Clan Originals",
168,,"Essential Belt and Buckle",sr_esssw_essential_b<br/>uckles_chrome_celtic,"Configurable Product","Generic Belts and Chain Straps (Default)",£38.00,Enabled,"<a href=""https://magento.clan.com/index.php/admin/catalog_product/edit/id/168/"">Edit</a>","William Scott Sporran Maker","Clan Originals",
167,,"Essential 5 Button Vest",sr_esssw_essential_b<br/>lack_argyl_vest,"Configurable Product","Generic Stock Jacket",£139.00,Enabled,"<a href=""https://magento.clan.com/index.php/admin/catalog_product/edit/id/167/"">Edit</a>","Gaelic Themes","Clan Originals",
166,,"Essential Argyll Jacket",sr_esssw_essential_a<br/>rgyll_jacket,"Configurable Product","Generic Stock Jacket (Chest + Fitting)",£360.00,Enabled,"<a href=""https://magento.clan.com/index.php/admin/catalog_product/edit/id/166/"">Edit</a>","Gaelic Themes","Clan Originals",
165,,"Seven Yard Traditional Kilt",sr_esssw_essential_7<br/>yard_kilt,"Fabric CMT Product","Generic Fabric M2M Kilt",£287.00,Enabled,"<a href=""https://magento.clan.com/index.php/admin/catalog_product/edit/id/165/"">Edit</a>","<strong>Glenisla Kilts</strong><br/>House of Edgar","Clan Originals",
164,,"Piper Hip Flask",sr_edwbl_30564_30562,"Configurable Product","edwbl Size",£31.00,Enabled,"<a href=""https://magento.clan.com/index.php/admin/catalog_product/edit/id/164/"">Edit</a>","Edwin Blyde Pewter","Edwin Blyde Pewter",
163,,"Best Man Hip Flask",sr_edwbl_30536,"Simple Product","Default +emblem",£52.00,Enabled,"<a href=""https://magento.clan.com/index.php/admin/catalog_product/edit/id/163/"">Edit</a>","Edwin Blyde Pewter","Edwin Blyde Pewter",
162,,"Golf Scene Hip Flask",sr_edwbl_30206_30204<br/>_30208,"Simple Product","Default +emblem",£52.00,Enabled,"<a href=""https://magento.clan.com/index.php/admin/catalog_product/edit/id/162/"">Edit</a>","Edwin Blyde Pewter","Edwin Blyde Pewter",
161,,"Letter Opener, Thistle",sr_edwbl_18523,"Simple Product","Default +emblem",£36.00,Enabled,"<a href=""https://magento.clan.com/index.php/admin/catalog_product/edit/id/161/"">Edit</a>","Edwin Blyde Pewter","Edwin Blyde Pewter",
160,,"Letter Opener, Claymore",sr_edwbl_18511,"Simple Product","Default +emblem",£36.00,Enabled,"<a href=""https://magento.clan.com/index.php/admin/catalog_product/edit/id/160/"">Edit</a>","Edwin Blyde Pewter","Edwin Blyde Pewter",
159,,"Letter Opener, Sword",sr_edwbl_18509,"Simple Product","Default +emblem",£36.00,Enabled,"<a href=""https://magento.clan.com/index.php/admin/catalog_product/edit/id/159/"">Edit</a>","Edwin Blyde Pewter","Edwin Blyde Pewter",
158,,"Letter Opener, Celtic Knotwork",sr_edwbl_18503,"Simple Product","Default +emblem",£36.00,Enabled,"<a href=""https://magento.clan.com/index.php/admin/catalog_product/edit/id/158/"">Edit</a>","Edwin Blyde Pewter","Edwin Blyde Pewter",
157,,"Luxury Tartan Trousers, turned up",sr_dcdal_trousers_tu<br/>rned_up_men,"Fabric CMT Product","Generic Fabric M2M Trousers",£235.00,Enabled,"<a href=""https://magento.clan.com/index.php/admin/catalog_product/edit/id/157/"">Edit</a>","TJ Matthews","Balmoral Kilts and Highland Dress",
153,,"The Strathearn Royal Scarf, in wool",sr_dcdal_strathearn_<br/>wool_scarf,"Simple Product","Generic Scarf (No Options)",£65.00,Enabled,"<a href=""https://magento.clan.com/index.php/admin/catalog_product/edit/id/153/"">Edit</a>","DC Dalgliesh","Clan Originals",
145,,"Luxury Cashmere Throw, Cardinal Blue Merchiston Plaid",sr_dcdal_cashmere_th<br/>row_signature_merchi<br/>ston_cardinal_blue,"Simple Product",Default,£595.00,Enabled,"<a href=""https://magento.clan.com/index.php/admin/catalog_product/edit/id/145/"">Edit</a>","DC Dalgliesh","DC Dalgliesh",
139,,"Clan Crest Pint Tankard",sr_colns_702,"Configurable Product","colns Clan Crest Items",£73.00,Enabled,"<a href=""https://magento.clan.com/index.php/admin/catalog_product/edit/id/139/"">Edit</a>","Collins Crystal","Glencairn Crystal",
136,,"Clan Crest Night Cap Decanter Set",sr_colns_121_2_501,"Configurable Product","colns Clan Crest Items",£215.00,Enabled,"<a href=""https://magento.clan.com/index.php/admin/catalog_product/edit/id/136/"">Edit</a>","Collins Crystal","Glencairn Crystal",
133,,"Clan Crest Silver Cufflinks",sr_celtc_CL2_round_s<br/>cottish_cuff_links,"Configurable Product","celtc Clan Crest Cufflinks",£284.00,Enabled,"<a href=""https://magento.clan.com/index.php/admin/catalog_product/edit/id/133/"">Edit</a>","Celtic and Clan Jewellery","Clan Originals",
129,,"Cream Calico Jacobite Shirt",sr_broad_creamcalico<br/>_jacobite,"Configurable Product","broad Jacobite Shirts",£52.00,Enabled,"<a href=""https://magento.clan.com/index.php/admin/catalog_product/edit/id/129/"">Edit</a>",Broadsword,"Clan Originals",
128,,"Boy's Calico Jacobite Shirt",sr_broad_boyscalicsh,"Configurable Product","broad Age",£30.00,Enabled,"<a href=""https://magento.clan.com/index.php/admin/catalog_product/edit/id/128/"">Edit</a>",Broadsword,"Clan Originals",
126,,"Black Jacobite Shirt",sr_broad_black_mf_ja<br/>cobite,"Configurable Product","broad Jacobite Shirts",£52.00,Enabled,"<a href=""https://magento.clan.com/index.php/admin/catalog_product/edit/id/126/"">Edit</a>",Broadsword,"Clan Originals",
107,,"Tartan Ghillie Brogues",sr_bbesp_tartan_ghil<br/>lie_brogues,"Fabric CMT Product","sr_bbesp_tartan_ghillie_brogues Set",£375.00,Enabled,"<a href=""https://magento.clan.com/index.php/admin/catalog_product/edit/id/107/"">Edit</a>","Buchanan Bespoke","Clan Originals",
106,,"Tartan Country Brogues",sr_bbesp_tartan_coun<br/>try_brogues,"Fabric CMT Product","bbesp Tartan Country Brogues",£400.00,Enabled,"<a href=""https://magento.clan.com/index.php/admin/catalog_product/edit/id/106/"">Edit</a>","Buchanan Bespoke","Clan Originals",
103,,"Stag handle Clan Crest Sgian Dubh",sr_artpw_stagknife_s<br/>k_c,"Configurable Product","artpw Clan Crest and Engraving",£55.00,Enabled,"<a href=""https://magento.clan.com/index.php/admin/catalog_product/edit/id/103/"">Edit</a>","Art Pewter","Art Pewter",
102,,"Shamrock Badge",sr_artpw_smallbadge_<br/>cb_sm_shamrock_c130,"Simple Product","Default +emblem",£23.00,Enabled,"<a href=""https://magento.clan.com/index.php/admin/catalog_product/edit/id/102/"">Edit</a>","Art Pewter","Art Pewter",
101,,"Small Clan Crest Badge",sr_artpw_smallbadge_<br/>cb_sm,"Configurable Product","artpw Clan Crest",£23.00,Enabled,"<a href=""https://magento.clan.com/index.php/admin/catalog_product/edit/id/101/"">Edit</a>","Art Pewter","Art Pewter",
99,,"Luxury Clan Crest Sgian Dubh",sr_artpw_sgiandubh_s<br/>d_dc,"Configurable Product","artpw Clan Crest and Stone Colour and Engraving",£116.00,Enabled,"<a href=""https://magento.clan.com/index.php/admin/catalog_product/edit/id/99/"">Edit</a>","Art Pewter","Art Pewter",
97,,"Luxury Clan Crest Plaid Brooch",sr_artpw_plaidbrooch<br/>_211b,"Configurable Product","artpw Clan Crest",£85.00,Enabled,"<a href=""https://magento.clan.com/index.php/admin/catalog_product/edit/id/97/"">Edit</a>","Art Pewter","Art Pewter",
94,,"Clan Crest Pendant with chain",sr_artpw_pendant_ccp,"Configurable Product","artpw Clan Crest",£23.00,Enabled,"<a href=""https://magento.clan.com/index.php/admin/catalog_product/edit/id/94/"">Edit</a>","Art Pewter","Art Pewter",
93,,"Large Clan Crest Badge",sr_artpw_largebadge_<br/>cb,"Configurable Product","artpw Clan Crest",£23.00,Enabled,"<a href=""https://magento.clan.com/index.php/admin/catalog_product/edit/id/93/"">Edit</a>","Art Pewter","Art Pewter",
92,,"Clan Crest Lapel or Tie Pin",sr_artpw_lapel_tiepi<br/>n_clp,"Configurable Product","artpw Clan Crest",£18.00,Enabled,"<a href=""https://magento.clan.com/index.php/admin/catalog_product/edit/id/92/"">Edit</a>","Art Pewter","Art Pewter",
91,,"Clan Crest Kilt Pin",sr_artpw_kiltpin_ckp,"Configurable Product","artpw Clan Crest",£23.00,Enabled,"<a href=""https://magento.clan.com/index.php/admin/catalog_product/edit/id/91/"">Edit</a>","Art Pewter","Art Pewter",
79,,"Claymore Kilt Pin",sr_artpw_kiltpin_62,"Simple Product","Default +emblem",£23.00,Enabled,"<a href=""https://magento.clan.com/index.php/admin/catalog_product/edit/id/79/"">Edit</a>","Art Pewter","Art Pewter",
75,,"Piper's Sword Kilt Pin",sr_artpw_kiltpin_227,"Simple Product","Default +emblem",£24.00,Enabled,"<a href=""https://magento.clan.com/index.php/admin/catalog_product/edit/id/75/"">Edit</a>","Art Pewter","Art Pewter",
72,,"Celtic Jewel Kilt Pin",sr_artpw_kiltpin_115,"Configurable Product","artpw Stone Colour",£24.00,Enabled,"<a href=""https://magento.clan.com/index.php/admin/catalog_product/edit/id/72/"">Edit</a>","Art Pewter","Art Pewter",
68,,"Clan Crest Key Fob",sr_artpw_keyfob_ckf,"Configurable Product","artpw Clan Crest",£23.00,Enabled,"<a href=""https://magento.clan.com/index.php/admin/catalog_product/edit/id/68/"">Edit</a>","Art Pewter","Art Pewter",
67,,"Clan Crest Kilt Accessory Gift Set",sr_artpw_giftset_gs1,"Configurable Product","artpw Clan Crest and Stone Colour",£165.00,Enabled,"<a href=""https://magento.clan.com/index.php/admin/catalog_product/edit/id/67/"">Edit</a>","Art Pewter","Art Pewter",
65,,"Clan Crest Cufflinks",sr_artpw_cufflinks_c<br/>cl,"Configurable Product","artpw Clan Crest",£23.00,Enabled,"<a href=""https://magento.clan.com/index.php/admin/catalog_product/edit/id/65/"">Edit</a>","Art Pewter","Art Pewter",
64,,"Clan Crest Buckle",sr_artpw_buckle,"Configurable Product","artpw Clan Crest",£49.00,Enabled,"<a href=""https://magento.clan.com/index.php/admin/catalog_product/edit/id/64/"">Edit</a>","Art Pewter","Art Pewter",
57,,"Highland Piper Pocket Watch",sr_aewil_4826,"Simple Product","sr_aewil_4826 Set",£42.00,Enabled,"<a href=""https://magento.clan.com/index.php/admin/catalog_product/edit/id/57/"">Edit</a>","AE Williams Pewter","AE Williams Pewter",
56,,"Scottish Thistle Pocket Watch",sr_aewil_4825,"Simple Product","sr_aewil_4825 Set",£42.00,Enabled,"<a href=""https://magento.clan.com/index.php/admin/catalog_product/edit/id/56/"">Edit</a>","AE Williams Pewter","AE Williams Pewter",
55,,"Neverending Knot Pocket Watch",sr_aewil_4823,"Simple Product","sr_aewil_4823 Set",£42.00,Enabled,"<a href=""https://magento.clan.com/index.php/admin/catalog_product/edit/id/55/"">Edit</a>","AE Williams Pewter","AE Williams Pewter",
45,,"Luxury Scottish Cashmere Stole",sr_abegg_ladies_arra<br/>n_stole,"Configurable Product","abegg Arran Colours",£395.00,Enabled,"<a href=""https://magento.clan.com/index.php/admin/catalog_product/edit/id/45/"">Edit</a>","Begg Cashmere of Scotland","Begg Cashmere of Scotland",
41,,"Luxury Scottish Cashmere Scarf",sr_abegg_arran_small<br/>_scarf,"Configurable Product","abegg Colour",£155.00,Enabled,"<a href=""https://magento.clan.com/index.php/admin/catalog_product/edit/id/41/"">Edit</a>","Begg Cashmere of Scotland","Begg Cashmere of Scotland",
40,,"Large Luxury Scottish Cashmere Scarf",sr_abegg_arran_large<br/>_scarf,"Configurable Product","abegg Colour",£295.00,Enabled,"<a href=""https://magento.clan.com/index.php/admin/catalog_product/edit/id/40/"">Edit</a>","Begg Cashmere of Scotland","Begg Cashmere of Scotland",
39,,"Our Warmest Softest Scottish Cashmere Baby Blanket",sr_abegg_blanket_bab<br/>y,"Configurable Product","abegg Baby Blanket",£345.00,Enabled,"<a href=""https://magento.clan.com/index.php/admin/catalog_product/edit/id/39/"">Edit</a>","Begg Cashmere of Scotland","Begg Cashmere of Scotland",
38,,"Our Warmest Softest Scottish Cashmere Throw",sr_abegg_arran_throw,"Configurable Product","abegg Colour",£895.00,Enabled,"<a href=""https://magento.clan.com/index.php/admin/catalog_product/edit/id/38/"">Edit</a>","Begg Cashmere of Scotland","Begg Cashmere of Scotland",
37,,"Our Warmest Softest Scottish Cashmere Blanket",sr_abegg_arran_blank<br/>et,"Configurable Product","abegg Colour",£895.00,Enabled,"<a href=""https://magento.clan.com/index.php/admin/catalog_product/edit/id/37/"">Edit</a>","Begg Cashmere of Scotland","Begg Cashmere of Scotland",
36,,"Polished Oxhorn Tot",sr_abbho_WHT,"Simple Product",Default,£38.00,Enabled,"<a href=""https://magento.clan.com/index.php/admin/catalog_product/edit/id/36/"">Edit</a>",Abbeyhorn,Abbeyhorn,
35,,"Oxhorn Child's Spoon With Whistle",sr_abbho_T7P,"Simple Product",Default,£36.00,Enabled,"<a href=""https://magento.clan.com/index.php/admin/catalog_product/edit/id/35/"">Edit</a>",Abbeyhorn,Abbeyhorn,
34,,"Oxhorn Porridge Spoon",sr_abbho_T5T,"Simple Product",Default,£24.00,Enabled,"<a href=""https://magento.clan.com/index.php/admin/catalog_product/edit/id/34/"">Edit</a>",Abbeyhorn,Abbeyhorn,
33,,"Oxhorn Napkin Ring",sr_abbho_T50P,"Simple Product",Default,£19.00,Enabled,"<a href=""https://magento.clan.com/index.php/admin/catalog_product/edit/id/33/"">Edit</a>",Abbeyhorn,Abbeyhorn,
31,,"Stag Antler Handled Letter Opener",sr_abbho_T2OS,"Simple Product",Default,£51.00,Enabled,"<a href=""https://magento.clan.com/index.php/admin/catalog_product/edit/id/31/"">Edit</a>",Abbeyhorn,Abbeyhorn,
30,,"Stag Antler Bottle Opener",sr_abbho_T29S,"Simple Product",Default,£50.00,Enabled,"<a href=""https://magento.clan.com/index.php/admin/catalog_product/edit/id/30/"">Edit</a>",Abbeyhorn,Abbeyhorn,
29,,"Stag Antler Cheese Knife",sr_abbho_T21S,"Simple Product",Default,£52.00,Enabled,"<a href=""https://magento.clan.com/index.php/admin/catalog_product/edit/id/29/"">Edit</a>",Abbeyhorn,Abbeyhorn,
28,,"Oxhorn Mustard Dab",sr_abbho_T11P,"Simple Product",Default,£10.00,Enabled,"<a href=""https://magento.clan.com/index.php/admin/catalog_product/edit/id/28/"">Edit</a>",Abbeyhorn,Abbeyhorn,
27,,"Stag Antler Zip Pull",sr_abbho_SZP,"Simple Product",Default,£6.00,Enabled,"<a href=""https://magento.clan.com/index.php/admin/catalog_product/edit/id/27/"">Edit</a>",Abbeyhorn,Abbeyhorn,
26,,"Stag Antler Whistle Keyring",sr_abbho_SWK,"Simple Product",Default,£24.00,Enabled,"<a href=""https://magento.clan.com/index.php/admin/catalog_product/edit/id/26/"">Edit</a>",Abbeyhorn,Abbeyhorn,
25,,"Stag Antler Sgian Dubh, pewter thistle emblem",sr_abbho_SDSTB,"Simple Product","Generic Sgian Dubh",£116.00,Enabled,"<a href=""https://magento.clan.com/index.php/admin/catalog_product/edit/id/25/"">Edit</a>",Abbeyhorn,Abbeyhorn,
24,,"Stag Antler Sgian Dubh, pewter deer emblem",sr_abbho_SDSDB,"Simple Product","Generic Sgian Dubh",£116.00,Enabled,"<a href=""https://magento.clan.com/index.php/admin/catalog_product/edit/id/24/"">Edit</a>",Abbeyhorn,Abbeyhorn,
23,,"Stag Antler Sgian Dubh, pewter Celtic knot emblem",sr_abbho_SDSCB,"Simple Product","Generic Sgian Dubh",£116.00,Enabled,"<a href=""https://magento.clan.com/index.php/admin/catalog_product/edit/id/23/"">Edit</a>",Abbeyhorn,Abbeyhorn,
22,,"Stag Antler Sgian Dubh, Crown End",sr_abbho_SDHTCB_crow<br/>n_end,"Simple Product","Generic Sgian Dubh",£101.00,Enabled,"<a href=""https://magento.clan.com/index.php/admin/catalog_product/edit/id/22/"">Edit</a>",Abbeyhorn,Abbeyhorn,
21,,"Stag Antler Sgian Dubh, horn cap",sr_abbho_SDHTB,"Simple Product","Generic Sgian Dubh",£101.00,Enabled,"<a href=""https://magento.clan.com/index.php/admin/catalog_product/edit/id/21/"">Edit</a>",Abbeyhorn,Abbeyhorn,
20,,"Stag Antler Buttons (Set of Six) Large",sr_abbho_S23,"Simple Product",Default,£38.00,Enabled,"<a href=""https://magento.clan.com/index.php/admin/catalog_product/edit/id/20/"">Edit</a>",Abbeyhorn,Abbeyhorn,
19,,"Stag Antler Buttons (Set of Six) Medium",sr_abbho_S19,"Simple Product",Default,£36.00,Enabled,"<a href=""https://magento.clan.com/index.php/admin/catalog_product/edit/id/19/"">Edit</a>",Abbeyhorn,Abbeyhorn,
18,,"Stag Antler Buttons (Set of Six) Small",sr_abbho_S16,"Simple Product",Default,£35.00,Enabled,"<a href=""https://magento.clan.com/index.php/admin/catalog_product/edit/id/18/"">Edit</a>",Abbeyhorn,Abbeyhorn,
16,,"Oxhorn Letter Opener",sr_abbho_PKH,"Simple Product",Default,£23.00,Enabled,"<a href=""https://magento.clan.com/index.php/admin/catalog_product/edit/id/16/"">Edit</a>",Abbeyhorn,Abbeyhorn,
15,,"Oxhorn Orange Peeler",sr_abbho_OPC,"Simple Product",Default,£14.00,Enabled,"<a href=""https://magento.clan.com/index.php/admin/catalog_product/edit/id/15/"">Edit</a>",Abbeyhorn,Abbeyhorn,
14,,"Oxhorn Drinking Horn With Pewter Insert And Stand",sr_abbho_ODH,"Simple Product",Default,£420.00,Enabled,"<a href=""https://magento.clan.com/index.php/admin/catalog_product/edit/id/14/"">Edit</a>",Abbeyhorn,Abbeyhorn,
13,,"Oxhorn Viking Mug",sr_abbho_MCM1PTB,"Simple Product",Default,£89.00,Enabled,"<a href=""https://magento.clan.com/index.php/admin/catalog_product/edit/id/13/"">Edit</a>",Abbeyhorn,Abbeyhorn,
12,,"Oxhorn Single Broad Tooth Wallet/Purse Comb",sr_abbho_HSC,"Simple Product","abbho Comb Sizes",£16.00,Enabled,"<a href=""https://magento.clan.com/index.php/admin/catalog_product/edit/id/12/"">Edit</a>",Abbeyhorn,Abbeyhorn,
11,,"Oxhorn Egg Spoon, round handle",sr_abbho_ES,"Simple Product",Default,£14.00,Enabled,"<a href=""https://magento.clan.com/index.php/admin/catalog_product/edit/id/11/"">Edit</a>",Abbeyhorn,Abbeyhorn,
9,,"Rough Drinking Horn With Stand",sr_abbho_DH,"Simple Product",Default,£51.00,Enabled,"<a href=""https://magento.clan.com/index.php/admin/catalog_product/edit/id/9/"">Edit</a>",Abbeyhorn,Abbeyhorn,
8,,"Oxhorn Single Narrow Tooth Dress Comb",sr_abbho_C7,"Simple Product",Default,£23.00,Enabled,"<a href=""https://magento.clan.com/index.php/admin/catalog_product/edit/id/8/"">Edit</a>",Abbeyhorn,Abbeyhorn,
7,,"Oxhorn Moustache Comb With Handle",sr_abbho_C24,"Simple Product",Default,£20.00,Enabled,"<a href=""https://magento.clan.com/index.php/admin/catalog_product/edit/id/7/"">Edit</a>",Abbeyhorn,Abbeyhorn,
6,,"Oxhorn Broad Tooth Dress Comb",sr_abbho_C23,"Simple Product",Default,£30.00,Enabled,"<a href=""https://magento.clan.com/index.php/admin/catalog_product/edit/id/6/"">Edit</a>",Abbeyhorn,Abbeyhorn,
5,,"Oxhorn Double Tooth Dress Comb",sr_abbho_C1,"Simple Product",Default,£32.00,Enabled,"<a href=""https://magento.clan.com/index.php/admin/catalog_product/edit/id/5/"">Edit</a>",Abbeyhorn,Abbeyhorn,
4,,"Oxhorn Bugle",sr_abbho_BUGS,"Simple Product",Default,£60.00,Enabled,"<a href=""https://magento.clan.com/index.php/admin/catalog_product/edit/id/4/"">Edit</a>",Abbeyhorn,Abbeyhorn,
3,,"Flat Oxhorn Shoehorn",sr_abbho_9_4,"Simple Product",Default,£23.00,Enabled,"<a href=""https://magento.clan.com/index.php/admin/catalog_product/edit/id/3/"">Edit</a>",Abbeyhorn,Abbeyhorn,
2,,"Fabric Length",fabric-length,"Fabric Length Product","Fabric Length Set",£12.00,Enabled,"<a href=""https://magento.clan.com/index.php/admin/catalog_product/edit/id/2/"">Edit</a>","Harris Tweed Textiles<br/>Prinfab<br/>Harris Tweed Originals<br/>Lovat Mill<br/>Restricted Fabrics<br/>Viscount Textiles Ltd<br/>Moon<br/>Wales Tartan<br/>Islay Woollen Mill<br/>Harrisons of Edinburgh<br/>Johnstons of Elgin<br/>Brook Taverner<br/>N Batley<br/>James Hare Silks<br/>Marton Mills<br/>Ingles Buchan<br/>House of Edgar<br/>Lochcarron of Scotland<br/>Strathmore Woollens<br/>Gaelic Themes","Balmoral Kilts and Highland Dress",
1,,"Fabric Swatch",fabric-swatch,"Fabric Swatch Product","Fabric Simple Set",£9.00,Enabled,"<a href=""https://magento.clan.com/index.php/admin/catalog_product/edit/id/1/"">Edit</a>","Brook Taverner<br/>Prinfab<br/>Lovat Mill<br/>Moon<br/>Wales Tartan<br/>Islay Woollen Mill<br/>Harrisons of Edinburgh<br/>Harris Tweed Textiles<br/>Johnstons of Elgin<br/>N Batley<br/>James Hare Silks<br/>Marton Mills<br/>Ingles Buchan<br/>House of Edgar<br/>Lochcarron of Scotland<br/>Strathmore Woollens<br/>Gaelic Themes","Balmoral Kilts and Highland Dress",
