ID,Preview,Type,Family,Name,Nationality,"Legacy ID",Attribute,Offline,"Restriction Supplier",Active,Customer's
2427,,Tartan,,"<strong>Loch Lomond</strong>",,628,,No,,Yes,No
2402,,Tartan,,"<strong>Little of Morton Rigg; Red</strong>",,7238,,No,,Yes,No
2403,,Tartan,,"<strong>Little Singers of Takarazuka</strong>",,64708,,No,,Yes,No
2404,,Tartan,,"<strong>Liverpool Scottish</strong>",,5959,,No,,Yes,No
2411,,Tartan,,<strong>Australia</strong>,Australian,55036,,No,,Yes,No
2412,,Tartan,,"<strong>LL Bean Hunting</strong>",,106,,No,,Yes,No
2417,,Tartan,,<strong>Lobban</strong>,,5441,,No,,Yes,No
2418,,Tartan,,"<strong>Loch Awe</strong>",Scottish,43568,,No,,Yes,No
2419,,Tartan,,"<strong>Loch Carron District</strong>",,731,,No,,Yes,No
2420,,Tartan,,"<strong>Loch Fyne</strong>",,6817,,No,,Yes,No
2421,,Tartan,,"<strong>Loch Garth District</strong>",,1750,,No,,Yes,No
2422,,Tartan,,"<strong>Loch Laggan District</strong>",,796,,No,,Yes,No
2423,,Tartan,,"<strong>Loch Leven Dress</strong>",,4990,,No,,Yes,No
2424,,Tartan,,"<strong>Loch Leven</strong>",,108,,No,,Yes,No
2425,,Tartan,,"<strong>Loch Lochy</strong>",Scottish,57015,,No,,Yes,No
2426,,Tartan,,"<strong>Loch Lomond #2</strong>",,953,,No,,Yes,No
2397,,Tartan,,<strong>Lisbon</strong>,,5433,,No,,Yes,No
2429,,Tartan,,"<strong>Loch Ness #2</strong>",,1219,,No,,Yes,No
2430,,Tartan,,"<strong>Loch Ness</strong>",,5468,,No,,Yes,No
2431,,Tartan,,"<strong>Loch Rannoch</strong>",,943,,No,,Yes,No
2432,,Tartan,,"<strong>Loch Tummel District</strong>",,1751,,No,,Yes,No
2439,,Tartan,,"<strong>Lochcarron (Scotland) personal #2</strong>",,5466,,No,,Yes,No
2440,,Tartan,,"<strong>Lochcarron (Scotland) personal; 1985</strong>",,5462,,No,,Yes,No
2441,,Tartan,,"<strong>Lochcarron (Scotland) personal; Camel</strong>",,5461,,No,,Yes,No
2443,,Tartan,,"<strong>Lochcarron (Scotland) personal; Dress</strong>",,5463,,No,,Yes,No
2444,,Tartan,,"<strong>Lochcarron (Scotland) personal; Hunting</strong>",,5464,,No,,Yes,No
2446,,Tartan,,"<strong>Lochnagar Dark</strong>",Scottish,66537,,No,,Yes,No
2447,,Tartan,,"<strong>Lochnagar Dress</strong>",,59780,,No,,Yes,No
2448,,Tartan,,<strong>Lochnagar</strong>,,1771,,No,,Yes,No
2449,,Tartan,,"<strong>Lochranza</strong><br/>[AKA] <strong>Isle of Arran Distillery</strong>",,4236,,No,,Yes,No
2450,,Tartan,,"<strong>Lochwood Estate Check</strong>",,5471,,No,,Yes,No
2453,,Tartan,,<strong>Locky</strong>,,6207,,No,,Yes,No
2357,,Tartan,,<strong>Lenaghan</strong>,,5835,,No,,Yes,No
2319,,Tartan,,"<strong>Laval Dress</strong>",,2121,,No,,Yes,No
2320,,Tartan,,<strong>Law</strong>,,493,,No,,Yes,No
2321,,Tartan,,"<strong>Law Society of Scotland</strong>",,2413,,No,,Yes,No
2322,,Tartan,,<strong>Lawers</strong>,,5398,,No,,Yes,No
2327,,Tartan,,<strong>Lawtie</strong>,,6683,,No,,Yes,No
2328,,Tartan,,"<strong>Laxey Centenary</strong>",,3833,,No,,Yes,No
2329,,Tartan,,<strong>Laxey</strong>,,5400,,No,,Yes,No
2333,,Tartan,,"<strong>Leach (Personal)</strong>",,5203,,No,,Yes,No
2335,,Tartan,,"<strong>Leaf Peeper</strong>",Scottish,53842,,No,,Yes,No
2340,,Tartan,,<strong>Lebrun</strong>,,5404,,No,,Yes,No
2344,,Tartan,,"<strong>Leeds University Dance #2</strong>",,4391,,No,,Yes,No
2347,,Tartan,,"<strong>Lees-McRae College</strong>",,4130,,No,,Yes,No
2349,,Tartan,,<strong>Leiato</strong>,,4025,,No,,Yes,No
2352,,Tartan,,"<strong>Leinster</strong><br/>[AKA] <strong>Leinster Green</strong>",,4062,,No,,Yes,No
2355,,Tartan,,"<strong>Leitrim Irish County</strong>",Irish,2271,,No,"House of Edgar",Yes,No
2455,,Tartan,,"<strong>Loevenstein Castle; 1</strong>",,3634,,No,,Yes,No
2367,,Tartan,,"<strong>Les Cercles de Femme</strong>",,3136,,No,,Yes,No
2368,,Tartan,,"<strong>Les Cercles de Fermieres du Quebec</strong>",,2136,,No,,Yes,No
2373,,Tartan,,<strong>Letham</strong>,,6718,,No,,Yes,No
2374,,Tartan,,"<strong>Lethbridge City</strong>",,2672,,No,,Yes,No
2375,,Tartan,,<strong>Leung</strong>,,6206,,No,,Yes,No
2377,,Tartan,,"<strong>Lexington Fire Department</strong>",,5830,,No,,Yes,No
2378,,Tartan,,"<strong>Liama, The</strong>",,5420,,No,,Yes,No
2380,,Tartan,,"<strong>Lifeboats Royal National Institute</strong>",,3114,,No,,Yes,No
2381,,Tartan,,"<strong>Lilac In Bloom</strong>",,5421,,No,,Yes,No
2382,,Tartan,,"<strong>Limerick Irish County</strong>",Irish,2272,,No,"House of Edgar",Yes,No
2384,,Tartan,,<strong>Lindley</strong>,Scottish,6348,,No,,Yes,No
2394,,Tartan,,<strong>Lions</strong>,,93,,No,,Yes,No
2395,,Tartan,,"<strong>Lions International</strong>",,5431,,No,,Yes,No
2396,,Tartan,,"<strong>Lions Pride</strong>",,6636,,No,,Yes,No
2524,,Tartan,,<strong>Luker</strong>,,7225,,No,,Yes,No
2503,,Tartan,,"<strong>Lord Arran</strong>",,6163,,No,,Yes,No
2504,,Tartan,,"<strong>Lord Glenorchy</strong>",,7061,,No,,Yes,No
2505,,Tartan,,"<strong>Lord Laird</strong>",,5491,,No,,Yes,No
2507,,Tartan,,"<strong>Lorne Dress</strong>",,59783,,No,,Yes,No
2508,,Tartan,,"<strong>Lorne</strong><br/>[AKA] <strong>Fifth Royal Scots of Canada</strong>",,6,,No,,Yes,No
2509,,Tartan,,"<strong>Lorne, Marquis of; </strong>",,1978,,No,,Yes,No
2510,,Tartan,,"<strong>Los Angeles</strong>",,6071,,No,,Yes,No
2511,,Tartan,,"<strong>Los Angeles Police Bagpipe Band</strong>",,5496,,No,,Yes,No
2513,,Tartan,,"<strong>Loudoun's Highlanders</strong>",,5492,,No,,Yes,No
2515,,Tartan,,<strong>Louisburg</strong>,,5500,,No,,Yes,No
2516,,Tartan,,"<strong>Louise Commemorative; </strong>",,7,,No,,Yes,No
2517,,Tartan,,<strong>Louisiana</strong>,,4126,,No,,Yes,No
2518,,Tartan,,"<strong>Louth Irish County</strong>",Irish,2277,,No,"House of Edgar",Yes,No
2522,,Tartan,,<strong>Loyalhanna</strong>,,5506,,No,,Yes,No
2523,,Tartan,,"<strong>LS Curling</strong>",,4041,,No,,Yes,No
2502,,Tartan,,<strong>Lopez</strong>,,6714,,No,,Yes,No
2530,,Tartan,,<strong>Lunar</strong>,,5513,,No,,Yes,No
2532,,Tartan,,"<strong>Lundy #2</strong>",,5515,,No,,Yes,No
2533,,Tartan,,<strong>Lundy</strong>,,5514,,No,,Yes,No
2540,,Tartan,,"<strong>Lyon College, Arkansas</strong>",,2412,,No,,Yes,No
2541,,Tartan,,<strong>Lyons</strong>,,6515,,No,,Yes,No
2547,,Tartan,,<strong>M'Kleod</strong>,,5985,,No,,Yes,No
2548,,Tartan,,<strong>MacAart</strong>,,1477,,No,,Yes,No
2549,,Tartan,,<strong>MacAleavy</strong>,Irish,69803,,No,,Yes,No
2556,,Tartan,,"<strong>Macallan Distillery</strong>",,5836,,No,,Yes,No
2557,,Tartan,,"<strong>Macallan, The</strong>",,5837,,No,,Yes,No
2564,,Tartan,,"<strong>MacArthur (Personal)</strong><br/>[AKA] Forbes <strong>Ancient #2</strong>",,1492,,No,,Yes,No
2567,,Tartan,,"<strong>MacArthur-Fox Blue</strong>",,459,,No,,Yes,No
2568,,Tartan,,"<strong>MacArthur-Fox Dress</strong>",,7209,,No,,Yes,No
2569,,Tartan,,"<strong>MacArthur-Fox Green</strong>",Scottish,63218,,No,,Yes,No
2487,,Tartan,,"<strong>Longniddry Dress; Burgundy</strong>",Scottish,62482,,No,,Yes,No
2456,,Tartan,,"<strong>Loevenstein Castle; 2</strong>",,3633,,No,,Yes,No
2457,,Tartan,,"<strong>Loevenstein Castle; 3</strong>",,3632,,No,,Yes,No
2469,,Tartan,,"<strong>Lomond 1983</strong>",,5479,,No,,Yes,No
2470,,Tartan,,<strong>Lomond</strong>,,5478,,No,,Yes,No
2471,,Tartan,,"<strong>London 1988</strong>",,1132,,No,,Yes,No
2472,,Tartan,,"<strong>London Caledonian</strong>",,5480,,No,,Yes,No
2473,,Tartan,,"<strong>London Caledonian Games Association</strong>",,1388,,No,,Yes,No
2474,,Tartan,,"<strong>London Caledonian Rugby Club</strong>",,4154,,No,,Yes,No
2475,,Tartan,,"<strong>London Community Gospel Choir</strong>",,7219,,No,,Yes,No
2476,,Tartan,,"<strong>London Fog Black</strong>",,7269,,No,,Yes,No
2479,,Tartan,,"<strong>London Regiment</strong>",,6097,,No,,Yes,No
2481,,Tartan,,"<strong>Londonderry Irish County</strong>",Irish,2279,,No,"House of Edgar",Yes,No
2483,,Tartan,,"<strong>Longhaugh Primary School</strong>",,6645,,No,,Yes,No
2485,,Tartan,,<strong>Longmount</strong>,,5484,,No,,Yes,No
2486,,Tartan,,"<strong>Longmuir 2014</strong>",Scottish,70315,,No,,Yes,No
2318,,Tartan,,"<strong>Laval District</strong>",,2120,,No,,Yes,No
2488,,Tartan,,"<strong>Longniddry Dress; Eildon Blue</strong><br/>[AKA] <strong>Eildon</strong><br/>[AKA] <strong>Harmony Eildon #2</strong>",,5486,,No,,Yes,No
2489,,Tartan,,"<strong>Longniddry Dress; Green</strong>",,764,,No,,Yes,No
2490,,Tartan,,"<strong>Longniddry Dress; Lavender</strong>",,6468,,No,,Yes,No
2491,,Tartan,,"<strong>Longniddry Dress; Purple</strong>",,88,,No,,Yes,No
2492,,Tartan,,"<strong>Longniddry Dress; Red</strong>",,1651,,No,,Yes,No
2493,,Tartan,,"<strong>Longniddry Dress; Turquoise</strong>",,369,,No,,Yes,No
2494,,Tartan,,"<strong>Longniddry Eildon Blue</strong>",,59569,,No,,Yes,No
2495,,Tartan,,"<strong>Longniddry Green</strong>",,59567,,No,,Yes,No
2496,,Tartan,,"<strong>Longniddry Lavender</strong>",,60098,,No,,Yes,No
2497,,Tartan,,"<strong>Longniddry Purple</strong>",,59568,,No,,Yes,No
2498,,Tartan,,"<strong>Longniddry Red</strong>",,59570,,No,,Yes,No
2499,,Tartan,,"<strong>Longniddry Turquoise</strong>",Scottish,65110,,No,,Yes,No
2500,,Tartan,,<strong>Longniddry</strong>,,4394,,No,,Yes,No
2501,,Tartan,,"<strong>Lootens Jensen</strong>",,5931,,No,,Yes,No
2148,,Tartan,,"<strong>Kalamazoo Caledonians</strong>",,5323,,No,,Yes,No
2132,,Tartan,,"<strong>Jubilation Commemorative</strong>",,2566,,No,,Yes,No
2133,,Tartan,,"<strong>Jubilee Universal; </strong>",,1911,,No,,Yes,No
2134,,Tartan,,<strong>Juchter</strong>,,3092,,No,,Yes,No
2135,,Tartan,,"<strong>Junior Chamber International</strong>",,2331,,No,,Yes,No
2136,,Tartan,,<strong>Junor</strong>,,2611,,No,,Yes,No
2138,,Tartan,,"<strong>Justus #2</strong>",,1276,,No,,Yes,No
2139,,Tartan,,"<strong>Justus Black & Gold</strong>",,2732,,No,,Yes,No
2140,,Tartan,,"<strong>Justus Check</strong>",,2733,,No,,Yes,No
2141,,Tartan,,"<strong>Justus Dress</strong>",,2500,,No,,Yes,No
2142,,Tartan,,"<strong>Justus Hunting</strong>",,2499,,No,,Yes,No
2143,,Tartan,,"<strong>Justus International</strong>",,109,,No,,Yes,No
2144,,Tartan,,"<strong>Justus Yellow & Black</strong>",,6319,,No,,Yes,No
2145,,Tartan,,<strong>Justus</strong>,,2100,,No,,Yes,No
2146,,Tartan,,<strong>K9</strong>,,7187,,No,,Yes,No
2147,,Tartan,,<strong>Kagame</strong>,,7077,,No,,Yes,No
2129,,Tartan,,"<strong>Jordan Robert Lee; Defiance</strong>",,7297,,No,,Yes,No
2150,,Tartan,,"<strong>Kansai 2</strong>",,6279,,No,,Yes,No
2151,,Tartan,,"<strong>Kansai Highland Games</strong>",,3988,,No,,Yes,No
2152,,Tartan,,<strong>Kapasi</strong>,,6200,,No,,Yes,No
2153,,Tartan,,"<strong>Katsushika Scottish Country Dancers</strong>",,2343,,No,,Yes,No
2154,,Tartan,,"<strong>Kaufhaus Des Westes</strong>",,2696,,No,,Yes,No
2155,,Tartan,,"<strong>Kazakhstan Relic; </strong>",,3096,,No,,Yes,No
2156,,Tartan,,<strong>Keela</strong>,,6157,,No,,Yes,No
2161,,Tartan,,"<strong>Keith District</strong>",,5782,,No,,Yes,No
2162,,Tartan,,<strong>Kellerman</strong>,USA,66064,,No,,Yes,No
2163,,Tartan,,"<strong>Kellogg College University of Oxford</strong>",,60645,,No,,Yes,No
2168,,Tartan,,<strong>Kelso</strong>,,5325,,No,,Yes,No
2171,,Tartan,,<strong>Kelvingrove</strong>,,5326,,No,,Yes,No
2172,,Tartan,,<strong>Kendle</strong>,USA,60325,,No,,Yes,No
2173,,Tartan,,<strong>Kenmore</strong>,,5327,,No,,Yes,No
2174,,Tartan,,"<strong>Kenmore Hunting</strong>",,2234,,No,,Yes,No
3444,,Tartan,,"<strong>Norwich Collection #115</strong>",,5544,,No,,Yes,No
3475,,Tartan,,"<strong>O'Neill Pipe Band 1970</strong>",,5538,,No,,Yes,No
3470,,Tartan,,<strong>O'Monaghan</strong>,,6266,,No,,Yes,No
3468,,Tartan,,<strong>O'Mahony</strong>,,6491,,No,,Yes,No
3467,,Tartan,,<strong>O'Long</strong>,,7246,,No,,Yes,No
3463,,Tartan,,<strong>O'Donoghue</strong>,,6399,,No,,Yes,No
3455,,Tartan,,<strong>Nutwood</strong>,,7053,,No,,Yes,No
3454,,Tartan,,<strong>Nunavut</strong>,Scottish,45829,,No,,Yes,No
3452,,Tartan,,"<strong>Nova Scotia Pik Mills #2</strong>",,1927,,No,,Yes,No
3451,,Tartan,,"<strong>Nova Scotia Pik Mills #1</strong>",,1912,,No,,Yes,No
3450,,Tartan,,"<strong>Nova Scotia</strong>",,1713,,No,,Yes,No
3449,,Tartan,,"<strong>Nova Scotia Dress #2</strong>",,660,,No,,Yes,No
3448,,Tartan,,"<strong>Nova Scotia Dress</strong>",,937,,No,,Yes,No
3447,,Tartan,,"<strong>Nova Scotia #2</strong>",,4401,,No,,Yes,No
3446,,Tartan,,"<strong>Notre Dame Marching Guard</strong>",,5542,,No,,Yes,No
3445,,Tartan,,"<strong>Norwich Collection #158</strong>",,5543,,No,,Yes,No
2179,,Tartan,,<strong>Kenspeckle</strong>,,6969,,No,,Yes,No
3443,,Tartan,,"<strong>Norwich Collection #079</strong>",,5548,,No,,Yes,No
3442,,Tartan,,"<strong>Norwich Collection #078</strong>",,5549,,No,,Yes,No
3441,,Tartan,,"<strong>Norwich Collection #077</strong>",,5550,,No,,Yes,No
3440,,Tartan,,"<strong>Norwich Collection #064</strong>",,5553,,No,,Yes,No
2766,,Tartan,,<strong>MacHattie</strong>,,5917,,No,,Yes,No
2109,,Tartan,,"<strong>John Gray Centre #2</strong>",,40721,,No,,Yes,No
2110,,Tartan,,"<strong>John Gray Centre #3</strong>",,40718,,No,,Yes,No
2111,,Tartan,,"<strong>John Gray Centre #4</strong>",,40658,,No,,Yes,No
2112,,Tartan,,"<strong>John Paul Jones, US Ship</strong>",,4360,,No,,Yes,No
2115,,Tartan,,"<strong>Johnson, J.M.</strong>",,5286,,No,,Yes,No
2121,,Tartan,,"<strong>Johore District</strong>",,1309,,No,,Yes,No
2122,,Tartan,,"<strong>Johore Regiment</strong>",,260,,No,,Yes,No
2123,,Tartan,,"<strong>Jones (Arctic) personal</strong>",,3040,,No,"Restricted Fabrics",Yes,No
2128,,Tartan,,"<strong>Jong Nederland Born Union</strong>",,3989,,No,,Yes,No
2293,,Tartan,,"<strong>Land's End Blue</strong>",,2579,,No,,Yes,No
2265,,Tartan,,<strong>Kormylo</strong>,,6314,,No,,Yes,No
2266,,Tartan,,"<strong>Kozlosky Artifact</strong>",,2046,,No,,Yes,No
2268,,Tartan,,"<strong>Kremlin Zoria</strong>",,7290,,No,,Yes,No
2270,,Tartan,,"<strong>Kungsholmen Snooker</strong>",,7216,,No,,Yes,No
2273,,Tartan,,"<strong>Lachine Emblematic</strong>",,6202,,No,,Yes,No
2274,,Tartan,,"<strong>Lachine Historic</strong>",,6203,,No,,Yes,No
2275,,Tartan,,"<strong>Lady Boys of Bangkok</strong>",,7142,,No,,Yes,No
2276,,Tartan,,<strong>Ladybird</strong>,,2371,,No,,Yes,No
2277,,Tartan,,"<strong>Laggen Dress</strong>",,5375,,No,,Yes,No
2278,,Tartan,,<strong>Lagrande</strong>,,5376,,No,,Yes,No
2283,,Tartan,,<strong>Laird</strong>,,7176,,No,,Yes,No
2284,,Tartan,,"<strong>Lake Ainslie</strong>",,5377,,No,,Yes,No
2285,,Tartan,,"<strong>Laksaa Manx</strong>",,1233,,No,,Yes,No
2286,,Tartan,,<strong>Lalage</strong>,,6999,,No,,Yes,No
2291,,Tartan,,<strong>Lanark</strong>,,3062,,No,,Yes,No
2264,,Tartan,,"<strong>Komen Rose Plaid</strong>",,7306,,No,,Yes,No
2294,,Tartan,,"<strong>Land's End Camel</strong>",,2577,,No,,Yes,No
2295,,Tartan,,"<strong>Land's End Maroon</strong>",,2578,,No,,Yes,No
2296,,Tartan,,"<strong>Lang of Sherbrooke</strong>",,6176,,No,,Yes,No
2299,,Tartan,,<strong>Langhein</strong>,,3235,,No,,Yes,No
2301,,Tartan,,"<strong>Langtree Corporate</strong>",,1131,,No,,Yes,No
2302,,Tartan,,<strong>Lanoir</strong>,,5385,,No,,Yes,No
2303,,Tartan,,"<strong>Lantern, The</strong>",,5386,,No,,Yes,No
2304,,Tartan,,"<strong>Laois Irish County</strong>",Irish,2252,,No,"House of Edgar",Yes,No
2305,,Tartan,,<strong>Laporte</strong>,,5388,,No,,Yes,No
2307,,Tartan,,"<strong>Largs District</strong>",,478,,No,,Yes,No
2308,,Tartan,,<strong>Laronde</strong>,,5392,,No,,Yes,No
2309,,Tartan,,"<strong>Las Vegas Fire Fighters</strong>",,7052,,No,,Yes,No
2315,,Tartan,,"<strong>Laurel Park</strong>",,6016,,No,,Yes,No
2316,,Tartan,,"<strong>Laurentian University</strong>",,7324,,No,,Yes,No
2224,,Tartan,,"<strong>King George VI; Coronation 1936</strong>",,2082,,No,,Yes,No
2180,,Tartan,,"<strong>Kentucky State</strong>",,2667,,No,,Yes,No
2181,,Tartan,,<strong>Keppoch</strong>,,7122,,No,,Yes,No
2182,,Tartan,,"<strong>Kerby, USA (Personal)</strong>",,2496,,No,,Yes,No
2187,,Tartan,,"<strong>Kerry Irish County</strong>",Irish,2263,,No,"House of Edgar",Yes,No
2201,,Tartan,,<strong>Kilburnie</strong>,,284,,No,,Yes,No
2202,,Tartan,,"<strong>Kildare Irish County</strong>",Irish,2262,,No,"House of Edgar",Yes,No
2203,,Tartan,,<strong>Kile</strong>,,1320,,No,,Yes,No
2206,,Tartan,,"<strong>Kilkenny Irish County</strong>",Irish,2280,,No,"House of Edgar",Yes,No
2209,,Tartan,,"<strong>Kilmarnock Football Club 2005</strong>",,6597,,No,,Yes,No
2210,,Tartan,,"<strong>Kilmarnock Football Club Old</strong>",,6580,,No,,Yes,No
2211,,Tartan,,<strong>Kilmorie</strong>,,7123,,No,,Yes,No
2213,,Tartan,,"<strong>Kilt Centre (Hire) personal; Inverclyde Green</strong>",,6403,,No,,Yes,No
2221,,Tartan,,"<strong>King George IV</strong>",,5353,,No,,Yes,No
2222,,Tartan,,"<strong>King George (Nash)</strong>",,5352,,No,,Yes,No
2223,,Tartan,,"<strong>King Edward VII</strong>",,1559,,No,,Yes,No
2570,,Tartan,,"<strong>MacArthur-Fox Hunting</strong>",,3611,,No,,Yes,No
2242,,Tartan,,"<strong>Kinross District</strong>",,5362,,No,,Yes,No
2243,,Tartan,,"<strong>Kinross Family; </strong>",,4179,,No,,Yes,No
2244,,Tartan,,"<strong>Kintail Dress</strong>",,5363,,No,,Yes,No
2245,,Tartan,,<strong>Kintore</strong>,,5364,,No,,Yes,No
2246,,Tartan,,<strong>Kintyre</strong>,,5365,,No,,Yes,No
2247,,Tartan,,<strong>Kipp</strong>,,2445,,No,,Yes,No
2251,,Tartan,,<strong>Kirkton</strong>,,5368,,No,,Yes,No
2252,,Tartan,,<strong>Kirtle</strong>,,5369,,No,,Yes,No
2255,,Tartan,,"<strong>Knights Breton</strong>",French,44633,,No,,Yes,No
2256,,Tartan,,"<strong>Knights Templar Dress</strong>",,6640,,No,,Yes,No
2257,,Tartan,,"<strong>Knights Templar Grand Priory</strong><br/>[AKA] <strong>Fife & Kinross</strong>",,5370,,No,,Yes,No
2258,,Tartan,,"<strong>Knights Templar Hunting</strong>",,6641,,No,,Yes,No
2259,,Tartan,,"<strong>Knights Templar International</strong>",,560,,No,,Yes,No
2261,,Tartan,,"<strong>Knights Templar St Andrews</strong>",,559,,No,,Yes,No
2827,,Tartan,,<strong>MacKerrigan</strong>,,7234,,No,,Yes,No
3209,,Tartan,,<strong>Mississippi</strong>,,6789,,No,,Yes,No
3208,,Tartan,,"<strong>Mission District</strong>",Canadian,72242,,No,,Yes,No
3207,,Tartan,,<strong>Mission</strong>,,2669,,No,,Yes,No
3206,,Tartan,,"<strong>Miss Peffer's Plaid</strong>",,3963,,No,,Yes,No
3205,,Tartan,,<strong>Mirro</strong>,,6218,,No,,Yes,No
3045,,Tartan,,"<strong>Maple Leaf Blue</strong><br/>[AKA] <strong>Ontario School</strong>",,5702,,No,,Yes,No
2776,,Tartan,,"<strong>MacInroy #2 (Personal)</strong><br/>[AKA] MacInroy <strong>#</strong>",,133,,No,,Yes,No
2786,,Tartan,,<strong>Maciocia</strong>,,7158,,No,,Yes,No
2790,,Tartan,,"<strong>MacIver of Strathendry; Hunting</strong>",,3397,,No,,Yes,No
2796,,Tartan,,"<strong>MacKay, John W (Personal)</strong>",,2283,,No,,Yes,No
2801,,Tartan,,"<strong>MacKean #2 (Personal)</strong>",,1442,,No,,Yes,No
2802,,Tartan,,"<strong>MacKean Dress (Personal)</strong>",,2339,,No,,Yes,No
2804,,Tartan,,"<strong>MacKean, Red (Personal)</strong>",,1604,,No,,Yes,No
2805,,Tartan,,"<strong>MacKean (Personal)</strong>",,1060,,No,,Yes,No
2822,,Tartan,,"<strong>MacKenzie Morgan #2 (Personal)</strong><br/>[AKA] <strong>#2</strong>",,64709,,No,,Yes,No
3214,,Tartan,,"<strong>MMK 1777; </strong>",,5714,,No,,Yes,No
2828,,Tartan,,<strong>MacKessog</strong>,,6928,,No,,Yes,No
2849,,Tartan,,<strong>Mackison</strong>,,7089,,No,,Yes,No
2850,,Tartan,,"<strong>MacKnight Dress</strong>",,6214,,No,,Yes,No
2851,,Tartan,,<strong>MacKnight</strong>,,6213,,No,,Yes,No
2852,,Tartan,,"<strong>MacKusick, Piper #1</strong>",,3429,,No,,Yes,No
2853,,Tartan,,"<strong>MacKusick, Piper #2</strong>",,3430,,No,,Yes,No
2868,,Tartan,,"<strong>MacLean, Donald (Personal)</strong>",,3440,,No,,Yes,No
2876,,Tartan,,"<strong>MacLean of Kingairloch</strong>",Scottish,61,,No,,Yes,No
2879,,Tartan,,"<strong>MacLellan #2 (Personal)</strong>",,1224,,No,,Yes,No
2880,,Tartan,,"<strong>MacLellan, Dress (Personal)</strong>",,1225,,No,,Yes,No
2881,,Tartan,,"<strong>MacLellan, Hunting (Personal)</strong>",,1382,,No,,Yes,No
2889,,Tartan,,"<strong>MacLeod of Argentina</strong>",,627,,No,,Yes,No
2899,,Tartan,,"<strong>MacLeod, Pink (Personal)</strong>",,6434,,No,,Yes,No
2901,,Tartan,,"<strong>MacLeod, Wedding (Personal)</strong><br/>[AKA] <strong>Wedding</strong><br/>[AKA] MacDougal <strong>Arisaid</strong>",,5806,,No,,Yes,No
2902,,Tartan,,"<strong>MacLeod Society</strong>",,2375,,No,,Yes,No
3246,,Tartan,,"<strong>Moran Drummond</strong>",,5986,,No,,Yes,No
3277,,Tartan,,<strong>Mowdowny</strong>,,3880,,No,,Yes,No
3276,,Tartan,,<strong>Mowbray</strong>,,565,,No,,Yes,No
3272,,Tartan,,"<strong>Mounth, The</strong>",,120,,No,,Yes,No
3271,,Tartan,,"<strong>Mountain's Jewel</strong>",,5653,,No,,Yes,No
3270,,Tartan,,"<strong>Mountain Rescue Association</strong>",,6311,,No,,Yes,No
3269,,Tartan,,"<strong>Mount Isla</strong>",,5654,,No,,Yes,No
3266,,Tartan,,"<strong>Mothers' Union</strong>",International,57479,,No,,Yes,No
3265,,Tartan,,"<strong>Mother's Pride</strong>",,2312,,No,,Yes,No
3264,,Tartan,,<strong>Mostyn</strong>,,6896,,No,,Yes,No
3262,,Tartan,,<strong>Moskova</strong>,,6360,,No,,Yes,No
3258,,Tartan,,"<strong>Morris of Eddergoll</strong>",,5657,,No,,Yes,No
3257,,Tartan,,"<strong>Morris of Balgonie; Hunting</strong>",,5658,,No,,Yes,No
3256,,Tartan,,"<strong>Morris of Balgonie; Arisaid</strong>",,5660,,No,,Yes,No
3255,,Tartan,,"<strong>Morris of Balgonie</strong>",,2460,,No,,Yes,No
3252,,Tartan,,<strong>Mordente</strong>,,1016,,No,,Yes,No
2903,,Tartan,,"<strong>MacLeods Highlanders</strong>",,581,,No,,Yes,No
3244,,Tartan,,<strong>Morag</strong>,,3879,,No,,Yes,No
3237,,Tartan,,<strong>Montreat</strong>,,2414,,No,,Yes,No
3236,,Tartan,,<strong>Montreal</strong>,,6259,,No,,Yes,No
3235,,Tartan,,"<strong>Montreal Granate</strong><br/>[AKA] <strong>Maroon</strong>",,6260,,No,,Yes,No
3234,,Tartan,,<strong>Montmorency</strong>,,103,,No,,Yes,No
3232,,Tartan,,"<strong>Montgomery, Stuart (Personal)</strong>",,6062,,No,,Yes,No
3229,,Tartan,,<strong>Montana</strong>,,3877,,No,,Yes,No
3228,,Tartan,,"<strong>Monmouth College</strong>",,5672,,No,,Yes,No
3227,,Tartan,,<strong>Monica</strong>,,5673,,No,,Yes,No
3225,,Tartan,,"<strong>Moncrieffe of Atholl #2</strong>",,2517,,No,,Yes,No
3222,,Tartan,,"<strong>Monarch of the Glen</strong>",,4542,,No,,Yes,No
3221,,Tartan,,"<strong>Monarch Airlines</strong>",,4213,,No,,Yes,No
3220,,Tartan,,"<strong>Monaghan Irish County</strong>",Irish,2267,,No,"House of Edgar",Yes,No
3215,,Tartan,,<strong>Modowny</strong>,,5677,,No,,Yes,No
3161,,Tartan,,"<strong>Mercer, UK (Personal)</strong>",,6839,,No,,Yes,No
3033,,Tartan,,"<strong>Manhattan Ethnic</strong>",,2604,,No,,Yes,No
3034,,Tartan,,"<strong>Manhattan Financial</strong>",,2603,,No,,Yes,No
3035,,Tartan,,"<strong>Manitoba Dress Dance</strong>",,5699,,No,,Yes,No
3036,,Tartan,,"<strong>Manitoba Provincial</strong>",,144,,No,,Yes,No
3041,,Tartan,,<strong>Manroth</strong>,,3924,,No,,Yes,No
3043,,Tartan,,<strong>Mantle</strong>,,6945,,No,,Yes,No
3044,,Tartan,,"<strong>Manx; Snaefell Snaefell</strong><br/>[AKA] <strong>Turnberry #2</strong>",,5319,,No,,Yes,No
3183,,Tartan,,"<strong>Middleton City</strong>",,6466,,No,,Yes,No
3131,,Tartan,,<strong>Melieres</strong>,,1171,,No,,Yes,No
3133,,Tartan,,"<strong>Melrose of Alabama</strong>",,4151,,No,,Yes,No
3134,,Tartan,,<strong>Melrose</strong>,,3926,,No,,Yes,No
3138,,Tartan,,"<strong>Menez Du</strong>",,6462,,No,,Yes,No
3139,,Tartan,,"<strong>Mens Bigi</strong>",,6101,,No,,Yes,No
3140,,Tartan,,<strong>Mensah</strong>,,6216,,No,,Yes,No
3141,,Tartan,,"<strong>Menteith District</strong>",,929,,No,,Yes,No
3031,,Tartan,,"<strong>Manderson #2</strong>",,5713,,No,,Yes,No
3162,,Tartan,,"<strong>Mercer, USA (Personal)</strong>",,5880,,No,,Yes,No
3171,,Tartan,,"<strong>Methodist Church</strong>",,6794,,No,,Yes,No
3174,,Tartan,,"<strong>Mica Green</strong>",,3472,,No,,Yes,No
3175,,Tartan,,<strong>Michael</strong>,,5895,,No,,Yes,No
3176,,Tartan,,<strong>Michaluk</strong>,,6217,,No,,Yes,No
3178,,Tartan,,"<strong>Michigan State</strong>",,3473,,No,,Yes,No
3179,,Tartan,,"<strong>Michigan State Police</strong>",,6900,,No,,Yes,No
3181,,Tartan,,<strong>Micron</strong>,,3822,,No,,Yes,No
3199,,Tartan,,<strong>Mingulay</strong>,,3475,,No,,Yes,No
3196,,Tartan,,<strong>Milne</strong>,,634,,No,,Yes,No
3197,,Tartan,,<strong>Milton</strong>,,4176,,No,,Yes,No
3198,,Tartan,,"<strong>Mina Perhonen</strong>",,5797,,No,,Yes,No
3201,,Tartan,,<strong>Minnesota</strong>,,3930,,No,,Yes,No
3203,,Tartan,,<strong>Minster</strong>,,5679,,No,,Yes,No
2994,,Tartan,,<strong>MacSween</strong>,,30,,No,,Yes,No
2906,,Tartan,,<strong>MacLion</strong>,,2658,,No,,Yes,No
2907,,Tartan,,<strong>MacLoughlin</strong>,,2096,,No,,Yes,No
2908,,Tartan,,<strong>MacManus</strong>,,6753,,No,,Yes,No
2910,,Tartan,,"<strong>MacMaster, USA #2 (Personal)</strong>",,822,,No,,Yes,No
2912,,Tartan,,"<strong>MacMichael (Personal)</strong>",,2063,,No,,Yes,No
2920,,Tartan,,"<strong>MacMillan Society of Glasgow</strong>",,1271,,No,,Yes,No
2921,,Tartan,,"<strong>MacMillen, Hugh E. Memorial</strong>",,6064,,No,,Yes,No
2922,,Tartan,,"<strong>MacMoosie Hunting</strong>",,3102,,No,,Yes,No
2923,,Tartan,,<strong>MacMoosie</strong>,,3933,,No,,Yes,No
2925,,Tartan,,<strong>MacMunn</strong>,,7272,,No,,Yes,No
2930,,Tartan,,<strong>MacNamara</strong>,,6432,,No,,Yes,No
2931,,Tartan,,"<strong>MacNathair Sgianach</strong>",,3497,,No,,Yes,No
2949,,Tartan,,<strong>MacPartlin</strong>,,7244,,No,,Yes,No
2971,,Tartan,,"<strong>MacPrato</strong><br/>[AKA] <strong>Prato Tuscany</strong>",,5838,,No,,Yes,No
2991,,Tartan,,<strong>MacShimsi</strong>,,7318,,No,,Yes,No
3284,,Tartan,,"<strong>Mull District</strong><br/>[AKA] <strong>Glenlyon</strong><br/>[AKA] <strong>No.053</strong>",,162,,No,,Yes,No
3001,,Tartan,,"<strong>MacTear Hunting</strong>",,33538,,No,,Yes,No
3002,,Tartan,,<strong>MacTear</strong>,Scottish,47523,,No,,Yes,No
3003,,Tartan,,<strong>MacTeddy</strong>,,3985,,No,,Yes,No
3006,,Tartan,,<strong>MacWatts</strong>,,6662,,No,,Yes,No
3011,,Tartan,,<strong>Madder</strong>,,5693,,No,,Yes,No
3012,,Tartan,,"<strong>Made in Scotland</strong>",,6210,,No,,Yes,No
3017,,Tartan,,<strong>Maier</strong>,,6211,,No,,Yes,No
3018,,Tartan,,"<strong>Maine State #2</strong>",,3068,,No,,Yes,No
3019,,Tartan,,"<strong>Maine State</strong>",,502,,No,,Yes,No
3022,,Tartan,,"<strong>Makhtoum Regimental</strong>",,1531,,No,,Yes,No
3027,,Tartan,,"<strong>Malliou Despina</strong>",,63,,No,,Yes,No
3028,,Tartan,,"<strong>Malmo Sky blue</strong>",,7010,,No,,Yes,No
3029,,Tartan,,"<strong>Mandela Commemorative</strong>",,2359,,No,,Yes,No
3030,,Tartan,,"<strong>Mandela Nelson</strong>",,6601,,No,,Yes,No
3424,,Tartan,,"<strong>Norwich Collection #029</strong>",,5570,,No,,Yes,No
3204,,Tartan,,<strong>Miramichi</strong>,,5678,,No,,Yes,No
3438,,Tartan,,"<strong>Norwich Collection #060</strong><br/>[AKA] <strong>No.159</strong>",,6114,,No,,Yes,No
3437,,Tartan,,"<strong>Norwich Collection #059-2</strong>",,5556,,No,,Yes,No
3436,,Tartan,,"<strong>Norwich Collection #059</strong>",,5555,,No,,Yes,No
3435,,Tartan,,"<strong>Norwich Collection #058</strong>",,5557,,No,,Yes,No
3434,,Tartan,,"<strong>Norwich Collection #057</strong>",,5558,,No,,Yes,No
3433,,Tartan,,"<strong>Norwich Collection #056</strong>",,5559,,No,,Yes,No
3432,,Tartan,,"<strong>Norwich Collection #052</strong>",,5560,,No,,Yes,No
3431,,Tartan,,"<strong>Norwich Collection #049</strong>",,5561,,No,,Yes,No
3430,,Tartan,,"<strong>Norwich Collection #040</strong>",,5563,,No,,Yes,No
3429,,Tartan,,"<strong>Norwich Collection #039</strong><br/>[AKA] <strong>Mackinlay</strong>",,5564,,No,,Yes,No
3428,,Tartan,,"<strong>Norwich Collection #038</strong>",,5566,,No,,Yes,No
3427,,Tartan,,"<strong>Norwich Collection #033</strong>",,5567,,No,,Yes,No
3426,,Tartan,,"<strong>Norwich Collection #031</strong>",,5568,,No,,Yes,No
3425,,Tartan,,"<strong>Norwich Collection #030</strong>",,5569,,No,,Yes,No
2765,,Tartan,,"<strong>MacHatters of the Old Pueblo</strong>",,7102,,No,,Yes,No
3423,,Tartan,,"<strong>Norwich Collection #028</strong>",,5571,,No,,Yes,No
3422,,Tartan,,"<strong>Norwich Collection #026</strong>",,5572,,No,,Yes,No
3421,,Tartan,,"<strong>Norwich Collection #023</strong>",,5573,,No,,Yes,No
3420,,Tartan,,"<strong>Norwich Collection #020</strong>",,5575,,No,,Yes,No
3419,,Tartan,,"<strong>Norwich Collection #017</strong>",,5577,,No,,Yes,No
3418,,Tartan,,"<strong>Norwich Collection #014</strong>",,5578,,No,,Yes,No
3417,,Tartan,,"<strong>Norwich Collection #007</strong>",,5580,,No,,Yes,No
3416,,Tartan,,"<strong>Norwich Collection #005</strong>",,5581,,No,,Yes,No
3415,,Tartan,,"<strong>Norwich Collection #001</strong>",,5583,,No,,Yes,No
3411,,Tartan,,<strong>Norway</strong>,International,73967,,No,,Yes,No
3410,,Tartan,,"<strong>Northern Ontario</strong>",,5524,,No,,Yes,No
3408,,Tartan,,<strong>Northcroft</strong>,,2459,,No,,Yes,No
3407,,Tartan,,"<strong>North West Territories</strong>",,662,,No,,Yes,No
3406,,Tartan,,"<strong>North West Territories Nor Westers</strong>",,1067,,No,,Yes,No
3405,,Tartan,,"<strong>North West Territories Mounted Police</strong>",,1652,,No,,Yes,No
2686,,Tartan,,"<strong>Miss MacDougal (Personal)</strong><br/>[AKA] MacLeod <strong>Arisaid</strong>",,3354,,No,,Yes,No
2571,,Tartan,,<strong>MacArthur-Fox</strong>,,1088,,No,,Yes,No
2576,,Tartan,,"<strong>MacBeams Boy</strong>",,5936,,No,,Yes,No
2579,,Tartan,,"<strong>MacBean, Meta (Personal)</strong>",,1220,,No,,Yes,No
2593,,Tartan,,<strong>MacByrd</strong>,,3323,,No,,Yes,No
2600,,Tartan,,"<strong>MacCallum High School, Philadelphia</strong>",,1279,,No,,Yes,No
2619,,Tartan,,<strong>MacComb</strong>,,2340,,No,,Yes,No
2621,,Tartan,,<strong>MacCord</strong>,,4048,,No,,Yes,No
2622,,Tartan,,"<strong>MacCormick (Personal)</strong>",,7161,,No,,Yes,No
2624,,Tartan,,"<strong>MacCormick, Festive (Personal)</strong>",,7295,,No,,Yes,No
2634,,Tartan,,"<strong>MacCulloch #3 (Personal)</strong>",,7218,,No,,Yes,No
2637,,Tartan,,"<strong>MacCurrach 2014</strong>",,64269,,No,,Yes,No
2662,,Tartan,,"<strong>MacDonald of Denovan; Personal</strong>",,3278,,No,,Yes,No
2667,,Tartan,,"<strong>MacDonald of Glencoe Dress Dance</strong>",,59580,,No,,Yes,No
2673,,Tartan,,"<strong>MacDonald of Staffa #2</strong>",,3295,,No,,Yes,No
2674,,Tartan,,"<strong>MacDonald of the Isles; Hunting</strong>",,1366,,No,,Yes,No
3403,,Tartan,,"<strong>North Sea Commission</strong>",,6938,,No,,Yes,No
2698,,Tartan,,<strong>MacEachern</strong>,Australian,55825,,No,,Yes,No
2700,,Tartan,,"<strong>MacEdward (Personal)</strong>",,1335,,No,,Yes,No
2701,,Tartan,,<strong>MacEochaidh</strong>,,43744,,No,,Yes,No
2718,,Tartan,,"<strong>MacFly School</strong>",,4178,,No,,Yes,No
2719,,Tartan,,<strong>MacFrog</strong>,,41065,,No,,Yes,No
2722,,Tartan,,<strong>MacGeachie</strong>,,7291,,No,,Yes,No
2725,,Tartan,,"<strong>MacGill #2 (Personal)</strong>",,3420,,No,,Yes,No
2727,,Tartan,,"<strong>Pauline MacGillivray (Personal)</strong>",,6367,,No,,Yes,No
2738,,Tartan,,<strong>MacGran</strong>,,6901,,No,,Yes,No
2740,,Tartan,,"<strong>MacGregor, Black  #2 (Personal)</strong>",,6988,,No,,Yes,No
2741,,Tartan,,"<strong>MacGregor, Black (Personal)</strong>",,6588,,No,,Yes,No
2756,,Tartan,,"<strong>MacGuffy School</strong>",,3379,,No,,Yes,No
2759,,Tartan,,<strong>MacGuire</strong>,,2427,,No,,Yes,No
2761,,Tartan,,<strong>Machair</strong>,,2430,,No,,Yes,No
3329,,Tartan,,"<strong>National Millennium #2</strong>",,2513,,No,,Yes,No
3351,,Tartan,,"<strong>New Market Battlefield</strong>",,4175,,No,,Yes,No
3350,,Tartan,,"<strong>New Loudoun</strong>",,5623,,No,,Yes,No
3348,,Tartan,,"<strong>New Club Centenary</strong>",,3911,,No,,Yes,No
3347,,Tartan,,"<strong>New Brunswick</strong>",,1880,,No,,Yes,No
3346,,Tartan,,"<strong>New Brunswick #3</strong>",,5848,,No,,Yes,No
3345,,Tartan,,"<strong>New Brunswick #2</strong>",,2026,,No,,Yes,No
3344,,Tartan,,"<strong>Nevis Dress</strong>",,5625,,No,,Yes,No
3343,,Tartan,,"<strong>Nevada State</strong>",,3091,,No,,Yes,No
3339,,Tartan,,"<strong>Neil Orr</strong>",Scottish,63223,,No,,Yes,No
3338,,Tartan,,"<strong>Nebraska University</strong>",,6955,,No,,Yes,No
3337,,Tartan,,<strong>Nazarian</strong>,,7144,,No,,Yes,No
3336,,Tartan,,"<strong>Naysmith Personal</strong>",,2319,,No,,Yes,No
3335,,Tartan,,"<strong>National, The</strong>",,3186,,No,,Yes,No
3334,,Tartan,,"<strong>National Wedding</strong>",,5628,,No,,Yes,No
3330,,Tartan,,"<strong>National Millennium</strong><br/>[AKA] <strong>McLennium</strong>",,1775,,No,,Yes,No
3352,,Tartan,,"<strong>New Mexico Land of Enchantment</strong>",,2530,,No,,Yes,No
3326,,Tartan,,"<strong>National Ballet of Canada</strong>",,5631,,No,,Yes,No
3325,,Tartan,,"<strong>National Archives</strong>",Scottish,59129,,No,,Yes,No
3324,,Tartan,,"<strong>Nashotah House</strong>",,5632,,No,,Yes,No
3317,,Tartan,,<strong>Myron</strong>,,1105,,No,,Yes,No
3316,,Tartan,,"<strong>MX-5 Owners' Club</strong>",,6208,,No,,Yes,No
3315,,Tartan,,"<strong>Morar Dress Dance</strong>",,65112,,No,,Yes,No
3314,,Tartan,,"<strong>Musselburgh District</strong>",,620,,No,,Yes,No
3313,,Tartan,,"<strong>Muskoka Canada</strong>",,1799,,No,,Yes,No
3311,,Tartan,,"<strong>Murtaugh, Hunting (Personal)</strong>",,5818,,No,,Yes,No
3309,,Tartan,,"<strong>Murray, Lord George; </strong>",,5643,,No,,Yes,No
3295,,Tartan,,"<strong>Murphy</strong><br/>[AKA] <strong>Tara #2</strong>",,5645,,No,,Yes,No
3292,,Tartan,,<strong>Munster</strong>,,4061,,No,,Yes,No
3287,,Tartan,,<strong>Mungall</strong>,,4070,,No,,Yes,No
3285,,Tartan,,"<strong>Mull Rugby Club</strong>",,5648,,No,,Yes,No
3371,,Tartan,,<strong>Newmill</strong>,,2053,,No,,Yes,No
3401,,Tartan,,"<strong>North Berwick Dance</strong>",,2342,,No,,Yes,No
3400,,Tartan,,"<strong>North American Sheep Breeders Association</strong>",,7097,,No,,Yes,No
3396,,Tartan,,<strong>Normandy</strong>,,6658,,No,,Yes,No
3395,,Tartan,,"<strong>Norham and Ladykirk District</strong>",,3333,,No,,Yes,No
3394,,Tartan,,<strong>Nor'Westers</strong>,,6626,,No,,Yes,No
3393,,Tartan,,"<strong>Nooten-Boom (A) personal</strong>",,4021,,No,,Yes,No
3391,,Tartan,,"<strong>Nobiliary Fraternity</strong><br/>[AKA] <strong>No.217</strong>",,6997,,No,,Yes,No
3390,,Tartan,,"<strong>Nithsdale District</strong>",,533,,No,,Yes,No
3378,,Tartan,,<strong>Nibley</strong>,,2338,,No,,Yes,No
3377,,Tartan,,"<strong>Niagara Region</strong>",,7110,,No,,Yes,No
3376,,Tartan,,"<strong>Niagara Falls</strong>",,1915,,No,,Yes,No
3375,,Tartan,,"<strong>NHS National Health Service</strong>",,6219,,No,,Yes,No
3374,,Tartan,,"<strong>Newton Primary School</strong>",,2417,,No,,Yes,No
3373,,Tartan,,"<strong>Newsome (Matthew) personal; New House Highland</strong>",USA,69046,,No,,Yes,No
3372,,Tartan,,"<strong>Newsome (Matthew) personal; Franklin Museum</strong>",,3084,,No,,Yes,No
3476,,Tartan,,"<strong>O'Neill Pipe Band 1983</strong>",,5536,,No,,Yes,No
3367,,Tartan,,<strong>Newfoundland</strong>,,1543,,No,,Yes,No
3366,,Tartan,,<strong>Newall</strong>,Scottish,63973,,No,,Yes,No
3365,,Tartan,,"<strong>New Zealand</strong>",,5790,,No,,Yes,No
3364,,Tartan,,"<strong>New Zealand #2</strong>",,4215,,No,,Yes,No
3362,,Tartan,,"<strong>New York State Troopers</strong>",,6899,,No,,Yes,No
3361,,Tartan,,"<strong>New York State Police Pipe Band</strong>",,5619,,No,,Yes,No
3360,,Tartan,,"<strong>New York Fire Dept. Pipe Band</strong>",,60,,No,,Yes,No
3359,,Tartan,,"<strong>New York City</strong><br/>[AKA] <strong>Tunes of Glory</strong>",,3812,,No,,Yes,No
3358,,Tartan,,"<strong>New South Wales</strong>",,2492,,No,,Yes,No
3357,,Tartan,,"<strong>New South Wales Waratah</strong>",,4157,,No,,Yes,No
3356,,Tartan,,"<strong>New South Wales Scottish Rifles</strong>",,226,,No,,Yes,No
3355,,Tartan,,"<strong>New Providence Presbyterian Church</strong>",,3885,,No,,Yes,No
3354,,Tartan,,"<strong>New Millennium</strong>",,5622,,No,,Yes,No
3353,,Tartan,,"<strong>New Mexico State of</strong>",,2522,,No,,Yes,No
4050,,Tartan,,"<strong>Scottish Lion</strong>",,3184,,No,,Yes,No
4068,,Tartan,,"<strong>Scottish Scouts 1922</strong><br/>[AKA] <strong>Grey Watch Dress</strong>",,1294,,No,,Yes,No
4067,,Tartan,,"<strong>Scottish Qualifications Authority</strong>",,2442,,No,,Yes,No
4065,,Tartan,,"<strong>Scottish Prison Service</strong>",,6595,,No,,Yes,No
4064,,Tartan,,"<strong>Scottish Pride</strong>",,6492,,No,,Yes,No
4062,,Tartan,,"<strong>Scottish Piping Society of London</strong>",,3190,,No,,Yes,No
4061,,Tartan,,"<strong>Scottish Parliament Commemorative</strong>",,2477,,No,,Yes,No
4060,,Tartan,,"<strong>Scottish Official Board of Highland Dancing Dress</strong>",Scottish,65316,,No,,Yes,No
4059,,Tartan,,"<strong>Scottish Odyssey</strong>",,4071,,No,,Yes,No
4058,,Tartan,,"<strong>Scottish Nuclear</strong>",,2301,,No,,Yes,No
4057,,Tartan,,"<strong>Scottish North American Business Council</strong>",,6909,,No,,Yes,No
4056,,Tartan,,"<strong>Scottish North American Business Council #2</strong>",,6910,,No,,Yes,No
4055,,Tartan,,"<strong>Scottish Netball 1987</strong>",,689,,No,,Yes,No
4054,,Tartan,,"<strong>Scottish National</strong>",,2154,,No,,Yes,No
4053,,Tartan,,"<strong>Scottish National Dress</strong>",,2160,,No,,Yes,No
4051,,Tartan,,"<strong>Scottish Monuments</strong>",,3185,,No,,Yes,No
4069,,Tartan,,"<strong>Scottish Scouts</strong>",,1463,,No,,Yes,No
4048,,Tartan,,"<strong>Scottish Institute of Sport</strong>",,6745,,No,,Yes,No
4047,,Tartan,,"<strong>Scottish Hockey Union</strong>",,5351,,No,,Yes,No
4046,,Tartan,,"<strong>Scottish Highlander</strong>",,2408,,No,,Yes,No
4045,,Tartan,,"<strong>Scottish Heritage USA</strong><br/>[AKA] <strong>SHUSA</strong>",,4106,,No,,Yes,No
4044,,Tartan,,"<strong>Scottish Heather</strong>",,3909,,No,,Yes,No
4043,,Tartan,,"<strong>Scottish Gas</strong><br/>[AKA] <strong>William Murdoch</strong>",,29,,No,,Yes,No
4042,,Tartan,,"<strong>Scottish Funereal Association</strong>",,5357,,No,,Yes,No
4041,,Tartan,,"<strong>Scottish Foundation VA Highlands</strong>",,6891,,No,,Yes,No
4037,,Tartan,,"<strong>Scottish Cultural Society</strong>",,2390,,No,,Yes,No
4036,,Tartan,,"<strong>Scottish Crofting Foundation</strong>",,7239,,No,,Yes,No
4035,,Tartan,,"<strong>Scottish Claymores</strong>",,2308,,No,,Yes,No
4034,,Tartan,,"<strong>Scottish Chieftain</strong>",,3978,,No,,Yes,No
4033,,Tartan,,"<strong>Scottish Canals</strong><br/>[AKA] <strong>Highland Canals</strong>",,3916,,No,,Yes,No
4032,,Tartan,,"<strong>Scottish Borders Union Cattle Show</strong>",,3715,,No,,Yes,No
4031,,Tartan,,"<strong>Scottish Borders Tourist Board</strong>",,4040,,No,,Yes,No
4091,,Tartan,,"<strong>Selkirk High School</strong>",,6846,,No,,Yes,No
4124,,Tartan,,<strong>Shrek</strong>,,7259,,No,,Yes,No
4123,,Tartan,,"<strong>Shotts & Dykehead Pipe Band</strong>",,5825,,No,,Yes,No
4122,,Tartan,,<strong>Shieldhall</strong>,,3206,,No,,Yes,No
4121,,Tartan,,<strong>Shenzhen</strong>,,6250,,No,,Yes,No
4120,,Tartan,,"<strong>Sheffield High School</strong>",,3203,,No,,Yes,No
4119,,Tartan,,"<strong>Sheffield City</strong>",,3110,,No,,Yes,No
4116,,Tartan,,"<strong>Sheard (Roy) personal; Devon District</strong>",,1283,,No,,Yes,No
4109,,Tartan,,"<strong>Shaw of Carolina</strong>",,6803,,No,,Yes,No
4108,,Tartan,,<strong>Shaughnessy</strong>,,6033,,No,,Yes,No
4107,,Tartan,,<strong>Shapiro</strong>,,3200,,No,,Yes,No
4106,,Tartan,,<strong>Shandon</strong>,,6229,,No,,Yes,No
4105,,Tartan,,<strong>Shanahan</strong>,,6027,,No,,Yes,No
4102,,Tartan,,"<strong>Setting Sun</strong>",,3199,,No,,Yes,No
4099,,Tartan,,<strong>Service</strong>,,1380,,No,,Yes,No
4098,,Tartan,,<strong>Serenade</strong>,,5341,,No,,Yes,No
4030,,Tartan,,"<strong>Scottish Borders Health Board</strong>",,3954,,No,,Yes,No
4088,,Tartan,,"<strong>Seletar Elliot</strong>",,3922,,No,,Yes,No
4086,,Tartan,,"<strong>Sekai Fushigi Hakken</strong>",,5784,,No,,Yes,No
4085,,Tartan,,"<strong>Seattle District</strong>",,2113,,No,,Yes,No
4084,,Tartan,,<strong>Seaside</strong>,,5343,,No,,Yes,No
4083,,Tartan,,"<strong>Seaforth Estate Check</strong>",,5344,,No,,Yes,No
4079,,Tartan,,<strong>Scozia</strong>,,4204,,No,,Yes,No
4078,,Tartan,,"<strong>Scout Mapping Service #2</strong>",,3823,,No,,Yes,No
4077,,Tartan,,"<strong>Scout Mapping Service #1</strong>",,3824,,No,,Yes,No
4076,,Tartan,,"<strong>Scotts Valley</strong>",,5350,,No,,Yes,No
4075,,Tartan,,"<strong>Scottish Watch</strong>",,1561,,No,,Yes,No
4074,,Tartan,,"<strong>Scottish Tourist Board 1990</strong>",,2099,,No,,Yes,No
4073,,Tartan,,"<strong>Scottish Tourist Board 1981</strong>",,239,,No,,Yes,No
4072,,Tartan,,"<strong>Scottish Thistle</strong>",,7098,,No,,Yes,No
4071,,Tartan,,"<strong>Scottish Tartan Society</strong>",,3191,,No,,Yes,No
3947,,Tartan,,"<strong>Saltcoats District</strong>",,3980,,No,,Yes,No
3971,,Tartan,,<strong>Saul</strong>,,4018,,No,,Yes,No
3969,,Tartan,,<strong>Satchidananda</strong>,,3979,,No,,Yes,No
3968,,Tartan,,<strong>Saskatchewan</strong>,,1817,,No,,Yes,No
3965,,Tartan,,"<strong>Sarna State</strong>",,2558,,No,,Yes,No
3964,,Tartan,,"<strong>Sarna District</strong>",,2039,,No,,Yes,No
3963,,Tartan,,"<strong>Sarasota Dunfermline</strong>",,5897,,No,,Yes,No
3962,,Tartan,,<strong>Sarafilovic</strong>,,6442,,No,,Yes,No
3961,,Tartan,,"<strong>Sanix Green</strong>",,2644,,No,,Yes,No
3960,,Tartan,,"<strong>Sanix Blue</strong>",,2643,,No,,Yes,No
3958,,Tartan,,<strong>Sandelin</strong>,,7145,,No,,Yes,No
3956,,Tartan,,"<strong>Sandberg of Greenock</strong>",,6974,,No,,Yes,No
3955,,Tartan,,"<strong>Samye Sangha</strong>",,7129,,No,,Yes,No
3954,,Tartan,,<strong>Samye</strong>,,7128,,No,,Yes,No
3950,,Tartan,,"<strong>Salvation Army Hunting</strong>",,150,,No,,Yes,No
3949,,Tartan,,"<strong>Salvation Army Dress</strong>",,546,,No,,Yes,No
3973,,Tartan,,<strong>Savoy</strong>,,5383,,No,,Yes,No
3946,,Tartan,,"<strong>Salt Lake Scots</strong>",,5384,,No,,Yes,No
3945,,Tartan,,"<strong>Salt Lake County</strong>",,2394,,No,,Yes,No
3944,,Tartan,,<strong>Salich-Plaja</strong>,,3398,,No,,Yes,No
3943,,Tartan,,"<strong>Salem Scottish Dancers</strong><br/>[AKA] <strong>Wee Bluett</strong>",,4136,,No,,Yes,No
3942,,Tartan,,"<strong>Sail Chalmadale</strong>",,7217,,No,,Yes,No
3941,,Tartan,,"<strong>Saffron Colour Special</strong>",,201,,No,,Yes,No
3940,,Tartan,,<strong>Safeway</strong>,,2177,,No,,Yes,No
3939,,Tartan,,"<strong>Sacramento City Fire Department</strong>",,6303,,No,,Yes,No
3937,,Tartan,,"<strong>Sachie Hara</strong>",,6228,,No,,Yes,No
3936,,Tartan,,<strong>Sabrettes</strong>,,2200,,No,,Yes,No
3935,,Tartan,,<strong>Sabema</strong>,,7060,,No,,Yes,No
3934,,Tartan,,"<strong>SA Club Private</strong>",,6853,,No,,Yes,No
3933,,Tartan,,"<strong>S.C.O.T.S. USA</strong>",,82,,No,,Yes,No
3932,,Tartan,,"<strong>Ryder Cup 2006</strong>",,6836,,No,,Yes,No
3999,,Tartan,,"<strong>Scotland Forever</strong>",,6038,,No,,Yes,No
4029,,Tartan,,"<strong>Scottish Borders; </strong>",,2458,,No,,Yes,No
4028,,Tartan,,"<strong>Scottish Borders; Borderland</strong>",,5359,,No,,Yes,No
4027,,Tartan,,"<strong>Scottish American Society of Michigan</strong>",,44082,,No,,Yes,No
4026,,Tartan,,"<strong>Scottish American Athletic Association</strong>",,7193,,No,,Yes,No
4025,,Tartan,,"<strong>Scottish Ambulance Service</strong>",,5360,,No,,Yes,No
4024,,Tartan,,"<strong>Scottish Airports</strong>",,2510,,No,,Yes,No
4009,,Tartan,,<strong>Scotsman</strong>,,2645,,No,,Yes,No
4008,,Tartan,,"<strong>Scotland's People</strong>",,6122,,No,,Yes,No
4007,,Tartan,,"<strong>Scotland's Own</strong>",,2592,,No,,Yes,No
4006,,Tartan,,"<strong>Scotland's National</strong>",,5379,,No,,Yes,No
4005,,Tartan,,"<strong>Scotland's National Dress</strong>",,5378,,No,,Yes,No
4003,,Tartan,,"<strong>Scotland United Colours</strong>",,6504,,No,,Yes,No
4002,,Tartan,,"<strong>Scotland Undiscovered</strong>",,5829,,No,,Yes,No
4001,,Tartan,,"<strong>Scotland the Brave</strong>",,2563,,No,,Yes,No
4000,,Tartan,,"<strong>Scotland the Brave Dress Dance</strong>",,6567,,No,,Yes,No
4125,,Tartan,,"<strong>Sibbald Blue</strong>",International,63870,,No,,Yes,No
3998,,Tartan,,<strong>Scotland</strong>,,3115,,No,,Yes,No
3997,,Tartan,,"<strong>Scotland 2000</strong>",,2514,,No,,Yes,No
3995,,Tartan,,<strong>Scotia</strong>,,89,,No,,Yes,No
3994,,Tartan,,"<strong>Scotia Hunting</strong>",,1761,,No,,Yes,No
3992,,Tartan,,"<strong>Scotch Whisky Heritage Centre #2</strong>",,3260,,No,,Yes,No
3990,,Tartan,,"<strong>Scotch House House Tartan</strong>",,5382,,No,,Yes,No
3989,,Tartan,,"<strong>Scotch House Dorcas #2</strong>",,1315,,No,,Yes,No
3987,,Tartan,,"<strong>Scotch House Corporate</strong>",,2634,,No,,Yes,No
3985,,Tartan,,"<strong>Scotch House 2000 Original</strong>",,2635,,No,,Yes,No
3982,,Tartan,,"<strong>Scolpaig Fragment Artifact; </strong>",,1056,,No,,Yes,No
3980,,Tartan,,<strong>Schranz-Gritte</strong>,,3074,,No,,Yes,No
3979,,Tartan,,<strong>Schneidersohne</strong>,,4533,,No,,Yes,No
3976,,Tartan,,<strong>Schiehallion</strong>,,5903,,No,,Yes,No
3975,,Tartan,,<strong>Scandinavian</strong>,,6165,,No,,Yes,No
4255,,Tartan,,"<strong>St Joseph de Sorel #2</strong>",,6230,,No,,Yes,No
4278,,Tartan,,<strong>Steiff</strong>,,3975,,No,,Yes,No
4276,,Tartan,,<strong>Steel</strong>,,6856,,No,,Yes,No
4275,,Tartan,,<strong>Ste-Anne-de-Portneuf</strong>,,5779,,No,,Yes,No
4274,,Tartan,,<strong>Staves</strong>,,6611,,No,,Yes,No
4272,,Tartan,,"<strong>Star Is Born</strong>",,5304,,No,,Yes,No
4271,,Tartan,,"<strong>Stakis Hotels</strong>",,4169,,No,,Yes,No
4269,,Tartan,,<strong>Staghorn</strong>,,6908,,No,,Yes,No
4267,,Tartan,,"<strong>St Piran</strong>",,1685,,No,,Yes,No
4265,,Tartan,,"<strong>St Patrick</strong>",,945,,No,,Yes,No
4263,,Tartan,,"<strong>St Mary's Help of Christians</strong>",,3888,,No,,Yes,No
4262,,Tartan,,"<strong>St Margaret's School Edinburgh</strong>",,6232,,No,,Yes,No
4260,,Tartan,,"<strong>St Leonards</strong>",,4075,,No,,Yes,No
4258,,Tartan,,"<strong>St Lawrence #2</strong>",,2540,,No,,Yes,No
4257,,Tartan,,"<strong>St Kilda</strong>",,1189,,No,,Yes,No
4256,,Tartan,,"<strong>St Joseph de Sorel</strong>",,2633,,No,,Yes,No
4279,,Tartan,,"<strong>Stenhousemuir Football Club</strong>",,2537,,No,,Yes,No
4253,,Tartan,,"<strong>St John's</strong>",,5787,,No,,Yes,No
4252,,Tartan,,"<strong>St Giles Check</strong>",,387,,No,,Yes,No
4251,,Tartan,,"<strong>St Giles Cathedral</strong>",,3220,,No,,Yes,No
4250,,Tartan,,"<strong>St George's School Edinburgh</strong>",,5980,,No,,Yes,No
4249,,Tartan,,"<strong>St George's School Birmingham</strong>",,2585,,No,,Yes,No
4248,,Tartan,,"<strong>St Francis Xavier University</strong>",,5305,,No,,Yes,No
4247,,Tartan,,"<strong>St Eloi</strong>",,5306,,No,,Yes,No
4246,,Tartan,,"<strong>St Denis & Cranley School</strong>",,5310,,No,,Yes,No
4245,,Tartan,,"<strong>St David's Brithwe Dewi Sant</strong>",,5746,,No,,Yes,No
4244,,Tartan,,"<strong>St Columba</strong>",,2383,,No,,Yes,No
4243,,Tartan,,"<strong>St Columba #2</strong>",,3219,,No,,Yes,No
4242,,Tartan,,"<strong>St Clement of Rome School</strong>",,6742,,No,,Yes,No
4241,,Tartan,,"<strong>St Christopher</strong>",,6778,,No,,Yes,No
4240,,Tartan,,"<strong>Earl of St. Andrews</strong>",,85,,No,,Yes,No
4238,,Tartan,,"<strong>St Andrews Queens University</strong>",,1416,,No,,Yes,No
4354,,Tartan,,<strong>Strathblane</strong>,,1633,,No,,Yes,No
4377,,Tartan,,"<strong>Superfast Ferries</strong>",,3187,,No,,Yes,No
4376,,Tartan,,<strong>Sullivan</strong>,,6750,,No,,Yes,No
4374,,Tartan,,"<strong>Suevia Heidelburg Corps</strong>",,4123,,No,,Yes,No
4373,,Tartan,,<strong>Styrian</strong>,,5839,,No,,Yes,No
4370,,Tartan,,<strong>Stuart-Houghton</strong>,,5843,,No,,Yes,No
4367,,Tartan,,"<strong>Strathyre</strong><br/>[AKA] <strong>Strathyre Dress</strong>",,63888,,No,,Yes,No
4366,,Tartan,,"<strong>Strathyre #2</strong>",,3227,,No,,Yes,No
4365,,Tartan,,<strong>Strathspey</strong>,,1039,,No,,Yes,No
4364,,Tartan,,"<strong>Strathspey Check</strong>",,3226,,No,,Yes,No
4363,,Tartan,,"<strong>Strathspey #2</strong>",,777,,No,,Yes,No
4362,,Tartan,,<strong>Strathisla</strong>,,4101,,No,,Yes,No
4361,,Tartan,,"<strong>Strathgaela</strong><br/>[AKA] <strong>Order of the Tartan</strong>",,5826,,No,,Yes,No
4357,,Tartan,,<strong>Strathdee</strong>,,7084,,No,,Yes,No
4356,,Tartan,,"<strong>Strathclyde University</strong>",,2419,,No,,Yes,No
4355,,Tartan,,<strong>Strathclyde</strong>,,1072,,No,,Yes,No
4237,,Tartan,,"<strong>St Andrews Old Course</strong>",,2332,,No,,Yes,No
4353,,Tartan,,"<strong>Strath Hallidale</strong>",,2570,,No,,Yes,No
4351,,Tartan,,"<strong>Strategic Staffing Solutions</strong>",,6227,,No,,Yes,No
4348,,Tartan,,<strong>Strakan</strong>,,4234,,No,,Yes,No
4346,,Tartan,,<strong>Stott</strong>,,7112,,No,,Yes,No
4344,,Tartan,,"<strong>Stirling University</strong>",,2297,,No,,Yes,No
4337,,Tartan,,<strong>Stewarton</strong>,,2367,,No,,Yes,No
4314,,Tartan,,"<strong>Stewart of Appin Dress #2</strong>",,5181,,No,,Yes,No
4313,,Tartan,,"<strong>Stewart of Appin Dress</strong>",,481,,No,,Yes,No
4308,,Tartan,,"<strong>King George VI</strong>",,5253,,No,,Yes,No
4288,,Tartan,,<strong>Stevens</strong>,,6664,,No,,Yes,No
4287,,Tartan,,"<strong>Steven Ricks Tailoring Pink</strong>",Scottish,66500,,No,,Yes,No
4286,,Tartan,,"<strong>Steve Walls Scotcheer</strong>",Scottish,63227,,No,,Yes,No
4284,,Tartan,,<strong>Stephens</strong>,,7029,,No,,Yes,No
4283,,Tartan,,"<strong>Stephens Dress</strong>",,7030,,No,,Yes,No
4162,,Tartan,,"<strong>Smith of Pennylands</strong>",,3957,,No,,Yes,No
4186,,Tartan,,<strong>Southdown</strong>,,1194,,No,,Yes,No
4185,,Tartan,,"<strong>Southdown Grey</strong>",,5316,,No,,Yes,No
4184,,Tartan,,"<strong>South Lanarkshire</strong>",,4017,,No,,Yes,No
4183,,Tartan,,"<strong>South Australia Pipes & Drums</strong>",,5890,,No,,Yes,No
4182,,Tartan,,"<strong>South Australia District</strong>",,2534,,No,,Yes,No
4179,,Tartan,,"<strong>Soroptimist International</strong>",,3097,,No,,Yes,No
4177,,Tartan,,<strong>Sonsub</strong>,,6984,,No,,Yes,No
4176,,Tartan,,"<strong>Sons of Scotland</strong>",,5794,,No,,Yes,No
4173,,Tartan,,"<strong>Somerset District</strong>",,831,,No,,Yes,No
4172,,Tartan,,<strong>Solberg-Wormald</strong>,,6661,,No,,Yes,No
4171,,Tartan,,"<strong>Society of Santa Fe</strong><br/>[AKA] <strong>Scottish Heritage Preservation</strong>",,4107,,No,,Yes,No
4169,,Tartan,,<strong>Snowbird</strong>,,6428,,No,,Yes,No
4168,,Tartan,,<strong>Snoozzzeee</strong>,,6102,,No,,Yes,No
4166,,Tartan,,<strong>Smithsonian</strong>,,5813,,No,,Yes,No
4163,,Tartan,,"<strong>Smith, Sir William (Personal)</strong>",,65,,No,,Yes,No
4188,,Tartan,,"<strong>Southwell Australian</strong>",,6744,,No,,Yes,No
4161,,Tartan,,"<strong>Smeaton Wedding; #1</strong>",,3213,,No,,Yes,No
4160,,Tartan,,"<strong>Smeaton (Personal)</strong>",,2583,,No,,Yes,No
4157,,Tartan,,"<strong>Sligo Irish County</strong>",Irish,2256,,No,"House of Edgar",Yes,No
4156,,Tartan,,<strong>Slessor</strong>,,5795,,No,,Yes,No
4153,,Tartan,,<strong>Skye</strong>,,5332,,No,,Yes,No
4151,,Tartan,,<strong>Skibo</strong>,,2550,,No,,Yes,No
4147,,Tartan,,"<strong>Sir Billi</strong>",,6887,,No,,Yes,No
4145,,Tartan,,<strong>Sinclair-Brown</strong>,,2189,,No,,Yes,No
4136,,Tartan,,"<strong>Simple Technology</strong>",,2320,,No,,Yes,No
4135,,Tartan,,<strong>Silvicola</strong>,,3204,,No,,Yes,No
4132,,Tartan,,<strong>Silver</strong>,,6108,,No,,Yes,No
4131,,Tartan,,<strong>Sillitoe</strong>,,6430,,No,,Yes,No
4129,,Tartan,,<strong>Sildesalaten</strong>,International,59001,,No,,Yes,No
4128,,Tartan,,<strong>Sikh</strong>,,2654,,No,,Yes,No
4218,,Tartan,,"<strong>Squash Scottish Open</strong>",,3189,,No,,Yes,No
4236,,Tartan,,"<strong>St Andrews New Golf Club</strong>",,2497,,No,,Yes,No
4235,,Tartan,,"<strong>St Andrews Management School</strong>",,7237,,No,,Yes,No
4234,,Tartan,,"<strong>St Andrews Ltd</strong>",,5899,,No,,Yes,No
4233,,Tartan,,"<strong>St Andrews Links</strong><br/>[AKA] <strong>Greenways Marketing</strong>",,5116,,No,,Yes,No
4232,,Tartan,,"<strong>St Andrews International Golf Club</strong>",,2687,,No,,Yes,No
4231,,Tartan,,"<strong>St Andrews Grand</strong>",,6743,,No,,Yes,No
4229,,Tartan,,"<strong>St Andrews Bay Hotel</strong>",,5904,,No,,Yes,No
4228,,Tartan,,"<strong>St Andrew's Presbyterian Church Quebec</strong>",,5814,,No,,Yes,No
4227,,Tartan,,"<strong>St Andrew's College</strong>",,6898,,No,,Yes,No
4226,,Tartan,,"<strong>St Andrew Society</strong>",,7251,,No,,Yes,No
4225,,Tartan,,"<strong>St Andrew Society of Java; Hunting</strong>",,4105,,No,,Yes,No
4224,,Tartan,,"<strong>St Andrew Society of Java; Dress</strong>",,5401,,No,,Yes,No
4223,,Tartan,,"<strong>St Andrew Society Illinois #2</strong>",USA,62877,,No,,Yes,No
4221,,Tartan,,"<strong>St Andrew Society American</strong><br/>[AKA] <strong>US Bicentennial</strong>",,3414,,No,,Yes,No
4219,,Tartan,,"<strong>Sri Lanka</strong>",,7224,,No,,Yes,No
3925,,Tartan,,<strong>Rust</strong>,,555,,No,,Yes,No
4217,,Tartan,,<strong>Sprouston</strong>,,6231,,No,,Yes,No
4216,,Tartan,,"<strong>Spring Morning</strong>",,5311,,No,,Yes,No
4215,,Tartan,,<strong>Spragg</strong>,,44064,,No,,Yes,No
4214,,Tartan,,"<strong>Spotsylvania County Sheriff's Office</strong>",,7146,,No,,Yes,No
4213,,Tartan,,"<strong>Spirit of Yorkshire</strong>",English,72075,,No,,Yes,No
4212,,Tartan,,"<strong>Spirit of West Lothian</strong>",,7256,,No,,Yes,No
4210,,Tartan,,"<strong>Spirit of Ulster</strong>",,7194,,No,,Yes,No
4208,,Tartan,,"<strong>Spirit of Scotland</strong><br/>[AKA] <strong>Fyvie Castle</strong>",,2451,,No,,Yes,No
4207,,Tartan,,"<strong>Spirit of Queensland</strong><br/>[AKA] <strong>Capricornica</strong>",,3216,,No,,Yes,No
4202,,Tartan,,"<strong>Spirit of Alba</strong>",,3904,,No,,Yes,No
4200,,Tartan,,"<strong>Spice Apple</strong>",,5314,,No,,Yes,No
4197,,Tartan,,<strong>Spencer</strong>,,5315,,No,,Yes,No
4191,,Tartan,,"<strong>SPA Association</strong>",,6461,,No,,Yes,No
4190,,Tartan,,"<strong>Souza Nery</strong>",,2651,,No,,Yes,No
3615,,Tartan,,<strong>Pike</strong>,,3229,,No,,Yes,No
3646,,Tartan,,"<strong>Port Authority of NY & NJ</strong>",,6793,,No,,Yes,No
3645,,Tartan,,"<strong>Porcupine, City of</strong>",,5493,,No,,Yes,No
3644,,Tartan,,<strong>Porcupine</strong>,,1303,,No,,Yes,No
3642,,Tartan,,"<strong>Popular Fancy</strong>",,1987,,No,,Yes,No
3638,,Tartan,,"<strong>Pollard 2014</strong>",Scottish,71154,,No,,Yes,No
3635,,Tartan,,"<strong>Police College Tulliallan</strong>",,4231,,No,,Yes,No
3634,,Tartan,,<strong>Polaris</strong>,,62218,,No,,Yes,No
3632,,Tartan,,"<strong>Plymouth Armada 400</strong>",,476,,No,,Yes,No
3628,,Tartan,,"<strong>Plaid Wine</strong>",,5502,,No,,Yes,No
3624,,Tartan,,"<strong>Piper Rowdy' Roddy</strong>",,5411,,No,,Yes,No
3622,,Tartan,,"<strong>Pinney's of Scotland</strong>",,2284,,No,,Yes,No
3621,,Tartan,,"<strong>Pinewoods Jubilee</strong>",,6818,,No,,Yes,No
3620,,Tartan,,"<strong>Pinehurst Resort</strong>",,4173,,No,,Yes,No
3619,,Tartan,,<strong>Pincock</strong>,,43893,,No,,Yes,No
3617,,Tartan,,"<strong>Pilette (Kinnear) personal</strong>",,2139,,No,,Yes,No
3647,,Tartan,,"<strong>Port Moresby City Pipes & Drums</strong>",,7236,,No,,Yes,No
3613,,Tartan,,<strong>Pienaar</strong>,,6872,,No,,Yes,No
3612,,Tartan,,"<strong>Pictou County</strong>",,7113,,No,,Yes,No
3610,,Tartan,,<strong>Phinn</strong>,,7104,,No,,Yes,No
3607,,Tartan,,"<strong>Peter of Lee (Personal)</strong><br/>[AKA] Peters [default]",,1055,,No,,Yes,No
3606,,Tartan,,"<strong>Peters Chief</strong>",,5507,,No,,Yes,No
3605,,Tartan,,"<strong>Peter Pan</strong>",,5505,,No,,Yes,No
3604,,Tartan,,"<strong>Perthshire Tourist Board</strong>",,2410,,No,,Yes,No
3602,,Tartan,,<strong>Perth</strong>,,5508,,No,,Yes,No
3601,,Tartan,,"<strong>Perth #2</strong>",,2060,,No,,Yes,No
3600,,Tartan,,"<strong>Perry Golf</strong>",,6893,,No,,Yes,No
3593,,Tartan,,<strong>Perratt</strong>,,6221,,No,,Yes,No
3592,,Tartan,,<strong>Pennsylvania</strong>,,3130,,No,,Yes,No
3587,,Tartan,,<strong>Peeper</strong>,,6991,,No,,Yes,No
3586,,Tartan,,"<strong>Peeper #2</strong>",,6992,,No,,Yes,No
3585,,Tartan,,"<strong>Peebles Royal Burgh</strong>",,5403,,No,,Yes,No
3669,,Tartan,,"<strong>Prince Albert</strong>",,6847,,No,,Yes,No
3684,,Tartan,,"<strong>Prince of Denmark Historic</strong>",,2377,,No,,Yes,No
3683,,Tartan,,"<strong>Prince George's Police Pipe Band</strong>",,5474,,No,,Yes,No
3682,,Tartan,,"<strong>Prince George; </strong>",,942,,No,,Yes,No
3681,,Tartan,,"<strong>Prince Edward Island Provincial</strong>",,918,,No,,Yes,No
3680,,Tartan,,"<strong>Prince Edward Island Dress</strong>",,5475,,No,,Yes,No
3679,,Tartan,,"<strong>Prince David; </strong>",,826,,No,,Yes,No
3678,,Tartan,,"<strong>Prince Charles Edward Stuart</strong>",,452,,No,,Yes,No
3677,,Tartan,,"<strong>Prince Charles Edward Stuart; #9</strong>",,65313,,No,,Yes,No
3676,,Tartan,,"<strong>Prince Charles Edward Stuart; #8</strong>",,5842,,No,,Yes,No
3675,,Tartan,,"<strong>Prince Charles Edward Stuart; #7</strong>",,1760,,No,,Yes,No
3674,,Tartan,,"<strong>Prince Charles Edward Stuart; #6</strong>",,1707,,No,,Yes,No
3673,,Tartan,,"<strong>Prince Charles Edward Stuart; #5</strong>",,1557,,No,,Yes,No
3672,,Tartan,,"<strong>Prince Charles Edward Stuart; #4</strong>",,1374,,No,,Yes,No
3671,,Tartan,,"<strong>Prince Charles Edward Stuart; #3</strong><br/>[AKA] <strong>Earl of Moray</strong>",,1371,,No,,Yes,No
3670,,Tartan,,"<strong>Prince Charles Edward Stuart; #2</strong>",,1170,,No,,Yes,No
3583,,Tartan,,"<strong>Peacock (Personal)</strong>",,5793,,No,,Yes,No
3668,,Tartan,,"<strong>Pride of Yorkland</strong>",,3813,,No,,Yes,No
3667,,Tartan,,"<strong>Pride of the Clyde</strong>",,7298,,No,,Yes,No
3666,,Tartan,,"<strong>Pride of Scotland Dress Dance</strong>",,59793,,No,,Yes,No
3665,,Tartan,,"<strong>Pride of Norway</strong>",,5785,,No,,Yes,No
3664,,Tartan,,"<strong>Pride of New Zealand</strong>",,2632,,No,,Yes,No
3663,,Tartan,,"<strong>Pride of Wales</strong>",Welsh,5737,,No,"Wales Tartan",Yes,No
3660,,Tartan,,"<strong>Press & Journal</strong>",,7099,,No,,Yes,No
3655,,Tartan,,"<strong>Poulain League</strong>",,2539,,No,,Yes,No
3654,,Tartan,,<strong>Potts</strong>,,4538,,No,,Yes,No
3653,,Tartan,,"<strong>Portree District</strong>",,5850,,No,,Yes,No
3652,,Tartan,,"<strong>Portree Check</strong>",,1280,,No,,Yes,No
3651,,Tartan,,"<strong>Portree Blue; Dance</strong>",,5488,,No,,Yes,No
3650,,Tartan,,"<strong>Portrait, The</strong>",,5490,,No,,Yes,No
3649,,Tartan,,"<strong>Portmeirion District</strong>",,6222,,No,,Yes,No
3514,,Tartan,,"<strong>Olympic Games</strong>",,1923,,No,,Yes,No
3531,,Tartan,,"<strong>Oriel District</strong>",,2166,,No,,Yes,No
3529,,Tartan,,"<strong>Oregon State</strong>",,5743,,No,,Yes,No
3528,,Tartan,,"<strong>Order of the Holy Sepulchre of Jerusalem</strong>",,2161,,No,,Yes,No
3527,,Tartan,,<strong>Orban-Prentice</strong>,,5769,,No,,Yes,No
3526,,Tartan,,"<strong>Open Championship 2000</strong>",,6513,,No,,Yes,No
3525,,Tartan,,"<strong>Open Championship 1998</strong>",,2575,,No,,Yes,No
3524,,Tartan,,"<strong>Ontario Provincial</strong>",,3140,,No,,Yes,No
3522,,Tartan,,"<strong>Ontario Northern</strong>",,956,,No,,Yes,No
3521,,Tartan,,"<strong>Ontario Centennial</strong>",,2038,,No,,Yes,No
3520,,Tartan,,"<strong>One Account</strong>",,3912,,No,,Yes,No
3519,,Tartan,,"<strong>Oman Sultanate of</strong>",,717,,No,,Yes,No
3518,,Tartan,,"<strong>Oman Royal Army</strong>",,5885,,No,,Yes,No
3517,,Tartan,,"<strong>Oman Regiment; 2nd Pipe Sqn.</strong>",,6852,,No,,Yes,No
3516,,Tartan,,"<strong>Oman Navy</strong>",International,61128,,No,,Yes,No
3515,,Tartan,,<strong>Olympicana</strong>,,5525,,No,,Yes,No
3532,,Tartan,,"<strong>Orion Nebula</strong>",Scottish,44928,,No,,Yes,No
3507,,Tartan,,<strong>Oilmens</strong>,,3843,,No,,Yes,No
3506,,Tartan,,<strong>Ohio</strong>,,651,,No,,Yes,No
3492,,Tartan,,<strong>Oban</strong>,,5529,,No,,Yes,No
3491,,Tartan,,<strong>Oakwood</strong>,,5532,,No,,Yes,No
3490,,Tartan,,<strong>Oakhill</strong>,Scottish,46827,,No,,Yes,No
3489,,Tartan,,"<strong>Oakhill #2</strong>",Scottish,49103,,No,,Yes,No
3488,,Tartan,,<strong>Oakhall</strong>,,6253,,No,,Yes,No
3487,,Tartan,,<strong>O2</strong>,,7088,,No,,Yes,No
3485,,Tartan,,"<strong>O'Sullivan McCragh</strong>",,2169,,No,,Yes,No
3483,,Tartan,,<strong>O'Sheehan</strong>,,7115,,No,,Yes,No
3482,,Tartan,,<strong>O'Shaughnessy</strong>,,6754,,No,,Yes,No
3481,,Tartan,,"<strong>O'Shaughnessy Memorial</strong>",,7051,,No,,Yes,No
3478,,Tartan,,<strong>O'Reilly</strong>,,6747,,No,,Yes,No
3477,,Tartan,,"<strong>O'Neill Pipe Band 1999</strong>",,1810,,No,,Yes,No
3553,,Tartan,,"<strong>Palm Beach Gardens Police</strong>",,5521,,No,,Yes,No
3581,,Tartan,,"<strong>Peachy Keen</strong>",,7208,,No,,Yes,No
3579,,Tartan,,"<strong>Payne of Wallins Creek</strong>",,6783,,No,,Yes,No
3577,,Tartan,,<strong>Paxton</strong>,Scottish,61140,,No,,Yes,No
3576,,Tartan,,"<strong>Paxton #2</strong>",,6691,,No,,Yes,No
3575,,Tartan,,"<strong>Patterson Red</strong>",,2191,,No,,Yes,No
3574,,Tartan,,"<strong>Patterson Blue</strong>",,2325,,No,,Yes,No
3572,,Tartan,,<strong>Paton</strong>,,2128,,No,,Yes,No
3566,,Tartan,,<strong>Parr</strong>,,439,,No,,Yes,No
3565,,Tartan,,<strong>Parma</strong>,,5516,,No,,Yes,No
3563,,Tartan,,"<strong>Parkhead District</strong>",,6220,,No,,Yes,No
3560,,Tartan,,"<strong>Park Estate</strong>",,5519,,No,,Yes,No
3558,,Tartan,,"<strong>Papua New Guinea</strong>",,7235,,No,,Yes,No
3556,,Tartan,,"<strong>Palmer General W.J.</strong>",,4971,,No,,Yes,No
3555,,Tartan,,"<strong>Palmer Edward</strong>",,4796,,No,,Yes,No
3554,,Tartan,,"<strong>Palmer Arnold</strong>",,6482,,No,,Yes,No
3685,,Tartan,,"<strong>Prince of Orange #2</strong>",,365,,No,,Yes,No
3552,,Tartan,,"<strong>Palatine Union</strong>",,6802,,No,,Yes,No
3549,,Tartan,,<strong>Pacific</strong>,,5523,,No,,Yes,No
3548,,Tartan,,"<strong>Oxford University</strong>",,2652,,No,,Yes,No
3547,,Tartan,,"<strong>Oxford Dress</strong>",,2653,,No,,Yes,No
3545,,Tartan,,"<strong>Over Mountain District</strong>",,2448,,No,,Yes,No
3544,,Tartan,,"<strong>Ottawa City</strong>",,2021,,No,,Yes,No
3542,,Tartan,,"<strong>Otago District</strong>",,2317,,No,,Yes,No
3541,,Tartan,,"<strong>Orvis Sports Company</strong>",,4222,,No,,Yes,No
3539,,Tartan,,"<strong>Orr (John) personal; Dirk, The Brotherhood of</strong>",Scottish,43914,,No,,Yes,No
3537,,Tartan,,"<strong>Orlando Police Department</strong>",,6054,,No,,Yes,No
3536,,Tartan,,"<strong>Orlando Fire Department</strong>",,3090,,No,,Yes,No
3535,,Tartan,,"<strong>Orlando City</strong>",,3045,,No,,Yes,No
3534,,Tartan,,"<strong>Orlando City Dress</strong>",,6053,,No,,Yes,No
3533,,Tartan,,"<strong>Orkney </strong>",,2681,,No,,Yes,No
3818,,Tartan,,"<strong>Robb Red</strong>",,3158,,No,,Yes,No
3857,,Tartan,,"<strong>Rome City</strong>",,6697,,No,,Yes,No
3856,,Tartan,,"<strong>Romantic Scotland Madonna</strong>",,3982,,No,,Yes,No
3854,,Tartan,,<strong>Rollings</strong>,,3108,,No,,Yes,No
3851,,Tartan,,"<strong>Roeger (Rocky) personal; German Heritage</strong>",,7016,,No,,Yes,No
3850,,Tartan,,"<strong>Roeger (Rocky) personal; German American</strong>",,7017,,No,,Yes,No
3844,,Tartan,,"<strong>Roderick Dhu</strong>",,153,,No,,Yes,No
3840,,Tartan,,"<strong>Robinson, Barbara Ann (Personal)</strong>",,6722,,No,,Yes,No
3839,,Tartan,,"<strong>Robin Hood</strong><br/>[AKA] MacGregor <strong>Rob Roy; Hunting</strong>",,785,,No,,Yes,No
3838,,Tartan,,"<strong>Robieson Playfield Playfield House</strong>",,6905,,No,,Yes,No
3837,,Tartan,,<strong>Robieson</strong>,,6869,,No,,Yes,No
3836,,Tartan,,"<strong>Robieson #2</strong>",,6723,,No,,Yes,No
3834,,Tartan,,"<strong>Robieson (Graham) personal</strong>",,6724,,No,,Yes,No
3822,,Tartan,,"<strong>Robert Gordon University</strong>",,2450,,No,,Yes,No
3820,,Tartan,,<strong>Robberstad</strong>,,6656,,No,,Yes,No
3819,,Tartan,,<strong>Robb</strong>,,3157,,No,,Yes,No
3860,,Tartan,,"<strong>Roscommon Irish County</strong>",Irish,2246,,No,"House of Edgar",Yes,No
3817,,Tartan,,"<strong>Rob Roy (Film)</strong>",,7026,,No,,Yes,No
3815,,Tartan,,<strong>Ritch</strong>,,1698,,No,,Yes,No
3814,,Tartan,,"<strong>Rikaco (Japan) personal; Morning Dew 2</strong>",,6392,,No,,Yes,No
3813,,Tartan,,"<strong>Rikaco (Japan) personal; Morning Dew 1</strong>",,3932,,No,,Yes,No
3812,,Tartan,,"<strong>Rikaco (Japan) personal; Holiday</strong>",Scottish,44898,,No,,Yes,No
3810,,Tartan,,"<strong>Rikaco (Japan) personal; Classic</strong>",,3931,,No,,Yes,No
3807,,Tartan,,<strong>Richmond</strong>,,55,,No,,Yes,No
3805,,Tartan,,<strong>Richecourt</strong>,,6225,,No,,Yes,No
3802,,Tartan,,"<strong>Rhode Island State</strong>",,2659,,No,,Yes,No
3799,,Tartan,,<strong>Rennie</strong>,,716,,No,,Yes,No
3798,,Tartan,,<strong>Renfrew</strong>,,5413,,No,,Yes,No
3797,,Tartan,,"<strong>Renfrew 2</strong>",,5414,,No,,Yes,No
3795,,Tartan,,"<strong>Reilly (Mearns) personal; Reilly fae the Mearns</strong>",Scottish,66687,,No,,Yes,No
3793,,Tartan,,"<strong>Reid of Straloch</strong>",,4079,,No,,Yes,No
3788,,Tartan,,"<strong>Rei Okamoto</strong>",,7305,,No,,Yes,No
3900,,Tartan,,"<strong>Royal British Legion</strong>",,2452,,No,,Yes,No
3924,,Tartan,,"<strong>Russian Scottish</strong>",,7254,,No,,Yes,No
3922,,Tartan,,<strong>Rui</strong>,,5391,,No,,Yes,No
3919,,Tartan,,"<strong>Royal Society for the Prevention of Cruelty to Children Heather</strong><br/>[AKA] <strong>RSPCC</strong>",,2108,,No,,Yes,No
3918,,Tartan,,"<strong>Royal Scottish Pipe Band Association</strong>",,2623,,No,,Yes,No
3917,,Tartan,,"<strong>Royal Scottish Country Dance Society</strong><br/>[AKA] <strong>RSCDS</strong>",,6975,,No,,Yes,No
3916,,Tartan,,"<strong>Royal Scottish Corporation</strong>",,6907,,No,,Yes,No
3915,,Tartan,,"<strong>Royal Scottish Assurance</strong>",,2190,,No,,Yes,No
3914,,Tartan,,"<strong>Royal Scottish Agricultural Benefits Institution</strong>",,5393,,No,,Yes,No
3913,,Tartan,,"<strong>Royal Pharmaceutical Society</strong>",,2091,,No,,Yes,No
3909,,Tartan,,"<strong>Royal Delight</strong>",,5397,,No,,Yes,No
3908,,Tartan,,"<strong>Royal Columbian of Canada</strong>",,1900,,No,,Yes,No
3904,,Tartan,,"<strong>Royal College of Midwives</strong>",,5766,,No,,Yes,No
3903,,Tartan,,"<strong>Royal College of General Practitioners</strong>",,3175,,No,,Yes,No
3902,,Tartan,,"<strong>Royal Canadian Mounted Police</strong>",,2447,,No,,Yes,No
3901,,Tartan,,"<strong>Royal Canadian Air Force</strong>",,1343,,No,,Yes,No
3787,,Tartan,,<strong>Regent</strong>,,341,,No,,Yes,No
3899,,Tartan,,"<strong>Royal Australian Air Force #5</strong>",,3146,,No,,Yes,No
3898,,Tartan,,"<strong>Royal Australian Air Force #4</strong>",,3145,,No,,Yes,No
3897,,Tartan,,"<strong>Royal Australian Air Force #3</strong>",,3143,,No,,Yes,No
3896,,Tartan,,"<strong>Royal Australian Air Force #2</strong>",,3144,,No,,Yes,No
3895,,Tartan,,"<strong>Royal Australian Air Force #1</strong>",,3142,,No,,Yes,No
3894,,Tartan,,"<strong>Royal Ashburn Golf Club</strong>",,6779,,No,,Yes,No
3892,,Tartan,,"<strong>Royal Agricultural Winter Fair</strong>",,5408,,No,,Yes,No
3891,,Tartan,,"<strong>Royal & Ancient</strong><br/>[AKA] <strong>St Andrews Royal & Ancient</strong>",,2193,,No,,Yes,No
3890,,Tartan,,"<strong>Roxburgh Red</strong><br/>[AKA] Haig [default]<br/>[AKA] Riddell [default]<br/>[AKA] Rutherford <strong>of Roxburgh</strong>",,140,,No,,Yes,No
3889,,Tartan,,"<strong>Roxburgh Green</strong>",,500,,No,,Yes,No
3888,,Tartan,,<strong>Rowardennan</strong>,,5409,,No,,Yes,No
3887,,Tartan,,<strong>Rowan</strong>,,2067,,No,,Yes,No
3879,,Tartan,,<strong>Rossi</strong>,,6897,,No,,Yes,No
3868,,Tartan,,<strong>Rosie</strong>,,6730,,No,,Yes,No
3703,,Tartan,,"<strong>Pringle, James</strong>",,5293,,No,,Yes,No
3726,,Tartan,,"<strong>Queen Victoria; Artifact</strong>",,1547,,No,,Yes,No
3722,,Tartan,,"<strong>Queen Mary RMS</strong>",,2700,,No,,Yes,No
3721,,Tartan,,"<strong>Queen Alexandra</strong>",,972,,No,,Yes,No
3720,,Tartan,,"<strong>Quebec Provincial</strong>",,1949,,No,,Yes,No
3719,,Tartan,,"<strong>Quebec Centennial Dress</strong>",,3137,,No,,Yes,No
3718,,Tartan,,"<strong>Quebec Centennial</strong>",,1966,,No,,Yes,No
3717,,Tartan,,<strong>Quadra</strong>,,5445,,No,,Yes,No
3716,,Tartan,,"<strong>Quaboos Regimental Pipers Plaid</strong>",,1806,,No,,Yes,No
3715,,Tartan,,"<strong>Quabboos Sultan of; Air Force</strong>",,5165,,No,,Yes,No
3714,,Tartan,,"<strong>Purple Watch</strong>",,3075,,No,,Yes,No
3713,,Tartan,,"<strong>Purdy (Illinois) personal; Black #2</strong>",,67,,No,,Yes,No
3710,,Tartan,,<strong>Puffin</strong>,,2374,,No,,Yes,No
3709,,Tartan,,"<strong>PSD Operation Iraqi Freedom</strong>",,6877,,No,,Yes,No
3706,,Tartan,,"<strong>Proctor (Alan) personal; #2</strong>",,40894,,No,,Yes,No
3704,,Tartan,,"<strong>Printing Industries of America</strong>",,5446,,No,,Yes,No
3727,,Tartan,,"<strong>Queen Victoria; Highland Dress</strong>",,1677,,No,,Yes,No
3699,,Tartan,,"<strong>Princess Mary</strong>",,5449,,No,,Yes,No
3698,,Tartan,,"<strong>Princess Marina</strong>",,6036,,No,,Yes,No
3697,,Tartan,,"<strong>Princess Margaret Rose; </strong>",,986,,No,,Yes,No
3696,,Tartan,,"<strong>Princess Louise</strong>",,5458,,No,,Yes,No
3695,,Tartan,,"<strong>Princess Elizabeth; </strong>",,1613,,No,,Yes,No
3694,,Tartan,,"<strong>Princess Elizabeth; #2</strong>",,1444,,No,,Yes,No
3693,,Tartan,,"<strong>Princess Beatrice; </strong>",,1206,,No,,Yes,No
3692,,Tartan,,"<strong>Princess Beatrice; Hunting #2</strong>",,545,,No,,Yes,No
3691,,Tartan,,"<strong>Princess Beatrice; Hunting</strong>",,5467,,No,,Yes,No
3690,,Tartan,,"<strong>Princess Beatrice; Dress Dance</strong>",,1169,,No,,Yes,No
3689,,Tartan,,"<strong>Prince's Own; </strong>",,981,,No,,Yes,No
3688,,Tartan,,"<strong>Prince of Wales</strong>",Welsh,3306,,No,"Marton Mills",Yes,No
3687,,Tartan,,"<strong>Prince of Wales Check</strong>",Welsh,3309,,No,,Yes,No
3686,,Tartan,,"<strong>Prince of Orange</strong>",,389,,No,,Yes,No
3765,,Tartan,,<strong>Rathmore</strong>,,1518,,No,,Yes,No
3785,,Tartan,,<strong>Regalia</strong>,,5418,,No,,Yes,No
3784,,Tartan,,"<strong>Reflections of the Sea</strong>",,5419,,No,,Yes,No
3783,,Tartan,,<strong>Reese</strong>,,6915,,No,,Yes,No
3781,,Tartan,,<strong>Redwoods</strong>,,5422,,No,,Yes,No
3780,,Tartan,,<strong>Redwood</strong>,,5423,,No,,Yes,No
3779,,Tartan,,<strong>Redland</strong>,,6070,,No,,Yes,No
3778,,Tartan,,"<strong>Red White Blue Watch Dress</strong>",,5424,,No,,Yes,No
3777,,Tartan,,"<strong>Red Watch</strong>",,5427,,No,,Yes,No
3776,,Tartan,,"<strong>Red Rum</strong>",,1217,,No,,Yes,No
3775,,Tartan,,"<strong>Red Hatters United</strong>",,7177,,No,,Yes,No
3774,,Tartan,,"<strong>Red Deer, City</strong>",,5430,,No,,Yes,No
3773,,Tartan,,"<strong>Red Chapeau</strong>",,7212,,No,,Yes,No
3772,,Tartan,,"<strong>Red Bull</strong><br/>[AKA] <strong>Tarbh Deargh</strong>",,3974,,No,,Yes,No
3770,,Tartan,,"<strong>Reagan, (Personal)</strong>",,6612,,No,,Yes,No
3768,,Tartan,,"<strong>Raymond of Doune</strong>",,5437,,No,,Yes,No
3439,,Tartan,,"<strong>Norwich Collection #063</strong>",,5554,,No,,Yes,No
3764,,Tartan,,"<strong>Rannoch Red</strong>",,5438,,No,,Yes,No
3763,,Tartan,,<strong>Ranking</strong>,,3242,,No,,Yes,No
3755,,Tartan,,"<strong>Rangers Football Club 1989</strong>",,2062,,No,,Yes,No
3749,,Tartan,,<strong>Ramada</strong>,,6374,,No,,Yes,No
3746,,Tartan,,"<strong>Raleigh Pipe Band</strong>",,3887,,No,,Yes,No
3745,,Tartan,,<strong>Rajput</strong>,,6047,,No,,Yes,No
3743,,Tartan,,"<strong>Rainbow Fort Worth</strong>",,5999,,No,,Yes,No
3742,,Tartan,,"<strong>Rainbow Canada</strong>",,5442,,No,,Yes,No
3741,,Tartan,,<strong>Rafferty</strong>,,6749,,No,,Yes,No
3737,,Tartan,,"<strong>Quinn Hunting</strong>",,47526,,No,,Yes,No
3732,,Tartan,,"<strong>Queensland District</strong>",,2618,,No,,Yes,No
3731,,Tartan,,"<strong>Queensferry District</strong>",,3138,,No,,Yes,No
3729,,Tartan,,"<strong>Queen Victoria; </strong>",,1675,,No,,Yes,No
3728,,Tartan,,"<strong>Queen Victoria; Royal</strong>",,1600,,No,,Yes,No
3047,,Tartan,,"<strong>Maple Leaf Dress #2</strong>",,6682,,No,,Yes,No
3079,,Tartan,,"<strong>Matheson, Hunting Dress (Personal)</strong>",,6368,,No,,Yes,No
3076,,Tartan,,<strong>Massie</strong>,,6631,,No,,Yes,No
3075,,Tartan,,"<strong>Massachusetts</strong><br/>[AKA] <strong>Bay State</strong>",,4543,,No,,Yes,No
3074,,Tartan,,"<strong>Massachusetts #2</strong>",,2676,,No,,Yes,No
3073,,Tartan,,"<strong>Maryville College</strong>",,6154,,No,,Yes,No
3072,,Tartan,,<strong>Maryland</strong>,,5920,,No,,Yes,No
3070,,Tartan,,"<strong>Mary Erskine School</strong><br/>[AKA] MacGregor <strong>of Deeside</strong>",,2185,,No,,Yes,No
3066,,Tartan,,"<strong>Martin, Bob (R.W.'s Fancy) (Personal)</strong>",,6590,,No,,Yes,No
3058,,Tartan,,<strong>Mariverain</strong>,,2327,,No,,Yes,No
3057,,Tartan,,"<strong>Marist School</strong>",,2376,,No,,Yes,No
3056,,Tartan,,<strong>Marino</strong>,,5704,,No,,Yes,No
3053,,Tartan,,"<strong>Marie Curie</strong><br/>[AKA] <strong>Fields of Hope</strong>",,2463,,No,,Yes,No
3051,,Tartan,,<strong>Marchmont</strong>,,2521,,No,,Yes,No
3050,,Tartan,,"<strong>Marchioness of Huntly #2</strong>",,5703,,No,,Yes,No
3048,,Tartan,,"<strong>Maple Leaf</strong><br/>[AKA] <strong>Canada</strong><br/>[AKA] <strong>Canadian</strong>",,2034,,No,,Yes,No
3080,,Tartan,,"<strong>Matheson (Personal)</strong>",,3458,,No,,Yes,No
3046,,Tartan,,"<strong>Maple Leaf Dress</strong>",,2033,,No,,Yes,No
3045,,Tartan,,"<strong>Maple Leaf Blue</strong><br/>[AKA] <strong>Ontario School</strong>",,5702,,No,,Yes,No
3044,,Tartan,,"<strong>Manx; Snaefell Snaefell</strong><br/>[AKA] <strong>Turnberry #2</strong>",,5319,,No,,Yes,No
3043,,Tartan,,<strong>Mantle</strong>,,6945,,No,,Yes,No
3041,,Tartan,,<strong>Manroth</strong>,,3924,,No,,Yes,No
3036,,Tartan,,"<strong>Manitoba Provincial</strong>",,144,,No,,Yes,No
3035,,Tartan,,"<strong>Manitoba Dress Dance</strong>",,5699,,No,,Yes,No
3034,,Tartan,,"<strong>Manhattan Financial</strong>",,2603,,No,,Yes,No
3033,,Tartan,,"<strong>Manhattan Ethnic</strong>",,2604,,No,,Yes,No
3031,,Tartan,,"<strong>Manderson #2</strong>",,5713,,No,,Yes,No
3030,,Tartan,,"<strong>Mandela Nelson</strong>",,6601,,No,,Yes,No
3029,,Tartan,,"<strong>Mandela Commemorative</strong>",,2359,,No,,Yes,No
3028,,Tartan,,"<strong>Malmo Sky blue</strong>",,7010,,No,,Yes,No
3027,,Tartan,,"<strong>Malliou Despina</strong>",,63,,No,,Yes,No
3022,,Tartan,,"<strong>Makhtoum Regimental</strong>",,1531,,No,,Yes,No
3131,,Tartan,,<strong>Melieres</strong>,,1171,,No,,Yes,No
3181,,Tartan,,<strong>Micron</strong>,,3822,,No,,Yes,No
3179,,Tartan,,"<strong>Michigan State Police</strong>",,6900,,No,,Yes,No
3178,,Tartan,,"<strong>Michigan State</strong>",,3473,,No,,Yes,No
3176,,Tartan,,<strong>Michaluk</strong>,,6217,,No,,Yes,No
3175,,Tartan,,<strong>Michael</strong>,,5895,,No,,Yes,No
3174,,Tartan,,"<strong>Mica Green</strong>",,3472,,No,,Yes,No
3171,,Tartan,,"<strong>Methodist Church</strong>",,6794,,No,,Yes,No
3162,,Tartan,,"<strong>Mercer, USA (Personal)</strong>",,5880,,No,,Yes,No
3161,,Tartan,,"<strong>Mercer, UK (Personal)</strong>",,6839,,No,,Yes,No
3141,,Tartan,,"<strong>Menteith District</strong>",,929,,No,,Yes,No
3140,,Tartan,,<strong>Mensah</strong>,,6216,,No,,Yes,No
3139,,Tartan,,"<strong>Mens Bigi</strong>",,6101,,No,,Yes,No
3138,,Tartan,,"<strong>Menez Du</strong>",,6462,,No,,Yes,No
3134,,Tartan,,<strong>Melrose</strong>,,3926,,No,,Yes,No
3133,,Tartan,,"<strong>Melrose of Alabama</strong>",,4151,,No,,Yes,No
3019,,Tartan,,"<strong>Maine State</strong>",,502,,No,,Yes,No
3130,,Tartan,,"<strong>Melieres #2</strong>",,1168,,No,,Yes,No
3129,,Tartan,,<strong>Melange</strong>,,3466,,No,,Yes,No
3128,,Tartan,,<strong>Mehrtens</strong>,,6878,,No,,Yes,No
3127,,Tartan,,"<strong>Mehrtens #2</strong><br/>[AKA] <strong>Clifton's fancy</strong>",,6879,,No,,Yes,No
3126,,Tartan,,"<strong>Meeting Professionals</strong>",,5962,,No,,Yes,No
3125,,Tartan,,"<strong>Meath Irish County</strong>",Irish,2269,,No,"House of Edgar",Yes,No
3124,,Tartan,,"<strong>Me to You</strong>",,6506,,No,,Yes,No
3123,,Tartan,,<strong>McMain</strong>,,6813,,No,,Yes,No
3121,,Tartan,,"<strong>McGill (David) personal; Submariners</strong>",Scottish,43570,,No,"Restricted Fabrics",Yes,No
3093,,Tartan,,<strong>Mazarian</strong>,,6728,,No,,Yes,No
3092,,Tartan,,"<strong>Mayo Irish County</strong>",Irish,2270,,No,"House of Edgar",Yes,No
3086,,Tartan,,<strong>Maud</strong>,,268,,No,,Yes,No
3085,,Tartan,,<strong>Matthews</strong>,,7003,,No,,Yes,No
3083,,Tartan,,"<strong>Matlock GC</strong>",Scottish,45052,,No,,Yes,No
2796,,Tartan,,"<strong>MacKay, John W (Personal)</strong>",,2283,,No,,Yes,No
2879,,Tartan,,"<strong>MacLellan #2 (Personal)</strong>",,1224,,No,,Yes,No
2876,,Tartan,,"<strong>MacLean of Kingairloch</strong>",Scottish,61,,No,,Yes,No
2868,,Tartan,,"<strong>MacLean, Donald (Personal)</strong>",,3440,,No,,Yes,No
2853,,Tartan,,"<strong>MacKusick, Piper #2</strong>",,3430,,No,,Yes,No
2852,,Tartan,,"<strong>MacKusick, Piper #1</strong>",,3429,,No,,Yes,No
2851,,Tartan,,<strong>MacKnight</strong>,,6213,,No,,Yes,No
2850,,Tartan,,"<strong>MacKnight Dress</strong>",,6214,,No,,Yes,No
2849,,Tartan,,<strong>Mackison</strong>,,7089,,No,,Yes,No
2828,,Tartan,,<strong>MacKessog</strong>,,6928,,No,,Yes,No
2827,,Tartan,,<strong>MacKerrigan</strong>,,7234,,No,,Yes,No
2822,,Tartan,,"<strong>MacKenzie Morgan #2 (Personal)</strong><br/>[AKA] <strong>#2</strong>",,64709,,No,,Yes,No
2805,,Tartan,,"<strong>MacKean (Personal)</strong>",,1060,,No,,Yes,No
2804,,Tartan,,"<strong>MacKean, Red (Personal)</strong>",,1604,,No,,Yes,No
2802,,Tartan,,"<strong>MacKean Dress (Personal)</strong>",,2339,,No,,Yes,No
2801,,Tartan,,"<strong>MacKean #2 (Personal)</strong>",,1442,,No,,Yes,No
2880,,Tartan,,"<strong>MacLellan, Dress (Personal)</strong>",,1225,,No,,Yes,No
2790,,Tartan,,"<strong>MacIver of Strathendry; Hunting</strong>",,3397,,No,,Yes,No
2786,,Tartan,,<strong>Maciocia</strong>,,7158,,No,,Yes,No
2776,,Tartan,,"<strong>MacInroy #2 (Personal)</strong><br/>[AKA] MacInroy <strong>#</strong>",,133,,No,,Yes,No
2766,,Tartan,,<strong>MacHattie</strong>,,5917,,No,,Yes,No
2765,,Tartan,,"<strong>MacHatters of the Old Pueblo</strong>",,7102,,No,,Yes,No
2761,,Tartan,,<strong>Machair</strong>,,2430,,No,,Yes,No
2759,,Tartan,,<strong>MacGuire</strong>,,2427,,No,,Yes,No
2756,,Tartan,,"<strong>MacGuffy School</strong>",,3379,,No,,Yes,No
2741,,Tartan,,"<strong>MacGregor, Black (Personal)</strong>",,6588,,No,,Yes,No
2740,,Tartan,,"<strong>MacGregor, Black  #2 (Personal)</strong>",,6988,,No,,Yes,No
2738,,Tartan,,<strong>MacGran</strong>,,6901,,No,,Yes,No
2727,,Tartan,,"<strong>Pauline MacGillivray (Personal)</strong>",,6367,,No,,Yes,No
2725,,Tartan,,"<strong>MacGill #2 (Personal)</strong>",,3420,,No,,Yes,No
2722,,Tartan,,<strong>MacGeachie</strong>,,7291,,No,,Yes,No
2923,,Tartan,,<strong>MacMoosie</strong>,,3933,,No,,Yes,No
3018,,Tartan,,"<strong>Maine State #2</strong>",,3068,,No,,Yes,No
3017,,Tartan,,<strong>Maier</strong>,,6211,,No,,Yes,No
3012,,Tartan,,"<strong>Made in Scotland</strong>",,6210,,No,,Yes,No
3011,,Tartan,,<strong>Madder</strong>,,5693,,No,,Yes,No
3006,,Tartan,,<strong>MacWatts</strong>,,6662,,No,,Yes,No
3003,,Tartan,,<strong>MacTeddy</strong>,,3985,,No,,Yes,No
3002,,Tartan,,<strong>MacTear</strong>,Scottish,47523,,No,,Yes,No
3001,,Tartan,,"<strong>MacTear Hunting</strong>",,33538,,No,,Yes,No
2994,,Tartan,,<strong>MacSween</strong>,,30,,No,,Yes,No
2991,,Tartan,,<strong>MacShimsi</strong>,,7318,,No,,Yes,No
2971,,Tartan,,"<strong>MacPrato</strong><br/>[AKA] <strong>Prato Tuscany</strong>",,5838,,No,,Yes,No
2949,,Tartan,,<strong>MacPartlin</strong>,,7244,,No,,Yes,No
2931,,Tartan,,"<strong>MacNathair Sgianach</strong>",,3497,,No,,Yes,No
2930,,Tartan,,<strong>MacNamara</strong>,,6432,,No,,Yes,No
2925,,Tartan,,<strong>MacMunn</strong>,,7272,,No,,Yes,No
3183,,Tartan,,"<strong>Middleton City</strong>",,6466,,No,,Yes,No
2922,,Tartan,,"<strong>MacMoosie Hunting</strong>",,3102,,No,,Yes,No
2921,,Tartan,,"<strong>MacMillen, Hugh E. Memorial</strong>",,6064,,No,,Yes,No
2920,,Tartan,,"<strong>MacMillan Society of Glasgow</strong>",,1271,,No,,Yes,No
2912,,Tartan,,"<strong>MacMichael (Personal)</strong>",,2063,,No,,Yes,No
2910,,Tartan,,"<strong>MacMaster, USA #2 (Personal)</strong>",,822,,No,,Yes,No
2908,,Tartan,,<strong>MacManus</strong>,,6753,,No,,Yes,No
2907,,Tartan,,<strong>MacLoughlin</strong>,,2096,,No,,Yes,No
2906,,Tartan,,<strong>MacLion</strong>,,2658,,No,,Yes,No
2903,,Tartan,,"<strong>MacLeods Highlanders</strong>",,581,,No,,Yes,No
2902,,Tartan,,"<strong>MacLeod Society</strong>",,2375,,No,,Yes,No
2901,,Tartan,,"<strong>MacLeod, Wedding (Personal)</strong><br/>[AKA] <strong>Wedding</strong><br/>[AKA] MacDougal <strong>Arisaid</strong>",,5806,,No,,Yes,No
2899,,Tartan,,"<strong>MacLeod, Pink (Personal)</strong>",,6434,,No,,Yes,No
2889,,Tartan,,"<strong>MacLeod of Argentina</strong>",,627,,No,,Yes,No
2881,,Tartan,,"<strong>MacLellan, Hunting (Personal)</strong>",,1382,,No,,Yes,No
3345,,Tartan,,"<strong>New Brunswick #2</strong>",,2026,,No,,Yes,No
3361,,Tartan,,"<strong>New York State Police Pipe Band</strong>",,5619,,No,,Yes,No
3360,,Tartan,,"<strong>New York Fire Dept. Pipe Band</strong>",,60,,No,,Yes,No
3359,,Tartan,,"<strong>New York City</strong><br/>[AKA] <strong>Tunes of Glory</strong>",,3812,,No,,Yes,No
3358,,Tartan,,"<strong>New South Wales</strong>",,2492,,No,,Yes,No
3357,,Tartan,,"<strong>New South Wales Waratah</strong>",,4157,,No,,Yes,No
3356,,Tartan,,"<strong>New South Wales Scottish Rifles</strong>",,226,,No,,Yes,No
3355,,Tartan,,"<strong>New Providence Presbyterian Church</strong>",,3885,,No,,Yes,No
3354,,Tartan,,"<strong>New Millennium</strong>",,5622,,No,,Yes,No
3353,,Tartan,,"<strong>New Mexico State of</strong>",,2522,,No,,Yes,No
3352,,Tartan,,"<strong>New Mexico Land of Enchantment</strong>",,2530,,No,,Yes,No
3351,,Tartan,,"<strong>New Market Battlefield</strong>",,4175,,No,,Yes,No
3350,,Tartan,,"<strong>New Loudoun</strong>",,5623,,No,,Yes,No
3348,,Tartan,,"<strong>New Club Centenary</strong>",,3911,,No,,Yes,No
3347,,Tartan,,"<strong>New Brunswick</strong>",,1880,,No,,Yes,No
3346,,Tartan,,"<strong>New Brunswick #3</strong>",,5848,,No,,Yes,No
3362,,Tartan,,"<strong>New York State Troopers</strong>",,6899,,No,,Yes,No
3344,,Tartan,,"<strong>Nevis Dress</strong>",,5625,,No,,Yes,No
3343,,Tartan,,"<strong>Nevada State</strong>",,3091,,No,,Yes,No
3339,,Tartan,,"<strong>Neil Orr</strong>",Scottish,63223,,No,,Yes,No
3338,,Tartan,,"<strong>Nebraska University</strong>",,6955,,No,,Yes,No
3337,,Tartan,,<strong>Nazarian</strong>,,7144,,No,,Yes,No
3336,,Tartan,,"<strong>Naysmith Personal</strong>",,2319,,No,,Yes,No
3335,,Tartan,,"<strong>National, The</strong>",,3186,,No,,Yes,No
3334,,Tartan,,"<strong>National Wedding</strong>",,5628,,No,,Yes,No
3330,,Tartan,,"<strong>National Millennium</strong><br/>[AKA] <strong>McLennium</strong>",,1775,,No,,Yes,No
3329,,Tartan,,"<strong>National Millennium #2</strong>",,2513,,No,,Yes,No
3326,,Tartan,,"<strong>National Ballet of Canada</strong>",,5631,,No,,Yes,No
3325,,Tartan,,"<strong>National Archives</strong>",Scottish,59129,,No,,Yes,No
3324,,Tartan,,"<strong>Nashotah House</strong>",,5632,,No,,Yes,No
3317,,Tartan,,<strong>Myron</strong>,,1105,,No,,Yes,No
3316,,Tartan,,"<strong>MX-5 Owners' Club</strong>",,6208,,No,,Yes,No
3393,,Tartan,,"<strong>Nooten-Boom (A) personal</strong>",,4021,,No,,Yes,No
3417,,Tartan,,"<strong>Norwich Collection #007</strong>",,5580,,No,,Yes,No
3416,,Tartan,,"<strong>Norwich Collection #005</strong>",,5581,,No,,Yes,No
3415,,Tartan,,"<strong>Norwich Collection #001</strong>",,5583,,No,,Yes,No
3411,,Tartan,,<strong>Norway</strong>,International,73967,,No,,Yes,No
3410,,Tartan,,"<strong>Northern Ontario</strong>",,5524,,No,,Yes,No
3408,,Tartan,,<strong>Northcroft</strong>,,2459,,No,,Yes,No
3407,,Tartan,,"<strong>North West Territories</strong>",,662,,No,,Yes,No
3406,,Tartan,,"<strong>North West Territories Nor Westers</strong>",,1067,,No,,Yes,No
3405,,Tartan,,"<strong>North West Territories Mounted Police</strong>",,1652,,No,,Yes,No
3403,,Tartan,,"<strong>North Sea Commission</strong>",,6938,,No,,Yes,No
3401,,Tartan,,"<strong>North Berwick Dance</strong>",,2342,,No,,Yes,No
3400,,Tartan,,"<strong>North American Sheep Breeders Association</strong>",,7097,,No,,Yes,No
3396,,Tartan,,<strong>Normandy</strong>,,6658,,No,,Yes,No
3395,,Tartan,,"<strong>Norham and Ladykirk District</strong>",,3333,,No,,Yes,No
3394,,Tartan,,<strong>Nor'Westers</strong>,,6626,,No,,Yes,No
3315,,Tartan,,"<strong>Morar Dress Dance</strong>",,65112,,No,,Yes,No
3391,,Tartan,,"<strong>Nobiliary Fraternity</strong><br/>[AKA] <strong>No.217</strong>",,6997,,No,,Yes,No
3390,,Tartan,,"<strong>Nithsdale District</strong>",,533,,No,,Yes,No
3378,,Tartan,,<strong>Nibley</strong>,,2338,,No,,Yes,No
3377,,Tartan,,"<strong>Niagara Region</strong>",,7110,,No,,Yes,No
3376,,Tartan,,"<strong>Niagara Falls</strong>",,1915,,No,,Yes,No
3375,,Tartan,,"<strong>NHS National Health Service</strong>",,6219,,No,,Yes,No
3374,,Tartan,,"<strong>Newton Primary School</strong>",,2417,,No,,Yes,No
3373,,Tartan,,"<strong>Newsome (Matthew) personal; New House Highland</strong>",USA,69046,,No,,Yes,No
3372,,Tartan,,"<strong>Newsome (Matthew) personal; Franklin Museum</strong>",,3084,,No,,Yes,No
3371,,Tartan,,<strong>Newmill</strong>,,2053,,No,,Yes,No
3367,,Tartan,,<strong>Newfoundland</strong>,,1543,,No,,Yes,No
3366,,Tartan,,<strong>Newall</strong>,Scottish,63973,,No,,Yes,No
3365,,Tartan,,"<strong>New Zealand</strong>",,5790,,No,,Yes,No
3364,,Tartan,,"<strong>New Zealand #2</strong>",,4215,,No,,Yes,No
3203,,Tartan,,<strong>Minster</strong>,,5679,,No,,Yes,No
3229,,Tartan,,<strong>Montana</strong>,,3877,,No,,Yes,No
3228,,Tartan,,"<strong>Monmouth College</strong>",,5672,,No,,Yes,No
3227,,Tartan,,<strong>Monica</strong>,,5673,,No,,Yes,No
3225,,Tartan,,"<strong>Moncrieffe of Atholl #2</strong>",,2517,,No,,Yes,No
3222,,Tartan,,"<strong>Monarch of the Glen</strong>",,4542,,No,,Yes,No
3221,,Tartan,,"<strong>Monarch Airlines</strong>",,4213,,No,,Yes,No
3220,,Tartan,,"<strong>Monaghan Irish County</strong>",Irish,2267,,No,"House of Edgar",Yes,No
3215,,Tartan,,<strong>Modowny</strong>,,5677,,No,,Yes,No
3214,,Tartan,,"<strong>MMK 1777; </strong>",,5714,,No,,Yes,No
3209,,Tartan,,<strong>Mississippi</strong>,,6789,,No,,Yes,No
3208,,Tartan,,"<strong>Mission District</strong>",Canadian,72242,,No,,Yes,No
3207,,Tartan,,<strong>Mission</strong>,,2669,,No,,Yes,No
3206,,Tartan,,"<strong>Miss Peffer's Plaid</strong>",,3963,,No,,Yes,No
3205,,Tartan,,<strong>Mirro</strong>,,6218,,No,,Yes,No
3204,,Tartan,,<strong>Miramichi</strong>,,5678,,No,,Yes,No
3232,,Tartan,,"<strong>Montgomery, Stuart (Personal)</strong>",,6062,,No,,Yes,No
3201,,Tartan,,<strong>Minnesota</strong>,,3930,,No,,Yes,No
3200,,Tartan,,"<strong>Minnesota Dress</strong>",,3929,,No,,Yes,No
3199,,Tartan,,<strong>Mingulay</strong>,,3475,,No,,Yes,No
3198,,Tartan,,"<strong>Mina Perhonen</strong>",,5797,,No,,Yes,No
3197,,Tartan,,<strong>Milton</strong>,,4176,,No,,Yes,No
3196,,Tartan,,<strong>Milne</strong>,,634,,No,,Yes,No
3195,,Tartan,,"<strong>Milne Dress; Royal Blue</strong>",,59675,,No,,Yes,No
3194,,Tartan,,"<strong>Milne Dress; Red</strong>",,59674,,No,,Yes,No
3193,,Tartan,,"<strong>Milne Dress; Purple</strong>",,64712,,No,,Yes,No
3192,,Tartan,,"<strong>Milne Dress; Green</strong>",,59676,,No,,Yes,No
3189,,Tartan,,<strong>Milligan</strong>,,6035,,No,,Yes,No
3186,,Tartan,,"<strong>Millennium Langholm</strong>",,3474,,No,,Yes,No
3185,,Tartan,,"<strong>Militello (Palermo) Dress #2</strong>",Scottish,43880,,No,,Yes,No
3184,,Tartan,,"<strong>Militello (Palermo) Dress</strong>",International,69799,,No,,Yes,No
3266,,Tartan,,"<strong>Mothers' Union</strong>",International,57479,,No,,Yes,No
3314,,Tartan,,"<strong>Musselburgh District</strong>",,620,,No,,Yes,No
3313,,Tartan,,"<strong>Muskoka Canada</strong>",,1799,,No,,Yes,No
3311,,Tartan,,"<strong>Murtaugh, Hunting (Personal)</strong>",,5818,,No,,Yes,No
3309,,Tartan,,"<strong>Murray, Lord George; </strong>",,5643,,No,,Yes,No
3295,,Tartan,,"<strong>Murphy</strong><br/>[AKA] <strong>Tara #2</strong>",,5645,,No,,Yes,No
3292,,Tartan,,<strong>Munster</strong>,,4061,,No,,Yes,No
3287,,Tartan,,<strong>Mungall</strong>,,4070,,No,,Yes,No
3285,,Tartan,,"<strong>Mull Rugby Club</strong>",,5648,,No,,Yes,No
3284,,Tartan,,"<strong>Mull District</strong><br/>[AKA] <strong>Glenlyon</strong><br/>[AKA] <strong>No.053</strong>",,162,,No,,Yes,No
3277,,Tartan,,<strong>Mowdowny</strong>,,3880,,No,,Yes,No
3276,,Tartan,,<strong>Mowbray</strong>,,565,,No,,Yes,No
3272,,Tartan,,"<strong>Mounth, The</strong>",,120,,No,,Yes,No
3271,,Tartan,,"<strong>Mountain's Jewel</strong>",,5653,,No,,Yes,No
3270,,Tartan,,"<strong>Mountain Rescue Association</strong>",,6311,,No,,Yes,No
3269,,Tartan,,"<strong>Mount Isla</strong>",,5654,,No,,Yes,No
2719,,Tartan,,<strong>MacFrog</strong>,,41065,,No,,Yes,No
3265,,Tartan,,"<strong>Mother's Pride</strong>",,2312,,No,,Yes,No
3264,,Tartan,,<strong>Mostyn</strong>,,6896,,No,,Yes,No
3262,,Tartan,,<strong>Moskova</strong>,,6360,,No,,Yes,No
3258,,Tartan,,"<strong>Morris of Eddergoll</strong>",,5657,,No,,Yes,No
3257,,Tartan,,"<strong>Morris of Balgonie; Hunting</strong>",,5658,,No,,Yes,No
3256,,Tartan,,"<strong>Morris of Balgonie; Arisaid</strong>",,5660,,No,,Yes,No
3255,,Tartan,,"<strong>Morris of Balgonie</strong>",,2460,,No,,Yes,No
3252,,Tartan,,<strong>Mordente</strong>,,1016,,No,,Yes,No
3246,,Tartan,,"<strong>Moran Drummond</strong>",,5986,,No,,Yes,No
3244,,Tartan,,<strong>Morag</strong>,,3879,,No,,Yes,No
3237,,Tartan,,<strong>Montreat</strong>,,2414,,No,,Yes,No
3236,,Tartan,,<strong>Montreal</strong>,,6259,,No,,Yes,No
3235,,Tartan,,"<strong>Montreal Granate</strong><br/>[AKA] <strong>Maroon</strong>",,6260,,No,,Yes,No
3234,,Tartan,,<strong>Montmorency</strong>,,103,,No,,Yes,No
2273,,Tartan,,"<strong>Lachine Emblematic</strong>",,6202,,No,,Yes,No
2299,,Tartan,,<strong>Langhein</strong>,,3235,,No,,Yes,No
2296,,Tartan,,"<strong>Lang of Sherbrooke</strong>",,6176,,No,,Yes,No
2295,,Tartan,,"<strong>Land's End Maroon</strong>",,2578,,No,,Yes,No
2294,,Tartan,,"<strong>Land's End Camel</strong>",,2577,,No,,Yes,No
2293,,Tartan,,"<strong>Land's End Blue</strong>",,2579,,No,,Yes,No
2291,,Tartan,,<strong>Lanark</strong>,,3062,,No,,Yes,No
2286,,Tartan,,<strong>Lalage</strong>,,6999,,No,,Yes,No
2285,,Tartan,,"<strong>Laksaa Manx</strong>",,1233,,No,,Yes,No
2284,,Tartan,,"<strong>Lake Ainslie</strong>",,5377,,No,,Yes,No
2283,,Tartan,,<strong>Laird</strong>,,7176,,No,,Yes,No
2278,,Tartan,,<strong>Lagrande</strong>,,5376,,No,,Yes,No
2277,,Tartan,,"<strong>Laggen Dress</strong>",,5375,,No,,Yes,No
2276,,Tartan,,<strong>Ladybird</strong>,,2371,,No,,Yes,No
2275,,Tartan,,"<strong>Lady Boys of Bangkok</strong>",,7142,,No,,Yes,No
2274,,Tartan,,"<strong>Lachine Historic</strong>",,6203,,No,,Yes,No
2301,,Tartan,,"<strong>Langtree Corporate</strong>",,1131,,No,,Yes,No
2270,,Tartan,,"<strong>Kungsholmen Snooker</strong>",,7216,,No,,Yes,No
2268,,Tartan,,"<strong>Kremlin Zoria</strong>",,7290,,No,,Yes,No
2266,,Tartan,,"<strong>Kozlosky Artifact</strong>",,2046,,No,,Yes,No
2265,,Tartan,,<strong>Kormylo</strong>,,6314,,No,,Yes,No
2264,,Tartan,,"<strong>Komen Rose Plaid</strong>",,7306,,No,,Yes,No
2261,,Tartan,,"<strong>Knights Templar St Andrews</strong>",,559,,No,,Yes,No
2259,,Tartan,,"<strong>Knights Templar International</strong>",,560,,No,,Yes,No
2258,,Tartan,,"<strong>Knights Templar Hunting</strong>",,6641,,No,,Yes,No
2257,,Tartan,,"<strong>Knights Templar Grand Priory</strong><br/>[AKA] <strong>Fife & Kinross</strong>",,5370,,No,,Yes,No
2256,,Tartan,,"<strong>Knights Templar Dress</strong>",,6640,,No,,Yes,No
2255,,Tartan,,"<strong>Knights Breton</strong>",French,44633,,No,,Yes,No
2252,,Tartan,,<strong>Kirtle</strong>,,5369,,No,,Yes,No
2251,,Tartan,,<strong>Kirkton</strong>,,5368,,No,,Yes,No
2247,,Tartan,,<strong>Kipp</strong>,,2445,,No,,Yes,No
2246,,Tartan,,<strong>Kintyre</strong>,,5365,,No,,Yes,No
2327,,Tartan,,<strong>Lawtie</strong>,,6683,,No,,Yes,No
2374,,Tartan,,"<strong>Lethbridge City</strong>",,2672,,No,,Yes,No
2373,,Tartan,,<strong>Letham</strong>,,6718,,No,,Yes,No
2368,,Tartan,,"<strong>Les Cercles de Fermieres du Quebec</strong>",,2136,,No,,Yes,No
2367,,Tartan,,"<strong>Les Cercles de Femme</strong>",,3136,,No,,Yes,No
2357,,Tartan,,<strong>Lenaghan</strong>,,5835,,No,,Yes,No
2355,,Tartan,,"<strong>Leitrim Irish County</strong>",Irish,2271,,No,"House of Edgar",Yes,No
2352,,Tartan,,"<strong>Leinster</strong><br/>[AKA] <strong>Leinster Green</strong>",,4062,,No,,Yes,No
2349,,Tartan,,<strong>Leiato</strong>,,4025,,No,,Yes,No
2347,,Tartan,,"<strong>Lees-McRae College</strong>",,4130,,No,,Yes,No
2344,,Tartan,,"<strong>Leeds University Dance #2</strong>",,4391,,No,,Yes,No
2340,,Tartan,,<strong>Lebrun</strong>,,5404,,No,,Yes,No
2335,,Tartan,,"<strong>Leaf Peeper</strong>",Scottish,53842,,No,,Yes,No
2333,,Tartan,,"<strong>Leach (Personal)</strong>",,5203,,No,,Yes,No
2329,,Tartan,,<strong>Laxey</strong>,,5400,,No,,Yes,No
2328,,Tartan,,"<strong>Laxey Centenary</strong>",,3833,,No,,Yes,No
2245,,Tartan,,<strong>Kintore</strong>,,5364,,No,,Yes,No
2322,,Tartan,,<strong>Lawers</strong>,,5398,,No,,Yes,No
2321,,Tartan,,"<strong>Law Society of Scotland</strong>",,2413,,No,,Yes,No
2320,,Tartan,,<strong>Law</strong>,,493,,No,,Yes,No
2319,,Tartan,,"<strong>Laval Dress</strong>",,2121,,No,,Yes,No
2318,,Tartan,,"<strong>Laval District</strong>",,2120,,No,,Yes,No
2316,,Tartan,,"<strong>Laurentian University</strong>",,7324,,No,,Yes,No
2315,,Tartan,,"<strong>Laurel Park</strong>",,6016,,No,,Yes,No
2309,,Tartan,,"<strong>Las Vegas Fire Fighters</strong>",,7052,,No,,Yes,No
2308,,Tartan,,<strong>Laronde</strong>,,5392,,No,,Yes,No
2307,,Tartan,,"<strong>Largs District</strong>",,478,,No,,Yes,No
2305,,Tartan,,<strong>Laporte</strong>,,5388,,No,,Yes,No
2304,,Tartan,,"<strong>Laois Irish County</strong>",Irish,2252,,No,"House of Edgar",Yes,No
2303,,Tartan,,"<strong>Lantern, The</strong>",,5386,,No,,Yes,No
2302,,Tartan,,<strong>Lanoir</strong>,,5385,,No,,Yes,No
2136,,Tartan,,<strong>Junor</strong>,,2611,,No,,Yes,No
2153,,Tartan,,"<strong>Katsushika Scottish Country Dancers</strong>",,2343,,No,,Yes,No
2152,,Tartan,,<strong>Kapasi</strong>,,6200,,No,,Yes,No
2151,,Tartan,,"<strong>Kansai Highland Games</strong>",,3988,,No,,Yes,No
2150,,Tartan,,"<strong>Kansai 2</strong>",,6279,,No,,Yes,No
2148,,Tartan,,"<strong>Kalamazoo Caledonians</strong>",,5323,,No,,Yes,No
2147,,Tartan,,<strong>Kagame</strong>,,7077,,No,,Yes,No
2146,,Tartan,,<strong>K9</strong>,,7187,,No,,Yes,No
2145,,Tartan,,<strong>Justus</strong>,,2100,,No,,Yes,No
2144,,Tartan,,"<strong>Justus Yellow & Black</strong>",,6319,,No,,Yes,No
2143,,Tartan,,"<strong>Justus International</strong>",,109,,No,,Yes,No
2142,,Tartan,,"<strong>Justus Hunting</strong>",,2499,,No,,Yes,No
2141,,Tartan,,"<strong>Justus Dress</strong>",,2500,,No,,Yes,No
2140,,Tartan,,"<strong>Justus Check</strong>",,2733,,No,,Yes,No
2139,,Tartan,,"<strong>Justus Black & Gold</strong>",,2732,,No,,Yes,No
2138,,Tartan,,"<strong>Justus #2</strong>",,1276,,No,,Yes,No
2154,,Tartan,,"<strong>Kaufhaus Des Westes</strong>",,2696,,No,,Yes,No
2135,,Tartan,,"<strong>Junior Chamber International</strong>",,2331,,No,,Yes,No
2134,,Tartan,,<strong>Juchter</strong>,,3092,,No,,Yes,No
2133,,Tartan,,"<strong>Jubilee Universal; </strong>",,1911,,No,,Yes,No
2132,,Tartan,,"<strong>Jubilation Commemorative</strong>",,2566,,No,,Yes,No
2129,,Tartan,,"<strong>Jordan Robert Lee; Defiance</strong>",,7297,,No,,Yes,No
2128,,Tartan,,"<strong>Jong Nederland Born Union</strong>",,3989,,No,,Yes,No
2123,,Tartan,,"<strong>Jones (Arctic) personal</strong>",,3040,,No,"Restricted Fabrics",Yes,No
2122,,Tartan,,"<strong>Johore Regiment</strong>",,260,,No,,Yes,No
2121,,Tartan,,"<strong>Johore District</strong>",,1309,,No,,Yes,No
2115,,Tartan,,"<strong>Johnson, J.M.</strong>",,5286,,No,,Yes,No
2112,,Tartan,,"<strong>John Paul Jones, US Ship</strong>",,4360,,No,,Yes,No
2111,,Tartan,,"<strong>John Gray Centre #4</strong>",,40658,,No,,Yes,No
2110,,Tartan,,"<strong>John Gray Centre #3</strong>",,40718,,No,,Yes,No
2109,,Tartan,,"<strong>John Gray Centre #2</strong>",,40721,,No,,Yes,No
2187,,Tartan,,"<strong>Kerry Irish County</strong>",Irish,2263,,No,"House of Edgar",Yes,No
2244,,Tartan,,"<strong>Kintail Dress</strong>",,5363,,No,,Yes,No
2243,,Tartan,,"<strong>Kinross Family; </strong>",,4179,,No,,Yes,No
2242,,Tartan,,"<strong>Kinross District</strong>",,5362,,No,,Yes,No
2224,,Tartan,,"<strong>King George VI; Coronation 1936</strong>",,2082,,No,,Yes,No
2223,,Tartan,,"<strong>King Edward VII</strong>",,1559,,No,,Yes,No
2222,,Tartan,,"<strong>King George (Nash)</strong>",,5352,,No,,Yes,No
2221,,Tartan,,"<strong>King George IV</strong>",,5353,,No,,Yes,No
2213,,Tartan,,"<strong>Kilt Centre (Hire) personal; Inverclyde Green</strong>",,6403,,No,,Yes,No
2211,,Tartan,,<strong>Kilmorie</strong>,,7123,,No,,Yes,No
2210,,Tartan,,"<strong>Kilmarnock Football Club Old</strong>",,6580,,No,,Yes,No
2209,,Tartan,,"<strong>Kilmarnock Football Club 2005</strong>",,6597,,No,,Yes,No
2206,,Tartan,,"<strong>Kilkenny Irish County</strong>",Irish,2280,,No,"House of Edgar",Yes,No
2203,,Tartan,,<strong>Kile</strong>,,1320,,No,,Yes,No
2202,,Tartan,,"<strong>Kildare Irish County</strong>",Irish,2262,,No,"House of Edgar",Yes,No
2201,,Tartan,,<strong>Kilburnie</strong>,,284,,No,,Yes,No
2375,,Tartan,,<strong>Leung</strong>,,6206,,No,,Yes,No
2182,,Tartan,,"<strong>Kerby, USA (Personal)</strong>",,2496,,No,,Yes,No
2181,,Tartan,,<strong>Keppoch</strong>,,7122,,No,,Yes,No
2180,,Tartan,,"<strong>Kentucky State</strong>",,2667,,No,,Yes,No
2179,,Tartan,,<strong>Kenspeckle</strong>,,6969,,No,,Yes,No
2174,,Tartan,,"<strong>Kenmore Hunting</strong>",,2234,,No,,Yes,No
2173,,Tartan,,<strong>Kenmore</strong>,,5327,,No,,Yes,No
2172,,Tartan,,<strong>Kendle</strong>,USA,60325,,No,,Yes,No
2171,,Tartan,,<strong>Kelvingrove</strong>,,5326,,No,,Yes,No
2168,,Tartan,,<strong>Kelso</strong>,,5325,,No,,Yes,No
2163,,Tartan,,"<strong>Kellogg College University of Oxford</strong>",,60645,,No,,Yes,No
2162,,Tartan,,<strong>Kellerman</strong>,USA,66064,,No,,Yes,No
2161,,Tartan,,"<strong>Keith District</strong>",,5782,,No,,Yes,No
2156,,Tartan,,<strong>Keela</strong>,,6157,,No,,Yes,No
2155,,Tartan,,"<strong>Kazakhstan Relic; </strong>",,3096,,No,,Yes,No
2508,,Tartan,,"<strong>Lorne</strong><br/>[AKA] <strong>Fifth Royal Scots of Canada</strong>",,6,,No,,Yes,No
2540,,Tartan,,"<strong>Lyon College, Arkansas</strong>",,2412,,No,,Yes,No
2533,,Tartan,,<strong>Lundy</strong>,,5514,,No,,Yes,No
2532,,Tartan,,"<strong>Lundy #2</strong>",,5515,,No,,Yes,No
2530,,Tartan,,<strong>Lunar</strong>,,5513,,No,,Yes,No
2524,,Tartan,,<strong>Luker</strong>,,7225,,No,,Yes,No
2523,,Tartan,,"<strong>LS Curling</strong>",,4041,,No,,Yes,No
2522,,Tartan,,<strong>Loyalhanna</strong>,,5506,,No,,Yes,No
2518,,Tartan,,"<strong>Louth Irish County</strong>",Irish,2277,,No,"House of Edgar",Yes,No
2517,,Tartan,,<strong>Louisiana</strong>,,4126,,No,,Yes,No
2516,,Tartan,,"<strong>Louise Commemorative; </strong>",,7,,No,,Yes,No
2515,,Tartan,,<strong>Louisburg</strong>,,5500,,No,,Yes,No
2513,,Tartan,,"<strong>Loudoun's Highlanders</strong>",,5492,,No,,Yes,No
2511,,Tartan,,"<strong>Los Angeles Police Bagpipe Band</strong>",,5496,,No,,Yes,No
2510,,Tartan,,"<strong>Los Angeles</strong>",,6071,,No,,Yes,No
2509,,Tartan,,"<strong>Lorne, Marquis of; </strong>",,1978,,No,,Yes,No
2541,,Tartan,,<strong>Lyons</strong>,,6515,,No,,Yes,No
2507,,Tartan,,"<strong>Lorne Dress</strong>",,59783,,No,,Yes,No
2505,,Tartan,,"<strong>Lord Laird</strong>",,5491,,No,,Yes,No
2504,,Tartan,,"<strong>Lord Glenorchy</strong>",,7061,,No,,Yes,No
2503,,Tartan,,"<strong>Lord Arran</strong>",,6163,,No,,Yes,No
2502,,Tartan,,<strong>Lopez</strong>,,6714,,No,,Yes,No
2501,,Tartan,,"<strong>Lootens Jensen</strong>",,5931,,No,,Yes,No
2500,,Tartan,,<strong>Longniddry</strong>,,4394,,No,,Yes,No
2499,,Tartan,,"<strong>Longniddry Turquoise</strong>",Scottish,65110,,No,,Yes,No
2498,,Tartan,,"<strong>Longniddry Red</strong>",,59570,,No,,Yes,No
2497,,Tartan,,"<strong>Longniddry Purple</strong>",,59568,,No,,Yes,No
2496,,Tartan,,"<strong>Longniddry Lavender</strong>",,60098,,No,,Yes,No
2495,,Tartan,,"<strong>Longniddry Green</strong>",,59567,,No,,Yes,No
2494,,Tartan,,"<strong>Longniddry Eildon Blue</strong>",,59569,,No,,Yes,No
2493,,Tartan,,"<strong>Longniddry Dress; Turquoise</strong>",,369,,No,,Yes,No
2492,,Tartan,,"<strong>Longniddry Dress; Red</strong>",,1651,,No,,Yes,No
2600,,Tartan,,"<strong>MacCallum High School, Philadelphia</strong>",,1279,,No,,Yes,No
2718,,Tartan,,"<strong>MacFly School</strong>",,4178,,No,,Yes,No
2701,,Tartan,,<strong>MacEochaidh</strong>,,43744,,No,,Yes,No
2700,,Tartan,,"<strong>MacEdward (Personal)</strong>",,1335,,No,,Yes,No
2698,,Tartan,,<strong>MacEachern</strong>,Australian,55825,,No,,Yes,No
2686,,Tartan,,"<strong>Miss MacDougal (Personal)</strong><br/>[AKA] MacLeod <strong>Arisaid</strong>",,3354,,No,,Yes,No
2674,,Tartan,,"<strong>MacDonald of the Isles; Hunting</strong>",,1366,,No,,Yes,No
2673,,Tartan,,"<strong>MacDonald of Staffa #2</strong>",,3295,,No,,Yes,No
2667,,Tartan,,"<strong>MacDonald of Glencoe Dress Dance</strong>",,59580,,No,,Yes,No
2662,,Tartan,,"<strong>MacDonald of Denovan; Personal</strong>",,3278,,No,,Yes,No
2637,,Tartan,,"<strong>MacCurrach 2014</strong>",,64269,,No,,Yes,No
2634,,Tartan,,"<strong>MacCulloch #3 (Personal)</strong>",,7218,,No,,Yes,No
2624,,Tartan,,"<strong>MacCormick, Festive (Personal)</strong>",,7295,,No,,Yes,No
2622,,Tartan,,"<strong>MacCormick (Personal)</strong>",,7161,,No,,Yes,No
2621,,Tartan,,<strong>MacCord</strong>,,4048,,No,,Yes,No
2619,,Tartan,,<strong>MacComb</strong>,,2340,,No,,Yes,No
2491,,Tartan,,"<strong>Longniddry Dress; Purple</strong>",,88,,No,,Yes,No
2593,,Tartan,,<strong>MacByrd</strong>,,3323,,No,,Yes,No
2579,,Tartan,,"<strong>MacBean, Meta (Personal)</strong>",,1220,,No,,Yes,No
2576,,Tartan,,"<strong>MacBeams Boy</strong>",,5936,,No,,Yes,No
2571,,Tartan,,<strong>MacArthur-Fox</strong>,,1088,,No,,Yes,No
2570,,Tartan,,"<strong>MacArthur-Fox Hunting</strong>",,3611,,No,,Yes,No
2569,,Tartan,,"<strong>MacArthur-Fox Green</strong>",Scottish,63218,,No,,Yes,No
2568,,Tartan,,"<strong>MacArthur-Fox Dress</strong>",,7209,,No,,Yes,No
2567,,Tartan,,"<strong>MacArthur-Fox Blue</strong>",,459,,No,,Yes,No
2564,,Tartan,,"<strong>MacArthur (Personal)</strong><br/>[AKA] Forbes <strong>Ancient #2</strong>",,1492,,No,,Yes,No
2557,,Tartan,,"<strong>Macallan, The</strong>",,5837,,No,,Yes,No
2556,,Tartan,,"<strong>Macallan Distillery</strong>",,5836,,No,,Yes,No
2549,,Tartan,,<strong>MacAleavy</strong>,Irish,69803,,No,,Yes,No
2548,,Tartan,,<strong>MacAart</strong>,,1477,,No,,Yes,No
2547,,Tartan,,<strong>M'Kleod</strong>,,5985,,No,,Yes,No
2412,,Tartan,,"<strong>LL Bean Hunting</strong>",,106,,No,,Yes,No
2432,,Tartan,,"<strong>Loch Tummel District</strong>",,1751,,No,,Yes,No
2431,,Tartan,,"<strong>Loch Rannoch</strong>",,943,,No,,Yes,No
2430,,Tartan,,"<strong>Loch Ness</strong>",,5468,,No,,Yes,No
2429,,Tartan,,"<strong>Loch Ness #2</strong>",,1219,,No,,Yes,No
2427,,Tartan,,"<strong>Loch Lomond</strong>",,628,,No,,Yes,No
2426,,Tartan,,"<strong>Loch Lomond #2</strong>",,953,,No,,Yes,No
2425,,Tartan,,"<strong>Loch Lochy</strong>",Scottish,57015,,No,,Yes,No
2424,,Tartan,,"<strong>Loch Leven</strong>",,108,,No,,Yes,No
2423,,Tartan,,"<strong>Loch Leven Dress</strong>",,4990,,No,,Yes,No
2422,,Tartan,,"<strong>Loch Laggan District</strong>",,796,,No,,Yes,No
2421,,Tartan,,"<strong>Loch Garth District</strong>",,1750,,No,,Yes,No
2420,,Tartan,,"<strong>Loch Fyne</strong>",,6817,,No,,Yes,No
2419,,Tartan,,"<strong>Loch Carron District</strong>",,731,,No,,Yes,No
2418,,Tartan,,"<strong>Loch Awe</strong>",Scottish,43568,,No,,Yes,No
2417,,Tartan,,<strong>Lobban</strong>,,5441,,No,,Yes,No
2439,,Tartan,,"<strong>Lochcarron (Scotland) personal #2</strong>",,5466,,No,,Yes,No
2411,,Tartan,,<strong>Australia</strong>,Australian,55036,,No,,Yes,No
2404,,Tartan,,"<strong>Liverpool Scottish</strong>",,5959,,No,,Yes,No
2403,,Tartan,,"<strong>Little Singers of Takarazuka</strong>",,64708,,No,,Yes,No
2402,,Tartan,,"<strong>Little of Morton Rigg; Red</strong>",,7238,,No,,Yes,No
2397,,Tartan,,<strong>Lisbon</strong>,,5433,,No,,Yes,No
2396,,Tartan,,"<strong>Lions Pride</strong>",,6636,,No,,Yes,No
2395,,Tartan,,"<strong>Lions International</strong>",,5431,,No,,Yes,No
2394,,Tartan,,<strong>Lions</strong>,,93,,No,,Yes,No
2384,,Tartan,,<strong>Lindley</strong>,Scottish,6348,,No,,Yes,No
2382,,Tartan,,"<strong>Limerick Irish County</strong>",Irish,2272,,No,"House of Edgar",Yes,No
2381,,Tartan,,"<strong>Lilac In Bloom</strong>",,5421,,No,,Yes,No
2380,,Tartan,,"<strong>Lifeboats Royal National Institute</strong>",,3114,,No,,Yes,No
2378,,Tartan,,"<strong>Liama, The</strong>",,5420,,No,,Yes,No
2377,,Tartan,,"<strong>Lexington Fire Department</strong>",,5830,,No,,Yes,No
2470,,Tartan,,<strong>Lomond</strong>,,5478,,No,,Yes,No
2490,,Tartan,,"<strong>Longniddry Dress; Lavender</strong>",,6468,,No,,Yes,No
2489,,Tartan,,"<strong>Longniddry Dress; Green</strong>",,764,,No,,Yes,No
2488,,Tartan,,"<strong>Longniddry Dress; Eildon Blue</strong><br/>[AKA] <strong>Eildon</strong><br/>[AKA] <strong>Harmony Eildon #2</strong>",,5486,,No,,Yes,No
2487,,Tartan,,"<strong>Longniddry Dress; Burgundy</strong>",Scottish,62482,,No,,Yes,No
2486,,Tartan,,"<strong>Longmuir 2014</strong>",Scottish,70315,,No,,Yes,No
2485,,Tartan,,<strong>Longmount</strong>,,5484,,No,,Yes,No
2483,,Tartan,,"<strong>Longhaugh Primary School</strong>",,6645,,No,,Yes,No
2481,,Tartan,,"<strong>Londonderry Irish County</strong>",Irish,2279,,No,"House of Edgar",Yes,No
2479,,Tartan,,"<strong>London Regiment</strong>",,6097,,No,,Yes,No
2476,,Tartan,,"<strong>London Fog Black</strong>",,7269,,No,,Yes,No
2475,,Tartan,,"<strong>London Community Gospel Choir</strong>",,7219,,No,,Yes,No
2474,,Tartan,,"<strong>London Caledonian Rugby Club</strong>",,4154,,No,,Yes,No
2473,,Tartan,,"<strong>London Caledonian Games Association</strong>",,1388,,No,,Yes,No
2472,,Tartan,,"<strong>London Caledonian</strong>",,5480,,No,,Yes,No
2471,,Tartan,,"<strong>London 1988</strong>",,1132,,No,,Yes,No
3418,,Tartan,,"<strong>Norwich Collection #014</strong>",,5578,,No,,Yes,No
2469,,Tartan,,"<strong>Lomond 1983</strong>",,5479,,No,,Yes,No
2457,,Tartan,,"<strong>Loevenstein Castle; 3</strong>",,3632,,No,,Yes,No
2456,,Tartan,,"<strong>Loevenstein Castle; 2</strong>",,3633,,No,,Yes,No
2455,,Tartan,,"<strong>Loevenstein Castle; 1</strong>",,3634,,No,,Yes,No
2453,,Tartan,,<strong>Locky</strong>,,6207,,No,,Yes,No
2450,,Tartan,,"<strong>Lochwood Estate Check</strong>",,5471,,No,,Yes,No
2449,,Tartan,,"<strong>Lochranza</strong><br/>[AKA] <strong>Isle of Arran Distillery</strong>",,4236,,No,,Yes,No
2448,,Tartan,,<strong>Lochnagar</strong>,,1771,,No,,Yes,No
2447,,Tartan,,"<strong>Lochnagar Dress</strong>",,59780,,No,,Yes,No
2446,,Tartan,,"<strong>Lochnagar Dark</strong>",Scottish,66537,,No,,Yes,No
2444,,Tartan,,"<strong>Lochcarron (Scotland) personal; Hunting</strong>",,5464,,No,,Yes,No
2443,,Tartan,,"<strong>Lochcarron (Scotland) personal; Dress</strong>",,5463,,No,,Yes,No
2441,,Tartan,,"<strong>Lochcarron (Scotland) personal; Camel</strong>",,5461,,No,,Yes,No
2440,,Tartan,,"<strong>Lochcarron (Scotland) personal; 1985</strong>",,5462,,No,,Yes,No
3982,,Tartan,,"<strong>Scolpaig Fragment Artifact; </strong>",,1056,,No,,Yes,No
4005,,Tartan,,"<strong>Scotland's National Dress</strong>",,5378,,No,,Yes,No
4003,,Tartan,,"<strong>Scotland United Colours</strong>",,6504,,No,,Yes,No
4002,,Tartan,,"<strong>Scotland Undiscovered</strong>",,5829,,No,,Yes,No
4001,,Tartan,,"<strong>Scotland the Brave</strong>",,2563,,No,,Yes,No
4000,,Tartan,,"<strong>Scotland the Brave Dress Dance</strong>",,6567,,No,,Yes,No
3999,,Tartan,,"<strong>Scotland Forever</strong>",,6038,,No,,Yes,No
3998,,Tartan,,<strong>Scotland</strong>,,3115,,No,,Yes,No
3997,,Tartan,,"<strong>Scotland 2000</strong>",,2514,,No,,Yes,No
3995,,Tartan,,<strong>Scotia</strong>,,89,,No,,Yes,No
3994,,Tartan,,"<strong>Scotia Hunting</strong>",,1761,,No,,Yes,No
3992,,Tartan,,"<strong>Scotch Whisky Heritage Centre #2</strong>",,3260,,No,,Yes,No
3990,,Tartan,,"<strong>Scotch House House Tartan</strong>",,5382,,No,,Yes,No
3989,,Tartan,,"<strong>Scotch House Dorcas #2</strong>",,1315,,No,,Yes,No
3987,,Tartan,,"<strong>Scotch House Corporate</strong>",,2634,,No,,Yes,No
3985,,Tartan,,"<strong>Scotch House 2000 Original</strong>",,2635,,No,,Yes,No
4006,,Tartan,,"<strong>Scotland's National</strong>",,5379,,No,,Yes,No
3980,,Tartan,,<strong>Schranz-Gritte</strong>,,3074,,No,,Yes,No
3979,,Tartan,,<strong>Schneidersohne</strong>,,4533,,No,,Yes,No
3976,,Tartan,,<strong>Schiehallion</strong>,,5903,,No,,Yes,No
3975,,Tartan,,<strong>Scandinavian</strong>,,6165,,No,,Yes,No
3973,,Tartan,,<strong>Savoy</strong>,,5383,,No,,Yes,No
3971,,Tartan,,<strong>Saul</strong>,,4018,,No,,Yes,No
3969,,Tartan,,<strong>Satchidananda</strong>,,3979,,No,,Yes,No
3968,,Tartan,,<strong>Saskatchewan</strong>,,1817,,No,,Yes,No
3965,,Tartan,,"<strong>Sarna State</strong>",,2558,,No,,Yes,No
3964,,Tartan,,"<strong>Sarna District</strong>",,2039,,No,,Yes,No
3963,,Tartan,,"<strong>Sarasota Dunfermline</strong>",,5897,,No,,Yes,No
3962,,Tartan,,<strong>Sarafilovic</strong>,,6442,,No,,Yes,No
3961,,Tartan,,"<strong>Sanix Green</strong>",,2644,,No,,Yes,No
3960,,Tartan,,"<strong>Sanix Blue</strong>",,2643,,No,,Yes,No
3958,,Tartan,,<strong>Sandelin</strong>,,7145,,No,,Yes,No
4035,,Tartan,,"<strong>Scottish Claymores</strong>",,2308,,No,,Yes,No
4055,,Tartan,,"<strong>Scottish Netball 1987</strong>",,689,,No,,Yes,No
4054,,Tartan,,"<strong>Scottish National</strong>",,2154,,No,,Yes,No
4053,,Tartan,,"<strong>Scottish National Dress</strong>",,2160,,No,,Yes,No
4051,,Tartan,,"<strong>Scottish Monuments</strong>",,3185,,No,,Yes,No
4050,,Tartan,,"<strong>Scottish Lion</strong>",,3184,,No,,Yes,No
4048,,Tartan,,"<strong>Scottish Institute of Sport</strong>",,6745,,No,,Yes,No
4047,,Tartan,,"<strong>Scottish Hockey Union</strong>",,5351,,No,,Yes,No
4046,,Tartan,,"<strong>Scottish Highlander</strong>",,2408,,No,,Yes,No
4045,,Tartan,,"<strong>Scottish Heritage USA</strong><br/>[AKA] <strong>SHUSA</strong>",,4106,,No,,Yes,No
4044,,Tartan,,"<strong>Scottish Heather</strong>",,3909,,No,,Yes,No
4043,,Tartan,,"<strong>Scottish Gas</strong><br/>[AKA] <strong>William Murdoch</strong>",,29,,No,,Yes,No
4042,,Tartan,,"<strong>Scottish Funereal Association</strong>",,5357,,No,,Yes,No
4041,,Tartan,,"<strong>Scottish Foundation VA Highlands</strong>",,6891,,No,,Yes,No
4037,,Tartan,,"<strong>Scottish Cultural Society</strong>",,2390,,No,,Yes,No
4036,,Tartan,,"<strong>Scottish Crofting Foundation</strong>",,7239,,No,,Yes,No
3956,,Tartan,,"<strong>Sandberg of Greenock</strong>",,6974,,No,,Yes,No
4034,,Tartan,,"<strong>Scottish Chieftain</strong>",,3978,,No,,Yes,No
4033,,Tartan,,"<strong>Scottish Canals</strong><br/>[AKA] <strong>Highland Canals</strong>",,3916,,No,,Yes,No
4032,,Tartan,,"<strong>Scottish Borders Union Cattle Show</strong>",,3715,,No,,Yes,No
4031,,Tartan,,"<strong>Scottish Borders Tourist Board</strong>",,4040,,No,,Yes,No
4030,,Tartan,,"<strong>Scottish Borders Health Board</strong>",,3954,,No,,Yes,No
4029,,Tartan,,"<strong>Scottish Borders; </strong>",,2458,,No,,Yes,No
4028,,Tartan,,"<strong>Scottish Borders; Borderland</strong>",,5359,,No,,Yes,No
4027,,Tartan,,"<strong>Scottish American Society of Michigan</strong>",,44082,,No,,Yes,No
4026,,Tartan,,"<strong>Scottish American Athletic Association</strong>",,7193,,No,,Yes,No
4025,,Tartan,,"<strong>Scottish Ambulance Service</strong>",,5360,,No,,Yes,No
4024,,Tartan,,"<strong>Scottish Airports</strong>",,2510,,No,,Yes,No
4009,,Tartan,,<strong>Scotsman</strong>,,2645,,No,,Yes,No
4008,,Tartan,,"<strong>Scotland's People</strong>",,6122,,No,,Yes,No
4007,,Tartan,,"<strong>Scotland's Own</strong>",,2592,,No,,Yes,No
3888,,Tartan,,<strong>Rowardennan</strong>,,5409,,No,,Yes,No
3904,,Tartan,,"<strong>Royal College of Midwives</strong>",,5766,,No,,Yes,No
3903,,Tartan,,"<strong>Royal College of General Practitioners</strong>",,3175,,No,,Yes,No
3902,,Tartan,,"<strong>Royal Canadian Mounted Police</strong>",,2447,,No,,Yes,No
3901,,Tartan,,"<strong>Royal Canadian Air Force</strong>",,1343,,No,,Yes,No
3900,,Tartan,,"<strong>Royal British Legion</strong>",,2452,,No,,Yes,No
3899,,Tartan,,"<strong>Royal Australian Air Force #5</strong>",,3146,,No,,Yes,No
3898,,Tartan,,"<strong>Royal Australian Air Force #4</strong>",,3145,,No,,Yes,No
3897,,Tartan,,"<strong>Royal Australian Air Force #3</strong>",,3143,,No,,Yes,No
3896,,Tartan,,"<strong>Royal Australian Air Force #2</strong>",,3144,,No,,Yes,No
3895,,Tartan,,"<strong>Royal Australian Air Force #1</strong>",,3142,,No,,Yes,No
3894,,Tartan,,"<strong>Royal Ashburn Golf Club</strong>",,6779,,No,,Yes,No
3892,,Tartan,,"<strong>Royal Agricultural Winter Fair</strong>",,5408,,No,,Yes,No
3891,,Tartan,,"<strong>Royal & Ancient</strong><br/>[AKA] <strong>St Andrews Royal & Ancient</strong>",,2193,,No,,Yes,No
3890,,Tartan,,"<strong>Roxburgh Red</strong><br/>[AKA] Haig [default]<br/>[AKA] Riddell [default]<br/>[AKA] Rutherford <strong>of Roxburgh</strong>",,140,,No,,Yes,No
3889,,Tartan,,"<strong>Roxburgh Green</strong>",,500,,No,,Yes,No
3908,,Tartan,,"<strong>Royal Columbian of Canada</strong>",,1900,,No,,Yes,No
3887,,Tartan,,<strong>Rowan</strong>,,2067,,No,,Yes,No
3879,,Tartan,,<strong>Rossi</strong>,,6897,,No,,Yes,No
3868,,Tartan,,<strong>Rosie</strong>,,6730,,No,,Yes,No
3860,,Tartan,,"<strong>Roscommon Irish County</strong>",Irish,2246,,No,"House of Edgar",Yes,No
3857,,Tartan,,"<strong>Rome City</strong>",,6697,,No,,Yes,No
3856,,Tartan,,"<strong>Romantic Scotland Madonna</strong>",,3982,,No,,Yes,No
3854,,Tartan,,<strong>Rollings</strong>,,3108,,No,,Yes,No
3851,,Tartan,,"<strong>Roeger (Rocky) personal; German Heritage</strong>",,7016,,No,,Yes,No
3850,,Tartan,,"<strong>Roeger (Rocky) personal; German American</strong>",,7017,,No,,Yes,No
3844,,Tartan,,"<strong>Roderick Dhu</strong>",,153,,No,,Yes,No
3840,,Tartan,,"<strong>Robinson, Barbara Ann (Personal)</strong>",,6722,,No,,Yes,No
3839,,Tartan,,"<strong>Robin Hood</strong><br/>[AKA] MacGregor <strong>Rob Roy; Hunting</strong>",,785,,No,,Yes,No
3838,,Tartan,,"<strong>Robieson Playfield Playfield House</strong>",,6905,,No,,Yes,No
3837,,Tartan,,<strong>Robieson</strong>,,6869,,No,,Yes,No
3935,,Tartan,,<strong>Sabema</strong>,,7060,,No,,Yes,No
3955,,Tartan,,"<strong>Samye Sangha</strong>",,7129,,No,,Yes,No
3954,,Tartan,,<strong>Samye</strong>,,7128,,No,,Yes,No
3950,,Tartan,,"<strong>Salvation Army Hunting</strong>",,150,,No,,Yes,No
3949,,Tartan,,"<strong>Salvation Army Dress</strong>",,546,,No,,Yes,No
3947,,Tartan,,"<strong>Saltcoats District</strong>",,3980,,No,,Yes,No
3946,,Tartan,,"<strong>Salt Lake Scots</strong>",,5384,,No,,Yes,No
3945,,Tartan,,"<strong>Salt Lake County</strong>",,2394,,No,,Yes,No
3944,,Tartan,,<strong>Salich-Plaja</strong>,,3398,,No,,Yes,No
3943,,Tartan,,"<strong>Salem Scottish Dancers</strong><br/>[AKA] <strong>Wee Bluett</strong>",,4136,,No,,Yes,No
3942,,Tartan,,"<strong>Sail Chalmadale</strong>",,7217,,No,,Yes,No
3941,,Tartan,,"<strong>Saffron Colour Special</strong>",,201,,No,,Yes,No
3940,,Tartan,,<strong>Safeway</strong>,,2177,,No,,Yes,No
3939,,Tartan,,"<strong>Sacramento City Fire Department</strong>",,6303,,No,,Yes,No
3937,,Tartan,,"<strong>Sachie Hara</strong>",,6228,,No,,Yes,No
3936,,Tartan,,<strong>Sabrettes</strong>,,2200,,No,,Yes,No
4056,,Tartan,,"<strong>Scottish North American Business Council #2</strong>",,6910,,No,,Yes,No
3934,,Tartan,,"<strong>SA Club Private</strong>",,6853,,No,,Yes,No
3933,,Tartan,,"<strong>S.C.O.T.S. USA</strong>",,82,,No,,Yes,No
3932,,Tartan,,"<strong>Ryder Cup 2006</strong>",,6836,,No,,Yes,No
3925,,Tartan,,<strong>Rust</strong>,,555,,No,,Yes,No
3924,,Tartan,,"<strong>Russian Scottish</strong>",,7254,,No,,Yes,No
3922,,Tartan,,<strong>Rui</strong>,,5391,,No,,Yes,No
3919,,Tartan,,"<strong>Royal Society for the Prevention of Cruelty to Children Heather</strong><br/>[AKA] <strong>RSPCC</strong>",,2108,,No,,Yes,No
3918,,Tartan,,"<strong>Royal Scottish Pipe Band Association</strong>",,2623,,No,,Yes,No
3917,,Tartan,,"<strong>Royal Scottish Country Dance Society</strong><br/>[AKA] <strong>RSCDS</strong>",,6975,,No,,Yes,No
3916,,Tartan,,"<strong>Royal Scottish Corporation</strong>",,6907,,No,,Yes,No
3915,,Tartan,,"<strong>Royal Scottish Assurance</strong>",,2190,,No,,Yes,No
3914,,Tartan,,"<strong>Royal Scottish Agricultural Benefits Institution</strong>",,5393,,No,,Yes,No
3913,,Tartan,,"<strong>Royal Pharmaceutical Society</strong>",,2091,,No,,Yes,No
3909,,Tartan,,"<strong>Royal Delight</strong>",,5397,,No,,Yes,No
4202,,Tartan,,"<strong>Spirit of Alba</strong>",,3904,,No,,Yes,No
4225,,Tartan,,"<strong>St Andrew Society of Java; Hunting</strong>",,4105,,No,,Yes,No
4224,,Tartan,,"<strong>St Andrew Society of Java; Dress</strong>",,5401,,No,,Yes,No
4223,,Tartan,,"<strong>St Andrew Society Illinois #2</strong>",USA,62877,,No,,Yes,No
4221,,Tartan,,"<strong>St Andrew Society American</strong><br/>[AKA] <strong>US Bicentennial</strong>",,3414,,No,,Yes,No
4219,,Tartan,,"<strong>Sri Lanka</strong>",,7224,,No,,Yes,No
4218,,Tartan,,"<strong>Squash Scottish Open</strong>",,3189,,No,,Yes,No
4217,,Tartan,,<strong>Sprouston</strong>,,6231,,No,,Yes,No
4216,,Tartan,,"<strong>Spring Morning</strong>",,5311,,No,,Yes,No
4215,,Tartan,,<strong>Spragg</strong>,,44064,,No,,Yes,No
4214,,Tartan,,"<strong>Spotsylvania County Sheriff's Office</strong>",,7146,,No,,Yes,No
4213,,Tartan,,"<strong>Spirit of Yorkshire</strong>",English,72075,,No,,Yes,No
4212,,Tartan,,"<strong>Spirit of West Lothian</strong>",,7256,,No,,Yes,No
4210,,Tartan,,"<strong>Spirit of Ulster</strong>",,7194,,No,,Yes,No
4208,,Tartan,,"<strong>Spirit of Scotland</strong><br/>[AKA] <strong>Fyvie Castle</strong>",,2451,,No,,Yes,No
4207,,Tartan,,"<strong>Spirit of Queensland</strong><br/>[AKA] <strong>Capricornica</strong>",,3216,,No,,Yes,No
4226,,Tartan,,"<strong>St Andrew Society</strong>",,7251,,No,,Yes,No
4200,,Tartan,,"<strong>Spice Apple</strong>",,5314,,No,,Yes,No
4197,,Tartan,,<strong>Spencer</strong>,,5315,,No,,Yes,No
4191,,Tartan,,"<strong>SPA Association</strong>",,6461,,No,,Yes,No
4190,,Tartan,,"<strong>Souza Nery</strong>",,2651,,No,,Yes,No
4188,,Tartan,,"<strong>Southwell Australian</strong>",,6744,,No,,Yes,No
4186,,Tartan,,<strong>Southdown</strong>,,1194,,No,,Yes,No
4185,,Tartan,,"<strong>Southdown Grey</strong>",,5316,,No,,Yes,No
4184,,Tartan,,"<strong>South Lanarkshire</strong>",,4017,,No,,Yes,No
4183,,Tartan,,"<strong>South Australia Pipes & Drums</strong>",,5890,,No,,Yes,No
4182,,Tartan,,"<strong>South Australia District</strong>",,2534,,No,,Yes,No
4179,,Tartan,,"<strong>Soroptimist International</strong>",,3097,,No,,Yes,No
4177,,Tartan,,<strong>Sonsub</strong>,,6984,,No,,Yes,No
4176,,Tartan,,"<strong>Sons of Scotland</strong>",,5794,,No,,Yes,No
4173,,Tartan,,"<strong>Somerset District</strong>",,831,,No,,Yes,No
4172,,Tartan,,<strong>Solberg-Wormald</strong>,,6661,,No,,Yes,No
4243,,Tartan,,"<strong>St Columba #2</strong>",,3219,,No,,Yes,No
4260,,Tartan,,"<strong>St Leonards</strong>",,4075,,No,,Yes,No
4258,,Tartan,,"<strong>St Lawrence #2</strong>",,2540,,No,,Yes,No
4257,,Tartan,,"<strong>St Kilda</strong>",,1189,,No,,Yes,No
4256,,Tartan,,"<strong>St Joseph de Sorel</strong>",,2633,,No,,Yes,No
4255,,Tartan,,"<strong>St Joseph de Sorel #2</strong>",,6230,,No,,Yes,No
4253,,Tartan,,"<strong>St John's</strong>",,5787,,No,,Yes,No
4252,,Tartan,,"<strong>St Giles Check</strong>",,387,,No,,Yes,No
4251,,Tartan,,"<strong>St Giles Cathedral</strong>",,3220,,No,,Yes,No
4250,,Tartan,,"<strong>St George's School Edinburgh</strong>",,5980,,No,,Yes,No
4249,,Tartan,,"<strong>St George's School Birmingham</strong>",,2585,,No,,Yes,No
4248,,Tartan,,"<strong>St Francis Xavier University</strong>",,5305,,No,,Yes,No
4247,,Tartan,,"<strong>St Eloi</strong>",,5306,,No,,Yes,No
4246,,Tartan,,"<strong>St Denis & Cranley School</strong>",,5310,,No,,Yes,No
4245,,Tartan,,"<strong>St David's Brithwe Dewi Sant</strong>",,5746,,No,,Yes,No
4244,,Tartan,,"<strong>St Columba</strong>",,2383,,No,,Yes,No
4171,,Tartan,,"<strong>Society of Santa Fe</strong><br/>[AKA] <strong>Scottish Heritage Preservation</strong>",,4107,,No,,Yes,No
4242,,Tartan,,"<strong>St Clement of Rome School</strong>",,6742,,No,,Yes,No
4241,,Tartan,,"<strong>St Christopher</strong>",,6778,,No,,Yes,No
4240,,Tartan,,"<strong>Earl of St. Andrews</strong>",,85,,No,,Yes,No
4238,,Tartan,,"<strong>St Andrews Queens University</strong>",,1416,,No,,Yes,No
4237,,Tartan,,"<strong>St Andrews Old Course</strong>",,2332,,No,,Yes,No
4236,,Tartan,,"<strong>St Andrews New Golf Club</strong>",,2497,,No,,Yes,No
4235,,Tartan,,"<strong>St Andrews Management School</strong>",,7237,,No,,Yes,No
4234,,Tartan,,"<strong>St Andrews Ltd</strong>",,5899,,No,,Yes,No
4233,,Tartan,,"<strong>St Andrews Links</strong><br/>[AKA] <strong>Greenways Marketing</strong>",,5116,,No,,Yes,No
4232,,Tartan,,"<strong>St Andrews International Golf Club</strong>",,2687,,No,,Yes,No
4231,,Tartan,,"<strong>St Andrews Grand</strong>",,6743,,No,,Yes,No
4229,,Tartan,,"<strong>St Andrews Bay Hotel</strong>",,5904,,No,,Yes,No
4228,,Tartan,,"<strong>St Andrew's Presbyterian Church Quebec</strong>",,5814,,No,,Yes,No
4227,,Tartan,,"<strong>St Andrew's College</strong>",,6898,,No,,Yes,No
4074,,Tartan,,"<strong>Scottish Tourist Board 1990</strong>",,2099,,No,,Yes,No
4105,,Tartan,,<strong>Shanahan</strong>,,6027,,No,,Yes,No
4102,,Tartan,,"<strong>Setting Sun</strong>",,3199,,No,,Yes,No
4099,,Tartan,,<strong>Service</strong>,,1380,,No,,Yes,No
4098,,Tartan,,<strong>Serenade</strong>,,5341,,No,,Yes,No
4091,,Tartan,,"<strong>Selkirk High School</strong>",,6846,,No,,Yes,No
4088,,Tartan,,"<strong>Seletar Elliot</strong>",,3922,,No,,Yes,No
4086,,Tartan,,"<strong>Sekai Fushigi Hakken</strong>",,5784,,No,,Yes,No
4085,,Tartan,,"<strong>Seattle District</strong>",,2113,,No,,Yes,No
4084,,Tartan,,<strong>Seaside</strong>,,5343,,No,,Yes,No
4083,,Tartan,,"<strong>Seaforth Estate Check</strong>",,5344,,No,,Yes,No
4079,,Tartan,,<strong>Scozia</strong>,,4204,,No,,Yes,No
4078,,Tartan,,"<strong>Scout Mapping Service #2</strong>",,3823,,No,,Yes,No
4077,,Tartan,,"<strong>Scout Mapping Service #1</strong>",,3824,,No,,Yes,No
4076,,Tartan,,"<strong>Scotts Valley</strong>",,5350,,No,,Yes,No
4075,,Tartan,,"<strong>Scottish Watch</strong>",,1561,,No,,Yes,No
4106,,Tartan,,<strong>Shandon</strong>,,6229,,No,,Yes,No
4073,,Tartan,,"<strong>Scottish Tourist Board 1981</strong>",,239,,No,,Yes,No
4072,,Tartan,,"<strong>Scottish Thistle</strong>",,7098,,No,,Yes,No
4071,,Tartan,,"<strong>Scottish Tartan Society</strong>",,3191,,No,,Yes,No
4069,,Tartan,,"<strong>Scottish Scouts</strong>",,1463,,No,,Yes,No
4068,,Tartan,,"<strong>Scottish Scouts 1922</strong><br/>[AKA] <strong>Grey Watch Dress</strong>",,1294,,No,,Yes,No
4067,,Tartan,,"<strong>Scottish Qualifications Authority</strong>",,2442,,No,,Yes,No
4065,,Tartan,,"<strong>Scottish Prison Service</strong>",,6595,,No,,Yes,No
4064,,Tartan,,"<strong>Scottish Pride</strong>",,6492,,No,,Yes,No
4062,,Tartan,,"<strong>Scottish Piping Society of London</strong>",,3190,,No,,Yes,No
4061,,Tartan,,"<strong>Scottish Parliament Commemorative</strong>",,2477,,No,,Yes,No
4060,,Tartan,,"<strong>Scottish Official Board of Highland Dancing Dress</strong>",Scottish,65316,,No,,Yes,No
4059,,Tartan,,"<strong>Scottish Odyssey</strong>",,4071,,No,,Yes,No
4058,,Tartan,,"<strong>Scottish Nuclear</strong>",,2301,,No,,Yes,No
4057,,Tartan,,"<strong>Scottish North American Business Council</strong>",,6909,,No,,Yes,No
4132,,Tartan,,<strong>Silver</strong>,,6108,,No,,Yes,No
4169,,Tartan,,<strong>Snowbird</strong>,,6428,,No,,Yes,No
4168,,Tartan,,<strong>Snoozzzeee</strong>,,6102,,No,,Yes,No
4166,,Tartan,,<strong>Smithsonian</strong>,,5813,,No,,Yes,No
4163,,Tartan,,"<strong>Smith, Sir William (Personal)</strong>",,65,,No,,Yes,No
4162,,Tartan,,"<strong>Smith of Pennylands</strong>",,3957,,No,,Yes,No
4161,,Tartan,,"<strong>Smeaton Wedding; #1</strong>",,3213,,No,,Yes,No
4160,,Tartan,,"<strong>Smeaton (Personal)</strong>",,2583,,No,,Yes,No
4157,,Tartan,,"<strong>Sligo Irish County</strong>",Irish,2256,,No,"House of Edgar",Yes,No
4156,,Tartan,,<strong>Slessor</strong>,,5795,,No,,Yes,No
4153,,Tartan,,<strong>Skye</strong>,,5332,,No,,Yes,No
4151,,Tartan,,<strong>Skibo</strong>,,2550,,No,,Yes,No
4147,,Tartan,,"<strong>Sir Billi</strong>",,6887,,No,,Yes,No
4145,,Tartan,,<strong>Sinclair-Brown</strong>,,2189,,No,,Yes,No
4136,,Tartan,,"<strong>Simple Technology</strong>",,2320,,No,,Yes,No
4135,,Tartan,,<strong>Silvicola</strong>,,3204,,No,,Yes,No
3836,,Tartan,,"<strong>Robieson #2</strong>",,6723,,No,,Yes,No
4131,,Tartan,,<strong>Sillitoe</strong>,,6430,,No,,Yes,No
4129,,Tartan,,<strong>Sildesalaten</strong>,International,59001,,No,,Yes,No
4128,,Tartan,,<strong>Sikh</strong>,,2654,,No,,Yes,No
4125,,Tartan,,"<strong>Sibbald Blue</strong>",International,63870,,No,,Yes,No
4124,,Tartan,,<strong>Shrek</strong>,,7259,,No,,Yes,No
4123,,Tartan,,"<strong>Shotts & Dykehead Pipe Band</strong>",,5825,,No,,Yes,No
4122,,Tartan,,<strong>Shieldhall</strong>,,3206,,No,,Yes,No
4121,,Tartan,,<strong>Shenzhen</strong>,,6250,,No,,Yes,No
4120,,Tartan,,"<strong>Sheffield High School</strong>",,3203,,No,,Yes,No
4119,,Tartan,,"<strong>Sheffield City</strong>",,3110,,No,,Yes,No
4116,,Tartan,,"<strong>Sheard (Roy) personal; Devon District</strong>",,1283,,No,,Yes,No
4109,,Tartan,,"<strong>Shaw of Carolina</strong>",,6803,,No,,Yes,No
4108,,Tartan,,<strong>Shaughnessy</strong>,,6033,,No,,Yes,No
4107,,Tartan,,<strong>Shapiro</strong>,,3200,,No,,Yes,No
3537,,Tartan,,"<strong>Orlando Police Department</strong>",,6054,,No,,Yes,No
3560,,Tartan,,"<strong>Park Estate</strong>",,5519,,No,,Yes,No
3558,,Tartan,,"<strong>Papua New Guinea</strong>",,7235,,No,,Yes,No
3556,,Tartan,,"<strong>Palmer General W.J.</strong>",,4971,,No,,Yes,No
3555,,Tartan,,"<strong>Palmer Edward</strong>",,4796,,No,,Yes,No
3554,,Tartan,,"<strong>Palmer Arnold</strong>",,6482,,No,,Yes,No
3553,,Tartan,,"<strong>Palm Beach Gardens Police</strong>",,5521,,No,,Yes,No
3552,,Tartan,,"<strong>Palatine Union</strong>",,6802,,No,,Yes,No
3549,,Tartan,,<strong>Pacific</strong>,,5523,,No,,Yes,No
3548,,Tartan,,"<strong>Oxford University</strong>",,2652,,No,,Yes,No
3547,,Tartan,,"<strong>Oxford Dress</strong>",,2653,,No,,Yes,No
3545,,Tartan,,"<strong>Over Mountain District</strong>",,2448,,No,,Yes,No
3544,,Tartan,,"<strong>Ottawa City</strong>",,2021,,No,,Yes,No
3542,,Tartan,,"<strong>Otago District</strong>",,2317,,No,,Yes,No
3541,,Tartan,,"<strong>Orvis Sports Company</strong>",,4222,,No,,Yes,No
3539,,Tartan,,"<strong>Orr (John) personal; Dirk, The Brotherhood of</strong>",Scottish,43914,,No,,Yes,No
3563,,Tartan,,"<strong>Parkhead District</strong>",,6220,,No,,Yes,No
3536,,Tartan,,"<strong>Orlando Fire Department</strong>",,3090,,No,,Yes,No
3535,,Tartan,,"<strong>Orlando City</strong>",,3045,,No,,Yes,No
3534,,Tartan,,"<strong>Orlando City Dress</strong>",,6053,,No,,Yes,No
3533,,Tartan,,"<strong>Orkney </strong>",,2681,,No,,Yes,No
3532,,Tartan,,"<strong>Orion Nebula</strong>",Scottish,44928,,No,,Yes,No
3531,,Tartan,,"<strong>Oriel District</strong>",,2166,,No,,Yes,No
3529,,Tartan,,"<strong>Oregon State</strong>",,5743,,No,,Yes,No
3528,,Tartan,,"<strong>Order of the Holy Sepulchre of Jerusalem</strong>",,2161,,No,,Yes,No
3527,,Tartan,,<strong>Orban-Prentice</strong>,,5769,,No,,Yes,No
3526,,Tartan,,"<strong>Open Championship 2000</strong>",,6513,,No,,Yes,No
3525,,Tartan,,"<strong>Open Championship 1998</strong>",,2575,,No,,Yes,No
3524,,Tartan,,"<strong>Ontario Provincial</strong>",,3140,,No,,Yes,No
3522,,Tartan,,"<strong>Ontario Northern</strong>",,956,,No,,Yes,No
3521,,Tartan,,"<strong>Ontario Centennial</strong>",,2038,,No,,Yes,No
3520,,Tartan,,"<strong>One Account</strong>",,3912,,No,,Yes,No
3593,,Tartan,,<strong>Perratt</strong>,,6221,,No,,Yes,No
3621,,Tartan,,"<strong>Pinewoods Jubilee</strong>",,6818,,No,,Yes,No
3620,,Tartan,,"<strong>Pinehurst Resort</strong>",,4173,,No,,Yes,No
3619,,Tartan,,<strong>Pincock</strong>,,43893,,No,,Yes,No
3617,,Tartan,,"<strong>Pilette (Kinnear) personal</strong>",,2139,,No,,Yes,No
3615,,Tartan,,<strong>Pike</strong>,,3229,,No,,Yes,No
3613,,Tartan,,<strong>Pienaar</strong>,,6872,,No,,Yes,No
3612,,Tartan,,"<strong>Pictou County</strong>",,7113,,No,,Yes,No
3610,,Tartan,,<strong>Phinn</strong>,,7104,,No,,Yes,No
3607,,Tartan,,"<strong>Peter of Lee (Personal)</strong><br/>[AKA] Peters [default]",,1055,,No,,Yes,No
3606,,Tartan,,"<strong>Peters Chief</strong>",,5507,,No,,Yes,No
3605,,Tartan,,"<strong>Peter Pan</strong>",,5505,,No,,Yes,No
3604,,Tartan,,"<strong>Perthshire Tourist Board</strong>",,2410,,No,,Yes,No
3602,,Tartan,,<strong>Perth</strong>,,5508,,No,,Yes,No
3601,,Tartan,,"<strong>Perth #2</strong>",,2060,,No,,Yes,No
3600,,Tartan,,"<strong>Perry Golf</strong>",,6893,,No,,Yes,No
3519,,Tartan,,"<strong>Oman Sultanate of</strong>",,717,,No,,Yes,No
3592,,Tartan,,<strong>Pennsylvania</strong>,,3130,,No,,Yes,No
3587,,Tartan,,<strong>Peeper</strong>,,6991,,No,,Yes,No
3586,,Tartan,,"<strong>Peeper #2</strong>",,6992,,No,,Yes,No
3585,,Tartan,,"<strong>Peebles Royal Burgh</strong>",,5403,,No,,Yes,No
3583,,Tartan,,"<strong>Peacock (Personal)</strong>",,5793,,No,,Yes,No
3581,,Tartan,,"<strong>Peachy Keen</strong>",,7208,,No,,Yes,No
3579,,Tartan,,"<strong>Payne of Wallins Creek</strong>",,6783,,No,,Yes,No
3577,,Tartan,,<strong>Paxton</strong>,Scottish,61140,,No,,Yes,No
3576,,Tartan,,"<strong>Paxton #2</strong>",,6691,,No,,Yes,No
3575,,Tartan,,"<strong>Patterson Red</strong>",,2191,,No,,Yes,No
3574,,Tartan,,"<strong>Patterson Blue</strong>",,2325,,No,,Yes,No
3572,,Tartan,,<strong>Paton</strong>,,2128,,No,,Yes,No
3566,,Tartan,,<strong>Parr</strong>,,439,,No,,Yes,No
3565,,Tartan,,<strong>Parma</strong>,,5516,,No,,Yes,No
3433,,Tartan,,"<strong>Norwich Collection #056</strong>",,5559,,No,,Yes,No
3448,,Tartan,,"<strong>Nova Scotia Dress</strong>",,937,,No,,Yes,No
3447,,Tartan,,"<strong>Nova Scotia #2</strong>",,4401,,No,,Yes,No
3446,,Tartan,,"<strong>Notre Dame Marching Guard</strong>",,5542,,No,,Yes,No
3445,,Tartan,,"<strong>Norwich Collection #158</strong>",,5543,,No,,Yes,No
3444,,Tartan,,"<strong>Norwich Collection #115</strong>",,5544,,No,,Yes,No
3443,,Tartan,,"<strong>Norwich Collection #079</strong>",,5548,,No,,Yes,No
3442,,Tartan,,"<strong>Norwich Collection #078</strong>",,5549,,No,,Yes,No
3441,,Tartan,,"<strong>Norwich Collection #077</strong>",,5550,,No,,Yes,No
3440,,Tartan,,"<strong>Norwich Collection #064</strong>",,5553,,No,,Yes,No
3439,,Tartan,,"<strong>Norwich Collection #063</strong>",,5554,,No,,Yes,No
3438,,Tartan,,"<strong>Norwich Collection #060</strong><br/>[AKA] <strong>No.159</strong>",,6114,,No,,Yes,No
3437,,Tartan,,"<strong>Norwich Collection #059-2</strong>",,5556,,No,,Yes,No
3436,,Tartan,,"<strong>Norwich Collection #059</strong>",,5555,,No,,Yes,No
3435,,Tartan,,"<strong>Norwich Collection #058</strong>",,5557,,No,,Yes,No
3434,,Tartan,,"<strong>Norwich Collection #057</strong>",,5558,,No,,Yes,No
3449,,Tartan,,"<strong>Nova Scotia Dress #2</strong>",,660,,No,,Yes,No
3432,,Tartan,,"<strong>Norwich Collection #052</strong>",,5560,,No,,Yes,No
3431,,Tartan,,"<strong>Norwich Collection #049</strong>",,5561,,No,,Yes,No
3430,,Tartan,,"<strong>Norwich Collection #040</strong>",,5563,,No,,Yes,No
3429,,Tartan,,"<strong>Norwich Collection #039</strong><br/>[AKA] <strong>Mackinlay</strong>",,5564,,No,,Yes,No
3428,,Tartan,,"<strong>Norwich Collection #038</strong>",,5566,,No,,Yes,No
3427,,Tartan,,"<strong>Norwich Collection #033</strong>",,5567,,No,,Yes,No
3426,,Tartan,,"<strong>Norwich Collection #031</strong>",,5568,,No,,Yes,No
3425,,Tartan,,"<strong>Norwich Collection #030</strong>",,5569,,No,,Yes,No
3424,,Tartan,,"<strong>Norwich Collection #029</strong>",,5570,,No,,Yes,No
3423,,Tartan,,"<strong>Norwich Collection #028</strong>",,5571,,No,,Yes,No
3422,,Tartan,,"<strong>Norwich Collection #026</strong>",,5572,,No,,Yes,No
3421,,Tartan,,"<strong>Norwich Collection #023</strong>",,5573,,No,,Yes,No
3420,,Tartan,,"<strong>Norwich Collection #020</strong>",,5575,,No,,Yes,No
3419,,Tartan,,"<strong>Norwich Collection #017</strong>",,5577,,No,,Yes,No
3482,,Tartan,,<strong>O'Shaughnessy</strong>,,6754,,No,,Yes,No
3518,,Tartan,,"<strong>Oman Royal Army</strong>",,5885,,No,,Yes,No
3517,,Tartan,,"<strong>Oman Regiment; 2nd Pipe Sqn.</strong>",,6852,,No,,Yes,No
3516,,Tartan,,"<strong>Oman Navy</strong>",International,61128,,No,,Yes,No
3515,,Tartan,,<strong>Olympicana</strong>,,5525,,No,,Yes,No
3514,,Tartan,,"<strong>Olympic Games</strong>",,1923,,No,,Yes,No
3507,,Tartan,,<strong>Oilmens</strong>,,3843,,No,,Yes,No
3506,,Tartan,,<strong>Ohio</strong>,,651,,No,,Yes,No
3492,,Tartan,,<strong>Oban</strong>,,5529,,No,,Yes,No
3491,,Tartan,,<strong>Oakwood</strong>,,5532,,No,,Yes,No
3490,,Tartan,,<strong>Oakhill</strong>,Scottish,46827,,No,,Yes,No
3489,,Tartan,,"<strong>Oakhill #2</strong>",Scottish,49103,,No,,Yes,No
3488,,Tartan,,<strong>Oakhall</strong>,,6253,,No,,Yes,No
3487,,Tartan,,<strong>O2</strong>,,7088,,No,,Yes,No
3485,,Tartan,,"<strong>O'Sullivan McCragh</strong>",,2169,,No,,Yes,No
3483,,Tartan,,<strong>O'Sheehan</strong>,,7115,,No,,Yes,No
3622,,Tartan,,"<strong>Pinney's of Scotland</strong>",,2284,,No,,Yes,No
3481,,Tartan,,"<strong>O'Shaughnessy Memorial</strong>",,7051,,No,,Yes,No
3478,,Tartan,,<strong>O'Reilly</strong>,,6747,,No,,Yes,No
3477,,Tartan,,"<strong>O'Neill Pipe Band 1999</strong>",,1810,,No,,Yes,No
3476,,Tartan,,"<strong>O'Neill Pipe Band 1983</strong>",,5536,,No,,Yes,No
3475,,Tartan,,"<strong>O'Neill Pipe Band 1970</strong>",,5538,,No,,Yes,No
3470,,Tartan,,<strong>O'Monaghan</strong>,,6266,,No,,Yes,No
3468,,Tartan,,<strong>O'Mahony</strong>,,6491,,No,,Yes,No
3467,,Tartan,,<strong>O'Long</strong>,,7246,,No,,Yes,No
3463,,Tartan,,<strong>O'Donoghue</strong>,,6399,,No,,Yes,No
3455,,Tartan,,<strong>Nutwood</strong>,,7053,,No,,Yes,No
3454,,Tartan,,<strong>Nunavut</strong>,Scottish,45829,,No,,Yes,No
3452,,Tartan,,"<strong>Nova Scotia Pik Mills #2</strong>",,1927,,No,,Yes,No
3451,,Tartan,,"<strong>Nova Scotia Pik Mills #1</strong>",,1912,,No,,Yes,No
3450,,Tartan,,"<strong>Nova Scotia</strong>",,1713,,No,,Yes,No
3737,,Tartan,,"<strong>Quinn Hunting</strong>",,47526,,No,,Yes,No
3774,,Tartan,,"<strong>Red Deer, City</strong>",,5430,,No,,Yes,No
3773,,Tartan,,"<strong>Red Chapeau</strong>",,7212,,No,,Yes,No
3772,,Tartan,,"<strong>Red Bull</strong><br/>[AKA] <strong>Tarbh Deargh</strong>",,3974,,No,,Yes,No
3770,,Tartan,,"<strong>Reagan, (Personal)</strong>",,6612,,No,,Yes,No
3768,,Tartan,,"<strong>Raymond of Doune</strong>",,5437,,No,,Yes,No
3765,,Tartan,,<strong>Rathmore</strong>,,1518,,No,,Yes,No
3764,,Tartan,,"<strong>Rannoch Red</strong>",,5438,,No,,Yes,No
3763,,Tartan,,<strong>Ranking</strong>,,3242,,No,,Yes,No
3755,,Tartan,,"<strong>Rangers Football Club 1989</strong>",,2062,,No,,Yes,No
3749,,Tartan,,<strong>Ramada</strong>,,6374,,No,,Yes,No
3746,,Tartan,,"<strong>Raleigh Pipe Band</strong>",,3887,,No,,Yes,No
3745,,Tartan,,<strong>Rajput</strong>,,6047,,No,,Yes,No
3743,,Tartan,,"<strong>Rainbow Fort Worth</strong>",,5999,,No,,Yes,No
3742,,Tartan,,"<strong>Rainbow Canada</strong>",,5442,,No,,Yes,No
3741,,Tartan,,<strong>Rafferty</strong>,,6749,,No,,Yes,No
3775,,Tartan,,"<strong>Red Hatters United</strong>",,7177,,No,,Yes,No
3732,,Tartan,,"<strong>Queensland District</strong>",,2618,,No,,Yes,No
3731,,Tartan,,"<strong>Queensferry District</strong>",,3138,,No,,Yes,No
3729,,Tartan,,"<strong>Queen Victoria; </strong>",,1675,,No,,Yes,No
3728,,Tartan,,"<strong>Queen Victoria; Royal</strong>",,1600,,No,,Yes,No
3727,,Tartan,,"<strong>Queen Victoria; Highland Dress</strong>",,1677,,No,,Yes,No
3726,,Tartan,,"<strong>Queen Victoria; Artifact</strong>",,1547,,No,,Yes,No
3722,,Tartan,,"<strong>Queen Mary RMS</strong>",,2700,,No,,Yes,No
3721,,Tartan,,"<strong>Queen Alexandra</strong>",,972,,No,,Yes,No
3720,,Tartan,,"<strong>Quebec Provincial</strong>",,1949,,No,,Yes,No
3719,,Tartan,,"<strong>Quebec Centennial Dress</strong>",,3137,,No,,Yes,No
3718,,Tartan,,"<strong>Quebec Centennial</strong>",,1966,,No,,Yes,No
3717,,Tartan,,<strong>Quadra</strong>,,5445,,No,,Yes,No
3716,,Tartan,,"<strong>Quaboos Regimental Pipers Plaid</strong>",,1806,,No,,Yes,No
3715,,Tartan,,"<strong>Quabboos Sultan of; Air Force</strong>",,5165,,No,,Yes,No
3714,,Tartan,,"<strong>Purple Watch</strong>",,3075,,No,,Yes,No
3798,,Tartan,,<strong>Renfrew</strong>,,5413,,No,,Yes,No
3834,,Tartan,,"<strong>Robieson (Graham) personal</strong>",,6724,,No,,Yes,No
3822,,Tartan,,"<strong>Robert Gordon University</strong>",,2450,,No,,Yes,No
3820,,Tartan,,<strong>Robberstad</strong>,,6656,,No,,Yes,No
3819,,Tartan,,<strong>Robb</strong>,,3157,,No,,Yes,No
3818,,Tartan,,"<strong>Robb Red</strong>",,3158,,No,,Yes,No
3817,,Tartan,,"<strong>Rob Roy (Film)</strong>",,7026,,No,,Yes,No
3815,,Tartan,,<strong>Ritch</strong>,,1698,,No,,Yes,No
3814,,Tartan,,"<strong>Rikaco (Japan) personal; Morning Dew 2</strong>",,6392,,No,,Yes,No
3813,,Tartan,,"<strong>Rikaco (Japan) personal; Morning Dew 1</strong>",,3932,,No,,Yes,No
3812,,Tartan,,"<strong>Rikaco (Japan) personal; Holiday</strong>",Scottish,44898,,No,,Yes,No
3810,,Tartan,,"<strong>Rikaco (Japan) personal; Classic</strong>",,3931,,No,,Yes,No
3807,,Tartan,,<strong>Richmond</strong>,,55,,No,,Yes,No
3805,,Tartan,,<strong>Richecourt</strong>,,6225,,No,,Yes,No
3802,,Tartan,,"<strong>Rhode Island State</strong>",,2659,,No,,Yes,No
3799,,Tartan,,<strong>Rennie</strong>,,716,,No,,Yes,No
3713,,Tartan,,"<strong>Purdy (Illinois) personal; Black #2</strong>",,67,,No,,Yes,No
3797,,Tartan,,"<strong>Renfrew 2</strong>",,5414,,No,,Yes,No
3795,,Tartan,,"<strong>Reilly (Mearns) personal; Reilly fae the Mearns</strong>",Scottish,66687,,No,,Yes,No
3793,,Tartan,,"<strong>Reid of Straloch</strong>",,4079,,No,,Yes,No
3788,,Tartan,,"<strong>Rei Okamoto</strong>",,7305,,No,,Yes,No
3787,,Tartan,,<strong>Regent</strong>,,341,,No,,Yes,No
3785,,Tartan,,<strong>Regalia</strong>,,5418,,No,,Yes,No
3784,,Tartan,,"<strong>Reflections of the Sea</strong>",,5419,,No,,Yes,No
3783,,Tartan,,<strong>Reese</strong>,,6915,,No,,Yes,No
3781,,Tartan,,<strong>Redwoods</strong>,,5422,,No,,Yes,No
3780,,Tartan,,<strong>Redwood</strong>,,5423,,No,,Yes,No
3779,,Tartan,,<strong>Redland</strong>,,6070,,No,,Yes,No
3778,,Tartan,,"<strong>Red White Blue Watch Dress</strong>",,5424,,No,,Yes,No
3777,,Tartan,,"<strong>Red Watch</strong>",,5427,,No,,Yes,No
3776,,Tartan,,"<strong>Red Rum</strong>",,1217,,No,,Yes,No
3652,,Tartan,,"<strong>Portree Check</strong>",,1280,,No,,Yes,No
3673,,Tartan,,"<strong>Prince Charles Edward Stuart; #5</strong>",,1557,,No,,Yes,No
3672,,Tartan,,"<strong>Prince Charles Edward Stuart; #4</strong>",,1374,,No,,Yes,No
3671,,Tartan,,"<strong>Prince Charles Edward Stuart; #3</strong><br/>[AKA] <strong>Earl of Moray</strong>",,1371,,No,,Yes,No
3670,,Tartan,,"<strong>Prince Charles Edward Stuart; #2</strong>",,1170,,No,,Yes,No
3669,,Tartan,,"<strong>Prince Albert</strong>",,6847,,No,,Yes,No
3668,,Tartan,,"<strong>Pride of Yorkland</strong>",,3813,,No,,Yes,No
3667,,Tartan,,"<strong>Pride of the Clyde</strong>",,7298,,No,,Yes,No
3666,,Tartan,,"<strong>Pride of Scotland Dress Dance</strong>",,59793,,No,,Yes,No
3665,,Tartan,,"<strong>Pride of Norway</strong>",,5785,,No,,Yes,No
3664,,Tartan,,"<strong>Pride of New Zealand</strong>",,2632,,No,,Yes,No
3663,,Tartan,,"<strong>Pride of Wales</strong>",Welsh,5737,,No,"Wales Tartan",Yes,No
3660,,Tartan,,"<strong>Press & Journal</strong>",,7099,,No,,Yes,No
3655,,Tartan,,"<strong>Poulain League</strong>",,2539,,No,,Yes,No
3654,,Tartan,,<strong>Potts</strong>,,4538,,No,,Yes,No
3653,,Tartan,,"<strong>Portree District</strong>",,5850,,No,,Yes,No
3674,,Tartan,,"<strong>Prince Charles Edward Stuart; #6</strong>",,1707,,No,,Yes,No
3651,,Tartan,,"<strong>Portree Blue; Dance</strong>",,5488,,No,,Yes,No
3650,,Tartan,,"<strong>Portrait, The</strong>",,5490,,No,,Yes,No
3649,,Tartan,,"<strong>Portmeirion District</strong>",,6222,,No,,Yes,No
3647,,Tartan,,"<strong>Port Moresby City Pipes & Drums</strong>",,7236,,No,,Yes,No
3646,,Tartan,,"<strong>Port Authority of NY & NJ</strong>",,6793,,No,,Yes,No
3645,,Tartan,,"<strong>Porcupine, City of</strong>",,5493,,No,,Yes,No
3644,,Tartan,,<strong>Porcupine</strong>,,1303,,No,,Yes,No
3642,,Tartan,,"<strong>Popular Fancy</strong>",,1987,,No,,Yes,No
3638,,Tartan,,"<strong>Pollard 2014</strong>",Scottish,71154,,No,,Yes,No
3635,,Tartan,,"<strong>Police College Tulliallan</strong>",,4231,,No,,Yes,No
3634,,Tartan,,<strong>Polaris</strong>,,62218,,No,,Yes,No
3632,,Tartan,,"<strong>Plymouth Armada 400</strong>",,476,,No,,Yes,No
3628,,Tartan,,"<strong>Plaid Wine</strong>",,5502,,No,,Yes,No
3624,,Tartan,,"<strong>Piper Rowdy' Roddy</strong>",,5411,,No,,Yes,No
3689,,Tartan,,"<strong>Prince's Own; </strong>",,981,,No,,Yes,No
3710,,Tartan,,<strong>Puffin</strong>,,2374,,No,,Yes,No
3709,,Tartan,,"<strong>PSD Operation Iraqi Freedom</strong>",,6877,,No,,Yes,No
3706,,Tartan,,"<strong>Proctor (Alan) personal; #2</strong>",,40894,,No,,Yes,No
3704,,Tartan,,"<strong>Printing Industries of America</strong>",,5446,,No,,Yes,No
3703,,Tartan,,"<strong>Pringle, James</strong>",,5293,,No,,Yes,No
3699,,Tartan,,"<strong>Princess Mary</strong>",,5449,,No,,Yes,No
3698,,Tartan,,"<strong>Princess Marina</strong>",,6036,,No,,Yes,No
3697,,Tartan,,"<strong>Princess Margaret Rose; </strong>",,986,,No,,Yes,No
3696,,Tartan,,"<strong>Princess Louise</strong>",,5458,,No,,Yes,No
3695,,Tartan,,"<strong>Princess Elizabeth; </strong>",,1613,,No,,Yes,No
3694,,Tartan,,"<strong>Princess Elizabeth; #2</strong>",,1444,,No,,Yes,No
3693,,Tartan,,"<strong>Princess Beatrice; </strong>",,1206,,No,,Yes,No
3692,,Tartan,,"<strong>Princess Beatrice; Hunting #2</strong>",,545,,No,,Yes,No
3691,,Tartan,,"<strong>Princess Beatrice; Hunting</strong>",,5467,,No,,Yes,No
3690,,Tartan,,"<strong>Princess Beatrice; Dress Dance</strong>",,1169,,No,,Yes,No
4378,,Tartan,,"<strong>Susan G Komen 6</strong>",,7332,,No,,Yes,No
3688,,Tartan,,"<strong>Prince of Wales</strong>",Welsh,3306,,No,"Marton Mills",Yes,No
3687,,Tartan,,"<strong>Prince of Wales Check</strong>",Welsh,3309,,No,,Yes,No
3686,,Tartan,,"<strong>Prince of Orange</strong>",,389,,No,,Yes,No
3685,,Tartan,,"<strong>Prince of Orange #2</strong>",,365,,No,,Yes,No
3684,,Tartan,,"<strong>Prince of Denmark Historic</strong>",,2377,,No,,Yes,No
3683,,Tartan,,"<strong>Prince George's Police Pipe Band</strong>",,5474,,No,,Yes,No
3682,,Tartan,,"<strong>Prince George; </strong>",,942,,No,,Yes,No
3681,,Tartan,,"<strong>Prince Edward Island Provincial</strong>",,918,,No,,Yes,No
3680,,Tartan,,"<strong>Prince Edward Island Dress</strong>",,5475,,No,,Yes,No
3679,,Tartan,,"<strong>Prince David; </strong>",,826,,No,,Yes,No
3678,,Tartan,,"<strong>Prince Charles Edward Stuart</strong>",,452,,No,,Yes,No
3677,,Tartan,,"<strong>Prince Charles Edward Stuart; #9</strong>",,65313,,No,,Yes,No
3676,,Tartan,,"<strong>Prince Charles Edward Stuart; #8</strong>",,5842,,No,,Yes,No
3675,,Tartan,,"<strong>Prince Charles Edward Stuart; #7</strong>",,1760,,No,,Yes,No
301488,,Tweed,,"<strong>Shetland Jacketing Forresters Green</strong>",,,,No,,Yes,No
301487,,Tweed,,"<strong>Shetland Jacketing Beaters Green</strong>",,,,No,,Yes,No
301486,,Tweed,,"<strong>Shetland Jacketing Ghillie Blue</strong>",,,,No,,Yes,No
300117,,Tweed,,"<strong>Heriot Check Tweed</strong>",,,,No,,Yes,No
300076,,Tweed,,"<strong>Plockton Estate Check</strong>",,,,No,,Yes,No
8025,,Tweed,,"<strong>Heritage Cheviot Dunnock</strong>",,,,No,,Yes,No
300074,,Tweed,,"<strong>Minto Estate Check</strong>",,,,No,,Yes,No
300069,,Tweed,,"<strong>Maxton Check Tweed</strong>",,,,No,,Yes,No
300068,,Tweed,,"<strong>Kyle Estate Check</strong>",,,,No,,Yes,No
300059,,Tweed,,"<strong>Ednam Estate</strong>",,,,No,,Yes,No
300058,,Tweed,,<strong>Eccles</strong>,,,,No,,Yes,No
300057,,Tweed,,"<strong>Dornoch Estate</strong>",,,,No,,Yes,No
300056,,Tweed,,"<strong>Denholm Estate</strong>",,,,No,,Yes,No
300055,,Tweed,,"<strong>Crail Estate</strong>",,,,No,,Yes,No
300053,,Tweed,,"<strong>St Abbs</strong>",,,,No,,Yes,No
13485,,Tweed,,"<strong>Cheviot Crag (Marton Mills)</strong>",,,,No,"Marton Mills",Yes,No
7951,,Tweed,,"<strong>Cheviot Sea Green</strong>",,,,No,,Yes,No
7964,,Tweed,,"<strong>Cheviot Mocha Redstart</strong>",,,,No,,Yes,No
7963,,Tweed,,"<strong>Cheviot Mocha Reeve</strong>",,,,No,,Yes,No
7962,,Tweed,,"<strong>Cheviot Mocha</strong>",,,,No,,Yes,No
7960,,Tweed,,"<strong>Cheviot Pheasant Loganberry</strong>",,,,No,,Yes,No
7959,,Tweed,,"<strong>Cheviot Pheasant</strong>",,,,No,,Yes,No
7958,,Tweed,,"<strong>Cheviot Flintstone Petrol</strong>",,,,No,,Yes,No
7957,,Tweed,,"<strong>Crag (Marton Mills)</strong>",,,,No,"Marton Mills",Yes,No
7956,,Tweed,,"<strong>Cheviot Rave</strong>",,,,No,,Yes,No
7955,,Tweed,,"<strong>Cheviot Loden Fen</strong>",,,,No,,Yes,No
7953,,Tweed,,"<strong>Cheviot Green Lovat Fen</strong>",,,,No,,Yes,No
7952,,Tweed,,"<strong>Cheviot Heath Sea</strong>",,,,No,,Yes,No
7966,,Tweed,,"<strong>Cheviot Dunlin Coffee</strong>",,,,No,,Yes,No
7950,,Tweed,,"<strong>Cheviot Fen</strong>",,,,No,,Yes,No
7949,,Tweed,,"<strong>Cheviot Flintstone Crag</strong>",,,,No,,Yes,No
7948,,Tweed,,"<strong>Cheviot Flintstone</strong>",,,,No,,Yes,No
7947,,Tweed,,"<strong>Cheviot Charcoal</strong>",,,,No,,Yes,No
7946,,Tweed,,"<strong>Natural Collection Seaside</strong>",,,,No,,Yes,No
7945,,Tweed,,"<strong>Natural Collection Harvest</strong>",,,,No,,Yes,No
7944,,Tweed,,"<strong>Natural Collection Meadow</strong>",,,,No,,Yes,No
7941,,Tweed,,"<strong>Natural Collection Blossom</strong>",,,,No,,Yes,No
7939,,Tweed,,"<strong>Natural Collection Jay</strong>",,,,No,,Yes,No
7937,,Tweed,,"<strong>Natural Collection Jacksnipe</strong>",,,,No,,Yes,No
7936,,Tweed,,"<strong>Natural Collection Nuthatch</strong>",,,,No,,Yes,No
7982,,Tweed,,"<strong>Cheviot Mallard  & Evergreen</strong>",,,,No,,Yes,No
8024,,Tweed,,"<strong>Heritage Cairngorm Sparrowhawk</strong>",,,,No,,Yes,No
8022,,Tweed,,"<strong>Estate tweeds Glen Shee</strong>",,,,No,,Yes,No
8021,,Tweed,,"<strong>Estate tweeds Glen Rannoch</strong>",,,,No,,Yes,No
8019,,Tweed,,"<strong>Estate tweeds Glen Lomond</strong>",,,,No,,Yes,No
8014,,Tweed,,"<strong>Estate tweeds Glen Garry</strong>",,,,No,,Yes,No
8013,,Tweed,,"<strong>Estate tweeds Glen Darroch</strong>",,,,No,,Yes,No
8012,,Tweed,,"<strong>Estate tweeds Glen Carron</strong>",,,,No,,Yes,No
8010,,Tweed,,"<strong>Estate tweeds Glen Tilt</strong>",,,,No,,Yes,No
8008,,Tweed,,"<strong>Natural Collection Wren</strong>",,,,No,,Yes,No
8007,,Tweed,,"<strong>Natural Collection Greylag</strong>",,,,No,,Yes,No
7983,,Tweed,,"<strong>Cheviot Sea & Eucalyptus</strong>",,,,No,,Yes,No
6945,,Plain,,"<strong>Birkdale Flannel 1700</strong>",,,,No,"Brook Taverner",Yes,No
7980,,Tweed,,"<strong>Cheviot Flannel Grey</strong>",,,,No,,Yes,No
7977,,Tweed,,"<strong>Cheviot Black</strong>",,,,No,,Yes,No
7976,,Tweed,,"<strong>Cheviot 7648</strong>",,,,No,,Yes,No
7975,,Tweed,,"<strong>Cheviot Crag & White</strong>",,,,No,,Yes,No
7973,,Tweed,,"<strong>Cheviot Lovat Mulberry Griffin</strong>",,,,No,,Yes,No
7972,,Tweed,,"<strong>Cheviot Pheasant Agate Lovat Flame</strong>",,,,No,,Yes,No
7970,,Tweed,,"<strong>Cheviot Loden</strong>",,,,No,,Yes,No
7969,,Tweed,,"<strong>Cheviot Midnight Ocean</strong>",,,,No,,Yes,No
7968,,Tweed,,"<strong>Cheviot Brown</strong>",,,,No,,Yes,No
7967,,Tweed,,"<strong>Cheviot Loden Crag</strong>",,,,No,,Yes,No
300887,,Tartan,,"<strong>Buchanan Rose</strong>",,,,No,,Yes,No
301064,,Tartan,,"<strong>Afallon</strong><br/>[AKA] <strong>Avalon</strong>",,,,No,,Yes,No
300950,,Tartan,,"<strong>Tyree </strong>",,,,No,,Yes,No
300949,,Tartan,,<strong>Hame</strong>,,,,No,,Yes,No
300948,,Tartan,,"<strong>Steps to Hope</strong>",,,,No,,Yes,No
300947,,Tartan,,"<strong>Forth Check</strong>",,,,No,,Yes,No
300946,,Tartan,,"<strong>Rose Hunting Grey</strong>",,,,No,,Yes,No
300945,,Tartan,,"<strong>Bannockbane Grey</strong>",,,,No,,Yes,No
300942,,Tartan,,"<strong>Silver Dress Stewart</strong>",,,,No,,Yes,No
300932,,Tartan,,"<strong>Border Shepherd's Check Blue Stripe</strong>",,,,No,,Yes,No
300889,,Tartan,,"<strong>Lochcarron Graphite</strong>",,,,No,,Yes,No
300888,,Tartan,,"<strong>Buchanan Berry</strong>",,,,No,,Yes,No
301065,,Tartan,,"<strong>Spirit of Glyndwr Grey</strong>",,,,No,,Yes,No
300886,,Tartan,,"<strong>Red Red Rose</strong>",,,,No,,Yes,No
300885,,Tartan,,"<strong>Lochcarron Ruby</strong>",,,,No,,Yes,No
300833,,Tartan,,"<strong>South African Air Force</strong>",,5317,,No,,Yes,No
300789,,Tartan,,"<strong>Royal Naval Association</strong>",,3935,,No,,Yes,No
300786,,Tartan,,"<strong>Otago Peninsula</strong>",,2110,,No,,Yes,No
300783,,Tartan,,<strong>MacGirr</strong>,,43608,,No,,Yes,No
300781,,Tartan,,<strong>Holyrood</strong>,,98,,No,,Yes,No
300765,,Tartan,,"<strong>Gammon, W & Family (Personal)</strong>",,,,No,,Yes,No
300748,,Tartan,,"<strong>Grand Lodge of Canada</strong>",,6353,,No,,Yes,No
300696,,Tartan,,"<strong>Chubbs, L & S</strong>",,,,No,,Yes,No
300660,,Tartan,,"<strong>SotoBerg, Cedessa & Shelby (Personal)</strong>",,,,No,,Yes,No
305884,,Tartan,,"<strong>Jordan Fabbro & Family (Personal)</strong>",,,,No,,Yes,No
395417,,Tartan,,"<strong>Stovell (2015)</strong>",,,,No,,Yes,No
394976,,Tartan,,<strong>Burt</strong>,,,,No,,Yes,No
394422,,Tartan,,"<strong>Lochcarron Platinum Jubilee</strong>",,,,No,"Lochcarron of Scotland",Yes,No
310002,,Tartan,,"<strong>Guilder (2018)</strong>",,,,No,,Yes,No
310001,,Tartan,,"<strong>Freemasons Universal</strong>",,,,No,,Yes,No
309299,,Tartan,,"<strong>Highland Titles</strong>",,,,No,,Yes,No
309207,,Tartan,,"<strong>Fraser 78th Highlanders Spec 1949</strong>",,,,No,,Yes,No
307964,,Tartan,,"<strong>Redpath, The Ronald</strong>",,43922,,No,,Yes,No
307077,,Tartan,,"<strong>Culloden 1746</strong>",Scottish,100497,,No,,Yes,No
306792,,Tartan,,"<strong>McAndrew, B (Personal)</strong>",,,,No,,Yes,No
306404,,Tartan,,"<strong>Castle on the Hill</strong>",Scottish,,,No,,Yes,No
300578,,Tartan,,"<strong>Dark Island Sky</strong>",,,,No,,Yes,No
305312,,Tartan,,"<strong>Ritchie 2</strong>",,,,No,,Yes,No
304139,,Tartan,,"<strong>Royal Marines Condor</strong>",,64772,,No,,Yes,No
303950,,Tartan,,"<strong>Musselburgh Dress Dance</strong>",Scottish,62480,,No,,Yes,No
303881,,Tartan,,"<strong>Miami Dade Fire Rescue</strong>",,,,No,,Yes,No
302388,,Tartan,,"<strong>Boyter, D</strong>",,,,No,,Yes,No
302161,,Tartan,,<strong>Culross</strong>,,,,No,"Lochcarron of Scotland",Yes,No
302158,,Tartan,,"<strong>Seaforth Highlanders of Canada (1910 Sett)</strong>",Canadian,100509,,No,,Yes,No
302003,,Tartan,,<strong>Hickey</strong>,,,,No,,Yes,No
301961,,Tartan,,"<strong>Lindsay-McGee, C & V - Wedding (Personal)</strong>",,,,No,,Yes,No
301922,,Tartan,,"<strong>Titanic Belfast</strong>",,105181,,No,,Yes,No
300480,,Tartan,,"<strong>Highland Peat (Herringbone)</strong>",,,,No,,Yes,No
300491,,Tartan,,"<strong>Macnaughton Hebridean</strong>",,,,No,,Yes,No
300490,,Tartan,,"<strong>Macleod Lewis Dress Hebridean</strong>",,,,No,,Yes,No
300489,,Tartan,,"<strong>Macleod Hebridean</strong>",,,,No,,Yes,No
300488,,Tartan,,"<strong>Mackenzie Hebridean </strong>",,,,No,,Yes,No
300487,,Tartan,,"<strong>Gunn Hebridean</strong>",,,,No,,Yes,No
300486,,Tartan,,"<strong>Ferguson Hebridean</strong>",,,,No,,Yes,No
300485,,Tartan,,"<strong>Douglas Hebridean</strong>",,,,No,,Yes,No
300484,,Tartan,,"<strong>Campbell Hebridean</strong>",,,,No,,Yes,No
300483,,Tartan,,"<strong>Buchanan Hebridean</strong>",,,,No,,Yes,No
300482,,Tartan,,"<strong>Black Watch Hebridean</strong>",,,,No,,Yes,No
300481,,Tartan,,"<strong>Hebridean Salmon (Herringbone)</strong>",,,,No,,Yes,No
300492,,Tartan,,"<strong>Robertson Hebridean</strong>",,,,No,,Yes,No
300479,,Tartan,,"<strong>Hebridean Loch (Herringbone)</strong>",,,,No,,Yes,No
300478,,Tartan,,"<strong>Highland Heather (Herringbone)</strong>",,,,No,,Yes,No
300477,,Tartan,,"<strong>Dark Hebridean Peat</strong>",,,,No,,Yes,No
300476,,Tartan,,"<strong>Dark Hebridean Purple</strong>",,,,No,,Yes,No
300475,,Tartan,,"<strong>The Skirl</strong>",,,,No,,Yes,No
300474,,Tartan,,"<strong>Bonnie Banks</strong>",,,,No,,Yes,No
300473,,Tartan,,"<strong>Highland Romance</strong>",,,,No,,Yes,No
300472,,Tartan,,"<strong>Jacobite Rebellion</strong>",,,,No,,Yes,No
300471,,Tartan,,"<strong>Leaping Salmon</strong>",,,,No,,Yes,No
300470,,Tartan,,"<strong>Gaelic Fire</strong>",,,,No,,Yes,No
300469,,Tartan,,"<strong>Hebridean Lights</strong>",,,,No,,Yes,No
300503,,Tartan,,"<strong>Uísge Beatha</strong>",,,,No,,Yes,No
300577,,Tartan,,"<strong>Dark Island Peat</strong>",,,,No,,Yes,No
300576,,Tartan,,"<strong>Dark Island Heather</strong>",,,,No,,Yes,No
300575,,Tartan,,"<strong>Dark Island Granite</strong>",,,,No,,Yes,No
300574,,Tartan,,"<strong>Chieftain Hebridean</strong>",,,,No,,Yes,No
300573,,Tartan,,"<strong>Hebridean Sunrise</strong>",,,,No,,Yes,No
300572,,Tartan,,<strong>Fáilte</strong>,,,,No,,Yes,No
300571,,Tartan,,"<strong>Hermitage Falls</strong>",,,,No,,Yes,No
300570,,Tartan,,<strong>Gallus</strong>,,,,No,,Yes,No
300569,,Tartan,,<strong>Orcadian</strong>,,,,No,,Yes,No
300505,,Tartan,,"<strong>Glens of Scotland</strong>",,,,No,,Yes,No
300504,,Tartan,,"<strong>Gothic Romance</strong>",,,,No,,Yes,No
395435,,Tartan,,"<strong>McBride of the Isle (Personal)</strong>",,,,No,,Yes,No
300502,,Tartan,,"<strong>Warrior Poet</strong>",,,,No,,Yes,No
300501,,Tartan,,<strong>Creagan</strong>,,,,No,,Yes,No
300500,,Tartan,,"<strong>Kings Of Scotland</strong>",,,,No,,Yes,No
300499,,Tartan,,"<strong>Celtic Rainbow</strong>",,,,No,,Yes,No
300498,,Tartan,,"<strong>Hebridean Sands</strong>",,,,No,,Yes,No
300497,,Tartan,,"<strong>Hebridean Pewter</strong>",,,,No,,Yes,No
300496,,Tartan,,"<strong>Auld Alliance</strong>",,,,No,,Yes,No
300495,,Tartan,,"<strong>Wallace Hebridean</strong>",,,,No,,Yes,No
300494,,Tartan,,"<strong>Thompson Dress Hebridean</strong>",,,,No,,Yes,No
300493,,Tartan,,"<strong>Stewart Black Hebridean</strong>",,,,No,,Yes,No
409051,,Tartan,,"<strong>Lord of the Isles</strong>",Scottish,,,No,,Yes,No
5002,,Plain,,"<strong>Dark Ruby; Wool (House of Edgar)</strong>",,,,No,"House of Edgar",Yes,No
5000,,Plain,,"<strong>Ancient Red; Wool (House of Edgar)</strong>",,,,No,"House of Edgar",Yes,No
4996,,Plain,,"<strong>Tartan Green; Wool (Ingles Buchan)</strong>",,,,No,"Ingles Buchan",Yes,No
4994,,Plain,,"<strong>Burgundy (Ingles Buchan)</strong>",,,,No,"Ingles Buchan",Yes,No
4992,,Plain,,"<strong>Tartan Blue; Wool (Ingles Buchan)</strong>",,,,No,"Ingles Buchan",Yes,No
411135,,Tartan,,"<strong>Heartfelt Welcome</strong>",Scottish,,,No,,Yes,No
409154,,Tartan,,"<strong>Kintyre Dusk</strong>",,,,No,"Marton Mills",Yes,No
409153,,Tartan,,"<strong>Kintyre Storm</strong>",,,,No,"Marton Mills",Yes,No
409152,,Tartan,,"<strong>Kintyre Fen</strong>",,,,No,"Marton Mills",Yes,No
409151,,Tartan,,"<strong>Copper Haze</strong>",,,,No,"Marton Mills",Yes,No
409150,,Tartan,,"<strong>Kintyre Bramble</strong>",,,,No,"Marton Mills",Yes,No
5003,,Plain,,"<strong>Flower of Scotland Blue; Wool (House of Edgar)</strong>",,,,No,"House of Edgar",Yes,No
408597,,Tartan,,<strong>Norman</strong>,,,,No,"Marton Mills",Yes,No
408596,,Tartan,,"<strong>Menzies (Black)</strong>",,,,No,"Marton Mills",Yes,No
408595,,Tartan,,"<strong>Menzies (Dress)</strong>",,,,No,"Marton Mills",Yes,No
408594,,Tartan,,"<strong>Macqueen Of Skye</strong>",,,,No,"Marton Mills",Yes,No
408593,,Tartan,,"<strong>Macleod Sp</strong>",,,,No,"Marton Mills",Yes,No
408586,,Tartan,,"<strong>Grey Blue Check</strong>",,,,No,"Marton Mills",Yes,No
408521,,Tartan,,"<strong>Blue Red Small Check</strong>",,,,No,"Marton Mills",Yes,No
408520,,Tartan,,"<strong>Black Yellow Check</strong>",,,,No,"Marton Mills",Yes,No
407905,,Tartan,,"<strong>Proudfoot, H & Family</strong>",,,,No,,Yes,No
406345,,Tartan,,"<strong>Gairloch Dress</strong>",,,,No,,Yes,No
405813,,Tartan,,"<strong>Koehler, Dirk & Jarzemski, Beate - Wedding</strong>",,,,No,,Yes,No
5574,,Plain,,"<strong>Barathea Green; Velvet (House of Edgar)</strong>",Scottish,,,No,"House of Edgar",Yes,No
5937,,Plain,,"<strong>Green; Wool (Lochcarron)</strong>",,,,No,"Lochcarron of Scotland",Yes,No
5935,,Plain,,"<strong>Blue; Wool (Lochcarron)</strong>",,,,No,"Lochcarron of Scotland",Yes,No
5932,,Plain,,"<strong>Ancient Green; Wool (Lochcarron)</strong>",,,,No,"Lochcarron of Scotland",Yes,No
5931,,Plain,,"<strong>Ancient Blue; Wool (Lochcarron)</strong>",,,,No,"Lochcarron of Scotland",Yes,No
5586,,Plain,,"<strong>Red; Velvet (House of Edgar)</strong>",Scottish,,,No,"House of Edgar",Yes,No
5584,,Plain,,"<strong>Pink; Velvet (House of Edgar)</strong>",Scottish,,,No,"House of Edgar",Yes,No
5583,,Plain,,"<strong>Midnight; Velvet (House of Edgar)</strong>",Scottish,,,No,"House of Edgar",Yes,No
5582,,Plain,,"<strong>Lilac; Velvet (House of Edgar)</strong>",Scottish,,,No,"House of Edgar",Yes,No
5580,,Plain,,"<strong>Emerald; Velvet (House of Edgar)</strong>",Scottish,,,No,"House of Edgar",Yes,No
5579,,Plain,,"<strong>Crimson; Velvet (House of Edgar)</strong>",Scottish,,,No,"House of Edgar",Yes,No
5575,,Plain,,"<strong>Barathea Navy; Velvet (House of Edgar)</strong>",Scottish,,,No,"House of Edgar",Yes,No
403620,,Tartan,,"<strong>Powys (County)</strong>",,,,No,"Wales Tartan",Yes,No
5207,,Plain,,"<strong>Weathered Green; Wool (Lochcarron)</strong>",,,,No,"Lochcarron of Scotland",Yes,No
5206,,Plain,,"<strong>Weathered Blue; Wool (Lochcarron)</strong>",,,,No,"Lochcarron of Scotland",Yes,No
5205,,Plain,,"<strong>Weathered Black; Wool (Lochcarron)</strong>",,,,No,"Lochcarron of Scotland",Yes,No
5151,,Plain,,"<strong>Highland Green; Wool (Marton Mill)</strong>",,,,No,"Marton Mills",Yes,No
5011,,Plain,,"<strong>Scarlet; Wool (House of Edgar)</strong>",,,,No,"House of Edgar",Yes,No
5009,,Plain,,"<strong>Muted Tan; Wool (House of Edgar)</strong>",,,,No,"House of Edgar",Yes,No
5008,,Plain,,"<strong>Muted Red; Wool (House of Edgar)</strong>",,,,No,"House of Edgar",Yes,No
5007,,Plain,,"<strong>Muted Green; Wool (House of Edgar)</strong>",,,,No,"House of Edgar",Yes,No
5006,,Plain,,"<strong>Muted Blue; Wool (House of Edgar)</strong>",,,,No,"House of Edgar",Yes,No
5004,,Plain,,"<strong>Flower of Scotland Green; Wool (House of Edgar)</strong>",,,,No,"House of Edgar",Yes,No
398418,,Tartan,,"<strong>Noble Stag</strong>",,,,No,"House of Edgar",Yes,No
398430,,Tartan,,"<strong>Wilder Seas</strong>",,,,No,"House of Edgar",Yes,No
398429,,Tartan,,"<strong>Rolling Thunder</strong>",,,,No,"House of Edgar",Yes,No
398428,,Tartan,,"<strong>Birnam Oak</strong>",,,,No,"House of Edgar",Yes,No
398427,,Tartan,,"<strong>The Outlaw</strong>",,,,No,"House of Edgar",Yes,No
398426,,Tartan,,"<strong>Caledonia Calling</strong>",,,,No,"House of Edgar",Yes,No
398425,,Tartan,,"<strong>Mountain Bothy</strong>",,,,No,"House of Edgar",Yes,No
398424,,Tartan,,"<strong>Open Skies</strong>",,,,No,"House of Edgar",Yes,No
398423,,Tartan,,"<strong>The Rebel</strong>",,,,No,"House of Edgar",Yes,No
398422,,Tartan,,"<strong>Highlander Wanderer</strong>",,,,No,"House of Edgar",Yes,No
398421,,Tartan,,"<strong>Atlantic Tide</strong>",,,,No,"House of Edgar",Yes,No
398420,,Tartan,,"<strong>Noble Eagle</strong>",,,,No,"House of Edgar",Yes,No
398431,,Tartan,,"<strong>Juniper Brea</strong>",,,,No,"House of Edgar",Yes,No
398417,,Tartan,,"<strong>Scottish Valour</strong>",,,,No,"House of Edgar",Yes,No
398416,,Tartan,,"<strong>Rocky Shore</strong>",,,,No,"House of Edgar",Yes,No
398415,,Tartan,,"<strong>Auld Acquaintance</strong>",,,,No,"House of Edgar",Yes,No
398414,,Tartan,,"<strong>Tay Bank</strong>",,,,No,"House of Edgar",Yes,No
398412,,Tartan,,<strong>Folklore</strong>,,,,No,"House of Edgar",Yes,No
398410,,Tartan,,"<strong>Beltane Blaze</strong>",,,,No,"House of Edgar",Yes,No
398409,,Tartan,,"<strong>The Pretender</strong>",,,,No,"House of Edgar",Yes,No
397756,,Tartan,,"<strong>US Forces Army [397756 variant]</strong>",,,,No,,Yes,No
397006,,Tartan,,"<strong>Hodgert, Connor & Family</strong>",,,,No,,Yes,No
396409,,Tartan,,"<strong>von Goble, Brant</strong>",,,,No,,Yes,No
399414,,Tartan,,<strong>McFarland-Collins</strong>,,,,No,,Yes,No
403618,,Tartan,,"<strong>Seren Denim Sky</strong>",,,,No,"Wales Tartan",Yes,No
403617,,Tartan,,"<strong>Seren Cotton Candy</strong>",,,,No,"Wales Tartan",Yes,No
403616,,Tartan,,<strong>Ballarat</strong>,Australian,,,No,,Yes,No
403322,,Tartan,,"<strong>Connacht (Lochcarron)</strong>",Irish,,,No,,Yes,No
403320,,Tartan,,<strong>Connacht</strong>,Irish,,,No,,Yes,No
403209,,Tartan,,"<strong>Connacht Green (Dalgliesh)</strong>",Scottish,,,No,,Yes,No
402444,,Tartan,,"<strong>van den Hurck, Nico-Jan & Family</strong>",,,,No,,Yes,No
401834,,Tartan,,"<strong>McClure, Niall & Family (Personal)</strong>",,,,No,,Yes,No
400778,,Tartan,,"<strong>St. Lawrence</strong>",,,,No,,Yes,No
400739,,Tartan,,<strong>Budge</strong>,,,,No,,Yes,No
399742,,Tartan,,"<strong>Jamaican National</strong>",,43516,,No,,Yes,No
4808,,Tartan,,"<strong>Wilson's Collection; No.205</strong>",,1898,,No,,Yes,No
398650,,Tartan,,"<strong>Bizzell, Thomas Dress (Personal)</strong>",,,,No,,Yes,No
398440,,Tartan,,"<strong>Glen Affric</strong>",,,,No,"House of Edgar",Yes,No
398439,,Tartan,,"<strong>Celtic Stone</strong>",,,,No,"House of Edgar",Yes,No
398438,,Tartan,,"<strong>Stand Fast</strong>",,,,No,"House of Edgar",Yes,No
398437,,Tartan,,"<strong>The Drover</strong>",,,,No,"House of Edgar",Yes,No
398436,,Tartan,,"<strong>The Alchemist</strong>",,,,No,"House of Edgar",Yes,No
398435,,Tartan,,"<strong>The Great Glen</strong>",,,,No,"House of Edgar",Yes,No
398434,,Tartan,,<strong>Homeward</strong>,,,,No,"House of Edgar",Yes,No
398433,,Tartan,,"<strong>Shetland Fire</strong>",,,,No,"House of Edgar",Yes,No
398432,,Tartan,,"<strong>Hunting Tower</strong>",,,,No,"House of Edgar",Yes,No
3987,,Tartan,,"<strong>Scotch House Corporate</strong>",,2634,,No,,Yes,No
4002,,Tartan,,"<strong>Scotland Undiscovered</strong>",,5829,,No,,Yes,No
4001,,Tartan,,"<strong>Scotland the Brave</strong>",,2563,,No,,Yes,No
4000,,Tartan,,"<strong>Scotland the Brave Dress Dance</strong>",,6567,,No,,Yes,No
3999,,Tartan,,"<strong>Scotland Forever</strong>",,6038,,No,,Yes,No
3998,,Tartan,,<strong>Scotland</strong>,,3115,,No,,Yes,No
3997,,Tartan,,"<strong>Scotland 2000</strong>",,2514,,No,,Yes,No
3995,,Tartan,,<strong>Scotia</strong>,,89,,No,,Yes,No
3994,,Tartan,,"<strong>Scotia Hunting</strong>",,1761,,No,,Yes,No
3992,,Tartan,,"<strong>Scotch Whisky Heritage Centre #2</strong>",,3260,,No,,Yes,No
3990,,Tartan,,"<strong>Scotch House House Tartan</strong>",,5382,,No,,Yes,No
3989,,Tartan,,"<strong>Scotch House Dorcas #2</strong>",,1315,,No,,Yes,No
4003,,Tartan,,"<strong>Scotland United Colours</strong>",,6504,,No,,Yes,No
3985,,Tartan,,"<strong>Scotch House 2000 Original</strong>",,2635,,No,,Yes,No
3982,,Tartan,,"<strong>Scolpaig Fragment Artifact; </strong>",,1056,,No,,Yes,No
3980,,Tartan,,<strong>Schranz-Gritte</strong>,,3074,,No,,Yes,No
3979,,Tartan,,<strong>Schneidersohne</strong>,,4533,,No,,Yes,No
3976,,Tartan,,<strong>Schiehallion</strong>,,5903,,No,,Yes,No
3975,,Tartan,,<strong>Scandinavian</strong>,,6165,,No,,Yes,No
3973,,Tartan,,<strong>Savoy</strong>,,5383,,No,,Yes,No
3971,,Tartan,,<strong>Saul</strong>,,4018,,No,,Yes,No
3969,,Tartan,,<strong>Satchidananda</strong>,,3979,,No,,Yes,No
3968,,Tartan,,<strong>Saskatchewan</strong>,,1817,,No,,Yes,No
3965,,Tartan,,"<strong>Sarna State</strong>",,2558,,No,,Yes,No
4029,,Tartan,,"<strong>Scottish Borders; </strong>",,2458,,No,,Yes,No
4043,,Tartan,,"<strong>Scottish Gas</strong><br/>[AKA] <strong>William Murdoch</strong>",,29,,No,,Yes,No
4042,,Tartan,,"<strong>Scottish Funereal Association</strong>",,5357,,No,,Yes,No
4041,,Tartan,,"<strong>Scottish Foundation VA Highlands</strong>",,6891,,No,,Yes,No
4037,,Tartan,,"<strong>Scottish Cultural Society</strong>",,2390,,No,,Yes,No
4036,,Tartan,,"<strong>Scottish Crofting Foundation</strong>",,7239,,No,,Yes,No
4035,,Tartan,,"<strong>Scottish Claymores</strong>",,2308,,No,,Yes,No
4034,,Tartan,,"<strong>Scottish Chieftain</strong>",,3978,,No,,Yes,No
4033,,Tartan,,"<strong>Scottish Canals</strong><br/>[AKA] <strong>Highland Canals</strong>",,3916,,No,,Yes,No
4032,,Tartan,,"<strong>Scottish Borders Union Cattle Show</strong>",,3715,,No,,Yes,No
4031,,Tartan,,"<strong>Scottish Borders Tourist Board</strong>",,4040,,No,,Yes,No
4030,,Tartan,,"<strong>Scottish Borders Health Board</strong>",,3954,,No,,Yes,No
3964,,Tartan,,"<strong>Sarna District</strong>",,2039,,No,,Yes,No
4028,,Tartan,,"<strong>Scottish Borders; Borderland</strong>",,5359,,No,,Yes,No
4027,,Tartan,,"<strong>Scottish American Society of Michigan</strong>",,44082,,No,,Yes,No
4026,,Tartan,,"<strong>Scottish American Athletic Association</strong>",,7193,,No,,Yes,No
4025,,Tartan,,"<strong>Scottish Ambulance Service</strong>",,5360,,No,,Yes,No
4024,,Tartan,,"<strong>Scottish Airports</strong>",,2510,,No,,Yes,No
4009,,Tartan,,<strong>Scotsman</strong>,,2645,,No,,Yes,No
4008,,Tartan,,"<strong>Scotland's People</strong>",,6122,,No,,Yes,No
4007,,Tartan,,"<strong>Scotland's Own</strong>",,2592,,No,,Yes,No
4006,,Tartan,,"<strong>Scotland's National</strong>",,5379,,No,,Yes,No
4005,,Tartan,,"<strong>Scotland's National Dress</strong>",,5378,,No,,Yes,No
3913,,Tartan,,"<strong>Royal Pharmaceutical Society</strong>",,2091,,No,,Yes,No
3933,,Tartan,,"<strong>S.C.O.T.S. USA</strong>",,82,,No,,Yes,No
3932,,Tartan,,"<strong>Ryder Cup 2006</strong>",,6836,,No,,Yes,No
3925,,Tartan,,<strong>Rust</strong>,,555,,No,,Yes,No
3924,,Tartan,,"<strong>Russian Scottish</strong>",,7254,,No,,Yes,No
3922,,Tartan,,<strong>Rui</strong>,,5391,,No,,Yes,No
3919,,Tartan,,"<strong>Royal Society for the Prevention of Cruelty to Children Heather</strong><br/>[AKA] <strong>RSPCC</strong>",,2108,,No,,Yes,No
3918,,Tartan,,"<strong>Royal Scottish Pipe Band Association</strong>",,2623,,No,,Yes,No
3917,,Tartan,,"<strong>Royal Scottish Country Dance Society</strong><br/>[AKA] <strong>RSCDS</strong>",,6975,,No,,Yes,No
3916,,Tartan,,"<strong>Royal Scottish Corporation</strong>",,6907,,No,,Yes,No
3915,,Tartan,,"<strong>Royal Scottish Assurance</strong>",,2190,,No,,Yes,No
3914,,Tartan,,"<strong>Royal Scottish Agricultural Benefits Institution</strong>",,5393,,No,,Yes,No
3934,,Tartan,,"<strong>SA Club Private</strong>",,6853,,No,,Yes,No
3909,,Tartan,,"<strong>Royal Delight</strong>",,5397,,No,,Yes,No
3908,,Tartan,,"<strong>Royal Columbian of Canada</strong>",,1900,,No,,Yes,No
3904,,Tartan,,"<strong>Royal College of Midwives</strong>",,5766,,No,,Yes,No
3903,,Tartan,,"<strong>Royal College of General Practitioners</strong>",,3175,,No,,Yes,No
3902,,Tartan,,"<strong>Royal Canadian Mounted Police</strong>",,2447,,No,,Yes,No
3901,,Tartan,,"<strong>Royal Canadian Air Force</strong>",,1343,,No,,Yes,No
3900,,Tartan,,"<strong>Royal British Legion</strong>",,2452,,No,,Yes,No
3899,,Tartan,,"<strong>Royal Australian Air Force #5</strong>",,3146,,No,,Yes,No
3898,,Tartan,,"<strong>Royal Australian Air Force #4</strong>",,3145,,No,,Yes,No
3897,,Tartan,,"<strong>Royal Australian Air Force #3</strong>",,3143,,No,,Yes,No
3896,,Tartan,,"<strong>Royal Australian Air Force #2</strong>",,3144,,No,,Yes,No
3946,,Tartan,,"<strong>Salt Lake Scots</strong>",,5384,,No,,Yes,No
3963,,Tartan,,"<strong>Sarasota Dunfermline</strong>",,5897,,No,,Yes,No
3962,,Tartan,,<strong>Sarafilovic</strong>,,6442,,No,,Yes,No
3961,,Tartan,,"<strong>Sanix Green</strong>",,2644,,No,,Yes,No
3960,,Tartan,,"<strong>Sanix Blue</strong>",,2643,,No,,Yes,No
3958,,Tartan,,<strong>Sandelin</strong>,,7145,,No,,Yes,No
3956,,Tartan,,"<strong>Sandberg of Greenock</strong>",,6974,,No,,Yes,No
3955,,Tartan,,"<strong>Samye Sangha</strong>",,7129,,No,,Yes,No
3954,,Tartan,,<strong>Samye</strong>,,7128,,No,,Yes,No
3950,,Tartan,,"<strong>Salvation Army Hunting</strong>",,150,,No,,Yes,No
3949,,Tartan,,"<strong>Salvation Army Dress</strong>",,546,,No,,Yes,No
3947,,Tartan,,"<strong>Saltcoats District</strong>",,3980,,No,,Yes,No
4044,,Tartan,,"<strong>Scottish Heather</strong>",,3909,,No,,Yes,No
3945,,Tartan,,"<strong>Salt Lake County</strong>",,2394,,No,,Yes,No
3944,,Tartan,,<strong>Salich-Plaja</strong>,,3398,,No,,Yes,No
3943,,Tartan,,"<strong>Salem Scottish Dancers</strong><br/>[AKA] <strong>Wee Bluett</strong>",,4136,,No,,Yes,No
3942,,Tartan,,"<strong>Sail Chalmadale</strong>",,7217,,No,,Yes,No
3941,,Tartan,,"<strong>Saffron Colour Special</strong>",,201,,No,,Yes,No
3940,,Tartan,,<strong>Safeway</strong>,,2177,,No,,Yes,No
3939,,Tartan,,"<strong>Sacramento City Fire Department</strong>",,6303,,No,,Yes,No
3937,,Tartan,,"<strong>Sachie Hara</strong>",,6228,,No,,Yes,No
3936,,Tartan,,<strong>Sabrettes</strong>,,2200,,No,,Yes,No
3935,,Tartan,,<strong>Sabema</strong>,,7060,,No,,Yes,No
4145,,Tartan,,<strong>Sinclair-Brown</strong>,,2189,,No,,Yes,No
4168,,Tartan,,<strong>Snoozzzeee</strong>,,6102,,No,,Yes,No
4166,,Tartan,,<strong>Smithsonian</strong>,,5813,,No,,Yes,No
4163,,Tartan,,"<strong>Smith, Sir William (Personal)</strong>",,65,,No,,Yes,No
4162,,Tartan,,"<strong>Smith of Pennylands</strong>",,3957,,No,,Yes,No
4161,,Tartan,,"<strong>Smeaton Wedding; #1</strong>",,3213,,No,,Yes,No
4160,,Tartan,,"<strong>Smeaton (Personal)</strong>",,2583,,No,,Yes,No
4157,,Tartan,,"<strong>Sligo Irish County</strong>",Irish,2256,,No,"House of Edgar",Yes,No
4156,,Tartan,,<strong>Slessor</strong>,,5795,,No,,Yes,No
4153,,Tartan,,<strong>Skye</strong>,,5332,,No,,Yes,No
4151,,Tartan,,<strong>Skibo</strong>,,2550,,No,,Yes,No
4147,,Tartan,,"<strong>Sir Billi</strong>",,6887,,No,,Yes,No
4169,,Tartan,,<strong>Snowbird</strong>,,6428,,No,,Yes,No
4136,,Tartan,,"<strong>Simple Technology</strong>",,2320,,No,,Yes,No
4135,,Tartan,,<strong>Silvicola</strong>,,3204,,No,,Yes,No
4132,,Tartan,,<strong>Silver</strong>,,6108,,No,,Yes,No
4131,,Tartan,,<strong>Sillitoe</strong>,,6430,,No,,Yes,No
4129,,Tartan,,<strong>Sildesalaten</strong>,International,59001,,No,,Yes,No
4128,,Tartan,,<strong>Sikh</strong>,,2654,,No,,Yes,No
4125,,Tartan,,"<strong>Sibbald Blue</strong>",International,63870,,No,,Yes,No
4124,,Tartan,,<strong>Shrek</strong>,,7259,,No,,Yes,No
4123,,Tartan,,"<strong>Shotts & Dykehead Pipe Band</strong>",,5825,,No,,Yes,No
4122,,Tartan,,<strong>Shieldhall</strong>,,3206,,No,,Yes,No
4121,,Tartan,,<strong>Shenzhen</strong>,,6250,,No,,Yes,No
4186,,Tartan,,<strong>Southdown</strong>,,1194,,No,,Yes,No
4213,,Tartan,,"<strong>Spirit of Yorkshire</strong>",English,72075,,No,,Yes,No
4212,,Tartan,,"<strong>Spirit of West Lothian</strong>",,7256,,No,,Yes,No
4210,,Tartan,,"<strong>Spirit of Ulster</strong>",,7194,,No,,Yes,No
4208,,Tartan,,"<strong>Spirit of Scotland</strong><br/>[AKA] <strong>Fyvie Castle</strong>",,2451,,No,,Yes,No
4207,,Tartan,,"<strong>Spirit of Queensland</strong><br/>[AKA] <strong>Capricornica</strong>",,3216,,No,,Yes,No
4202,,Tartan,,"<strong>Spirit of Alba</strong>",,3904,,No,,Yes,No
4200,,Tartan,,"<strong>Spice Apple</strong>",,5314,,No,,Yes,No
4197,,Tartan,,<strong>Spencer</strong>,,5315,,No,,Yes,No
4191,,Tartan,,"<strong>SPA Association</strong>",,6461,,No,,Yes,No
4190,,Tartan,,"<strong>Souza Nery</strong>",,2651,,No,,Yes,No
4188,,Tartan,,"<strong>Southwell Australian</strong>",,6744,,No,,Yes,No
4120,,Tartan,,"<strong>Sheffield High School</strong>",,3203,,No,,Yes,No
4185,,Tartan,,"<strong>Southdown Grey</strong>",,5316,,No,,Yes,No
4184,,Tartan,,"<strong>South Lanarkshire</strong>",,4017,,No,,Yes,No
4183,,Tartan,,"<strong>South Australia Pipes & Drums</strong>",,5890,,No,,Yes,No
4182,,Tartan,,"<strong>South Australia District</strong>",,2534,,No,,Yes,No
4179,,Tartan,,"<strong>Soroptimist International</strong>",,3097,,No,,Yes,No
4177,,Tartan,,<strong>Sonsub</strong>,,6984,,No,,Yes,No
4176,,Tartan,,"<strong>Sons of Scotland</strong>",,5794,,No,,Yes,No
4173,,Tartan,,"<strong>Somerset District</strong>",,831,,No,,Yes,No
4172,,Tartan,,<strong>Solberg-Wormald</strong>,,6661,,No,,Yes,No
4171,,Tartan,,"<strong>Society of Santa Fe</strong><br/>[AKA] <strong>Scottish Heritage Preservation</strong>",,4107,,No,,Yes,No
4058,,Tartan,,"<strong>Scottish Nuclear</strong>",,2301,,No,,Yes,No
4072,,Tartan,,"<strong>Scottish Thistle</strong>",,7098,,No,,Yes,No
4071,,Tartan,,"<strong>Scottish Tartan Society</strong>",,3191,,No,,Yes,No
4069,,Tartan,,"<strong>Scottish Scouts</strong>",,1463,,No,,Yes,No
4068,,Tartan,,"<strong>Scottish Scouts 1922</strong><br/>[AKA] <strong>Grey Watch Dress</strong>",,1294,,No,,Yes,No
4067,,Tartan,,"<strong>Scottish Qualifications Authority</strong>",,2442,,No,,Yes,No
4065,,Tartan,,"<strong>Scottish Prison Service</strong>",,6595,,No,,Yes,No
4064,,Tartan,,"<strong>Scottish Pride</strong>",,6492,,No,,Yes,No
4062,,Tartan,,"<strong>Scottish Piping Society of London</strong>",,3190,,No,,Yes,No
4061,,Tartan,,"<strong>Scottish Parliament Commemorative</strong>",,2477,,No,,Yes,No
4060,,Tartan,,"<strong>Scottish Official Board of Highland Dancing Dress</strong>",Scottish,65316,,No,,Yes,No
4059,,Tartan,,"<strong>Scottish Odyssey</strong>",,4071,,No,,Yes,No
4073,,Tartan,,"<strong>Scottish Tourist Board 1981</strong>",,239,,No,,Yes,No
4057,,Tartan,,"<strong>Scottish North American Business Council</strong>",,6909,,No,,Yes,No
4056,,Tartan,,"<strong>Scottish North American Business Council #2</strong>",,6910,,No,,Yes,No
4055,,Tartan,,"<strong>Scottish Netball 1987</strong>",,689,,No,,Yes,No
4054,,Tartan,,"<strong>Scottish National</strong>",,2154,,No,,Yes,No
4053,,Tartan,,"<strong>Scottish National Dress</strong>",,2160,,No,,Yes,No
4051,,Tartan,,"<strong>Scottish Monuments</strong>",,3185,,No,,Yes,No
4050,,Tartan,,"<strong>Scottish Lion</strong>",,3184,,No,,Yes,No
4048,,Tartan,,"<strong>Scottish Institute of Sport</strong>",,6745,,No,,Yes,No
4047,,Tartan,,"<strong>Scottish Hockey Union</strong>",,5351,,No,,Yes,No
4046,,Tartan,,"<strong>Scottish Highlander</strong>",,2408,,No,,Yes,No
4045,,Tartan,,"<strong>Scottish Heritage USA</strong><br/>[AKA] <strong>SHUSA</strong>",,4106,,No,,Yes,No
4088,,Tartan,,"<strong>Seletar Elliot</strong>",,3922,,No,,Yes,No
4119,,Tartan,,"<strong>Sheffield City</strong>",,3110,,No,,Yes,No
4116,,Tartan,,"<strong>Sheard (Roy) personal; Devon District</strong>",,1283,,No,,Yes,No
4109,,Tartan,,"<strong>Shaw of Carolina</strong>",,6803,,No,,Yes,No
4108,,Tartan,,<strong>Shaughnessy</strong>,,6033,,No,,Yes,No
4107,,Tartan,,<strong>Shapiro</strong>,,3200,,No,,Yes,No
4106,,Tartan,,<strong>Shandon</strong>,,6229,,No,,Yes,No
4105,,Tartan,,<strong>Shanahan</strong>,,6027,,No,,Yes,No
4102,,Tartan,,"<strong>Setting Sun</strong>",,3199,,No,,Yes,No
4099,,Tartan,,<strong>Service</strong>,,1380,,No,,Yes,No
4098,,Tartan,,<strong>Serenade</strong>,,5341,,No,,Yes,No
4091,,Tartan,,"<strong>Selkirk High School</strong>",,6846,,No,,Yes,No
3895,,Tartan,,"<strong>Royal Australian Air Force #1</strong>",,3142,,No,,Yes,No
4086,,Tartan,,"<strong>Sekai Fushigi Hakken</strong>",,5784,,No,,Yes,No
4085,,Tartan,,"<strong>Seattle District</strong>",,2113,,No,,Yes,No
4084,,Tartan,,<strong>Seaside</strong>,,5343,,No,,Yes,No
4083,,Tartan,,"<strong>Seaforth Estate Check</strong>",,5344,,No,,Yes,No
4079,,Tartan,,<strong>Scozia</strong>,,4204,,No,,Yes,No
4078,,Tartan,,"<strong>Scout Mapping Service #2</strong>",,3823,,No,,Yes,No
4077,,Tartan,,"<strong>Scout Mapping Service #1</strong>",,3824,,No,,Yes,No
4076,,Tartan,,"<strong>Scotts Valley</strong>",,5350,,No,,Yes,No
4075,,Tartan,,"<strong>Scottish Watch</strong>",,1561,,No,,Yes,No
4074,,Tartan,,"<strong>Scottish Tourist Board 1990</strong>",,2099,,No,,Yes,No
3655,,Tartan,,"<strong>Poulain League</strong>",,2539,,No,,Yes,No
3672,,Tartan,,"<strong>Prince Charles Edward Stuart; #4</strong>",,1374,,No,,Yes,No
3671,,Tartan,,"<strong>Prince Charles Edward Stuart; #3</strong><br/>[AKA] <strong>Earl of Moray</strong>",,1371,,No,,Yes,No
3670,,Tartan,,"<strong>Prince Charles Edward Stuart; #2</strong>",,1170,,No,,Yes,No
3669,,Tartan,,"<strong>Prince Albert</strong>",,6847,,No,,Yes,No
3668,,Tartan,,"<strong>Pride of Yorkland</strong>",,3813,,No,,Yes,No
3667,,Tartan,,"<strong>Pride of the Clyde</strong>",,7298,,No,,Yes,No
3666,,Tartan,,"<strong>Pride of Scotland Dress Dance</strong>",,59793,,No,,Yes,No
3665,,Tartan,,"<strong>Pride of Norway</strong>",,5785,,No,,Yes,No
3664,,Tartan,,"<strong>Pride of New Zealand</strong>",,2632,,No,,Yes,No
3663,,Tartan,,"<strong>Pride of Wales</strong>",Welsh,5737,,No,"Wales Tartan",Yes,No
3660,,Tartan,,"<strong>Press & Journal</strong>",,7099,,No,,Yes,No
3673,,Tartan,,"<strong>Prince Charles Edward Stuart; #5</strong>",,1557,,No,,Yes,No
3654,,Tartan,,<strong>Potts</strong>,,4538,,No,,Yes,No
3653,,Tartan,,"<strong>Portree District</strong>",,5850,,No,,Yes,No
3652,,Tartan,,"<strong>Portree Check</strong>",,1280,,No,,Yes,No
3651,,Tartan,,"<strong>Portree Blue; Dance</strong>",,5488,,No,,Yes,No
3650,,Tartan,,"<strong>Portrait, The</strong>",,5490,,No,,Yes,No
3649,,Tartan,,"<strong>Portmeirion District</strong>",,6222,,No,,Yes,No
3647,,Tartan,,"<strong>Port Moresby City Pipes & Drums</strong>",,7236,,No,,Yes,No
3646,,Tartan,,"<strong>Port Authority of NY & NJ</strong>",,6793,,No,,Yes,No
3645,,Tartan,,"<strong>Porcupine, City of</strong>",,5493,,No,,Yes,No
3644,,Tartan,,<strong>Porcupine</strong>,,1303,,No,,Yes,No
3642,,Tartan,,"<strong>Popular Fancy</strong>",,1987,,No,,Yes,No
3684,,Tartan,,"<strong>Prince of Denmark Historic</strong>",,2377,,No,,Yes,No
3695,,Tartan,,"<strong>Princess Elizabeth; </strong>",,1613,,No,,Yes,No
3694,,Tartan,,"<strong>Princess Elizabeth; #2</strong>",,1444,,No,,Yes,No
3693,,Tartan,,"<strong>Princess Beatrice; </strong>",,1206,,No,,Yes,No
3692,,Tartan,,"<strong>Princess Beatrice; Hunting #2</strong>",,545,,No,,Yes,No
3691,,Tartan,,"<strong>Princess Beatrice; Hunting</strong>",,5467,,No,,Yes,No
3690,,Tartan,,"<strong>Princess Beatrice; Dress Dance</strong>",,1169,,No,,Yes,No
3689,,Tartan,,"<strong>Prince's Own; </strong>",,981,,No,,Yes,No
3688,,Tartan,,"<strong>Prince of Wales</strong>",Welsh,3306,,No,"Marton Mills",Yes,No
3687,,Tartan,,"<strong>Prince of Wales Check</strong>",Welsh,3309,,No,,Yes,No
3686,,Tartan,,"<strong>Prince of Orange</strong>",,389,,No,,Yes,No
3685,,Tartan,,"<strong>Prince of Orange #2</strong>",,365,,No,,Yes,No
3638,,Tartan,,"<strong>Pollard 2014</strong>",Scottish,71154,,No,,Yes,No
3683,,Tartan,,"<strong>Prince George's Police Pipe Band</strong>",,5474,,No,,Yes,No
3682,,Tartan,,"<strong>Prince George; </strong>",,942,,No,,Yes,No
3681,,Tartan,,"<strong>Prince Edward Island Provincial</strong>",,918,,No,,Yes,No
3680,,Tartan,,"<strong>Prince Edward Island Dress</strong>",,5475,,No,,Yes,No
3679,,Tartan,,"<strong>Prince David; </strong>",,826,,No,,Yes,No
3678,,Tartan,,"<strong>Prince Charles Edward Stuart</strong>",,452,,No,,Yes,No
3677,,Tartan,,"<strong>Prince Charles Edward Stuart; #9</strong>",,65313,,No,,Yes,No
3676,,Tartan,,"<strong>Prince Charles Edward Stuart; #8</strong>",,5842,,No,,Yes,No
3675,,Tartan,,"<strong>Prince Charles Edward Stuart; #7</strong>",,1760,,No,,Yes,No
3674,,Tartan,,"<strong>Prince Charles Edward Stuart; #6</strong>",,1707,,No,,Yes,No
3566,,Tartan,,<strong>Parr</strong>,,439,,No,,Yes,No
3587,,Tartan,,<strong>Peeper</strong>,,6991,,No,,Yes,No
3586,,Tartan,,"<strong>Peeper #2</strong>",,6992,,No,,Yes,No
3585,,Tartan,,"<strong>Peebles Royal Burgh</strong>",,5403,,No,,Yes,No
3583,,Tartan,,"<strong>Peacock (Personal)</strong>",,5793,,No,,Yes,No
3581,,Tartan,,"<strong>Peachy Keen</strong>",,7208,,No,,Yes,No
3579,,Tartan,,"<strong>Payne of Wallins Creek</strong>",,6783,,No,,Yes,No
3577,,Tartan,,<strong>Paxton</strong>,Scottish,61140,,No,,Yes,No
3576,,Tartan,,"<strong>Paxton #2</strong>",,6691,,No,,Yes,No
3575,,Tartan,,"<strong>Patterson Red</strong>",,2191,,No,,Yes,No
3574,,Tartan,,"<strong>Patterson Blue</strong>",,2325,,No,,Yes,No
3572,,Tartan,,<strong>Paton</strong>,,2128,,No,,Yes,No
3592,,Tartan,,<strong>Pennsylvania</strong>,,3130,,No,,Yes,No
3565,,Tartan,,<strong>Parma</strong>,,5516,,No,,Yes,No
3563,,Tartan,,"<strong>Parkhead District</strong>",,6220,,No,,Yes,No
3560,,Tartan,,"<strong>Park Estate</strong>",,5519,,No,,Yes,No
3558,,Tartan,,"<strong>Papua New Guinea</strong>",,7235,,No,,Yes,No
3556,,Tartan,,"<strong>Palmer General W.J.</strong>",,4971,,No,,Yes,No
3555,,Tartan,,"<strong>Palmer Edward</strong>",,4796,,No,,Yes,No
3554,,Tartan,,"<strong>Palmer Arnold</strong>",,6482,,No,,Yes,No
3553,,Tartan,,"<strong>Palm Beach Gardens Police</strong>",,5521,,No,,Yes,No
3552,,Tartan,,"<strong>Palatine Union</strong>",,6802,,No,,Yes,No
3549,,Tartan,,<strong>Pacific</strong>,,5523,,No,,Yes,No
3548,,Tartan,,"<strong>Oxford University</strong>",,2652,,No,,Yes,No
3613,,Tartan,,<strong>Pienaar</strong>,,6872,,No,,Yes,No
3635,,Tartan,,"<strong>Police College Tulliallan</strong>",,4231,,No,,Yes,No
3634,,Tartan,,<strong>Polaris</strong>,,62218,,No,,Yes,No
3632,,Tartan,,"<strong>Plymouth Armada 400</strong>",,476,,No,,Yes,No
3628,,Tartan,,"<strong>Plaid Wine</strong>",,5502,,No,,Yes,No
3624,,Tartan,,"<strong>Piper Rowdy' Roddy</strong>",,5411,,No,,Yes,No
3622,,Tartan,,"<strong>Pinney's of Scotland</strong>",,2284,,No,,Yes,No
3621,,Tartan,,"<strong>Pinewoods Jubilee</strong>",,6818,,No,,Yes,No
3620,,Tartan,,"<strong>Pinehurst Resort</strong>",,4173,,No,,Yes,No
3619,,Tartan,,<strong>Pincock</strong>,,43893,,No,,Yes,No
3617,,Tartan,,"<strong>Pilette (Kinnear) personal</strong>",,2139,,No,,Yes,No
3615,,Tartan,,<strong>Pike</strong>,,3229,,No,,Yes,No
3696,,Tartan,,"<strong>Princess Louise</strong>",,5458,,No,,Yes,No
3612,,Tartan,,"<strong>Pictou County</strong>",,7113,,No,,Yes,No
3610,,Tartan,,<strong>Phinn</strong>,,7104,,No,,Yes,No
3607,,Tartan,,"<strong>Peter of Lee (Personal)</strong><br/>[AKA] Peters [default]",,1055,,No,,Yes,No
3606,,Tartan,,"<strong>Peters Chief</strong>",,5507,,No,,Yes,No
3605,,Tartan,,"<strong>Peter Pan</strong>",,5505,,No,,Yes,No
3604,,Tartan,,"<strong>Perthshire Tourist Board</strong>",,2410,,No,,Yes,No
3602,,Tartan,,<strong>Perth</strong>,,5508,,No,,Yes,No
3601,,Tartan,,"<strong>Perth #2</strong>",,2060,,No,,Yes,No
3600,,Tartan,,"<strong>Perry Golf</strong>",,6893,,No,,Yes,No
3593,,Tartan,,<strong>Perratt</strong>,,6221,,No,,Yes,No
3802,,Tartan,,"<strong>Rhode Island State</strong>",,2659,,No,,Yes,No
3820,,Tartan,,<strong>Robberstad</strong>,,6656,,No,,Yes,No
3819,,Tartan,,<strong>Robb</strong>,,3157,,No,,Yes,No
3818,,Tartan,,"<strong>Robb Red</strong>",,3158,,No,,Yes,No
3817,,Tartan,,"<strong>Rob Roy (Film)</strong>",,7026,,No,,Yes,No
3815,,Tartan,,<strong>Ritch</strong>,,1698,,No,,Yes,No
3814,,Tartan,,"<strong>Rikaco (Japan) personal; Morning Dew 2</strong>",,6392,,No,,Yes,No
3813,,Tartan,,"<strong>Rikaco (Japan) personal; Morning Dew 1</strong>",,3932,,No,,Yes,No
3812,,Tartan,,"<strong>Rikaco (Japan) personal; Holiday</strong>",Scottish,44898,,No,,Yes,No
3810,,Tartan,,"<strong>Rikaco (Japan) personal; Classic</strong>",,3931,,No,,Yes,No
3807,,Tartan,,<strong>Richmond</strong>,,55,,No,,Yes,No
3805,,Tartan,,<strong>Richecourt</strong>,,6225,,No,,Yes,No
3822,,Tartan,,"<strong>Robert Gordon University</strong>",,2450,,No,,Yes,No
3799,,Tartan,,<strong>Rennie</strong>,,716,,No,,Yes,No
3798,,Tartan,,<strong>Renfrew</strong>,,5413,,No,,Yes,No
3797,,Tartan,,"<strong>Renfrew 2</strong>",,5414,,No,,Yes,No
3795,,Tartan,,"<strong>Reilly (Mearns) personal; Reilly fae the Mearns</strong>",Scottish,66687,,No,,Yes,No
3793,,Tartan,,"<strong>Reid of Straloch</strong>",,4079,,No,,Yes,No
3788,,Tartan,,"<strong>Rei Okamoto</strong>",,7305,,No,,Yes,No
3787,,Tartan,,<strong>Regent</strong>,,341,,No,,Yes,No
3785,,Tartan,,<strong>Regalia</strong>,,5418,,No,,Yes,No
3784,,Tartan,,"<strong>Reflections of the Sea</strong>",,5419,,No,,Yes,No
3783,,Tartan,,<strong>Reese</strong>,,6915,,No,,Yes,No
3781,,Tartan,,<strong>Redwoods</strong>,,5422,,No,,Yes,No
3856,,Tartan,,"<strong>Romantic Scotland Madonna</strong>",,3982,,No,,Yes,No
3894,,Tartan,,"<strong>Royal Ashburn Golf Club</strong>",,6779,,No,,Yes,No
3892,,Tartan,,"<strong>Royal Agricultural Winter Fair</strong>",,5408,,No,,Yes,No
3891,,Tartan,,"<strong>Royal & Ancient</strong><br/>[AKA] <strong>St Andrews Royal & Ancient</strong>",,2193,,No,,Yes,No
3890,,Tartan,,"<strong>Roxburgh Red</strong><br/>[AKA] Haig [default]<br/>[AKA] Riddell [default]<br/>[AKA] Rutherford <strong>of Roxburgh</strong>",,140,,No,,Yes,No
3889,,Tartan,,"<strong>Roxburgh Green</strong>",,500,,No,,Yes,No
3888,,Tartan,,<strong>Rowardennan</strong>,,5409,,No,,Yes,No
3887,,Tartan,,<strong>Rowan</strong>,,2067,,No,,Yes,No
3879,,Tartan,,<strong>Rossi</strong>,,6897,,No,,Yes,No
3868,,Tartan,,<strong>Rosie</strong>,,6730,,No,,Yes,No
3860,,Tartan,,"<strong>Roscommon Irish County</strong>",Irish,2246,,No,"House of Edgar",Yes,No
3857,,Tartan,,"<strong>Rome City</strong>",,6697,,No,,Yes,No
3780,,Tartan,,<strong>Redwood</strong>,,5423,,No,,Yes,No
3854,,Tartan,,<strong>Rollings</strong>,,3108,,No,,Yes,No
3851,,Tartan,,"<strong>Roeger (Rocky) personal; German Heritage</strong>",,7016,,No,,Yes,No
3850,,Tartan,,"<strong>Roeger (Rocky) personal; German American</strong>",,7017,,No,,Yes,No
3844,,Tartan,,"<strong>Roderick Dhu</strong>",,153,,No,,Yes,No
3840,,Tartan,,"<strong>Robinson, Barbara Ann (Personal)</strong>",,6722,,No,,Yes,No
3839,,Tartan,,"<strong>Robin Hood</strong><br/>[AKA] MacGregor <strong>Rob Roy; Hunting</strong>",,785,,No,,Yes,No
3838,,Tartan,,"<strong>Robieson Playfield Playfield House</strong>",,6905,,No,,Yes,No
3837,,Tartan,,<strong>Robieson</strong>,,6869,,No,,Yes,No
3836,,Tartan,,"<strong>Robieson #2</strong>",,6723,,No,,Yes,No
3834,,Tartan,,"<strong>Robieson (Graham) personal</strong>",,6724,,No,,Yes,No
3715,,Tartan,,"<strong>Quabboos Sultan of; Air Force</strong>",,5165,,No,,Yes,No
3729,,Tartan,,"<strong>Queen Victoria; </strong>",,1675,,No,,Yes,No
3728,,Tartan,,"<strong>Queen Victoria; Royal</strong>",,1600,,No,,Yes,No
3727,,Tartan,,"<strong>Queen Victoria; Highland Dress</strong>",,1677,,No,,Yes,No
3726,,Tartan,,"<strong>Queen Victoria; Artifact</strong>",,1547,,No,,Yes,No
3722,,Tartan,,"<strong>Queen Mary RMS</strong>",,2700,,No,,Yes,No
3721,,Tartan,,"<strong>Queen Alexandra</strong>",,972,,No,,Yes,No
3720,,Tartan,,"<strong>Quebec Provincial</strong>",,1949,,No,,Yes,No
3719,,Tartan,,"<strong>Quebec Centennial Dress</strong>",,3137,,No,,Yes,No
3718,,Tartan,,"<strong>Quebec Centennial</strong>",,1966,,No,,Yes,No
3717,,Tartan,,<strong>Quadra</strong>,,5445,,No,,Yes,No
3716,,Tartan,,"<strong>Quaboos Regimental Pipers Plaid</strong>",,1806,,No,,Yes,No
3731,,Tartan,,"<strong>Queensferry District</strong>",,3138,,No,,Yes,No
3714,,Tartan,,"<strong>Purple Watch</strong>",,3075,,No,,Yes,No
3713,,Tartan,,"<strong>Purdy (Illinois) personal; Black #2</strong>",,67,,No,,Yes,No
3710,,Tartan,,<strong>Puffin</strong>,,2374,,No,,Yes,No
3709,,Tartan,,"<strong>PSD Operation Iraqi Freedom</strong>",,6877,,No,,Yes,No
3706,,Tartan,,"<strong>Proctor (Alan) personal; #2</strong>",,40894,,No,,Yes,No
3704,,Tartan,,"<strong>Printing Industries of America</strong>",,5446,,No,,Yes,No
3703,,Tartan,,"<strong>Pringle, James</strong>",,5293,,No,,Yes,No
3699,,Tartan,,"<strong>Princess Mary</strong>",,5449,,No,,Yes,No
3698,,Tartan,,"<strong>Princess Marina</strong>",,6036,,No,,Yes,No
3697,,Tartan,,"<strong>Princess Margaret Rose; </strong>",,986,,No,,Yes,No
3764,,Tartan,,"<strong>Rannoch Red</strong>",,5438,,No,,Yes,No
3779,,Tartan,,<strong>Redland</strong>,,6070,,No,,Yes,No
3778,,Tartan,,"<strong>Red White Blue Watch Dress</strong>",,5424,,No,,Yes,No
3777,,Tartan,,"<strong>Red Watch</strong>",,5427,,No,,Yes,No
3776,,Tartan,,"<strong>Red Rum</strong>",,1217,,No,,Yes,No
3775,,Tartan,,"<strong>Red Hatters United</strong>",,7177,,No,,Yes,No
3774,,Tartan,,"<strong>Red Deer, City</strong>",,5430,,No,,Yes,No
3773,,Tartan,,"<strong>Red Chapeau</strong>",,7212,,No,,Yes,No
3772,,Tartan,,"<strong>Red Bull</strong><br/>[AKA] <strong>Tarbh Deargh</strong>",,3974,,No,,Yes,No
3770,,Tartan,,"<strong>Reagan, (Personal)</strong>",,6612,,No,,Yes,No
3768,,Tartan,,"<strong>Raymond of Doune</strong>",,5437,,No,,Yes,No
3765,,Tartan,,<strong>Rathmore</strong>,,1518,,No,,Yes,No
4214,,Tartan,,"<strong>Spotsylvania County Sheriff's Office</strong>",,7146,,No,,Yes,No
3763,,Tartan,,<strong>Ranking</strong>,,3242,,No,,Yes,No
3755,,Tartan,,"<strong>Rangers Football Club 1989</strong>",,2062,,No,,Yes,No
3749,,Tartan,,<strong>Ramada</strong>,,6374,,No,,Yes,No
3746,,Tartan,,"<strong>Raleigh Pipe Band</strong>",,3887,,No,,Yes,No
3745,,Tartan,,<strong>Rajput</strong>,,6047,,No,,Yes,No
3743,,Tartan,,"<strong>Rainbow Fort Worth</strong>",,5999,,No,,Yes,No
3742,,Tartan,,"<strong>Rainbow Canada</strong>",,5442,,No,,Yes,No
3741,,Tartan,,<strong>Rafferty</strong>,,6749,,No,,Yes,No
3737,,Tartan,,"<strong>Quinn Hunting</strong>",,47526,,No,,Yes,No
3732,,Tartan,,"<strong>Queensland District</strong>",,2618,,No,,Yes,No
4647,,Tartan,,<strong>Wanless</strong>,,3913,,No,,Yes,No
4673,,Tartan,,<strong>Wellington</strong>,,156,,No,,Yes,No
4672,,Tartan,,"<strong>Wellington (Wilson 122)</strong><br/>[AKA] <strong>No.122</strong>",,1026,,No,,Yes,No
4668,,Tartan,,"<strong>Wedding Dress 1766</strong>",,4260,,No,,Yes,No
4664,,Tartan,,"<strong>Waverley Check</strong>",,1747,,No,,Yes,No
4663,,Tartan,,"<strong>Waverley Care Aids Trust</strong>",,3891,,No,,Yes,No
4662,,Tartan,,"<strong>Watt Dunfermline</strong>",,6737,,No,,Yes,No
4658,,Tartan,,"<strong>Watertown Library Association</strong>",,6268,,No,,Yes,No
4657,,Tartan,,<strong>Waterloo</strong>,,154,,No,,Yes,No
4656,,Tartan,,"<strong>Waterford Irish County</strong>",Irish,2255,,No,"House of Edgar",Yes,No
4654,,Tartan,,"<strong>Washington State</strong>",,2133,,No,,Yes,No
4651,,Tartan,,"<strong>Warren Wilson College</strong>",,2196,,No,,Yes,No
4675,,Tartan,,"<strong>Wells 2014</strong>",Scottish,67247,,No,,Yes,No
4634,,Tartan,,<strong>Waipu</strong>,,6510,,No,,Yes,No
4633,,Tartan,,<strong>Wagland</strong>,,2470,,No,,Yes,No
4631,,Tartan,,"<strong>Wagga Wagga</strong>",,6178,,No,,Yes,No
4630,,Tartan,,<strong>Wacker</strong>,,2689,,No,,Yes,No
4627,,Tartan,,"<strong>Visit Scotland</strong>",,6031,,No,,Yes,No
4626,,Tartan,,"<strong>Virginia (USA)</strong>",,4060,,No,,Yes,No
4625,,Tartan,,"<strong>Virginia Military Institute</strong>",,2402,,No,,Yes,No
4624,,Tartan,,"<strong>Virgin One</strong>",,3842,,No,,Yes,No
4623,,Tartan,,<strong>Virgin</strong>,,3915,,No,,Yes,No
4620,,Tartan,,<strong>Vincent</strong>,,4342,,No,,Yes,No
4619,,Tartan,,<strong>Vilarino</strong>,,6873,,No,,Yes,No
4692,,Tartan,,<strong>Westgaard</strong>,,2194,,No,,Yes,No
4708,,Tartan,,"<strong>Wicklow Irish County</strong>",Irish,2265,,No,"House of Edgar",Yes,No
4704,,Tartan,,<strong>Whitley</strong>,,7233,,No,,Yes,No
4703,,Tartan,,"<strong>White Thistle</strong>",,6769,,No,,Yes,No
4702,,Tartan,,"<strong>White Stripes</strong>",,7206,,No,,Yes,No
4701,,Tartan,,<strong>Whitaker</strong>,USA,69798,,No,,Yes,No
4700,,Tartan,,<strong>Whisky</strong>,,7267,,No,,Yes,No
4698,,Tartan,,"<strong>Wexford Irish County</strong>",Irish,4248,,No,"House of Edgar",Yes,No
4697,,Tartan,,<strong>Westwood</strong>,,3895,,No,,Yes,No
4695,,Tartan,,<strong>Weston</strong>,,5777,,No,,Yes,No
4694,,Tartan,,"<strong>Westminster College</strong>",,3894,,No,,Yes,No
4693,,Tartan,,"<strong>Westmeath Irish County</strong>",Irish,2278,,No,"House of Edgar",Yes,No
4617,,Tartan,,"<strong>Victoria Yellow</strong><br/>[AKA] Strathearn <strong>#4</strong>",,1712,,No,,Yes,No
4690,,Tartan,,<strong>Westenra</strong>,,6881,,No,,Yes,No
4689,,Tartan,,<strong>Westbrook</strong>,USA,59005,,No,,Yes,No
4687,,Tartan,,"<strong>West Virginia Old Shawl; </strong>",,4252,,No,,Yes,No
4685,,Tartan,,"<strong>West Lothian Woolen Mill</strong>",,6448,,No,,Yes,No
4684,,Tartan,,"<strong>West Highland Way</strong>",,6837,,No,,Yes,No
4682,,Tartan,,"<strong>Welsh National</strong>",Welsh,1523,,No,,Yes,No
4681,,Tartan,,"<strong>Welsh National #2</strong>",Welsh,2167,,No,,Yes,No
4680,,Tartan,,"<strong>Welsh Costume</strong>",Welsh,7082,,No,,Yes,No
4679,,Tartan,,"<strong>Welsh Assembly</strong>",Welsh,2524,,No,,Yes,No
4677,,Tartan,,<strong>Wells</strong>,,68150,,No,,Yes,No
4575,,Tartan,,"<strong>US Air Force Reserve Pipe Band</strong><br/>[AKA] <strong>Lady Jane</strong>",,2437,,No,,Yes,No
4590,,Tartan,,"<strong>US Postal Service</strong>",,4166,,No,,Yes,No
4588,,Tartan,,"<strong>US Navy Edzell</strong>",,80,,No,"Strathmore Woollens",Yes,No
4587,,Tartan,,"<strong>US Navy</strong>",USA,65877,,No,,Yes,No
4586,,Tartan,,"<strong>US Military Thurso</strong>",,5074,,No,,Yes,No
4585,,Tartan,,"<strong>US Military Academy</strong>",,1130,,No,,Yes,No
4584,,Tartan,,"<strong>US Marines</strong>",,64740,,No,,Yes,No
4582,,Tartan,,"<strong>US Marine Corps #2</strong>",,3612,,No,,Yes,No
4581,,Tartan,,"<strong>US Law Enforcement</strong>",,7173,,No,,Yes,No
4579,,Tartan,,"<strong>US Coastguard</strong>",,4068,,No,,Yes,No
4578,,Tartan,,"<strong>US Border Patrol</strong>",,6182,,No,,Yes,No
4576,,Tartan,,"<strong>US Army #2</strong>",,2126,,No,,Yes,No
4591,,Tartan,,"<strong>US Sea Bees</strong>",,3838,,No,,Yes,No
4574,,Tartan,,"<strong>US Air Force #2</strong>",,5075,,No,,Yes,No
4573,,Tartan,,"<strong>US Air Force #1</strong>",,5080,,No,,Yes,No
4572,,Tartan,,"<strong>US Air Force 2001</strong>",,4089,,No,,Yes,No
4571,,Tartan,,"<strong>US 7th Cavalry</strong>",,644,,No,,Yes,No
4561,,Tartan,,<strong>Urbino</strong>,,4362,,No,,Yes,No
4560,,Tartan,,"<strong>Unnamed C19th; Wilsons'</strong>",,999,,No,,Yes,No
4559,,Tartan,,"<strong>Unnamed C19th; Miss Peffer's Plaid</strong>",,1313,,No,,Yes,No
4558,,Tartan,,"<strong>Unnamed C19th; (Plaid)'</strong><br/>[AKA] Graham <strong>of Menteith Plaid</strong>",,6911,,No,,Yes,No
4557,,Tartan,,"<strong>Unnamed C18th; S.Uist</strong>",,3028,,No,,Yes,No
4556,,Tartan,,"<strong>Unnamed C18th; Hebridean (B)</strong>",,4423,,No,,Yes,No
4555,,Tartan,,"<strong>Unnamed C18th; Hebridean (A)</strong>",,4445,,No,,Yes,No
4602,,Tartan,,<strong>Vance</strong>,,2208,,No,,Yes,No
4616,,Tartan,,"<strong>Victoria County</strong><br/>[AKA] <strong>Province of Ontario</strong>",,4343,,No,,Yes,No
4614,,Tartan,,<strong>Veron</strong>,,4347,,No,,Yes,No
4613,,Tartan,,"<strong>Vermont State</strong>",,2261,,No,,Yes,No
4612,,Tartan,,"<strong>Vermont Dress</strong>",,4348,,No,,Yes,No
4611,,Tartan,,<strong>Verdon</strong>,,4349,,No,,Yes,No
4610,,Tartan,,<strong>Verble</strong>,,6659,,No,,Yes,No
4609,,Tartan,,"<strong>Venters (Edinburgh)</strong>",Scottish,43920,,No,,Yes,No
4608,,Tartan,,<strong>Veere</strong>,,2670,,No,,Yes,No
4606,,Tartan,,<strong>Varenne</strong>,,4350,,No,,Yes,No
4605,,Tartan,,"<strong>Vancouver North Island</strong>",,1682,,No,,Yes,No
4604,,Tartan,,"<strong>Vancouver City</strong>",,2083,,No,,Yes,No
4709,,Tartan,,<strong>Wicks</strong>,,5968,,No,,Yes,No
4601,,Tartan,,"<strong>Van Loo</strong>",,6717,,No,,Yes,No
4600,,Tartan,,"<strong>Van Ingelgem</strong>",,7220,,No,,Yes,No
4599,,Tartan,,"<strong>Valley of the Green</strong>",,148,,No,,Yes,No
4598,,Tartan,,"<strong>Valley of the Green #2</strong>",,7043,,No,,Yes,No
4597,,Tartan,,<strong>Valencia</strong>,,3890,,No,,Yes,No
4596,,Tartan,,"<strong>Valdres Kvam and Vang</strong>",,2124,,No,,Yes,No
4595,,Tartan,,"<strong>Valdres #3</strong>",,5805,,No,,Yes,No
4594,,Tartan,,"<strong>Valdres #2</strong>",,5804,,No,,Yes,No
4593,,Tartan,,"<strong>Utah State</strong>",,2702,,No,,Yes,No
4592,,Tartan,,"<strong>US Special Forces; </strong>",,6519,,No,,Yes,No
4773,,Tartan,,"<strong>Wilson's Collection; No.156</strong>",,1599,,No,,Yes,No
4784,,Tartan,,"<strong>Wilson's Collection; No.174</strong>",,1899,,No,,Yes,No
4783,,Tartan,,"<strong>Wilson's Collection; No.172</strong>",,250,,No,,Yes,No
4782,,Tartan,,"<strong>Wilson's Collection; No.171</strong>",,5595,,No,,Yes,No
4781,,Tartan,,"<strong>Wilson's Collection; No.169</strong>",,862,,No,,Yes,No
4780,,Tartan,,"<strong>Wilson's Collection; No.167</strong>",,1036,,No,,Yes,No
4779,,Tartan,,"<strong>Wilson's Collection; No.166</strong>",,152,,No,,Yes,No
4778,,Tartan,,"<strong>Wilson's Collection; No.161</strong>",,505,,No,,Yes,No
4777,,Tartan,,"<strong>Wilson's Collection; No.160</strong>",,958,,No,,Yes,No
4776,,Tartan,,"<strong>Wilson's Collection; No.158</strong>",,928,,No,,Yes,No
4775,,Tartan,,"<strong>Wilson's Collection; No.157 (1819 variant)</strong>",,5596,,No,,Yes,No
4774,,Tartan,,"<strong>Wilson's Collection; No.157</strong>",,245,,No,,Yes,No
4785,,Tartan,,"<strong>Wilson's Collection; No.175</strong>",,5593,,No,,Yes,No
4772,,Tartan,,"<strong>Wilson's Collection; No.155</strong>",,5597,,No,,Yes,No
4771,,Tartan,,"<strong>Wilson's Collection; No.152</strong>",,821,,No,,Yes,No
4770,,Tartan,,"<strong>Wilson's Collection; No.150</strong>",,697,,No,,Yes,No
4769,,Tartan,,"<strong>Wilson's Collection; No.149</strong>",,730,,No,,Yes,No
4768,,Tartan,,"<strong>Wilson's Collection; No.140</strong>",,1938,,No,,Yes,No
4767,,Tartan,,"<strong>Wilson's Collection; No.138</strong>",,448,,No,,Yes,No
4766,,Tartan,,"<strong>Wilson's Collection; No.134</strong>",,964,,No,,Yes,No
4765,,Tartan,,"<strong>Wilson's Collection; No.132</strong>",,1211,,No,,Yes,No
4764,,Tartan,,"<strong>Wilson's Collection; No.128</strong>",,589,,No,,Yes,No
4763,,Tartan,,"<strong>Wilson's Collection; No.124</strong>",,5600,,No,,Yes,No
4762,,Tartan,,"<strong>Wilson's Collection; No.121</strong>",,49,,No,,Yes,No
4796,,Tartan,,"<strong>Wilson's Collection; No.193</strong>",,813,,No,,Yes,No
4807,,Tartan,,"<strong>Wilson's Collection; No.204</strong>",,2030,,No,,Yes,No
4806,,Tartan,,"<strong>Wilson's Collection; No.203</strong>",,2010,,No,,Yes,No
4805,,Tartan,,"<strong>Wilson's Collection; No.202</strong>",,2029,,No,,Yes,No
4804,,Tartan,,"<strong>Wilson's Collection; No.201</strong>",,1937,,No,,Yes,No
4803,,Tartan,,"<strong>Wilson's Collection; No.200</strong>",,2028,,No,,Yes,No
4802,,Tartan,,"<strong>Wilson's Collection; No.199</strong>",,5592,,No,,Yes,No
4801,,Tartan,,"<strong>Wilson's Collection; No.198</strong>",,1943,,No,,Yes,No
4800,,Tartan,,"<strong>Wilson's Collection; No.197</strong>",,1017,,No,,Yes,No
4799,,Tartan,,"<strong>Wilson's Collection; No.196</strong>",,1940,,No,,Yes,No
4798,,Tartan,,"<strong>Wilson's Collection; No.195</strong>",,1939,,No,,Yes,No
4797,,Tartan,,"<strong>Wilson's Collection; No.194</strong>",,646,,No,,Yes,No
4761,,Tartan,,"<strong>Wilson's Collection; No.120</strong>",,1115,,No,,Yes,No
4795,,Tartan,,"<strong>Wilson's Collection; No.192</strong>",,1934,,No,,Yes,No
4794,,Tartan,,"<strong>Wilson's Collection; No.190</strong>",,1267,,No,,Yes,No
4793,,Tartan,,"<strong>Wilson's Collection; No.189</strong>",,1933,,No,,Yes,No
4792,,Tartan,,"<strong>Wilson's Collection; No.188</strong>",,181,,No,,Yes,No
4791,,Tartan,,"<strong>Wilson's Collection; No.187</strong>",,1108,,No,,Yes,No
4790,,Tartan,,"<strong>Wilson's Collection; No.185</strong>",,1931,,No,,Yes,No
4789,,Tartan,,"<strong>Wilson's Collection; No.183</strong>",,870,,No,,Yes,No
4788,,Tartan,,"<strong>Wilson's Collection; No.181</strong>",,875,,No,,Yes,No
4787,,Tartan,,"<strong>Wilson's Collection; No.179</strong>",,1019,,No,,Yes,No
4786,,Tartan,,"<strong>Wilson's Collection; No.176</strong>",,1034,,No,,Yes,No
4726,,Tartan,,"<strong>Wilson's Collection; No.005</strong>",,1337,,No,,Yes,No
4737,,Tartan,,"<strong>Wilson's Collection; No.055</strong>",,1894,,No,,Yes,No
4736,,Tartan,,"<strong>Wilson's Collection; No.052</strong>",,1930,,No,,Yes,No
4735,,Tartan,,"<strong>Wilson's Collection; No.050</strong>",,1929,,No,,Yes,No
4734,,Tartan,,"<strong>Wilson's Collection; No.045</strong>",,723,,No,,Yes,No
4733,,Tartan,,"<strong>Wilson's Collection; No.043</strong>",,5612,,No,,Yes,No
4732,,Tartan,,"<strong>Wilson's Collection; No.033/2</strong>",,134,,No,,Yes,No
4731,,Tartan,,"<strong>Wilson's Collection; No.033</strong>",,135,,No,,Yes,No
4730,,Tartan,,"<strong>Wilson's Collection; No.030</strong>",,244,,No,,Yes,No
4729,,Tartan,,"<strong>Wilson's Collection; No.017a</strong>",,1474,,No,,Yes,No
4728,,Tartan,,"<strong>Wilson's Collection; No.011</strong>",,5614,,No,,Yes,No
4727,,Tartan,,"<strong>Wilson's Collection; No.007</strong><br/>[AKA] <strong>Eglinton #2</strong>",,5615,,No,,Yes,No
4738,,Tartan,,"<strong>Wilson's Collection; No.060</strong>",,243,,No,,Yes,No
4725,,Tartan,,"<strong>Wilson's Collection; No.004</strong>",,1324,,No,,Yes,No
4724,,Tartan,,"<strong>Wilson's Collection; No.002</strong>",,479,,No,,Yes,No
4723,,Tartan,,"<strong>Wilson's Collection; Common</strong>",,554,,No,,Yes,No
4722,,Tartan,,"<strong>Wilson's Collection; Blanket Pattern</strong>",,3704,,No,,Yes,No
4720,,Tartan,,<strong>Willox</strong>,,4233,,No,,Yes,No
4719,,Tartan,,<strong>Williamson</strong>,,4077,,No,,Yes,No
4718,,Tartan,,"<strong>Williams Lake, City</strong>",,6736,,No,,Yes,No
4714,,Tartan,,"<strong>William & Mary College</strong>",,6522,,No,,Yes,No
4712,,Tartan,,"<strong>Wilcox Yu Cruikshank Reunion</strong>",,7292,,No,,Yes,No
4711,,Tartan,,<strong>Wilbers</strong>,,7151,,No,,Yes,No
4710,,Tartan,,"<strong>Wiegratz Alba</strong>",,7164,,No,,Yes,No
4749,,Tartan,,"<strong>Wilson's Collection; No.094</strong>",,1107,,No,,Yes,No
4760,,Tartan,,"<strong>Wilson's Collection; No.119</strong>",,5602,,No,,Yes,No
4759,,Tartan,,"<strong>Wilson's Collection; No.118</strong>",,1075,,No,,Yes,No
4758,,Tartan,,"<strong>Wilson's Collection; No.117</strong>",,979,,No,,Yes,No
4757,,Tartan,,"<strong>Wilson's Collection; No.116 (light)</strong>",,5603,,No,,Yes,No
4756,,Tartan,,"<strong>Wilson's Collection; No.116</strong>",,117,,No,,Yes,No
4755,,Tartan,,"<strong>Wilson's Collection; No.113</strong>",,1459,,No,,Yes,No
4754,,Tartan,,"<strong>Wilson's Collection; No.112 (Light Blue)</strong>",,5604,,No,,Yes,No
4753,,Tartan,,"<strong>Wilson's Collection; No.112 (Blue)</strong>",,5605,,No,,Yes,No
4752,,Tartan,,"<strong>Wilson's Collection; No.111</strong>",,642,,No,,Yes,No
4751,,Tartan,,"<strong>Wilson's Collection; No.110</strong>",,97,,No,,Yes,No
4750,,Tartan,,"<strong>Wilson's Collection; No.109</strong>",,1009,,No,,Yes,No
4554,,Tartan,,"<strong>Unnamed C18th; Cant Counts</strong>",,5724,,No,,Yes,No
4748,,Tartan,,"<strong>Wilson's Collection; No.090</strong>",,1341,,No,,Yes,No
4747,,Tartan,,"<strong>Wilson's Collection; No.084</strong>",,1953,,No,,Yes,No
4746,,Tartan,,"<strong>Wilson's Collection; No.083</strong>",,653,,No,,Yes,No
4745,,Tartan,,"<strong>Wilson's Collection; No.081</strong>",,1936,,No,,Yes,No
4744,,Tartan,,"<strong>Wilson's Collection; No.079</strong>",,1935,,No,,Yes,No
4743,,Tartan,,"<strong>Wilson's Collection; No.076</strong>",,727,,No,,Yes,No
4742,,Tartan,,"<strong>Wilson's Collection; No.073</strong>",,5609,,No,,Yes,No
4741,,Tartan,,"<strong>Wilson's Collection; No.064</strong>",,5610,,No,,Yes,No
4740,,Tartan,,"<strong>Wilson's Collection; No.062</strong>",,504,,No,,Yes,No
4739,,Tartan,,"<strong>Wilson's Collection; No.061</strong>",,1932,,No,,Yes,No
4313,,Tartan,,"<strong>Stewart of Appin Dress</strong>",,481,,No,,Yes,No
4357,,Tartan,,<strong>Strathdee</strong>,,7084,,No,,Yes,No
4356,,Tartan,,"<strong>Strathclyde University</strong>",,2419,,No,,Yes,No
4355,,Tartan,,<strong>Strathclyde</strong>,,1072,,No,,Yes,No
4354,,Tartan,,<strong>Strathblane</strong>,,1633,,No,,Yes,No
4353,,Tartan,,"<strong>Strath Hallidale</strong>",,2570,,No,,Yes,No
4351,,Tartan,,"<strong>Strategic Staffing Solutions</strong>",,6227,,No,,Yes,No
4348,,Tartan,,<strong>Strakan</strong>,,4234,,No,,Yes,No
4346,,Tartan,,<strong>Stott</strong>,,7112,,No,,Yes,No
4344,,Tartan,,"<strong>Stirling University</strong>",,2297,,No,,Yes,No
4337,,Tartan,,<strong>Stewarton</strong>,,2367,,No,,Yes,No
4314,,Tartan,,"<strong>Stewart of Appin Dress #2</strong>",,5181,,No,,Yes,No
4361,,Tartan,,"<strong>Strathgaela</strong><br/>[AKA] <strong>Order of the Tartan</strong>",,5826,,No,,Yes,No
4308,,Tartan,,"<strong>King George VI</strong>",,5253,,No,,Yes,No
4288,,Tartan,,<strong>Stevens</strong>,,6664,,No,,Yes,No
4287,,Tartan,,"<strong>Steven Ricks Tailoring Pink</strong>",Scottish,66500,,No,,Yes,No
4286,,Tartan,,"<strong>Steve Walls Scotcheer</strong>",Scottish,63227,,No,,Yes,No
4284,,Tartan,,<strong>Stephens</strong>,,7029,,No,,Yes,No
4283,,Tartan,,"<strong>Stephens Dress</strong>",,7030,,No,,Yes,No
4279,,Tartan,,"<strong>Stenhousemuir Football Club</strong>",,2537,,No,,Yes,No
4278,,Tartan,,<strong>Steiff</strong>,,3975,,No,,Yes,No
4276,,Tartan,,<strong>Steel</strong>,,6856,,No,,Yes,No
4275,,Tartan,,<strong>Ste-Anne-de-Portneuf</strong>,,5779,,No,,Yes,No
4274,,Tartan,,<strong>Staves</strong>,,6611,,No,,Yes,No
4377,,Tartan,,"<strong>Superfast Ferries</strong>",,3187,,No,,Yes,No
4398,,Tartan,,"<strong>Swiss Red</strong>",,6951,,No,,Yes,No
4396,,Tartan,,<strong>Swedish</strong>,,5161,,No,,Yes,No
4395,,Tartan,,<strong>Swankie</strong>,,2481,,No,,Yes,No
4392,,Tartan,,"<strong>Swallow Hotels</strong>",,6827,,No,,Yes,No
4391,,Tartan,,<strong>Svanstrmm</strong>,,7222,,No,,Yes,No
4390,,Tartan,,<strong>Svanholm</strong>,,4016,,No,,Yes,No
4389,,Tartan,,<strong>Suzugamine</strong>,,4217,,No,,Yes,No
4388,,Tartan,,"<strong>Sutherland District</strong>",,5841,,No,,Yes,No
4381,,Tartan,,"<strong>Sutherland, de Albergaria (Personal)</strong>",,6233,,No,,Yes,No
4379,,Tartan,,"<strong>Susan G Komen 7</strong>",,7333,,No,,Yes,No
4378,,Tartan,,"<strong>Susan G Komen 6</strong>",,7332,,No,,Yes,No
4272,,Tartan,,"<strong>Star Is Born</strong>",,5304,,No,,Yes,No
4376,,Tartan,,<strong>Sullivan</strong>,,6750,,No,,Yes,No
4374,,Tartan,,"<strong>Suevia Heidelburg Corps</strong>",,4123,,No,,Yes,No
4373,,Tartan,,<strong>Styrian</strong>,,5839,,No,,Yes,No
4370,,Tartan,,<strong>Stuart-Houghton</strong>,,5843,,No,,Yes,No
4367,,Tartan,,"<strong>Strathyre</strong><br/>[AKA] <strong>Strathyre Dress</strong>",,63888,,No,,Yes,No
4366,,Tartan,,"<strong>Strathyre #2</strong>",,3227,,No,,Yes,No
4365,,Tartan,,<strong>Strathspey</strong>,,1039,,No,,Yes,No
4364,,Tartan,,"<strong>Strathspey Check</strong>",,3226,,No,,Yes,No
4363,,Tartan,,"<strong>Strathspey #2</strong>",,777,,No,,Yes,No
4362,,Tartan,,<strong>Strathisla</strong>,,4101,,No,,Yes,No
4228,,Tartan,,"<strong>St Andrew's Presbyterian Church Quebec</strong>",,5814,,No,,Yes,No
4241,,Tartan,,"<strong>St Christopher</strong>",,6778,,No,,Yes,No
4240,,Tartan,,"<strong>Earl of St. Andrews</strong>",,85,,No,,Yes,No
4238,,Tartan,,"<strong>St Andrews Queens University</strong>",,1416,,No,,Yes,No
4237,,Tartan,,"<strong>St Andrews Old Course</strong>",,2332,,No,,Yes,No
4236,,Tartan,,"<strong>St Andrews New Golf Club</strong>",,2497,,No,,Yes,No
4235,,Tartan,,"<strong>St Andrews Management School</strong>",,7237,,No,,Yes,No
4234,,Tartan,,"<strong>St Andrews Ltd</strong>",,5899,,No,,Yes,No
4233,,Tartan,,"<strong>St Andrews Links</strong><br/>[AKA] <strong>Greenways Marketing</strong>",,5116,,No,,Yes,No
4232,,Tartan,,"<strong>St Andrews International Golf Club</strong>",,2687,,No,,Yes,No
4231,,Tartan,,"<strong>St Andrews Grand</strong>",,6743,,No,,Yes,No
4229,,Tartan,,"<strong>St Andrews Bay Hotel</strong>",,5904,,No,,Yes,No
4242,,Tartan,,"<strong>St Clement of Rome School</strong>",,6742,,No,,Yes,No
4227,,Tartan,,"<strong>St Andrew's College</strong>",,6898,,No,,Yes,No
4226,,Tartan,,"<strong>St Andrew Society</strong>",,7251,,No,,Yes,No
4225,,Tartan,,"<strong>St Andrew Society of Java; Hunting</strong>",,4105,,No,,Yes,No
4224,,Tartan,,"<strong>St Andrew Society of Java; Dress</strong>",,5401,,No,,Yes,No
4223,,Tartan,,"<strong>St Andrew Society Illinois #2</strong>",USA,62877,,No,,Yes,No
4221,,Tartan,,"<strong>St Andrew Society American</strong><br/>[AKA] <strong>US Bicentennial</strong>",,3414,,No,,Yes,No
4219,,Tartan,,"<strong>Sri Lanka</strong>",,7224,,No,,Yes,No
4218,,Tartan,,"<strong>Squash Scottish Open</strong>",,3189,,No,,Yes,No
4217,,Tartan,,<strong>Sprouston</strong>,,6231,,No,,Yes,No
4216,,Tartan,,"<strong>Spring Morning</strong>",,5311,,No,,Yes,No
4215,,Tartan,,<strong>Spragg</strong>,,44064,,No,,Yes,No
4253,,Tartan,,"<strong>St John's</strong>",,5787,,No,,Yes,No
4271,,Tartan,,"<strong>Stakis Hotels</strong>",,4169,,No,,Yes,No
4269,,Tartan,,<strong>Staghorn</strong>,,6908,,No,,Yes,No
4267,,Tartan,,"<strong>St Piran</strong>",,1685,,No,,Yes,No
4265,,Tartan,,"<strong>St Patrick</strong>",,945,,No,,Yes,No
4263,,Tartan,,"<strong>St Mary's Help of Christians</strong>",,3888,,No,,Yes,No
4262,,Tartan,,"<strong>St Margaret's School Edinburgh</strong>",,6232,,No,,Yes,No
4260,,Tartan,,"<strong>St Leonards</strong>",,4075,,No,,Yes,No
4258,,Tartan,,"<strong>St Lawrence #2</strong>",,2540,,No,,Yes,No
4257,,Tartan,,"<strong>St Kilda</strong>",,1189,,No,,Yes,No
4256,,Tartan,,"<strong>St Joseph de Sorel</strong>",,2633,,No,,Yes,No
4255,,Tartan,,"<strong>St Joseph de Sorel #2</strong>",,6230,,No,,Yes,No
4399,,Tartan,,"<strong>Sydney Nova Scotia #2</strong>",,1291,,No,,Yes,No
4252,,Tartan,,"<strong>St Giles Check</strong>",,387,,No,,Yes,No
4251,,Tartan,,"<strong>St Giles Cathedral</strong>",,3220,,No,,Yes,No
4250,,Tartan,,"<strong>St George's School Edinburgh</strong>",,5980,,No,,Yes,No
4249,,Tartan,,"<strong>St George's School Birmingham</strong>",,2585,,No,,Yes,No
4248,,Tartan,,"<strong>St Francis Xavier University</strong>",,5305,,No,,Yes,No
4247,,Tartan,,"<strong>St Eloi</strong>",,5306,,No,,Yes,No
4246,,Tartan,,"<strong>St Denis & Cranley School</strong>",,5310,,No,,Yes,No
4245,,Tartan,,"<strong>St David's Brithwe Dewi Sant</strong>",,5746,,No,,Yes,No
4244,,Tartan,,"<strong>St Columba</strong>",,2383,,No,,Yes,No
4243,,Tartan,,"<strong>St Columba #2</strong>",,3219,,No,,Yes,No
4510,,Tartan,,"<strong>Trinity Presbyterian Church</strong>",,6956,,No,,Yes,No
4526,,Tartan,,"<strong>Tweedside Red</strong>",,1175,,No,,Yes,No
4525,,Tartan,,"<strong>Tweedside Hunting</strong>",,163,,No,,Yes,No
4524,,Tartan,,"<strong>Tweedmouth Community Middle School</strong>",,6740,,No,,Yes,No
4523,,Tartan,,<strong>Turner</strong>,,6285,,No,,Yes,No
4522,,Tartan,,"<strong>Turnbull of Thornton</strong>",,5087,,No,,Yes,No
4519,,Tartan,,<strong>Turnberry</strong>,,5088,,No,,Yes,No
4518,,Tartan,,"<strong>Turnberry MacArthur</strong>",,1749,,No,,Yes,No
4517,,Tartan,,"<strong>Turcan Connell</strong>",,6815,,No,,Yes,No
4516,,Tartan,,"<strong>Tupper, Sir Charles</strong>",,614,,No,,Yes,No
4514,,Tartan,,"<strong>Tulsa District</strong>",,712,,No,,Yes,No
4512,,Tartan,,<strong>Trost</strong>,,3811,,No,,Yes,No
4527,,Tartan,,"<strong>Tweedsmuir Blue</strong>",,63315,,No,,Yes,No
4509,,Tartan,,<strong>Trillard</strong>,,6235,,No,,Yes,No
4508,,Tartan,,<strong>Tricor</strong>,,5823,,No,,Yes,No
4507,,Tartan,,"<strong>Triad Highland Games</strong>",,6527,,No,,Yes,No
4506,,Tartan,,<strong>Trevison</strong>,,5846,,No,,Yes,No
4504,,Tartan,,<strong>Tranent</strong>,Scottish,66924,,No,,Yes,No
4502,,Tartan,,<strong>Trafalgar</strong>,,720,,No,,Yes,No
4501,,Tartan,,"<strong>Trades House</strong>",,4036,,No,,Yes,No
4500,,Tartan,,"<strong>Toyokawa Check</strong>",,6467,,No,,Yes,No
4499,,Tartan,,<strong>Tough</strong>,,2582,,No,,Yes,No
4498,,Tartan,,"<strong>Total Oil Company</strong>",,2615,,No,,Yes,No
4495,,Tartan,,"<strong>Toronto Fire Services</strong>",,3044,,No,,Yes,No
4542,,Tartan,,<strong>Umberti</strong>,Scottish,57411,,No,,Yes,No
4553,,Tartan,,"<strong>Unnamed C18/19th; Antigonish (A, main)</strong>",,6162,,No,,Yes,No
4552,,Tartan,,"<strong>Unnamed C18/19th; Antigonish (A, border)</strong>",,6160,,No,,Yes,No
4551,,Tartan,,"<strong>University Plaid</strong>",,4390,,No,,Yes,No
4550,,Tartan,,"<strong>University of Trinity College</strong>",Canadian,64268,,No,,Yes,No
4549,,Tartan,,"<strong>University of Kentucky</strong><br/>[AKA] <strong>Gaines Center for the Humanities</strong>",,4190,,No,,Yes,No
4548,,Tartan,,"<strong>Universal Scientific Industrial</strong>",,6738,,No,,Yes,No
4547,,Tartan,,"<strong>United Services Planning Association</strong>",,2097,,No,,Yes,No
4546,,Tartan,,"<strong>United Scots American</strong>",,7336,,No,,Yes,No
4545,,Tartan,,"<strong>United Distillers Warp</strong>",,2098,,No,,Yes,No
4544,,Tartan,,"<strong>Union Memorial Tartan</strong>",,4161,,No,,Yes,No
4543,,Tartan,,"<strong>UNC Greensboro</strong><br/>[AKA] <strong>University of North Carolina at Greensboro</strong>",,6265,,No,,Yes,No
4493,,Tartan,,"<strong>Tooth</strong><br/>[AKA] <strong>Breacan Buan No Teuch</strong>",,922,,No,,Yes,No
4537,,Tartan,,"<strong>UEFA Glasgow</strong>",,6385,,No,,Yes,No
4536,,Tartan,,"<strong>Tyrone Irish County</strong>",Irish,2264,,No,"House of Edgar",Yes,No
4535,,Tartan,,"<strong>Tyrconnell Whiskey</strong>",,2580,,No,,Yes,No
4534,,Tartan,,"<strong>Tyneside Scottish Khaki</strong>",,5082,,No,,Yes,No
4533,,Tartan,,"<strong>Tyneside Scottish Green</strong>",,5084,,No,,Yes,No
4532,,Tartan,,"<strong>Tyneside District</strong>",,593,,No,,Yes,No
4531,,Tartan,,"<strong>Tyndrum District</strong>",,1128,,No,,Yes,No
4530,,Tartan,,"<strong>Twenty First Century</strong>",,6410,,No,,Yes,No
4529,,Tartan,,<strong>Twempy</strong>,,6739,,No,,Yes,No
4528,,Tartan,,<strong>Tweedsmuir</strong>,,6568,,No,,Yes,No
4419,,Tartan,,"<strong>Tartan de Longueuil</strong>",,7171,,No,,Yes,No
4437,,Tartan,,"<strong>Tennessee State</strong>",,3067,,No,,Yes,No
4434,,Tartan,,"<strong>Tennant #2 (Personal)</strong>",,6741,,No,,Yes,No
4433,,Tartan,,"<strong>Tenmaya Check</strong>",,2346,,No,,Yes,No
4432,,Tartan,,"<strong>Templar GP USA</strong>",,6503,,No,,Yes,No
4431,,Tartan,,<strong>Teirney</strong>,,6748,,No,,Yes,No
4429,,Tartan,,"<strong>Tayside Police</strong>",,6598,,No,,Yes,No
4426,,Tartan,,<strong>Tau-Taurini</strong>,,7311,,No,,Yes,No
4425,,Tartan,,"<strong>Tasmania State</strong>",,2498,,No,,Yes,No
4424,,Tartan,,"<strong>Tartan TV</strong>",,3906,,No,,Yes,No
4423,,Tartan,,"<strong>Tartan Tangerine</strong>",,4014,,No,,Yes,No
4420,,Tartan,,"<strong>Tartan of the Republic</strong>",,53,,No,,Yes,No
4438,,Tartan,,"<strong>Tennessee Volunteer</strong>",,6356,,No,,Yes,No
4418,,Tartan,,"<strong>Tartan Army Whisky</strong>",International,62983,,No,,Yes,No
4413,,Tartan,,"<strong>Tara</strong><br/>[AKA] <strong>Murphy #2</strong><br/>[AKA] O'Keefe <strong>#2</strong>",,1103,,No,,Yes,No
4411,,Tartan,,<strong>Talladale</strong>,,5143,,No,,Yes,No
4410,,Tartan,,<strong>Talisman</strong>,,5146,,No,,Yes,No
4409,,Tartan,,"<strong>Takla Makan #2</strong>",,5775,,No,,Yes,No
4408,,Tartan,,"<strong>Takla Makan (Red)</strong>",,5156,,No,,Yes,No
4407,,Tartan,,"<strong>Takashimaya Dm Rose</strong>",,7092,,No,,Yes,No
4404,,Tartan,,"<strong>Tache, Sir Etienne Paschal</strong>",,5157,,No,,Yes,No
4403,,Tartan,,"<strong>Tache, Sir Etienne Paschal #2</strong>",,1877,,No,,Yes,No
4400,,Tartan,,"<strong>Sydney Nova Scotia</strong>",,5158,,No,,Yes,No
4455,,Tartan,,"<strong>Thomson, Jean Marc (Personal)</strong>",,6990,,No,,Yes,No
4492,,Tartan,,<strong>Tommy</strong>,,3973,,No,,Yes,No
4491,,Tartan,,"<strong>Tombow 21st School Memorial</strong>",,4216,,No,,Yes,No
4489,,Tartan,,"<strong>Tokyo Bluebells Dance</strong>",,2538,,No,,Yes,No
4488,,Tartan,,<strong>Tokharion</strong>,,2648,,No,,Yes,No
4484,,Tartan,,<strong>Titanic</strong>,,6643,,No,,Yes,No
4483,,Tartan,,<strong>Tiree</strong>,,5121,,No,,Yes,No
4482,,Tartan,,"<strong>Tiree Grey</strong>",,5110,,No,,Yes,No
4481,,Tartan,,"<strong>Tipperary Irish County</strong>",Irish,2249,,No,"House of Edgar",Yes,No
4479,,Tartan,,<strong>Timespan</strong>,,1002,,No,,Yes,No
4477,,Tartan,,"<strong>Tilley, Sir Samuel Leonard</strong>",,5126,,No,,Yes,No
4470,,Tartan,,"<strong>Thomson, J.C.'s Fancy (Personal)</strong>",,286,,No,,Yes,No
2,,Tartan,,<strong>Abbotsford</strong>,,6932,,No,,Yes,No
4454,,Tartan,,"<strong>Thistle Stop LLC</strong>",,5792,,No,,Yes,No
4453,,Tartan,,"<strong>Thistle Dubh</strong>",,6234,,No,,Yes,No
4449,,Tartan,,"<strong>The Mekos</strong>",USA,67864,,No,,Yes,No
4448,,Tartan,,"<strong>The Glen</strong>",,3923,,No,,Yes,No
4447,,Tartan,,"<strong>The 1745 Association</strong>",Scottish,74017,,No,,Yes,No
4446,,Tartan,,<strong>Thayer</strong>,,43747,,No,,Yes,No
4443,,Tartan,,"<strong>Teviotdale District</strong>",,5136,,No,,Yes,No
4441,,Tartan,,"<strong>Terre D'Ecosse</strong>",,6411,,No,,Yes,No
4440,,Tartan,,"<strong>Terre D'Ecosse #2</strong>",,4037,,No,,Yes,No
4439,,Tartan,,<strong>Tennessee</strong>,,4167,,No,,Yes,No
80,,Tartan,,"<strong>Allendale Dress Red</strong>",Scottish,59606,,No,,Yes,No
79,,Tartan,,"<strong>Allendale Dress Blue</strong>",,59605,,No,,Yes,No
78,,Tartan,,"<strong>Allen of Northumbria</strong>",,3208,,No,,Yes,No
77,,Tartan,,"<strong>Allan Joy's Fancy (Personal)</strong>",,3245,,No,,Yes,No
76,,Tartan,,"<strong>Allan Hunting (Personal)</strong>",,572,,No,,Yes,No
74,,Tartan,,<strong>Allanton</strong>,,3032,,No,,Yes,No
73,,Tartan,,"<strong>Allanton Dress</strong>",,3031,,No,,Yes,No
71,,Tartan,,"<strong>All Ireland Red</strong>",Irish,4067,,No,,Yes,No
654,,Tartan,,"<strong>Calgary</strong><br/>[AKA] <strong>Big Red</strong>",,5728,,No,,Yes,No
636,,Tartan,,<strong>Caithelyn</strong>,,3252,,No,,Yes,No
638,,Tartan,,<strong>Calais</strong>,,3779,,No,,Yes,No
639,,Tartan,,"<strong>Caledonia #3</strong>",,455,,No,,Yes,No
640,,Tartan,,"<strong>Caledonia Clans of</strong>",,5923,,No,,Yes,No
641,,Tartan,,"<strong>Caledonia New</strong><br/>[AKA] <strong>Kidd #2</strong>",,1356,,No,,Yes,No
642,,Tartan,,<strong>Caledonia</strong>,Scottish,61554,,No,,Yes,No
645,,Tartan,,"<strong>Caledonian Airways</strong>",,3781,,No,,Yes,No
647,,Tartan,,"<strong>Caledonian Cameron Commando</strong><br/>[AKA] <strong>No.155 #2</strong>",,5598,,No,,Yes,No
648,,Tartan,,"<strong>Caledonian Hotel</strong>",,2215,,No,,Yes,No
649,,Tartan,,"<strong>Caledonian Maple</strong>",,3782,,No,,Yes,No
650,,Tartan,,"<strong>Caledonian Orient</strong>",,6029,,No,,Yes,No
651,,Tartan,,"<strong>Caledonian Society; </strong>",,1554,,No,,Yes,No
652,,Tartan,,"<strong>Caledonian Society of PEI</strong>",,3783,,No,,Yes,No
653,,Tartan,,"<strong>Calgary #2</strong>",,3784,,No,,Yes,No
2108,,Tartan,,"<strong>John Gray Centre #1</strong>",,40717,,No,,Yes,No
656,,Tartan,,"<strong>Calgary University</strong>",,4004,,No,,Yes,No
657,,Tartan,,"<strong>California Dept. of Forestry</strong>",,3785,,No,,Yes,No
658,,Tartan,,"<strong>California Highway Patrol #2</strong>",USA,60064,,No,,Yes,No
659,,Tartan,,"<strong>California Highway Patrol</strong>",,3786,,No,,Yes,No
660,,Tartan,,"<strong>California Professional Firefighters Association</strong>",,3787,,No,,Yes,No
661,,Tartan,,"<strong>California Riverside University</strong>",,6705,,No,,Yes,No
662,,Tartan,,"<strong>California State</strong>",,2454,,No,,Yes,No
665,,Tartan,,<strong>Callum</strong>,,1319,,No,,Yes,No
666,,Tartan,,<strong>Cambridge</strong>,,6660,,No,,Yes,No
673,,Tartan,,"<strong>Cameron of Erracht #2</strong>",,3798,,No,,Yes,No
677,,Tartan,,"<strong>Lochiel</strong><br/>[AKA] Munro <strong>#2</strong><br/>[AKA] Cameron <strong>of Lochiel; #2</strong>",,973,,No,,Yes,No
107,,Tartan,,"<strong>Ancient Atlantic</strong>",,1781,,No,,Yes,No
106,,Tartan,,"<strong>Amnesty International</strong>",,3016,,No,,Yes,No
1849,,Tartan,,"<strong>Heirloom Dark Alba</strong>",,6408,,No,,Yes,No
2046,,Tartan,,"<strong>Irish American</strong>",Irish,6104,,No,,Yes,No
2047,,Tartan,,"<strong>Irish Diaspora</strong>",Irish,5827,,No,"House of Edgar",Yes,No
1853,,Tartan,,<strong>Henbury</strong>,,6792,,No,,Yes,No
2048,,Tartan,,"<strong>Irish National</strong>",Irish,2245,,No,,Yes,No
2001,,Tartan,,"<strong>Ikelman #1</strong>",,2210,,No,,Yes,No
2000,,Tartan,,"<strong>Idaho State</strong><br/>[AKA] <strong>Centennial</strong>",,2116,,No,,Yes,No
1850,,Tartan,,"<strong>Heirloom Red Alba</strong>",,6407,,No,,Yes,No
1999,,Tartan,,"<strong>Ibrox District</strong>",,3992,,No,,Yes,No
2051,,Tartan,,<strong>Ironside</strong>,,3990,,No,,Yes,No
2045,,Tartan,,<strong>Iowa</strong>,,6051,,No,,Yes,No
1848,,Tartan,,"<strong>Heirloom Alba; Blue</strong>",,6406,,No,,Yes,No
1847,,Tartan,,"<strong>Heinkel Trojan Red</strong>",International,63302,,No,,Yes,No
1846,,Tartan,,"<strong>Heinkel Trojan Blue</strong>",International,63303,,No,,Yes,No
1844,,Tartan,,"<strong>Hector, The Ship</strong>",,2597,,No,,Yes,No
1842,,Tartan,,<strong>Hebron</strong>,,5173,,No,,Yes,No
1997,,Tartan,,"<strong>Hynde, Sir John; </strong>",,976,,No,,Yes,No
2055,,Tartan,,"<strong>Irvine of Bonshaw Tower</strong>",,2490,,No,,Yes,No
1996,,Tartan,,"<strong>Hyland Evening</strong>",,3829,,No,,Yes,No
2056,,Tartan,,"<strong>Irvine of Glentulchan</strong><br/>[AKA] Irvine <strong>of Tulchan</strong>",,1460,,No,,Yes,No
1860,,Tartan,,"<strong>Henry WA</strong>",,1667,,No,,Yes,No
1864,,Tartan,,<strong>Herbage</strong>,,811,,No,,Yes,No
2031,,Tartan,,<strong>Intergen</strong>,,4092,,No,,Yes,No
2032,,Tartan,,"<strong>International College of Dentists Canadian Section</strong>",,58,,No,,Yes,No
1,,Tartan,,"<strong>Abbotsford Check</strong>",,57,,No,,Yes,No
2005,,Tartan,,"<strong>Ikelman #5</strong>",,2212,,No,,Yes,No
2033,,Tartan,,"<strong>International Federation of Freight Forwarders Associations</strong>",,4832,,No,,Yes,No
2034,,Tartan,,"<strong>International Police Association</strong>",,3991,,No,,Yes,No
2004,,Tartan,,"<strong>Ikelman #4</strong>",,2224,,No,,Yes,No
2036,,Tartan,,<strong>Inverary</strong>,,772,,No,,Yes,No
2057,,Tartan,,"<strong>Isla Grant</strong>",,5278,,No,,Yes,No
2040,,Tartan,,"<strong>Inverness County Canada</strong>",,6164,,No,,Yes,No
2041,,Tartan,,"<strong>Inverness Fencibles</strong>",,394,,No,,Yes,No
1858,,Tartan,,<strong>Henkel</strong>,,6161,,No,,Yes,No
2003,,Tartan,,"<strong>Ikelman #3</strong>",,5243,,No,,Yes,No
2043,,Tartan,,<strong>Iona</strong>,,6858,,No,,Yes,No
2002,,Tartan,,"<strong>Ikelman #2</strong>",,2211,,No,,Yes,No
1857,,Tartan,,<strong>Heneghan</strong>,,3841,,No,,Yes,No
2044,,Tartan,,"<strong>Iowa Dress</strong>",,6382,,No,,Yes,No
2092,,Tartan,,"<strong>James (Personal)</strong>",,2456,,No,,Yes,No
2076,,Tartan,,"<strong>Isle of Mull #2</strong><br/>[AKA] <strong>Mull Millennium</strong>",Scottish,57984,,No,,Yes,No
2077,,Tartan,,"<strong>Isle of Mull</strong><br/>[AKA] <strong>Mull Millennium #2</strong>",,2573,,No,,Yes,No
2078,,Tartan,,"<strong>Isle of Skye Blue; Dress</strong>",,5324,,No,,Yes,No
2079,,Tartan,,"<strong>Isle of Skye</strong>",,385,,No,,Yes,No
2080,,Tartan,,"<strong>Ivory Blessings</strong>",Scottish,66185,,No,,Yes,No
2081,,Tartan,,"<strong>J & B Whisky (Original)</strong>",,6073,,No,,Yes,No
1798,,Tartan,,"<strong>Hawick Rugby Club</strong>",,5834,,No,,Yes,No
1797,,Tartan,,"<strong>Hawick Dress</strong>",,2409,,No,,Yes,No
1796,,Tartan,,"<strong>Hawick District #2</strong>",,6078,,No,,Yes,No
1804,,Tartan,,"<strong>Hay and Leith</strong>",,6921,,No,,Yes,No
2095,,Tartan,,"<strong>Jardine of Castlemilk #2</strong>",,1447,,No,,Yes,No
2096,,Tartan,,"<strong>Jax Jaguars Prowling Plaid</strong>",USA,58960,,No,,Yes,No
1793,,Tartan,,<strong>Hawaiian</strong>,,5163,,No,,Yes,No
2098,,Tartan,,"<strong>Jedforest District</strong>",,5301,,No,,Yes,No
2099,,Tartan,,<strong>Jefferson</strong>,,6450,,No,,Yes,No
1791,,Tartan,,<strong>Haughfoot</strong>,,5819,,No,,Yes,No
1993,,Tartan,,"<strong>Hydesville Tower School</strong>",,3993,,No,,Yes,No
1787,,Tartan,,<strong>Hartman</strong>,,2622,,No,,Yes,No
2066,,Tartan,,"<strong>Manx Cornaa, Isle of Man (Personal)</strong>",,44,,No,,Yes,No
1995,,Tartan,,"<strong>Hyland Day</strong>",,3830,,No,,Yes,No
2058,,Tartan,,<strong>Islay</strong>,,5280,,No,,Yes,No
2059,,Tartan,,"<strong>Islay Whisky Club</strong>",,3818,,No,,Yes,No
2060,,Tartan,,"<strong>Isle of Arran #2</strong>",,5281,,No,,Yes,No
2061,,Tartan,,"<strong>Isle of Arran</strong>",,4088,,No,,Yes,No
2062,,Tartan,,"<strong>Isle of Gigha</strong>",,3085,,No,,Yes,No
1994,,Tartan,,"<strong>Hydro-Electric Corporate</strong>",,2300,,No,,Yes,No
2063,,Tartan,,"<strong>Isle of Harris</strong>",,6198,,No,,Yes,No
1817,,Tartan,,"<strong>Heather MacRae</strong>",,7044,,No,,Yes,No
1865,,Tartan,,<strong>Herd</strong>,,170,,No,,Yes,No
1815,,Tartan,,<strong>Heartlands</strong>,,3443,,No,,Yes,No
1814,,Tartan,,"<strong>Heart of Strathearn</strong>",,6844,,No,,Yes,No
1813,,Tartan,,"<strong>Heart of Scotland</strong>",,4230,,No,,Yes,No
1812,,Tartan,,"<strong>Heart of Scotland #2</strong>",,3105,,No,,Yes,No
1809,,Tartan,,"<strong>Head of the Lakes</strong>",,2241,,No,,Yes,No
1808,,Tartan,,<strong>Haymarket</strong>,,713,,No,,Yes,No
1807,,Tartan,,<strong>Hayes</strong>,,5168,,No,,Yes,No
1805,,Tartan,,"<strong>Hay and Leith #2</strong><br/>[AKA] Leith <strong>#4</strong><br/>[AKA] Hay <strong>of Leith; #2</strong>",,1215,,No,,Yes,No
1916,,Tartan,,"<strong>Hirter Karo</strong>",,3907,,No,,Yes,No
1972,,Tartan,,<strong>Hunnisett</strong>,,624,,No,,Yes,No
1929,,Tartan,,"<strong>Hogmanay Plaid</strong>",,2621,,No,,Yes,No
1926,,Tartan,,<strong>Hobkirk</strong>,,6201,,No,,Yes,No
1925,,Tartan,,<strong>Hoben</strong>,,6610,,No,,Yes,No
2009,,Tartan,,"<strong>Incorporation of Weavers (Glasgow)</strong>",,7249,,No,,Yes,No
1923,,Tartan,,"<strong>Historic Scotland</strong>",,2547,,No,,Yes,No
1922,,Tartan,,"<strong>Historic Scotland pre 1998</strong>",,2122,,No,,Yes,No
1920,,Tartan,,"<strong>Hislop (Personal)</strong>",Scottish,70549,,No,,Yes,No
1919,,Tartan,,"<strong>Hislop Hunting (Personal)</strong>",,3847,,No,,Yes,No
1934,,Tartan,,<strong>Holestone</strong>,,6734,,No,,Yes,No
1915,,Tartan,,<strong>Hird</strong>,,2243,,No,,Yes,No
1914,,Tartan,,<strong>Hinnigan</strong>,,5200,,No,,Yes,No
1913,,Tartan,,"<strong>Hilton-Head Golf Club</strong>",,3939,,No,,Yes,No
1912,,Tartan,,"<strong>Hilton Hotel Hong Kong</strong>",,3940,,No,,Yes,No
1911,,Tartan,,"<strong>Hilton Check</strong>",,5199,,No,,Yes,No
1910,,Tartan,,<strong>Hill</strong>,,43634,,No,,Yes,No
1909,,Tartan,,"<strong>Highlands School North Carolina</strong>",,2109,,No,,Yes,No
1908,,Tartan,,"<strong>Highlands of Haliburton</strong>",,5197,,No,,Yes,No
1906,,Tartan,,"<strong>Highlands of Durham</strong>",,6189,,No,,Yes,No
1954,,Tartan,,"<strong>House of Bruar</strong>",,5219,,No,,Yes,No
1969,,Tartan,,"<strong>Hughes Interconnection Int.; </strong>",,6037,,No,,Yes,No
1968,,Tartan,,"<strong>Hughes (Personal)</strong>",,2599,,No,,Yes,No
1967,,Tartan,,"<strong>Hughes, USA (Personal)</strong>",,6604,,No,,Yes,No
1961,,Tartan,,"<strong>Hudson Bay Company</strong>",,1612,,No,,Yes,No
1960,,Tartan,,<strong>Hudson</strong>,,5221,,No,,Yes,No
1959,,Tartan,,"<strong>Hudson Hunting</strong>",,5222,,No,,Yes,No
1958,,Tartan,,"<strong>Hubbard Foundation of Scotland</strong>",,6204,,No,,Yes,No
1956,,Tartan,,<strong>Houston</strong>,,6043,,No,,Yes,No
1955,,Tartan,,"<strong>Houston #2</strong>",,2290,,No,,Yes,No
2010,,Tartan,,"<strong>Independence Universal</strong>",,2285,,No,,Yes,No
1952,,Tartan,,<strong>Hose</strong>,,5218,,No,,Yes,No
1948,,Tartan,,<strong>Hopetoun</strong>,Scottish,60529,,No,,Yes,No
2007,,Tartan,,<strong>Impulse</strong>,,5249,,No,,Yes,No
1941,,Tartan,,"<strong>Holyrood Jubilee</strong><br/>[AKA] <strong>Heirloom Holyrood Gold</strong>",,6405,,No,,Yes,No
1940,,Tartan,,"<strong>Holyrood Chair</strong>",,1674,,No,,Yes,No
1971,,Tartan,,"<strong>Hungerford RFC</strong>",,6863,,No,,Yes,No
1936,,Tartan,,"<strong>Holland Dress</strong>",,1133,,No,,Yes,No
1935,,Tartan,,"<strong>Holiday Inn Crown Plaza</strong>",,2176,,No,,Yes,No
2019,,Tartan,,"<strong>Initial City Link</strong>",,7140,,No,,Yes,No
1887,,Tartan,,"<strong>Highland Cathedral</strong>",,6136,,No,"House of Edgar",Yes,No
1882,,Tartan,,"<strong>Hibernians US</strong><br/>[AKA] <strong>Ancient Order of Hibernians</strong>",,6507,,No,,Yes,No
2015,,Tartan,,"<strong>Indigo Blue Corporate</strong>",,2352,,No,,Yes,No
1881,,Tartan,,"<strong>Hibernian Football Club</strong>",,2559,,No,,Yes,No
1880,,Tartan,,"<strong>Hibernian Football Club #2</strong>",,62060,,No,,Yes,No
1879,,Tartan,,"<strong>Hibernian Football Club 2004</strong>",,6894,,No,,Yes,No
1878,,Tartan,,<strong>Hewett</strong>,,6725,,No,,Yes,No
2017,,Tartan,,<strong>Ingenico</strong>,,7004,,No,,Yes,No
1874,,Tartan,,<strong>Herron</strong>,,6638,,No,,Yes,No
1888,,Tartan,,"<strong>Highland District #2</strong><br/>[AKA] <strong>Highland Green</strong>",,5187,,No,,Yes,No
1872,,Tartan,,"<strong>Heritage Tartan; The</strong>",,5185,,No,,Yes,No
1871,,Tartan,,"<strong>Heritage Sequane</strong>",French,44702,,No,,Yes,No
1870,,Tartan,,"<strong>Heritage Plaid</strong><br/>[AKA] <strong>Hilton Plaid</strong><br/>[AKA] <strong>Hilton Champion</strong>",,2336,,No,,Yes,No
2026,,Tartan,,"<strong>Innes of Learney; Hunting</strong>",,367,,No,,Yes,No
1868,,Tartan,,<strong>Heritage</strong>,,6014,,No,,Yes,No
2029,,Tartan,,"<strong>Innis Island</strong>",,5279,,No,,Yes,No
1866,,Tartan,,<strong>Heriot</strong>,,7258,,No,,Yes,No
2030,,Tartan,,<strong>Inspiration</strong>,,58939,,No,,Yes,No
1895,,Tartan,,"<strong>Highland Pub Company</strong>",,2289,,No,,Yes,No
1905,,Tartan,,"<strong>Highlands Country Club</strong>",,687,,No,,Yes,No
1903,,Tartan,,"<strong>Highland Village</strong>",,5195,,No,,Yes,No
1901,,Tartan,,"<strong>Highland Thistle</strong>",,7108,,No,,Yes,No
1900,,Tartan,,"<strong>Highland Spring Dress</strong>",,6140,,No,,Yes,No
1899,,Tartan,,"<strong>Highland Spring 1997</strong>",,2322,,No,,Yes,No
1898,,Tartan,,"<strong>Highland Spring 1988</strong>",,130,,No,,Yes,No
2011,,Tartan,,<strong>Inder</strong>,,6733,,No,,Yes,No
2012,,Tartan,,"<strong>Indiana State</strong><br/>[AKA] <strong>Cardinal</strong>",,5251,,No,,Yes,No
1897,,Tartan,,"<strong>Highland Spring 1985</strong>",,5193,,No,,Yes,No
1770,,Tartan,,<strong>Harding</strong>,,6796,,No,,Yes,No
2006,,Tartan,,"<strong>Ikelman #6</strong>",,2183,,No,,Yes,No
1894,,Tartan,,"<strong>Highland Park High School Pipe Band</strong>",,5191,,No,,Yes,No
1893,,Tartan,,"<strong>Highland Park</strong>",,5190,,No,,Yes,No
1892,,Tartan,,"<strong>Highland Hospice</strong>",,5189,,No,,Yes,No
1891,,Tartan,,"<strong>Highland Granite</strong>",,6499,,No,"Lochcarron of Scotland",Yes,No
2014,,Tartan,,"<strong>Indianapolis Metropolitan Police Department</strong><br/>[AKA] <strong>Indianapolis MPD Emerald Society</strong>",,7253,,No,,Yes,No
1890,,Tartan,,"<strong>Highland Dusk</strong>",,7002,,No,,Yes,No
1889,,Tartan,,"<strong>Highland District</strong><br/>[AKA] <strong>Highland Blue</strong>",,5188,,No,,Yes,No
1991,,Tartan,,<strong>Hutt</strong>,,2568,,No,,Yes,No
1777,,Tartan,,"<strong>Harmon (Cliff) personal; Hunting</strong>",Scottish,43638,,No,,Yes,No
1778,,Tartan,,"<strong>Harmony Eildon</strong><br/>[AKA] <strong>Check</strong><br/>[AKA] <strong>Longniddry #2</strong>",,87,,No,,Yes,No
1779,,Tartan,,<strong>Harmony</strong>,,31,,No,,Yes,No
2103,,Tartan,,"<strong>Jewel Look JTB</strong>",,5730,,No,,Yes,No
1785,,Tartan,,"<strong>Hart (Texas) (Personal)</strong>",,6306,,No,,Yes,No
1781,,Tartan,,"<strong>Harris (Personal)</strong>",,6262,,No,,Yes,No
1774,,Tartan,,"<strong>Harley Davidson</strong>",,5816,,No,,Yes,No
2104,,Tartan,,"<strong>Jewish #2</strong>",International,45454,,No,,Yes,No
1776,,Tartan,,"<strong>Harmon (Cliff) personal; Dress</strong>",Scottish,43641,,No,,Yes,No
2102,,Tartan,,"<strong>Jeux Canada Games '87</strong>",,3101,,No,,Yes,No
1775,,Tartan,,<strong>Harmer</strong>,,2422,,No,,Yes,No
2105,,Tartan,,<strong>Jewish</strong>,,58999,,No,,Yes,No
300265,,Tartan,Abel,"Abel <strong>(2015)</strong>",,,,No,,Yes,No
3,,Tartan,Abercrombie,"Abercrombie <strong>[default]</strong>",,241,,No,,Yes,No
30,,Tartan,Adam,"Adam <strong>[default]</strong>",,3022,,No,,Yes,No
34,,Tartan,Agnew,"Agnew <strong>[default]</strong>",,182,,No,,Yes,No
40,,Tartan,Ainslie,"Ainslie <strong>Lake District</strong>",,586,,No,,Yes,No
41,,Tartan,Ainslie,"Ainslie <strong>[default]</strong>",,2673,,No,,Yes,No
39,,Tartan,Ainslie,"Ainslie <strong>1992 Variant</strong>",,2187,,No,,Yes,No
43,,Tartan,Aitken,"Aitken <strong>[default]</strong>",,3029,,No,,Yes,No
44,,Tartan,Aiton,"Aiton <strong>[default]</strong>",,328,,No,,Yes,No
47,,Tartan,Akins,"Akins <strong>[default]</strong>",,997,,No,,Yes,No
59,,Tartan,Alexander,"Alexander <strong>Hunting</strong>",,411,,No,,Yes,No
61,,Tartan,"Alexander of Menstry","Alexander of Menstry <strong>Dress</strong><br/>[AKA] Alexander <strong>of Menstry; Dress</strong>",,6716,,No,,Yes,No
60,,Tartan,"Alexander of Menstry","Alexander of Menstry <strong>[default]</strong><br/>[AKA] Alexander <strong>of Menstry</strong>",,6713,,No,,Yes,No
62,,Tartan,"Alexander of Menstry","Alexander of Menstry <strong>Hunting</strong><br/>[AKA] Alexander <strong>of Menstry; Hunting</strong>",,6715,,No,,Yes,No
66,,Tartan,Algarve,"Algarve <strong>[default]</strong>",,5705,,No,,Yes,No
72,,Tartan,Allan,"Allan <strong>[default]</strong>",,2519,,No,,Yes,No
75,,Tartan,Allan,"Allan <strong>1998 (Personal)</strong>",,2482,,No,,Yes,No
84,,Tartan,Allison,"Allison <strong>[default]</strong>",,314,,No,,Yes,No
122,,Tartan,Anderson,"Anderson <strong>Highland Society of London</strong>",Scottish,67601,,No,,Yes,No
109,,Tartan,Anderson,"Anderson <strong>Arisaid</strong>",,3449,,No,,Yes,No
114,,Tartan,Anderson,"Anderson <strong>Grey</strong>",,3421,,No,,Yes,No
118,,Tartan,Anderson,"Anderson <strong>Old</strong>",,1347,,No,,Yes,No
119,,Tartan,Anderson,"Anderson <strong>Red</strong>",,3448,,No,,Yes,No
120,,Tartan,Anderson,"Anderson <strong>Ross</strong>",,3173,,No,,Yes,No
121,,Tartan,Anderson,"Anderson <strong>[default]</strong>",,1394,,No,,Yes,No
110,,Tartan,Anderson,"Anderson <strong>Arisaid #2</strong>",,1514,,No,,Yes,No
111,,Tartan,Anderson,"Anderson <strong>Blue</strong>",,3453,,No,,Yes,No
113,,Tartan,Anderson,"Anderson <strong>Green</strong>",,3452,,No,,Yes,No
115,,Tartan,"Anderson of Ardbrake","Anderson of Ardbrake <strong>[default]</strong><br/>[AKA] Anderson <strong>of Ardbrake</strong>",,7024,,No,,Yes,No
117,,Tartan,"Anderson of Kinneddar","Anderson of Kinneddar <strong>Red</strong><br/>[AKA] Anderson <strong>of Kinneddar; Red</strong>",,3015,,No,,Yes,No
116,,Tartan,"Anderson of Kinneddar","Anderson of Kinneddar <strong>Hunting</strong><br/>[AKA] Anderson <strong>of Kinneddar; Hunting</strong>",,1396,,No,,Yes,No
153,,Tartan,Arbuthnot,"Arbuthnot <strong>[default]</strong>",,204,,No,,Yes,No
158,,Tartan,Argyle,"Argyle <strong>Dress</strong>",,3602,,No,,Yes,No
157,,Tartan,Argyle,"Argyle <strong>Campbell</strong>",,252,,No,,Yes,No
164,,Tartan,Armstrong,"Armstrong <strong>[default]</strong>",,793,,No,,Yes,No
194,,Tartan,Austin,"Austin <strong>(Wilsons' No.137)</strong><br/>[AKA] <strong>Wilson's Collection; No.137</strong>",,269,,No,,Yes,No
222,,Tartan,Baillie,"Baillie <strong>(Highland Society of London)</strong>",,302,,No,,Yes,No
223,,Tartan,Baillie,"Baillie <strong>Dress</strong><br/>[AKA] Baillie <strong>Turnberry</strong><br/>[AKA] Baillie <strong>Snaefell</strong>",,6379,,No,,Yes,No
228,,Tartan,Baillie,"Baillie <strong>[default]</strong><br/>[AKA] Baillie <strong>Fencibles</strong>",,278,,No,,Yes,No
225,,Tartan,"Baillie of Lamington","Baillie of Lamington <strong>[default]</strong><br/>[AKA] Baillie <strong>of Lamington</strong>",,3629,,No,,Yes,No
226,,Tartan,"Baillie of Polkemmet","Baillie of Polkemmet <strong>[default]</strong><br/>[AKA] Baillie <strong>of Polkemmet</strong>",,206,,No,,Yes,No
227,,Tartan,"Baillie of Polkemmet","Baillie of Polkemmet <strong>Red</strong><br/>[AKA] Baillie <strong>of Polkemmet; Red</strong>",,1008,,No,,Yes,No
231,,Tartan,Baird,"Baird <strong>Dress</strong>",,233,,No,,Yes,No
5311,,Tartan,Baird,"Baird <strong>Old Colours</strong>",,,,No,,Yes,No
232,,Tartan,Baird,"Baird <strong>Dress Dance</strong>",,65115,,No,,Yes,No
233,,Tartan,Baird,"Baird <strong>[default]</strong><br/>[AKA] Baird <strong>Hunting</strong>",,104,,No,,Yes,No
234,,Tartan,Baker,"Baker <strong>#2</strong>",Scottish,55373,,No,,Yes,No
235,,Tartan,Baker,"Baker <strong>[default]</strong>",,613,,No,,Yes,No
239,,Tartan,Balfour,"Balfour <strong>[default]</strong>",,684,,No,,Yes,No
238,,Tartan,Balfour,"Balfour <strong>Hunting</strong>",,3970,,No,,Yes,No
237,,Tartan,Balfour,"Balfour <strong>Blue</strong>",,4010,,No,,Yes,No
240,,Tartan,Ball,"Ball <strong>Hunting</strong>",,6355,,No,,Yes,No
285,,Tartan,Barclay,"Barclay <strong>Hunting</strong>",,705,,No,,Yes,No
284,,Tartan,Barclay,"Barclay <strong>Dress</strong>",,1879,,No,,Yes,No
299,,Tartan,Bartlett,"Bartlett <strong>[default]</strong>",,2640,,No,,Yes,No
304,,Tartan,Bates,"Bates <strong>[default]</strong>",,6057,,No,,Yes,No
308,,Tartan,Batten,"Batten <strong>[default]</strong>",,5768,,No,,Yes,No
314,,Tartan,Baxter,"Baxter <strong>[default]</strong>",Scottish,66492,,No,,Yes,No
312,,Tartan,"Baxter of Balgavies","Baxter of Balgavies <strong>[default]</strong><br/>[AKA] Baxter <strong>of Balgavies</strong>",,3664,,No,,Yes,No
315,,Tartan,Beard,"Beard <strong>[default]</strong>",,3666,,No,,Yes,No
316,,Tartan,Beaton,"Beaton <strong>[default]</strong>",,3668,,No,,Yes,No
317,,Tartan,Beatty,"Beatty <strong>[default]</strong>",,4199,,No,,Yes,No
321,,Tartan,Beaverbrook,"Beaverbrook <strong>#3</strong><br/>[AKA] Beaverbrook <strong>New Brunswick</strong>",,663,,No,,Yes,No
320,,Tartan,Beaverbrook,"Beaverbrook <strong>#2</strong>",,3671,,No,,Yes,No
328,,Tartan,Belfrage,"Belfrage <strong>[default]</strong>",,3672,,No,,Yes,No
330,,Tartan,Bell,"Bell <strong>Border</strong><br/>[AKA] Bell <strong>South</strong><br/>[AKA] Bell <strong>Southern Bell</strong><br/>[AKA] Bell <strong>of the Borders; #2</strong><br/>[AKA] Bell of the Borders <strong>#2</strong>",,370,,No,,Yes,No
331,,Tartan,"Bell of the Borders","Bell of the Borders <strong>[default]</strong><br/>[AKA] Bell <strong>of the Borders</strong>",,1489,,No,,Yes,No
343,,Tartan,Benson,"Benson <strong>[default]</strong>",,6465,,No,,Yes,No
361,,Tartan,Bethune,"Bethune <strong>[default]</strong>",,2428,,No,,Yes,No
364,,Tartan,Bijral,"Bijral <strong>[default]</strong>",,4009,,No,,Yes,No
365,,Tartan,Birch,"Birch <strong>[default]</strong>",,2157,,No,,Yes,No
369,,Tartan,Birral,"Birral <strong>[default]</strong>",,658,,No,,Yes,No
370,,Tartan,Birse,"Birse <strong>[default]</strong>",,1087,,No,,Yes,No
6205,,Tartan,Bisset,"Bisset <strong>[default]</strong>",Scottish,76413,,No,,Yes,No
373,,Tartan,Bisset,"Bisset <strong>#2</strong>",,1478,,No,,Yes,No
374,,Tartan,Black,"Black <strong>(DCD)</strong>",,3693,,No,,Yes,No
299243,,Tartan,"Black Watch","Black Watch <strong>Small sett</strong>",,0,,No,,Yes,No
13650,,Tartan,"Black Watch","Black Watch <strong>Large Sett</strong>",,,,No,,Yes,No
394,,Tartan,Blackie,"Blackie <strong>[default]</strong>",,7184,,No,,Yes,No
397,,Tartan,Blackstock,"Blackstock <strong>Hunting</strong>",,1120,,No,,Yes,No
396,,Tartan,Blackstock,"Blackstock <strong>Dress</strong>",,1881,,No,,Yes,No
399,,Tartan,Blackwood,"Blackwood <strong>[default]</strong>",Scottish,53499,,No,,Yes,No
401,,Tartan,Blair,"Blair <strong>[default]</strong>",,416,,No,,Yes,No
400,,Tartan,Blair,"Blair <strong>Dress</strong>",,483,,No,,Yes,No
410,,Tartan,Blalack,"Blalack <strong>[default]</strong>",,6642,,No,,Yes,No
412,,Tartan,Blanton,"Blanton <strong>[default]</strong>",,4007,,No,,Yes,No
411,,Tartan,Blanton,"Blanton <strong>Dress</strong>",Scottish,6181,,No,,Yes,No
413,,Tartan,Blaylock,"Blaylock <strong>[default]</strong>",,5925,,No,,Yes,No
430,,Tartan,Bonnar,"Bonnar <strong>[default]</strong>",,285,,No,,Yes,No
15519,,Tartan,Bonner,"Bonner <strong>[default]</strong>",,4121,,No,,Yes,No
443,,Tartan,Borthwick,"Borthwick <strong>[default]</strong><br/>[AKA] Borthwick <strong>Hunting</strong>",,815,,No,,Yes,No
442,,Tartan,Borthwick,"Borthwick <strong>Dress</strong>",,820,,No,,Yes,No
445,,Tartan,Boswell,"Boswell <strong>Dress</strong>",,6359,,No,,Yes,No
451,,Tartan,Bowie,"Bowie <strong>[default]</strong>",,3717,,No,,Yes,No
450,,Tartan,Bowie,"Bowie <strong>Black</strong>",,3716,,No,,Yes,No
453,,Tartan,Boyd,"Boyd <strong>[default]</strong>",,1820,,No,,Yes,No
456,,Tartan,Brabender,"Brabender <strong>[default]</strong>",,2639,,No,,Yes,No
466,,Tartan,Braid,"Braid <strong>[default]</strong>",,4033,,No,,Yes,No
475,,Tartan,Brecheen,"Brecheen <strong>[default]</strong>",,3727,,No,,Yes,No
481,,Tartan,Brice,"Brice <strong>[default]</strong>",,3728,,No,,Yes,No
482,,Tartan,Brides,"Brides <strong>[default]</strong>",,1680,,No,,Yes,No
484,,Tartan,"Bright of Garth","Bright of Garth <strong>[default]</strong>",,6576,,No,,Yes,No
486,,Tartan,Brisbane,"Brisbane <strong>[default]</strong>",,6308,,No,,Yes,No
528,,Tartan,Brodie,"Brodie <strong>Hunting</strong>",,1334,,No,,Yes,No
530,,Tartan,Brodie,"Brodie <strong>Red</strong>",,1192,,No,,Yes,No
531,,Tartan,Brodie,"Brodie <strong>Silver</strong><br/>[AKA] Brodie <strong>Muted</strong>",,1630,,No,,Yes,No
526,,Tartan,Brodie,"Brodie <strong>Dress</strong>",,6283,,No,,Yes,No
525,,Tartan,Brodie,"Brodie <strong>Black & White</strong>",,3732,,No,,Yes,No
533,,Tartan,Bronte,"Bronte <strong>[default]</strong>",,6614,,No,,Yes,No
549,,Tartan,Brown,"Brown <strong>[default]</strong><br/>[AKA] Broun <strong>Grady</strong>",,432,,No,,Yes,No
548,,Tartan,"Brown of Castledean","Brown of Castledean <strong>[default]</strong><br/>[AKA] Brown of Castlehaven [default]<br/>[AKA] Brown <strong>of Castledean</strong><br/>[AKA] Brown <strong>of Castlehaven</strong>",,3738,,No,,Yes,No
566,,Tartan,Bruce,"Bruce <strong>[default]</strong><br/>[AKA] Grant <strong>#3</strong><br/>[AKA] Drummond <strong>#3</strong><br/>[AKA] Bruce <strong>Chief's Choice</strong>",,1848,,No,,Yes,No
558,,Tartan,Bruce,"Bruce <strong>(Vestiarium Scoticum)</strong>",,1821,,No,,Yes,No
555,,Tartan,Bruce,"Bruce <strong>1985</strong>",,3953,,No,,Yes,No
559,,Tartan,Bruce,"Bruce <strong>Hunting</strong>",,1816,,No,,Yes,No
560,,Tartan,Bruce,"Bruce <strong>New</strong><br/>[AKA] Grant <strong>#2</strong><br/>[AKA] Drummond <strong>#2</strong>",,3741,,No,,Yes,No
564,,Tartan,Bruce,"Bruce <strong>Old</strong>",,3742,,No,,Yes,No
561,,Tartan,"Bruce of Kinnaird","Bruce of Kinnaird <strong>[default]</strong><br/>[AKA] Bruce <strong>of Kinnaird</strong>",,1483,,No,,Yes,No
570,,Tartan,Bryant,"Bryant <strong>[default]</strong>",,3745,,No,,Yes,No
569,,Tartan,Bryant,"Bryant <strong>#2</strong>",,4146,,No,,Yes,No
571,,Tartan,Bryce,"Bryce <strong>[default]</strong>",,1537,,No,,Yes,No
6240,,Tartan,Bryson,"Bryson <strong>#2</strong>",Scottish,77937,,No,,Yes,No
574,,Tartan,Bryson,"Bryson <strong>2000</strong>",,4156,,No,,Yes,No
573,,Tartan,Bryson,"Bryson <strong>1988</strong>",,3746,,No,,Yes,No
576,,Tartan,Buccleuch,"Buccleuch <strong>Check</strong><br/>[AKA] <strong>Haig</strong><br/>[AKA] <strong>Gladstone</strong>",,647,,No,,Yes,No
578,,Tartan,Buccleuch,"Buccleuch <strong>[default]</strong>",,1505,,No,,Yes,No
299276,,Tartan,Buccleuch,"Buccleuch <strong>(Fashion)</strong>",,,,No,,Yes,No
575,,Tartan,Buccleuch,"Buccleuch <strong>#2</strong>",,6009,,No,,Yes,No
577,,Tartan,Buccleuch,"Buccleuch <strong>Dress</strong>",,3747,,No,,Yes,No
302159,,Tartan,Buchanan,"Buchanan <strong>Heather</strong>",,,,No,"Lochcarron of Scotland",Yes,No
4887,,Tartan,Buchanan,"Buchanan <strong>Old Sett</strong>",,,,No,,Yes,No
5092,,Tartan,Buchanan,"Buchanan <strong>(Antique Colours)</strong>",,,,No,,Yes,No
582,,Tartan,Buchanan,"Buchanan <strong>Dress Dance Blue</strong>",,1672,,No,,Yes,No
588,,Tartan,Buchanan,"Buchanan <strong>[default]</strong>",,151,,No,,Yes,No
301319,,Tartan,Buchanan,"Buchanan <strong>Hunting</strong>",Scottish,,,No,,Yes,No
583,,Tartan,Buchanan,"Buchanan <strong>Hunting #2</strong>",,4059,,No,,Yes,No
8383,,Tartan,Buchanan,"Buchanan <strong>Hunting; Blue</strong>",,,,No,,Yes,No
580,,Tartan,Buchanan,"Buchanan <strong>Cerise #1 Special</strong>",Scottish,60697,,No,,Yes,No
581,,Tartan,Buchanan,"Buchanan <strong>Cerise #2 Special</strong>",Scottish,60698,,No,,Yes,No
595,,Tartan,Buie,"Buie <strong>[default]</strong>",,1590,,No,,Yes,No
599,,Tartan,Bullman,"Bullman <strong>[default]</strong>",,3763,,No,,Yes,No
605,,Tartan,Burnett,"Burnett <strong>Hunting</strong>",,1657,,No,,Yes,No
608,,Tartan,Burnett,"Burnett <strong>[default]</strong>",,2355,,No,,Yes,No
606,,Tartan,"Burnett of Leys","Burnett of Leys <strong>[default]</strong><br/>[AKA] Burnett <strong>of Leys</strong>",,1430,,No,,Yes,No
607,,Tartan,"Burnett of Powis","Burnett of Powis <strong>[default]</strong><br/>[AKA] Burnett <strong>of Powis</strong>",,3951,,No,,Yes,No
612,,Tartan,Burns,"Burns <strong>1930</strong>",,1539,,No,,Yes,No
614,,Tartan,Burns,"Burns <strong>Battalion</strong>",,3775,,No,,Yes,No
613,,Tartan,Burns,"Burns <strong>#2</strong><br/>[AKA] Burns <strong>Rustic</strong>",,3774,,No,,Yes,No
617,,Tartan,Burns,"Burns <strong>Heritage Check</strong>",,2206,,No,,Yes,No
616,,Tartan,Burns,"Burns <strong>Heritage</strong>",,4515,,No,,Yes,No
615,,Tartan,Burns,"Burns <strong>Check</strong><br/>[AKA] Burns <strong>Ayr</strong>",,1736,,No,,Yes,No
635,,Tartan,"Cairns of Finavon","Cairns of Finavon <strong>[default]</strong><br/>[AKA] Cairns <strong>of Finavon</strong>",,7006,,No,,Yes,No
644,,Tartan,Caledonian,"Caledonian <strong>[default]</strong><br/>[AKA] MacKintosh <strong>#3</strong><br/>[AKA] Fraser <strong>of Lovat #2</strong><br/>[AKA] Fraser of Lovat <strong>#2</strong>",,526,,No,,Yes,No
643,,Tartan,Caledonian,"Caledonian <strong>Hunting Ancient</strong>",,3780,,No,,Yes,No
663,,Tartan,Callaghan,"Callaghan <strong>[default]</strong>",,7299,,No,,Yes,No
671,,Tartan,Cameron,"Cameron <strong>Hunting</strong>",,1745,,No,,Yes,No
670,,Tartan,Cameron,"Cameron <strong>Hose #2</strong>",,1598,,No,,Yes,No
669,,Tartan,Cameron,"Cameron <strong>Hose</strong>",,1151,,No,,Yes,No
679,,Tartan,Cameron,"Cameron <strong>[default]</strong>",,1538,,No,,Yes,No
668,,Tartan,Cameron,"Cameron <strong>Cave Plaid</strong>",,3797,,No,,Yes,No
667,,Tartan,Cameron,"Cameron <strong>Black & Red</strong>",,1186,,No,,Yes,No
672,,Tartan,"Cameron of Erracht","Cameron of Erracht <strong>[default]</strong><br/>[AKA] Cameron <strong>of Erracht</strong>",,993,,No,,Yes,No
674,,Tartan,"Cameron of Erracht","Cameron of Erracht <strong>Dress</strong><br/>[AKA] Cameron <strong>of Erracht; Dress</strong>",,1871,,No,,Yes,No
675,,Tartan,"Cameron of Erracht","Cameron of Erracht <strong>Dress #2</strong><br/>[AKA] Cameron <strong>of Erracht; Dress #2</strong>",,3789,,No,,Yes,No
5387,,Tartan,"Cameron of Erracht","Cameron of Erracht <strong>Highland 4</strong><br/>[AKA] Cameron <strong>of Erracht; Highland 4</strong>",,,,No,,Yes,No
676,,Tartan,"Cameron of Locheil","Cameron of Locheil <strong>[default]</strong><br/>[AKA] Cameron <strong>of Locheil</strong>",,1398,,No,,Yes,No
678,,Tartan,"Cameron of Lochiel","Cameron of Lochiel <strong>Hunting</strong><br/>[AKA] Cameron <strong>of Lochiel; Hunting</strong>",,1535,,No,,Yes,No
713,,Tartan,Campbell,"Campbell <strong>[default]</strong><br/>[AKA] <strong>British Army - 42nd Regiment #2</strong><br/>[AKA] <strong>Government Tartan No. 1A</strong>",,1,,No,,Yes,No
686,,Tartan,Campbell,"Campbell <strong>Dress; 1880 variant</strong>",,4429,,No,,Yes,No
684,,Tartan,Campbell,"Campbell <strong>Dress</strong>",,19,,No,,Yes,No
688,,Tartan,Campbell,"Campbell <strong>Marquis of Lorne</strong>",,18,,No,,Yes,No
687,,Tartan,Campbell,"Campbell <strong>Hunting</strong>",,16,,No,,Yes,No
4888,,Tartan,Campbell,"Campbell <strong>Old</strong>",,,,No,,Yes,No
680,,Tartan,Campbell,"Campbell <strong>42nd; Dress</strong>",,22,,No,,Yes,No
15567,,Tartan,Campbell,"Campbell <strong>The 42nd</strong>",Scottish,12,,No,,Yes,No
681,,Tartan,Campbell,"Campbell <strong>42nd; Dress; Balhousie</strong>",,20,,No,,Yes,No
685,,Tartan,Campbell,"Campbell <strong>Dress #2</strong>",,21,,No,,Yes,No
710,,Tartan,Campbell,"Campbell <strong>Red</strong>",,1592,,No,,Yes,No
683,,Tartan,Campbell,"Campbell <strong>Camel</strong>",,4427,,No,,Yes,No
689,,Tartan,"Campbell of Argyle","Campbell of Argyle <strong>#3</strong><br/>[AKA] Campbell <strong>of Argyle; #3</strong>",,8,,No,,Yes,No
690,,Tartan,"Campbell of Argyle","Campbell of Argyle <strong>#4</strong><br/>[AKA] Campbell <strong>of Argyle; #4</strong>",,4422,,No,,Yes,No
691,,Tartan,"Campbell of Argyle","Campbell of Argyle <strong>Black guards</strong><br/>[AKA] Campbell <strong>of Argyle; Black guards</strong>",Scottish,61512,,No,,Yes,No
693,,Tartan,"Campbell of Argyll","Campbell of Argyll <strong>1815 variant</strong><br/>[AKA] Campbell <strong>of Argyll; 1815 variant</strong>",,1961,,No,,Yes,No
692,,Tartan,"Campbell of Argyll","Campbell of Argyll <strong>[default]</strong><br/>[AKA] Campbell <strong>of Argyll</strong>",,9,,No,,Yes,No
694,,Tartan,"Campbell of Argyll","Campbell of Argyll <strong>no guards</strong><br/>[AKA] Campbell <strong>of Argyll; no guards</strong>",,7157,,No,,Yes,No
695,,Tartan,"Campbell of Armaddie","Campbell of Armaddie <strong>[default]</strong><br/>[AKA] Campbell <strong>of Armaddie</strong>",,3800,,No,,Yes,No
696,,Tartan,"Campbell of Braemar","Campbell of Braemar <strong>[default]</strong><br/>[AKA] <strong>Braemar District</strong><br/>[AKA] <strong>Braemar Camel</strong><br/>[AKA] Campbell <strong>of Braemar</strong>",,3726,,No,,Yes,No
697,,Tartan,"Campbell of Breadalbane","Campbell of Breadalbane <strong>[default]</strong><br/>[AKA] Campbell <strong>of Breadalbane</strong>",,209,,No,,Yes,No
698,,Tartan,"Campbell of Breadalbane","Campbell of Breadalbane <strong>#2</strong><br/>[AKA] Campbell <strong>of Breadalbane; #2</strong><br/>[AKA] Campbell of Breadalbane <strong>1819</strong><br/>[AKA] Campbell <strong>of Breadalbane; 1819</strong>",Scottish,59643,,No,,Yes,No
702,,Tartan,"Campbell of Cawdor","Campbell of Cawdor <strong>Dress</strong><br/>[AKA] Campbell <strong>of Cawdor; Dress</strong>",,1975,,No,,Yes,No
701,,Tartan,"Campbell of Cawdor","Campbell of Cawdor <strong>[default]</strong><br/>[AKA] Campbell <strong>of Cawdor</strong>",,2,,No,,Yes,No
703,,Tartan,"Campbell of Glenlyon","Campbell of Glenlyon <strong>[default]</strong><br/>[AKA] Campbell <strong>of Glenlyon</strong>",,14,,No,,Yes,No
704,,Tartan,"Campbell of Inveraray","Campbell of Inveraray <strong>[default]</strong><br/>[AKA] Campbell <strong>of Inveraray</strong>",,64195,,No,,Yes,No
705,,Tartan,"Campbell of Lochawe","Campbell of Lochawe <strong>[default]</strong><br/>[AKA] Campbell <strong>of Lochawe</strong>",,13,,No,,Yes,No
706,,Tartan,"Campbell of Lochlane","Campbell of Lochlane <strong>[default]</strong><br/>[AKA] Campbell <strong>of Lochlane</strong>",,3799,,No,,Yes,No
709,,Tartan,"Campbell of Loudon","Campbell of Loudon <strong>Plaid</strong><br/>[AKA] Campbell <strong>of Loudon; Plaid</strong>",,5,,No,,Yes,No
707,,Tartan,"Campbell of Loudon","Campbell of Loudon <strong>[default]</strong><br/>[AKA] Campbell <strong>Loudon</strong><br/>[AKA] Campbell <strong>Louden</strong><br/>[AKA] Campbell <strong>of Loudon</strong>",,4436,,No,,Yes,No
739,,Tartan,Cargill,"Cargill <strong>[default]</strong><br/>[AKA] Cargill <strong>Beachan na Clerich</strong><br/>[AKA] Clergy <strong>(Cargill)</strong><br/>[AKA] Clergy [default]",,3132,,No,,Yes,No
742,,Tartan,Carlisle,"Carlisle <strong>Ancient</strong>",,680,,No,,Yes,No
743,,Tartan,Carlisle,"Carlisle <strong>[default]</strong>",,674,,No,,Yes,No
745,,Tartan,Carmichael,"Carmichael <strong>[default]</strong>",,1078,,No,,Yes,No
3082,,Tartan,Carnegie,"Carnegie <strong>[default]</strong>",,489,,No,,Yes,No
750,,Tartan,Carnegie,"Carnegie <strong>Dress; Dance</strong>",,4462,,No,,Yes,No
749,,Tartan,Carnegie,"Carnegie <strong>Dress</strong>",,1869,,No,,Yes,No
748,,Tartan,Carnegie,"Carnegie <strong>Check</strong>",,4463,,No,,Yes,No
747,,Tartan,Carnegie,"Carnegie <strong>#3</strong>",,497,,No,,Yes,No
746,,Tartan,Carnegie,"Carnegie <strong>#2</strong>",,1153,,No,,Yes,No
754,,Tartan,Carr,"Carr <strong>[default]</strong>",,4120,,No,,Yes,No
11383,,Tartan,Carruthers,"Carruthers <strong>[default]</strong>",,,,No,,Yes,No
767,,Tartan,Casely,"Casely <strong>[default]</strong>",,2146,,No,,Yes,No
766,,Tartan,"Casely of Mannerston","Casely of Mannerston <strong>[default]</strong><br/>[AKA] Casely <strong>of Mannerston</strong>",,7166,,No,,Yes,No
771,,Tartan,Caskie,"Caskie <strong>#2</strong>",,5894,,No,,Yes,No
772,,Tartan,Caskie,"Caskie <strong>[default]</strong>",,5893,,No,,Yes,No
778,,Tartan,Cates,"Cates <strong>Dress</strong>",,6834,,No,,Yes,No
780,,Tartan,Cates,"Cates <strong>Hunting</strong>",,6840,,No,,Yes,No
781,,Tartan,Cathcart,"Cathcart <strong>[default]</strong>",,4479,,No,,Yes,No
809,,Tartan,Chattan,"Chattan <strong>#3</strong>",,1625,,No,,Yes,No
810,,Tartan,Chattan,"Chattan <strong>Chief</strong>",,1852,,No,,Yes,No
811,,Tartan,Chattan,"Chattan <strong>[default]</strong><br/>[AKA] Chattan <strong>Finzean's Fancy</strong>",,1851,,No,,Yes,No
812,,Tartan,"Cheape of Torosay","Cheape of Torosay <strong>[default]</strong><br/>[AKA] Cheape <strong>of Torosay</strong>",,4497,,No,,Yes,No
823,,Tartan,Childers,"Childers <strong>Gurkha Rifles</strong><br/>[AKA] Childers <strong>Universal</strong><br/>[AKA] Childers <strong> First Gurka Rifles</strong>",,1090,,No,,Yes,No
824,,Tartan,Childers,"Childers <strong>[default]</strong>",,3861,,No,,Yes,No
6254,,Tartan,Chisholm,"Chisholm <strong>Colonial</strong>",International,82012,,No,,Yes,No
833,,Tartan,Chisholm,"Chisholm <strong>[default]</strong>",,1456,,No,,Yes,No
831,,Tartan,Chisholm,"Chisholm <strong>Hunting</strong>",,1458,,No,,Yes,No
829,,Tartan,Chisholm,"Chisholm <strong>2</strong>",,1454,,No,,Yes,No
830,,Tartan,Chisholm,"Chisholm <strong>Artifact</strong>",,532,,No,,Yes,No
832,,Tartan,"Chisholm of Strathglass","Chisholm of Strathglass <strong>[default]</strong><br/>[AKA] Chisholm <strong>of Strathglass</strong>",,1455,,No,,Yes,No
835,,Tartan,Choinka,"Choinka <strong>[default]</strong>",Scottish,44712,,No,,Yes,No
838,,Tartan,Christie,"Christie <strong>[default]</strong>",,1355,,No,,Yes,No
845,,Tartan,Cian,"Cian <strong>[default]</strong><br/>[AKA] Cian <strong>O'Carroll</strong>",,43,,No,,Yes,No
842,,Tartan,"Cian of Ely","Cian of Ely <strong>[default]</strong><br/>[AKA] Cian <strong>of Ely</strong>",,65314,,No,,Yes,No
844,,Tartan,"Cian of Ely","Cian of Ely <strong>Hunting</strong><br/>[AKA] Cian <strong>Carroll</strong><br/>[AKA] Cian <strong>of Ely; Hunting</strong>",,6281,,No,,Yes,No
864,,Tartan,Clark,"Clark <strong>(Clergy)</strong>",,40,,No,,Yes,No
877,,Tartan,Clark,"Clark <strong>[default]</strong>",,633,,No,,Yes,No
858,,Tartan,Cleghorn,"Cleghorn <strong>[default]</strong>",,4144,,No,,Yes,No
861,,Tartan,Cleland,"Cleland <strong>[default]</strong>",,6639,,No,,Yes,No
870,,Tartan,Clergy,"Clergy <strong>Green</strong>",,701,,No,,Yes,No
863,,Tartan,Clergy,"Clergy <strong>#2</strong><br/>[AKA] Clergy <strong>(Clans Originaux)</strong>",,112,,No,,Yes,No
856,,Tartan,Clergy,"Clergy <strong>Wilson's</strong>",,246,,No,,Yes,No
875,,Tartan,Clergy,"Clergy <strong>Red</strong>",,4094,,No,,Yes,No
871,,Tartan,Clergy,"Clergy <strong>Episcopal</strong><br/>[AKA] Clergy <strong>Samuel Seabury</strong>",,4816,,No,,Yes,No
874,,Tartan,Clergy,"Clergy <strong>(Grey)</strong>",,1312,,No,,Yes,No
876,,Tartan,Clergy,"Clergy <strong>(Smith)</strong>",,39,,No,,Yes,No
878,,Tartan,"Clergy of Ulva","Clergy of Ulva <strong>[default]</strong><br/>[AKA] Clergy <strong>of Ulva</strong>",,168,,No,,Yes,No
879,,Tartan,"Clergy of Ulva","Clergy of Ulva <strong>New</strong><br/>[AKA] Clergy <strong>of Ulva; New</strong>",,6525,,No,,Yes,No
880,,Tartan,Clifford,"Clifford <strong>[default]</strong>",,2662,,No,,Yes,No
892,,Tartan,Cochrane,"Cochrane <strong>[default]</strong>",,994,,No,,Yes,No
891,,Tartan,Cochrane,"Cochrane <strong>Hunting</strong>",Scottish,71632,,No,,Yes,No
890,,Tartan,Cochrane,"Cochrane <strong>Azure</strong>",Scottish,63221,,No,,Yes,No
896,,Tartan,Cockburn,"Cockburn <strong>[default]</strong>",,4548,,No,,Yes,No
895,,Tartan,Cockburn,"Cockburn <strong>old pattern</strong>",,1578,,No,,Yes,No
893,,Tartan,Cockburn,"Cockburn <strong>Brown</strong>",,5859,,No,,Yes,No
894,,Tartan,"Cockburn of Ormiston","Cockburn of Ormiston <strong>Dress</strong><br/>[AKA] Cockburn <strong>of Ormiston; Dress</strong>",,1579,,No,,Yes,No
900,,Tartan,Colgan,"Colgan <strong>[default]</strong>",,2403,,No,,Yes,No
904,,Tartan,Colquhoun,"Colquhoun <strong>Dress</strong>",,1960,,No,,Yes,No
905,,Tartan,Colquhoun,"Colquhoun <strong>[default]</strong>",,274,,No,,Yes,No
907,,Tartan,Colvin,"Colvin <strong>[default]</strong>",,4196,,No,,Yes,No
924,,Tartan,Connell,"Connell <strong>[default]</strong>",,1854,,No,,Yes,No
298907,,Tartan,Connolly,"Connolly <strong>Hunting</strong>",Irish,105064,,No,,Yes,No
298908,,Tartan,Connolly,"Connolly <strong>Dress</strong>",Irish,105065,,No,,Yes,No
935,,Tartan,Cooper,"Cooper <strong>[default]</strong>",,1415,,No,,Yes,No
934,,Tartan,Cooper,"Cooper <strong>Dress #3</strong>",,75,,No,,Yes,No
933,,Tartan,Cooper,"Cooper <strong>Dress #2</strong>",,574,,No,,Yes,No
932,,Tartan,Cooper,"Cooper <strong>Dress</strong>",,4578,,No,,Yes,No
939,,Tartan,Corcoran,"Corcoran <strong>[default]</strong>",,4584,,No,,Yes,No
953,,Tartan,Cossar,"Cossar <strong>[default]</strong>",,3947,,No,,Yes,No
957,,Tartan,Coulter,"Coulter <strong>[default]</strong>",,3858,,No,,Yes,No
956,,Tartan,Coulter,"Coulter <strong>Dress</strong>",,4142,,No,,Yes,No
960,,Tartan,Couper,"Couper <strong>[default]</strong>",,74,,No,,Yes,No
967,,Tartan,Cowper,"Cowper <strong>[default]</strong>",,5926,,No,,Yes,No
970,,Tartan,Craig,"Craig <strong>Paisley</strong>",,6602,,No,,Yes,No
971,,Tartan,Craig,"Craig <strong>[default]</strong>",,1574,,No,,Yes,No
302160,,Tartan,Cranston,"Cranston <strong>Fuchsia</strong>",,,,No,"Lochcarron of Scotland",Yes,No
980,,Tartan,Cranston,"Cranston <strong>Dress</strong>",,753,,No,,Yes,No
981,,Tartan,Cranston,"Cranston <strong>Dress #2</strong>",,4207,,No,,Yes,No
982,,Tartan,Cranston,"Cranston <strong>[default]</strong>",,706,,No,,Yes,No
984,,Tartan,Craparo,"Craparo <strong>[default]</strong>",,4029,,No,,Yes,No
987,,Tartan,Crawford,"Crawford <strong>Red</strong>",,1515,,No,,Yes,No
986,,Tartan,Crawford,"Crawford <strong>Arisaid; Dance</strong>",,4608,,No,,Yes,No
6266,,Tartan,Crichton,"Crichton <strong>[default]</strong>",Scottish,96108,,No,,Yes,No
994,,Tartan,Crihfield,"Crihfield <strong>[default]</strong>",,4614,,No,,Yes,No
1005,,Tartan,Crozier,"Crozier <strong>[default]</strong>",,1779,,No,,Yes,No
1007,,Tartan,Cruikshank,"Cruikshank <strong>[default]</strong>",,3853,,No,,Yes,No
1019,,Tartan,Cumming,"Cumming <strong>[default]</strong><br/>[AKA] MacAulay <strong>#2</strong>",,1157,,No,,Yes,No
1018,,Tartan,Cumming,"Cumming <strong>Hunting</strong><br/>[AKA] Cumming <strong>District</strong><br/>[AKA] Cumming <strong> Glenorchy</strong>",,1991,,No,,Yes,No
1020,,Tartan,Cunningham,"Cunningham <strong>Dress Dance Blue</strong>",,4642,,No,,Yes,No
1021,,Tartan,Cunningham,"Cunningham <strong>Dress Burgundy</strong>",Scottish,64714,,No,,Yes,No
1022,,Tartan,Cunningham,"Cunningham <strong>Dress Green</strong>",,59602,,No,,Yes,No
1023,,Tartan,Cunningham,"Cunningham <strong>Dress Purple</strong>",,59601,,No,,Yes,No
1024,,Tartan,Cunningham,"Cunningham <strong>Dress Red</strong>",,62059,,No,,Yes,No
1025,,Tartan,Cunningham,"Cunningham <strong>Dress Royal Blue</strong>",,59603,,No,,Yes,No
1026,,Tartan,Cunningham,"Cunningham <strong>Hunting</strong><br/>[AKA] MacNicol <strong>Hunting #2</strong><br/>[AKA] Nicolson <strong>Hunting #2</strong>",,1972,,No,,Yes,No
1027,,Tartan,Cunningham,"Cunningham <strong>[default]</strong>",,4644,,No,,Yes,No
1030,,Tartan,Currie,"Currie <strong>[default]</strong>",,63892,,No,,Yes,No
1029,,Tartan,"Currie of Arran","Currie of Arran <strong>[default]</strong><br/>[AKA] Currie <strong>of Arran</strong>",,499,,No,,Yes,No
1031,,Tartan,Curry,"Curry <strong>[default]</strong>",,6606,,No,,Yes,No
1054,,Tartan,Dalgliesh,"Dalgliesh <strong>Dress</strong>",,4651,,No,,Yes,No
304190,,Tartan,Dalgliesh,"Dalgliesh <strong>[default]</strong>",,80940,,No,,Yes,No
6206,,Tartan,"Dalgliesh of Tinna","Dalgliesh of Tinna <strong>Water</strong><br/>[AKA] Dalgliesh <strong>of Tinna; Water</strong>",Scottish,80940,,No,,Yes,No
1056,,Tartan,Dallas,"Dallas <strong>[default]</strong>",,4652,,No,,Yes,No
1059,,Tartan,"Dalrymple of Castleton","Dalrymple of Castleton <strong>#2</strong><br/>[AKA] Dalrymple <strong>of Castleton; #2</strong>",Scottish,58970,,No,,Yes,No
1058,,Tartan,"Dalrymple of Castleton","Dalrymple of Castleton <strong>[default]</strong><br/>[AKA] Dalrymple <strong>of Castleton</strong>",,1780,,No,,Yes,No
1063,,Tartan,Dalziel,"Dalziel <strong>[default]</strong>",,969,,No,,Yes,No
1069,,Tartan,Davidson,"Davidson <strong>[default]</strong>",,1332,,No,,Yes,No
1070,,Tartan,Davidson,"Davidson <strong>Double</strong>",,444,,No,,Yes,No
1071,,Tartan,Davidson,"Davidson <strong>Half</strong>",,1076,,No,,Yes,No
1072,,Tartan,"Davidson of Tulloch","Davidson of Tulloch <strong>[default]</strong><br/>[AKA] Davidson <strong>of Tulloch</strong>",,1360,,No,,Yes,No
1073,,Tartan,"Davidson of Tulloch","Davidson of Tulloch <strong>Dress</strong><br/>[AKA] Davidson <strong>Valley Forge Pipe Band</strong><br/>[AKA] Davidson <strong>of Tulloch; Dress</strong>",,4194,,No,,Yes,No
1075,,Tartan,"Davidson of Tulloch","Davidson of Tulloch <strong>#2</strong>",,1364,,No,,Yes,No
1076,,Tartan,Davies,"Davies <strong>of Wales</strong>",Welsh,3410,,No,"Wales Tartan",Yes,No
1077,,Tartan,Davis,"Davis <strong>[default]</strong>",,5770,,No,,Yes,No
1087,,Tartan,Deas,"Deas <strong>[default]</strong>",,2153,,No,,Yes,No
1095,,Tartan,Dempster,"Dempster <strong>[default]</strong>",,4668,,No,,Yes,No
1096,,Tartan,Denny,"Denny <strong>Hunting</strong>",,518,,No,,Yes,No
1097,,Tartan,Denovan,"Denovan <strong>[default]</strong>",,36,,No,,Yes,No
1103,,Tartan,Devlin,"Devlin <strong>[default]</strong>",,44089,,No,,Yes,No
1114,,Tartan,Dickie,"Dickie <strong>[default]</strong>",,4192,,No,,Yes,No
396168,,Tartan,Dickson,"Dickson <strong>(Personal)</strong>",,,,No,,Yes,No
1117,,Tartan,Dinwoodie,"Dinwoodie <strong>[default]</strong>",,2660,,No,,Yes,No
1120,,Tartan,Dobrain,"Dobrain <strong>[default]</strong>",,4118,,No,,Yes,No
1127,,Tartan,Donachie,"Donachie <strong>[default]</strong><br/>[AKA] Donachie <strong>Robertson #2</strong>",,6138,,No,,Yes,No
1126,,Tartan,"Donachie of Brochloch","Donachie of Brochloch <strong>Hunting</strong><br/>[AKA] Donachie <strong>of Brochloch; Hunting</strong>",,6703,,No,,Yes,No
6279,,Tartan,"Donachie of Brockloch","Donachie of Brockloch <strong>Ancient Hunting</strong><br/>[AKA] Donachie <strong>of Brockloch; Ancient Hunting</strong>",Scottish,94562,,No,,Yes,No
1128,,Tartan,"Donald of Staffa's Sett","Donald of Staffa's Sett <strong>[default]</strong>",,4689,,No,,Yes,No
1135,,Tartan,Dorward,"Dorward <strong>[default]</strong>",,2533,,No,,Yes,No
1138,,Tartan,Douglas,"Douglas <strong>Black</strong>",,1029,,No,,Yes,No
298149,,Tartan,Douglas,"Douglas <strong>WCMM</strong>",,4706,,No,,Yes,No
5940,,Tartan,Douglas,"Douglas <strong>Navy</strong>",,,,No,,Yes,No
1144,,Tartan,Douglas,"Douglas <strong>[default]</strong><br/>[AKA] Douglas <strong>Black#2</strong><br/>[AKA] Douglas <strong>Hunting</strong>",,4083,,No,,Yes,No
1143,,Tartan,Douglas,"Douglas <strong>Red</strong>",,4701,,No,,Yes,No
1141,,Tartan,Douglas,"Douglas <strong>Grey</strong>",,1127,,No,,Yes,No
1140,,Tartan,Douglas,"Douglas <strong>Dress</strong>",Scottish,60676,,No,,Yes,No
1139,,Tartan,Douglas,"Douglas <strong>Green</strong>",,71553,,No,,Yes,No
1142,,Tartan,"Douglas of Roxburgh","Douglas of Roxburgh <strong>[default]</strong><br/>[AKA] Douglas <strong>of Roxburgh</strong>",,4699,,No,,Yes,No
1148,,Tartan,Downs,"Downs <strong>[default]</strong>",,7105,,No,,Yes,No
1159,,Tartan,Drummond,"Drummond <strong>(Clans Originaux) Grey</strong>",,6290,,No,,Yes,No
1160,,Tartan,Drummond,"Drummond <strong>Grant variant</strong>",,457,,No,,Yes,No
1165,,Tartan,Drummond,"Drummond <strong>[default]</strong>",,1716,,No,,Yes,No
6280,,Tartan,Drummond,"Drummond <strong>Clans Originaux; Purple</strong>",Scottish,94563,,No,,Yes,No
1161,,Tartan,"Drummond of Fingask","Drummond of Fingask <strong>[default]</strong><br/>[AKA] Drummond <strong>of Fingask</strong>",,1448,,No,,Yes,No
1162,,Tartan,"Drummond of Perth","Drummond of Perth <strong>[default]</strong><br/>[AKA] Drummond <strong>of Perth</strong>",,1711,,No,,Yes,No
1164,,Tartan,"Drummond of Strathallan","Drummond of Strathallan <strong>[default]</strong><br/>[AKA] Ogilvie <strong>#4</strong><br/>[AKA] Drummond <strong>of Strathallan</strong>",,671,,No,,Yes,No
1166,,Tartan,Dryburgh,"Dryburgh <strong>[default]</strong>",,6422,,No,,Yes,No
1167,,Tartan,Dryfe,"Dryfe <strong>[default]</strong>",,4724,,No,,Yes,No
1182,,Tartan,"Duke of Fife","Duke of Fife <strong>[default]</strong><br/>[AKA] <strong>Fife District</strong><br/>[AKA] Beveridge [default]<br/>[AKA] Primrose [default]",,4735,,No,,Yes,No
1183,,Tartan,"Duke of Perth","Duke of Perth <strong>[default]</strong>",,460,,No,,Yes,No
1184,,Tartan,"Duke of Rothesay","Duke of Rothesay <strong>Hunting</strong>",,1805,,No,,Yes,No
1185,,Tartan,"Duke of Rothesay","Duke of Rothesay <strong>[default]</strong><br/>[AKA] Rothesay <strong>Red #2</strong>",,1845,,No,,Yes,No
1186,,Tartan,"Duke of Sussex","Duke of Sussex <strong>[default]</strong><br/>[AKA] Inverness <strong>Royal</strong>",,5265,,No,,Yes,No
1187,,Tartan,"Duke of York","Duke of York <strong>Hunting</strong>",,745,,No,,Yes,No
1188,,Tartan,"Duke of York","Duke of York <strong>[default]</strong><br/>[AKA] Duke of York <strong>Earl of Inverness</strong><br/>[AKA] Inverness <strong>Hunting #2</strong>",,577,,No,,Yes,No
1190,,Tartan,Dunbar,"Dunbar <strong>Hunting</strong>",,4744,,No,,Yes,No
1193,,Tartan,Dunbar,"Dunbar <strong>Plaid</strong>",,1248,,No,,Yes,No
1194,,Tartan,Dunbar,"Dunbar <strong>[default]</strong>",,1472,,No,,Yes,No
1192,,Tartan,"Dunbar of Pitgaveny","Dunbar of Pitgaveny <strong>[default]</strong><br/>[AKA] Dunbar <strong>of Pitgaveny</strong>",,1634,,No,,Yes,No
1202,,Tartan,Duncan,"Duncan <strong>[default]</strong><br/>[AKA] Leslie <strong>of Wards</strong>",,1112,,No,,Yes,No
1204,,Tartan,Dundas,"Dundas <strong>[default]</strong>",,1041,,No,,Yes,No
1225,,Tartan,Dunlop,"Dunlop <strong>[default]</strong>",,1197,,No,,Yes,No
1222,,Tartan,Dunlop,"Dunlop <strong>#2</strong>",,4763,,No,,Yes,No
1223,,Tartan,Dunlop,"Dunlop <strong>Dress</strong>",,1784,,No,,Yes,No
1224,,Tartan,Dunlop,"Dunlop <strong>Hunting</strong>",,1205,,No,,Yes,No
1226,,Tartan,Dunmore,"Dunmore <strong>[default]</strong>",,1617,,No,,Yes,No
1240,,Tartan,Dyce,"Dyce <strong>(Clans Originaux)</strong>",,3491,,No,,Yes,No
1241,,Tartan,Dyce,"Dyce <strong>[default]</strong>",,291,,No,,Yes,No
1242,,Tartan,Dyer,"Dyer <strong>[default]</strong>",,4027,,No,,Yes,No
1254,,Tartan,Ebronen,"Ebronen <strong>[default]</strong>",,7021,,No,,Yes,No
1272,,Tartan,Edmonstone,"Edmonstone <strong>[default]</strong>",,43964,,No,,Yes,No
1274,,Tartan,Edwards,"Edwards <strong>of Wales</strong>",Welsh,5731,,No,"Wales Tartan",Yes,No
1290,,Tartan,Elliot,"Elliot <strong>[default]</strong>",Scottish,71552,,No,,Yes,No
1289,,Tartan,Elliot,"Elliot <strong>(Clans Originaux)</strong>",,596,,No,,Yes,No
1291,,Tartan,Ellis,"Ellis <strong>of Wales</strong>",Welsh,6166,,No,"Wales Tartan",Yes,No
1293,,Tartan,Elphinstone,"Elphinstone <strong>[default]</strong>",,115,,No,,Yes,No
1306,,Tartan,Erskine,"Erskine <strong>Black & White</strong>",,59592,,No,,Yes,No
1311,,Tartan,Erskine,"Erskine <strong>Dress Purple</strong>",,6534,,No,,Yes,No
1309,,Tartan,Erskine,"Erskine <strong>Dress Dance Black</strong>",,1246,,No,,Yes,No
1308,,Tartan,Erskine,"Erskine <strong>Burgundy</strong>",Scottish,59587,,No,,Yes,No
1307,,Tartan,Erskine,"Erskine <strong>Blue</strong>",Scottish,59588,,No,,Yes,No
1312,,Tartan,Erskine,"Erskine <strong>Green</strong>",,59591,,No,,Yes,No
1313,,Tartan,Erskine,"Erskine <strong>Hunting</strong>",,755,,No,,Yes,No
1314,,Tartan,Erskine,"Erskine <strong>Purple</strong>",,59586,,No,,Yes,No
1315,,Tartan,Erskine,"Erskine <strong>Red</strong>",,59590,,No,,Yes,No
1316,,Tartan,Erskine,"Erskine <strong>[default]</strong><br/>[AKA] Erskine <strong>Green #2</strong>",,891,,No,,Yes,No
304191,,Tartan,Erskine,"Erskine <strong>Dress Dance Blue</strong>",,59589,,No,,Yes,No
1320,,Tartan,Esteba-Quer,"Esteba-Quer <strong>[default]</strong>",,4117,,No,,Yes,No
1321,,Tartan,Estes,"Estes <strong>[default]</strong>",,1520,,No,,Yes,No
1326,,Tartan,Evans,"Evans <strong>of Wales</strong>",Welsh,5732,,No,"Wales Tartan",Yes,No
1329,,Tartan,Ewbank,"Ewbank <strong>[default]</strong>",,5798,,No,,Yes,No
345,,Tartan,Eynon,"Eynon <strong>of Wales</strong>",Welsh,5735,,No,"Wales Tartan",Yes,No
1343,,Tartan,Farquharson,"Farquharson <strong>Dress</strong>",,4839,,No,,Yes,No
1340,,Tartan,Farquharson,"Farquharson <strong>(Clans Originaux)</strong>",,6297,,No,,Yes,No
4916,,Tartan,Farquharson,"Farquharson <strong>1842 Variant</strong>",,,,No,,Yes,No
1344,,Tartan,Farquharson,"Farquharson <strong>[default]</strong>",,63056,,No,,Yes,No
1356,,Tartan,Ferguson,"Ferguson <strong>[default]</strong>",,337,,No,,Yes,No
4917,,Tartan,Ferguson,"Ferguson <strong>Old</strong>",,,,No,,Yes,No
1354,,Tartan,Ferguson,"Ferguson <strong>Dress Blue (Dance)</strong>",Scottish,4845,,No,,Yes,No
1352,,Tartan,Ferguson,"Ferguson <strong>Dress</strong>",,92,,No,,Yes,No
1353,,Tartan,Ferguson,"Ferguson <strong>Dress #2</strong>",,4846,,No,,Yes,No
1355,,Tartan,"Ferguson of Balquhidder","Ferguson of Balquhidder <strong>[default]</strong><br/>[AKA] Ferguson <strong>of Balquhidder</strong>",,738,,No,,Yes,No
1358,,Tartan,Fermanagh,"Fermanagh <strong>1990</strong>",,3408,,No,,Yes,No
1368,,Tartan,Fiddes,"Fiddes <strong>[default]</strong>",,4854,,No,,Yes,No
1366,,Tartan,Fiddes,"Fiddes <strong>Kelvingrove Artifact</strong>",,123,,No,,Yes,No
1367,,Tartan,Fiddes,"Fiddes <strong>Rock and Wheel</strong>",,836,,No,,Yes,No
1386,,Tartan,Fitzgerald,"Fitzgerald <strong>Red</strong>",,576,,No,,Yes,No
1385,,Tartan,Fitzgerald,"Fitzgerald <strong>Hunting</strong>",,1336,,No,,Yes,No
1384,,Tartan,Fitzgerald,"Fitzgerald <strong>Dress</strong>",,1818,,No,,Yes,No
1383,,Tartan,Fitzgerald,"Fitzgerald <strong>Blue</strong>",,1419,,No,,Yes,No
1387,,Tartan,Fitzgibbon,"Fitzgibbon <strong>[default]</strong>",,6919,,No,,Yes,No
1388,,Tartan,Fitzpatrick,"Fitzpatrick <strong>Dress</strong>",,59004,,No,,Yes,No
1389,,Tartan,Fitzpatrick,"Fitzpatrick <strong>Hunting</strong>",,766,,No,,Yes,No
1390,,Tartan,Fitzpatrick,"Fitzpatrick <strong>[default]</strong>",,1813,,No,,Yes,No
1392,,Tartan,Fitzsimmons,"Fitzsimmons <strong>Red</strong>",,6808,,No,,Yes,No
1391,,Tartan,Fitzsimmons,"Fitzsimmons <strong>Hunting</strong>",,7266,,No,,Yes,No
1398,,Tartan,Fletcher,"Fletcher <strong>Family</strong><br/>[AKA] Fletcher <strong>of Saltoun</strong><br/>[AKA] Fletcher <strong>#2</strong>",,257,,No,,Yes,No
1399,,Tartan,"Fletcher of Dunans","Fletcher of Dunans <strong>[default]</strong><br/>[AKA] Fletcher <strong>of Dunans</strong>",,272,,No,,Yes,No
408658,,Tartan,Fogarty,"Fogarty <strong>(Tipperary)</strong>",,,,No,,Yes,No
1408,,Tartan,Forbes,"Forbes <strong>Brown</strong><br/>[AKA] Forbes <strong>Liverpool Scottish</strong>",,304,,No,,Yes,No
1411,,Tartan,Forbes,"Forbes <strong>[default]</strong><br/>[AKA] Forbes <strong>British Army - 74th Regiment</strong>",,211,,No,,Yes,No
1406,,Tartan,Forbes,"Forbes <strong>1842 Variant</strong>",,6296,,No,,Yes,No
1407,,Tartan,Forbes,"Forbes <strong>Ancient</strong>",,212,,No,,Yes,No
1409,,Tartan,Forbes,"Forbes <strong>Dress</strong>",,293,,No,,Yes,No
1410,,Tartan,"Forbes of Druinnor","Forbes of Druinnor <strong>[default]</strong><br/>[AKA] Forbes <strong>of Druinnor</strong>",,592,,No,,Yes,No
1417,,Tartan,Forrester,"Forrester <strong>Hunting</strong>",,2385,,No,,Yes,No
1419,,Tartan,Forrester,"Forrester <strong>[default]</strong>",,2384,,No,,Yes,No
1420,,Tartan,Forsyth,"Forsyth <strong>[default]</strong>",,1122,,No,,Yes,No
4918,,Tartan,Forsyth,"Forsyth <strong>1991 Variant</strong>",,,,No,,Yes,No
303949,,Tartan,Fowler,"Fowler <strong>[default]</strong>",,,,No,,Yes,No
1426,,Tartan,Fox,"Fox <strong>Hunting</strong>",,5812,,No,,Yes,No
1427,,Tartan,Fox,"Fox <strong>Red</strong>",,6312,,No,,Yes,No
1431,,Tartan,Frame,"Frame <strong>[default]</strong>",,1777,,No,,Yes,No
1441,,Tartan,Fraser,"Fraser <strong>Green</strong>",,4930,,No,,Yes,No
1442,,Tartan,Fraser,"Fraser <strong>Hunting</strong>",,1659,,No,,Yes,No
1443,,Tartan,Fraser,"Fraser <strong>Hunting # 2</strong>",Scottish,60347,,No,,Yes,No
1444,,Tartan,Fraser,"Fraser <strong>Hunting Dress</strong>",,603,,No,,Yes,No
1445,,Tartan,Fraser,"Fraser <strong>Isabella</strong>",,837,,No,,Yes,No
1440,,Tartan,Fraser,"Fraser <strong>Arisaid; Wine/Blue</strong>",,616,,No,,Yes,No
1439,,Tartan,Fraser,"Fraser <strong>Arisaid; Red</strong>",,4927,,No,,Yes,No
1438,,Tartan,Fraser,"Fraser <strong>Arisaid; Green</strong>",,615,,No,,Yes,No
1451,,Tartan,Fraser,"Fraser <strong>Red (special)</strong>",Scottish,60328,,No,,Yes,No
1452,,Tartan,Fraser,"Fraser <strong>Red (special) #2</strong>",Scottish,61516,,No,,Yes,No
1453,,Tartan,Fraser,"Fraser <strong>[default]</strong>",,1424,,No,,Yes,No
4934,,Tartan,Fraser,"Fraser <strong>Old</strong>",,,,No,,Yes,No
1437,,Tartan,Fraser,"Fraser <strong>78th Highlanders</strong><br/>[AKA] Stewart <strong>of Atholl #2</strong>",,392,,No,,Yes,No
1436,,Tartan,Fraser,"Fraser <strong>(Wilson 1820)</strong>",,6287,,No,,Yes,No
1447,,Tartan,"Fraser of Altyre","Fraser of Altyre <strong>Reconst</strong><br/>[AKA] Fraser <strong>of Altyre; Reconst</strong>",,4935,,No,,Yes,No
1446,,Tartan,"Fraser of Altyre","Fraser of Altyre <strong>[default]</strong><br/>[AKA] Fraser <strong>of Altyre</strong>",,528,,No,,Yes,No
6682,,Tartan,"Fraser of Atholl","Fraser of Atholl <strong>[default]</strong><br/>[AKA] Fraser <strong>of Atholl</strong>",,,,No,,Yes,No
1448,,Tartan,"Fraser of Boblainy","Fraser of Boblainy <strong>Hugh</strong><br/>[AKA] Fraser <strong>of Boblainy; Hugh</strong>",,2528,,No,,Yes,No
1449,,Tartan,"Fraser of Lovat","Fraser of Lovat <strong>[default]</strong><br/>[AKA] Fraser <strong>of Lovat</strong>",,391,,No,,Yes,No
1450,,Tartan,"Fraser of Reelig","Fraser of Reelig <strong>[default]</strong><br/>[AKA] Fraser <strong>of Reelig</strong>",,4910,,No,,Yes,No
1458,,Tartan,Frater,"Frater <strong>[default]</strong>",,6810,,No,,Yes,No
1477,,Tartan,Fulton,"Fulton <strong>1982</strong>",,2205,,No,,Yes,No
1478,,Tartan,Fulton,"Fulton <strong>1999</strong>",,3952,,No,,Yes,No
1488,,Tartan,Gallamore,"Gallamore <strong>[default]</strong>",,6049,,No,,Yes,No
1522,,Tartan,Gammell,"Gammell <strong>[default]</strong>",,4125,,No,,Yes,No
1504,,Tartan,Gammell,"Gammell <strong>1978</strong>",,4970,,No,,Yes,No
1508,,Tartan,Gary,"Gary <strong>[default]</strong>",,4189,,No,,Yes,No
1510,,Tartan,Gates,"Gates <strong>[default]</strong>",,6309,,No,,Yes,No
1509,,Tartan,Gates,"Gates <strong>Hunting</strong>",,6263,,No,,Yes,No
1515,,Tartan,Gayre,"Gayre <strong>Dress #2</strong>",,3059,,No,,Yes,No
1516,,Tartan,Gayre,"Gayre <strong>Hunting</strong>",,165,,No,,Yes,No
1514,,Tartan,Gayre,"Gayre <strong>Dress</strong>",,161,,No,,Yes,No
1517,,Tartan,Gayre,"Gayre <strong>[default]</strong>",,164,,No,,Yes,No
1513,,Tartan,Gayre,"Gayre <strong>Bodyguard #2</strong>",,1154,,No,,Yes,No
1512,,Tartan,Gayre,"Gayre <strong>Bodyguard</strong>",,197,,No,,Yes,No
1518,,Tartan,Geddes,"Geddes <strong>[default]</strong>",,4969,,No,,Yes,No
1530,,Tartan,Gibson,"Gibson <strong>[default]</strong>",,2164,,No,,Yes,No
298844,,Tartan,Gill,"Gill <strong>Margaret and Geoffrey and Family (Personal)</strong>",Scottish,,,No,,Yes,No
1533,,Tartan,Gillespie,"Gillespie <strong>[default]</strong>",,1361,,No,,Yes,No
1538,,Tartan,Gillies,"Gillies <strong>[default]</strong><br/>[AKA] Gillis [default]",,324,,No,,Yes,No
1537,,Tartan,Gillies,"Gillies <strong>Red; Dress Dance</strong>",,639,,No,,Yes,No
1534,,Tartan,Gillies,"Gillies <strong>Blue; Dress Dance</strong>",,637,,No,,Yes,No
1535,,Tartan,Gillies,"Gillies <strong>Blue; Dress Dance #1</strong>",,934,,No,,Yes,No
1536,,Tartan,Gillies,"Gillies <strong>Green; Dress Dance</strong>",,638,,No,,Yes,No
1611,,Tartan,Glenfinnan,"Glenfinnan <strong>[default]</strong>",,6243,,No,,Yes,No
1613,,Tartan,Glengarry,"Glengarry <strong>[default]</strong>",,5036,,No,,Yes,No
1622,,Tartan,Glenn,"Glenn <strong>[default]</strong>",,5930,,No,,Yes,No
1623,,Tartan,Glennie,"Glennie <strong>Evelyn; Rhythms of</strong>",,2586,,No,,Yes,No
1624,,Tartan,Glennie,"Glennie <strong>[default]</strong>",,4116,,No,,Yes,No
1637,,Tartan,Goldstraw,"Goldstraw <strong>[default]</strong>",,5722,,No,,Yes,No
1641,,Tartan,Gordon,"Gordon <strong>Dress #2</strong>",,3588,,No,,Yes,No
1645,,Tartan,Gordon,"Gordon <strong>[default]</strong>",,223,,No,,Yes,No
1644,,Tartan,Gordon,"Gordon <strong>(1819)</strong><br/>[AKA] Gordon <strong>Old Huntly</strong><br/>[AKA] Gordon <strong>Red</strong>",,652,,No,,Yes,No
1643,,Tartan,Gordon,"Gordon <strong>Old</strong><br/>[AKA] Gordon <strong>1842 variant</strong><br/>[AKA] Gordon <strong>of Esselmont</strong><br/>[AKA] Gordon <strong>Ancient</strong>",,215,,No,,Yes,No
1639,,Tartan,Gordon,"Gordon <strong>(Wilsons)</strong>",,641,,No,,Yes,No
1640,,Tartan,Gordon,"Gordon <strong>Dress</strong>",,3592,,No,,Yes,No
1642,,Tartan,"Gordon of Abergeldie","Gordon of Abergeldie <strong>[default]</strong><br/>[AKA] Gordon <strong>of Abergeldie</strong>",,955,,No,,Yes,No
1653,,Tartan,Graden,"Graden <strong>[default]</strong>",,5081,,No,,Yes,No
1661,,Tartan,Graham,"Graham <strong>Red; Dress</strong>",,3498,,No,,Yes,No
1655,,Tartan,Graham,"Graham <strong>Dress</strong>",Scottish,74014,,No,,Yes,No
1660,,Tartan,Graham,"Graham <strong>Red</strong>",,5090,,No,,Yes,No
304006,,Tartan,"Graham of Airth","Graham of Airth <strong>[default]</strong>",Scottish,,,No,,Yes,No
1656,,Tartan,"Graham of Menteith","Graham of Menteith <strong>[default]</strong><br/>[AKA] Graham <strong>of Menteith</strong><br/>[AKA] Haldane [default]",,698,,No,,Yes,No
1658,,Tartan,"Graham of Menteith","Graham of Menteith <strong>Red</strong><br/>[AKA] <strong>Red</strong><br/>[AKA] Graham <strong>of Menteith; Red</strong>",,1053,,No,,Yes,No
1657,,Tartan,"Graham of Menteith","Graham of Menteith <strong>#2</strong><br/>[AKA] Graham <strong>of Menteith; #2</strong>",Scottish,64059,,No,,Yes,No
1659,,Tartan,"Graham of Montrose","Graham of Montrose <strong>[default]</strong><br/>[AKA] Graham <strong>of Montrose</strong>",,1044,,No,,Yes,No
1662,,Tartan,Grainger,"Grainger <strong>[default]</strong>",,6603,,No,,Yes,No
4885,,Tartan,Grant,"Grant <strong>Hunting</strong>",,,,No,,Yes,No
4946,,Tartan,Grant,"Grant <strong>1819</strong>",,,,No,,Yes,No
1671,,Tartan,Grant,"Grant <strong>1714</strong>",,960,,No,,Yes,No
1673,,Tartan,Grant,"Grant <strong>Hunting (1819)</strong>",,311,,No,,Yes,No
1682,,Tartan,Grant,"Grant <strong>[default]</strong><br/>[AKA] Grant <strong>Clan</strong><br/>[AKA] Grant <strong>Drummond #2</strong>",,1384,,No,,Yes,No
1676,,Tartan,"Grant of Achnarrow","Grant of Achnarrow <strong>#4</strong><br/>[AKA] Grant <strong>of Achnarrow; #4</strong>",,1829,,No,,Yes,No
1675,,Tartan,"Grant of Achnarrow","Grant of Achnarrow <strong>#3</strong><br/>[AKA] Grant <strong>of Achnarrow; #3</strong>",,1844,,No,,Yes,No
1674,,Tartan,"Grant of Achnarrow","Grant of Achnarrow <strong>#1</strong><br/>[AKA] Grant <strong>of Achnarrow; #1</strong>",,1843,,No,,Yes,No
1678,,Tartan,"Grant of Edinchat","Grant of Edinchat <strong>[default]</strong><br/>[AKA] Grant <strong>of Edinchat</strong>",,6241,,No,,Yes,No
1679,,Tartan,"Grant of Lurg","Grant of Lurg <strong>[default]</strong><br/>[AKA] Grant <strong>of Lurg</strong>",,527,,No,,Yes,No
1680,,Tartan,"Grant of Monymusk","Grant of Monymusk <strong>[default]</strong><br/>[AKA] Grant <strong>of Monymusk</strong>",,1497,,No,,Yes,No
1681,,Tartan,"Grant of Rothiemurchus","Grant of Rothiemurchus <strong>[default]</strong><br/>[AKA] Grant <strong>of Rothiemurchus</strong>",,1496,,No,,Yes,No
1689,,Tartan,Gray,"Gray <strong>John Hamilton</strong>",,1808,,No,,Yes,No
1688,,Tartan,Gray,"Gray <strong>Hunting</strong>",,1079,,No,,Yes,No
1697,,Tartan,Greene,"Greene <strong>[default]</strong>",,4187,,No,,Yes,No
396861,,Tartan,Greenlaw,"Greenlaw <strong>American</strong>",USA,,,No,,Yes,No
1701,,Tartan,Greenshields,"Greenshields <strong>Skye</strong>",,6578,,No,,Yes,No
1703,,Tartan,Greer,"Greer <strong>[default]</strong>",,5117,,No,,Yes,No
13137,,Tartan,Grewar,"Grewar <strong>[default]</strong>",,102441,,No,,Yes,No
1717,,Tartan,Griffiths,"Griffiths <strong>of Wales</strong>",Welsh,5733,,No,"Wales Tartan",Yes,No
1728,,Tartan,Gunn,"Gunn <strong>#2</strong>",,62062,,No,,Yes,No
1729,,Tartan,Gunn,"Gunn <strong>[default]</strong><br/>[AKA] <strong>#2</strong>",,708,,No,,Yes,No
5094,,Tartan,Gunn,"Gunn <strong>1842 Variant</strong>",,,,No,,Yes,No
1731,,Tartan,Guthrie,"Guthrie <strong>[default]</strong>",,1085,,No,,Yes,No
6309,,Tartan,Guthrie,"Guthrie <strong>Dress</strong>",Scottish,98041,,No,,Yes,No
1734,,Tartan,Gwyn,"Gwyn <strong>[default]</strong>",,5745,,No,,Yes,No
1737,,Tartan,Hackston,"Hackston <strong>Green Stripe</strong>",,907,,No,,Yes,No
1745,,Tartan,Hall,"Hall <strong>[default]</strong>",,2092,,No,,Yes,No
1746,,Tartan,Halliday,"Halliday <strong>[default]</strong>",,7552,,No,,Yes,No
1754,,Tartan,Hamilton,"Hamilton <strong>[default]</strong>",,477,,No,,Yes,No
1753,,Tartan,Hamilton,"Hamilton <strong>Red</strong>",,4043,,No,,Yes,No
1749,,Tartan,Hamilton,"Hamilton <strong>Hunting</strong>",,139,,No,,Yes,No
1750,,Tartan,"Hamilton of Brandon","Hamilton of Brandon <strong>[default]</strong><br/>[AKA] Hamilton <strong>of Brandon</strong>",,5141,,No,,Yes,No
1752,,Tartan,"Hamilton of Clayton","Hamilton of Clayton <strong>[default]</strong><br/>[AKA] Hamilton <strong>of Clayton</strong>",,5142,,No,,Yes,No
1756,,Tartan,Hanby,"Hanby <strong>[default]</strong>",,49276,,No,,Yes,No
1760,,Tartan,Hanna,"Hanna <strong>[default]</strong>",,619,,No,,Yes,No
1758,,Tartan,"Hanna of Leith","Hanna of Leith <strong>[default]</strong><br/>[AKA] Hanna <strong>of Leith</strong>",,5144,,No,,Yes,No
1759,,Tartan,"Hanna of Stirlingshire","Hanna of Stirlingshire <strong>[default]</strong><br/>[AKA] Hanna <strong>of Stirlingshire</strong>",,5150,,No,,Yes,No
1761,,Tartan,Hannay,"Hannay <strong>Blue</strong>",,6509,,No,,Yes,No
1762,,Tartan,Hannay,"Hannay <strong>Dress</strong>",,6129,,No,,Yes,No
1763,,Tartan,Hannay,"Hannay <strong>[default]</strong><br/>[AKA] Hanna <strong>of Sorbie</strong>",,1255,,No,,Yes,No
11513,,Tartan,Harbison,"Harbison <strong>2015</strong>",USA,115180,,No,,Yes,No
1767,,Tartan,Harden,"Harden <strong>[default]</strong><br/>[AKA] <strong>No.001</strong>",,6274,,No,,Yes,No
1768,,Tartan,Hardie,"Hardie <strong>[default]</strong>",,3903,,No,,Yes,No
1771,,Tartan,Hargis,"Hargis <strong>[default]</strong>",,3844,,No,,Yes,No
1772,,Tartan,Harkness,"Harkness <strong>Dress</strong>",,580,,No,,Yes,No
1773,,Tartan,Harkness,"Harkness <strong>Hunting</strong>",,5710,,No,,Yes,No
1780,,Tartan,Harris,"Harris <strong>(NY)</strong>",,5159,,No,,Yes,No
4981,,Tartan,Harry,"Harry <strong>of Wales</strong>",Welsh,,,No,"Wales Tartan",Yes,No
1786,,Tartan,Hart,"Hart <strong>[default]</strong>",,4093,,No,,Yes,No
1788,,Tartan,Harvey,"Harvey <strong>[default]</strong>",,6848,,No,,Yes,No
396912,,Tartan,Harvie,"Harvie <strong>[default]</strong>",Scottish,,,No,,Yes,No
1790,,Tartan,Haughdale,"Haughdale <strong>[default]</strong>",,5162,,No,,Yes,No
1803,,Tartan,Hay,"Hay <strong>Hunting</strong>",Scottish,62286,,No,,Yes,No
1806,,Tartan,Hay,"Hay <strong>[default]</strong>",,1555,,No,,Yes,No
1802,,Tartan,Hay,"Hay <strong>Dress</strong>",,1556,,No,,Yes,No
1801,,Tartan,Hay,"Hay <strong>#3</strong>",,1850,,No,,Yes,No
1800,,Tartan,Hay,"Hay <strong>#2</strong>",,5167,,No,,Yes,No
1810,,Tartan,Healy,"Healy <strong>[default]</strong>",,6236,,No,,Yes,No
1821,,Tartan,Hebridean,"Hebridean <strong>Granite</strong>",,6821,,No,,Yes,No
1822,,Tartan,Hebridean,"Hebridean <strong>Heather</strong>",,6820,,No,"House of Edgar",Yes,No
1823,,Tartan,Hebridean,"Hebridean <strong>Inner Hebrides</strong>",,957,,No,,Yes,No
1818,,Tartan,Hebridean,"Hebridean <strong>Cairn</strong>",,6822,,No,,Yes,No
1825,,Tartan,Hebridean,"Hebridean <strong>Old District</strong>",,249,,No,,Yes,No
1824,,Tartan,Hebridean,"Hebridean <strong>North Uist</strong>",,583,,No,,Yes,No
1820,,Tartan,Hebridean,"Hebridean <strong>Dress Arisaid Red</strong>",,6557,,No,,Yes,No
1819,,Tartan,Hebridean,"Hebridean <strong>Dress Arisaid Blue</strong>",,6558,,No,,Yes,No
1837,,Tartan,Hebrides,"Hebrides <strong>Outer</strong>",,2035,,No,,Yes,No
1829,,Tartan,Hebrides,"Hebrides <strong>#05</strong>",,840,,No,,Yes,No
1827,,Tartan,Hebrides,"Hebrides <strong>#03</strong>",,6171,,No,,Yes,No
1830,,Tartan,Hebrides,"Hebrides <strong>#06</strong>",,414,,No,,Yes,No
1836,,Tartan,Hebrides,"Hebrides <strong>Inner #02</strong>",,1697,,No,,Yes,No
1826,,Tartan,Hebrides,"Hebrides <strong>#02</strong>",,1903,,No,,Yes,No
1840,,Tartan,Hebrides,"Hebrides <strong>South Uist #03</strong>",,1954,,No,,Yes,No
1834,,Tartan,Hebrides,"Hebrides <strong>#10</strong>",,248,,No,,Yes,No
1828,,Tartan,Hebrides,"Hebrides <strong>#04</strong>",,1990,,No,,Yes,No
1835,,Tartan,Hebrides,"Hebrides <strong>#11</strong>",,2043,,No,,Yes,No
1841,,Tartan,Hebrides,"Hebrides <strong>[default]</strong>",,5172,,No,,Yes,No
1838,,Tartan,Hebrides,"Hebrides <strong>South Uist #01</strong>",,2008,,No,,Yes,No
1831,,Tartan,Hebrides,"Hebrides <strong>#07</strong>",,509,,No,,Yes,No
1832,,Tartan,Hebrides,"Hebrides <strong>#08</strong>",,451,,No,,Yes,No
1833,,Tartan,Hebrides,"Hebrides <strong>#09</strong>",,77,,No,,Yes,No
1839,,Tartan,Hebrides,"Hebrides <strong>South Uist #02</strong>",,2036,,No,,Yes,No
1845,,Tartan,Heddle,"Heddle <strong>[default]</strong>",,6775,,No,,Yes,No
1855,,Tartan,Henderson,"Henderson <strong>Dress #2</strong>",,5738,,No,,Yes,No
1854,,Tartan,Henderson,"Henderson <strong>Dress</strong>",,5176,,No,,Yes,No
5919,,Tartan,Henderson,"Henderson <strong>[default]</strong>",Scottish,1762,,No,,Yes,No
1856,,Tartan,Henderson,"Henderson <strong>Dress #3</strong>",,2549,,No,,Yes,No
1862,,Tartan,Hepburn,"Hepburn <strong>#2</strong>",,34,,No,,Yes,No
1863,,Tartan,Hepburn,"Hepburn <strong>[default]</strong>",,1381,,No,,Yes,No
1877,,Tartan,Heston,"Heston <strong>[default]</strong>",,4221,,No,,Yes,No
299053,,Tartan,Hewitt,"Hewitt <strong>[default]</strong>",Scottish,,,No,,Yes,No
1885,,Tartan,Highfield,"Highfield <strong>Hunting</strong>",,4182,,No,,Yes,No
1886,,Tartan,Highfield,"Highfield <strong>[default]</strong>",,5186,,No,,Yes,No
1884,,Tartan,Highfield,"Highfield <strong>Dress</strong>",,4183,,No,,Yes,No
1917,,Tartan,Hislop,"Hislop <strong>#2</strong>",,2135,,No,,Yes,No
1918,,Tartan,Hislop,"Hislop <strong>Hunting</strong>",,5202,,No,,Yes,No
1927,,Tartan,Hogarth,"Hogarth <strong>[default]</strong>",,198,,No,,Yes,No
1928,,Tartan,Hogg,"Hogg <strong>[default]</strong>",,5206,,No,,Yes,No
1931,,Tartan,Hohenzollern,"Hohenzollern <strong>[default]</strong>",,7153,,No,,Yes,No
1930,,Tartan,Hohenzollern,"Hohenzollern <strong>Staff</strong>",,7154,,No,,Yes,No
1938,,Tartan,Holmes,"Holmes <strong>[default]</strong><br/>[AKA] Holmes <strong>Kennedy #2</strong>",,5729,,No,,Yes,No
303236,,Tartan,Home,"Home <strong>(Clans Originaux)</strong>",,,,No,,Yes,No
1943,,Tartan,Home,"Home <strong>(Vestiarium Scoticum)</strong>",,127,,No,,Yes,No
1946,,Tartan,Hood,"Hood <strong>[default]</strong>",,6480,,No,,Yes,No
1947,,Tartan,Hope-Vere,"Hope-Vere <strong>[default]</strong>",,320,,No,,Yes,No
410725,,Tartan,Hope-Vere,"Hope-Vere <strong>#2</strong><br/>[AKA] Weir <strong>#2</strong>",,,,No,,Yes,No
1950,,Tartan,Hopkins,"Hopkins <strong>of Wales</strong>",Welsh,3233,,No,"Wales Tartan",Yes,No
1953,,Tartan,Hosey,"Hosey <strong>[default]</strong>",,7040,,No,,Yes,No
3656,,Tartan,Howells,"Howells <strong>of Wales</strong>",Welsh,5755,,No,"Wales Tartan",Yes,No
1966,,Tartan,Hughes,"Hughes <strong>of Wales</strong>",Welsh,5756,,No,"Wales Tartan",Yes,No
302030,,Tartan,Humphries,"Humphries <strong>[default]</strong>",,,,No,,Yes,No
1974,,Tartan,Hunter,"Hunter <strong>1775</strong>",,5873,,No,,Yes,No
1979,,Tartan,Hunter,"Hunter <strong>Old</strong>",,5231,,No,,Yes,No
3923,,Tartan,Hunter,"Hunter <strong>#2</strong>",,3179,,No,,Yes,No
1981,,Tartan,Hunter,"Hunter <strong>Old #3</strong>",,6669,,No,,Yes,No
1982,,Tartan,Hunter,"Hunter <strong>USA</strong>",,5230,,No,,Yes,No
1484,,Tartan,Hunter,"Hunter <strong>[default]</strong>",,3176,,No,,Yes,No
1980,,Tartan,Hunter,"Hunter <strong>Old #2</strong>",,5226,,No,,Yes,No
1976,,Tartan,"Hunter of Bute","Hunter of Bute <strong>[default]</strong><br/>[AKA] Hunter <strong>Maroon</strong><br/>[AKA] Hunter <strong>of Bute</strong>",,6671,,No,,Yes,No
1977,,Tartan,"Hunter of Hunterston","Hunter of Hunterston <strong>[default]</strong><br/>[AKA] Hunter <strong>of Hunterston</strong>",,719,,No,,Yes,No
1978,,Tartan,"Hunter of Peebleshire","Hunter of Peebleshire <strong>[default]</strong><br/>[AKA] Hunter <strong>of Peebleshire</strong>",,789,,No,,Yes,No
1986,,Tartan,Huntly,"Huntly <strong>Gordon Gathering 2000</strong>",,2624,,No,,Yes,No
1984,,Tartan,Huntly,"Huntly <strong>District</strong><br/>[AKA] <strong>Marchioness of Huntly</strong>",,853,,No,,Yes,No
1987,,Tartan,Huntly,"Huntly <strong>Old</strong><br/>[AKA] Gordon <strong>Red (Telfer Dunbar)</strong>",,3581,,No,,Yes,No
1988,,Tartan,Huntly,"Huntly <strong>[default]</strong>",,5234,,No,,Yes,No
1985,,Tartan,Huntly,"Huntly <strong>District #2</strong>",,5235,,No,,Yes,No
1989,,Tartan,Hutcheson,"Hutcheson <strong>[default]</strong>",,3808,,No,,Yes,No
1992,,Tartan,Hutton,"Hutton <strong>[default]</strong>",,7027,,No,,Yes,No
1998,,Tartan,Hyndman,"Hyndman <strong>[default]</strong>",,2134,,No,,Yes,No
2008,,Tartan,Inches,"Inches <strong>[default]</strong>",,1753,,No,,Yes,No
2018,,Tartan,Inglis,"Inglis <strong>[default]</strong>",,1798,,No,,Yes,No
2020,,Tartan,Inkster,"Inkster <strong>[default]</strong>",,,,No,,Yes,No
2023,,Tartan,Innes,"Innes <strong>Green; Dress</strong>",,3383,,No,,Yes,No
2024,,Tartan,Innes,"Innes <strong>Hunting; Lyon count</strong>",,368,,No,,Yes,No
2028,,Tartan,Innes,"Innes <strong>[default]</strong>",,1109,,No,,Yes,No
2022,,Tartan,Innes,"Innes <strong>Dress Dance</strong>",,360,,No,,Yes,No
2021,,Tartan,Innes,"Innes <strong>(Georgina)</strong>",,235,,No,,Yes,No
2774,,Tartan,Innes,"Innes <strong>Red</strong><br/>[AKA] MacInnes <strong>Clans Originaux</strong>",,3387,,No,,Yes,No
2027,,Tartan,Innes,"Innes <strong>Red; Dress</strong>",,3384,,No,,Yes,No
2025,,Tartan,"Innes of Cowie","Innes of Cowie <strong>[default]</strong><br/>[AKA] Innes <strong>of Cowie</strong>",,353,,No,,Yes,No
2038,,Tartan,Inverness,"Inverness <strong>Hunting</strong><br/>[AKA] Inverness <strong>Duke of York #2</strong>",,3609,,No,,Yes,No
2037,,Tartan,Inverness,"Inverness <strong>District</strong><br/>[AKA] Inverness <strong>Earl of Inverness</strong><br/>[AKA] Inverness <strong>Princess Elizabeth #3</strong>",,1438,,No,,Yes,No
2053,,Tartan,Irvine,"Irvine <strong>[default]</strong>",,733,,No,,Yes,No
2054,,Tartan,"Irvine of Bonshaw","Irvine of Bonshaw <strong>[default]</strong><br/>[AKA] Irvine <strong>of Bonshaw</strong>",,2609,,No,,Yes,No
2071,,Tartan,"Isle of Man Manx","Isle of Man Manx <strong>Laxey; Blue</strong><br/>[AKA] <strong>Laxey Manx</strong>",,202,,No,,Yes,No
2069,,Tartan,"Isle of Man Manx","Isle of Man Manx <strong>Heritage</strong>",,2679,,No,,Yes,No
2070,,Tartan,"Isle of Man Manx","Isle of Man Manx <strong>Hunting</strong>",,149,,No,,Yes,No
2068,,Tartan,"Isle of Man Manx","Isle of Man Manx <strong>Ellan Vannin</strong>",,194,,No,,Yes,No
2072,,Tartan,"Isle of Man Manx","Isle of Man Manx <strong>Laxey; Dress Green</strong>",,200,,No,,Yes,No
2067,,Tartan,"Isle of Man Manx","Isle of Man Manx <strong>Dress</strong>",,748,,No,,Yes,No
2065,,Tartan,"Isle of Man Manx","Isle of Man Manx <strong>Centenary</strong><br/>[AKA] <strong>Laxey Centenary #2</strong>",,129,,No,,Yes,No
2064,,Tartan,"Isle of Man Manx","Isle of Man Manx <strong>#2</strong>",,3832,,No,,Yes,No
2073,,Tartan,"Isle of Man Manx","Isle of Man Manx <strong>Laxey; Red</strong>",,1721,,No,,Yes,No
2074,,Tartan,"Isle of Man Manx","Isle of Man Manx <strong>National</strong>",,185,,No,,Yes,No
2075,,Tartan,"Isle of Man Manx","Isle of Man Manx <strong>[default]</strong>",,5697,,No,,Yes,No
2083,,Tartan,Jackson,"Jackson <strong>[default]</strong>",,6317,,No,,Yes,No
2089,,Tartan,Jacobite,"Jacobite <strong>[default]</strong>",,1835,,No,,Yes,No
2085,,Tartan,Jacobite,"Jacobite <strong>Dress</strong>",,5288,,No,,Yes,No
2086,,Tartan,Jacobite,"Jacobite <strong>Dress #2</strong>",,1665,,No,,Yes,No
2088,,Tartan,Jacobite,"Jacobite <strong>Old Sett</strong>",,1603,,No,,Yes,No
2087,,Tartan,Jacobite,"Jacobite <strong>Old</strong>",,5289,,No,,Yes,No
2084,,Tartan,Jacobite,"Jacobite <strong>#2</strong>",,1885,,No,,Yes,No
2091,,Tartan,James,"James <strong>of Wales</strong>",Welsh,5736,,No,"Wales Tartan",Yes,No
2093,,Tartan,Jardine,"Jardine <strong>Dress</strong><br/>[AKA] Jardine <strong>New</strong>",,2084,,No,,Yes,No
2094,,Tartan,"Jardine of Castlemilk","Jardine of Castlemilk <strong>[default]</strong><br/>[AKA] Jardine <strong>of Castlemilk</strong>",,1432,,No,,Yes,No
2100,,Tartan,Jenkins,"Jenkins <strong>of Wales</strong>",Welsh,5757,,No,"Wales Tartan",Yes,No
2116,,Tartan,Johnstone,"Johnstone <strong>Clans; Originaux</strong>",,3577,,No,,Yes,No
2117,,Tartan,Johnstone,"Johnstone <strong>Dress</strong>",,5308,,No,,Yes,No
2118,,Tartan,Johnstone,"Johnstone <strong>Orange/Black</strong>",,5307,,No,,Yes,No
2119,,Tartan,Johnstone,"Johnstone <strong>[default]</strong>",,1063,,No,,Yes,No
2127,,Tartan,Jones,"Jones <strong>of Wales</strong>",Welsh,5764,,No,"Wales Tartan",Yes,No
2125,,Tartan,Jones,"Jones <strong>Bobby</strong>",,3711,,No,,Yes,No
2126,,Tartan,Jones,"Jones <strong>Hunting</strong>",,3237,,No,,Yes,No
2124,,Tartan,Jones,"Jones <strong>#2</strong>",,2476,,No,,Yes,No
2130,,Tartan,Joss,"Joss <strong>[default]</strong>",,2598,,No,,Yes,No
2131,,Tartan,Jrgensen,"Jrgensen <strong>[default]</strong>",,7214,,No,,Yes,No
2149,,Tartan,Kalkofen,"Kalkofen <strong>[default]</strong>",,3816,,No,,Yes,No
2159,,Tartan,Keilar,"Keilar <strong>[default]</strong>",,57478,,No,,Yes,No
196,,Tartan,Keith,"Keith <strong>[default]</strong>",,254,,No,,Yes,No
3063,,Tartan,Keith,"Keith <strong>Fashion</strong>",,3457,,No,,Yes,No
2164,,Tartan,Kelly,"Kelly <strong>Dress</strong>",,6394,,No,,Yes,No
2165,,Tartan,"Kelly of Sleat","Kelly of Sleat <strong>Hunting</strong><br/>[AKA] Kelly <strong>of Sleat; Hunting</strong>",,59897,,No,,Yes,No
2166,,Tartan,"Kelly of Sleat","Kelly of Sleat <strong>Hunting #2</strong><br/>[AKA] Kelly <strong>of Sleat; Hunting #2</strong>",,3871,,No,,Yes,No
2167,,Tartan,"Kelly of Sleat","Kelly of Sleat <strong>Red</strong><br/>[AKA] Kelly <strong>of Sleat; Red</strong>",,3845,,No,,Yes,No
2177,,Tartan,Kennedy,"Kennedy <strong>[default]</strong>",,5334,,No,,Yes,No
2176,,Tartan,Kennedy,"Kennedy <strong>Irish</strong>",Irish,1059,,No,,Yes,No
2175,,Tartan,Kennedy,"Kennedy <strong>Dress</strong>",,1263,,No,,Yes,No
2178,,Tartan,Kennison,"Kennison <strong>[default]</strong>",,5336,,No,,Yes,No
2183,,Tartan,Kerby,"Kerby <strong>[default]</strong>",,4113,,No,,Yes,No
2185,,Tartan,Kerr,"Kerr <strong>Shepherd's Plaid</strong>",,3936,,No,,Yes,No
2184,,Tartan,Kerr,"Kerr <strong>Hunting</strong>",,782,,No,,Yes,No
2186,,Tartan,Kerr,"Kerr <strong>[default]</strong>",,791,,No,,Yes,No
2189,,Tartan,Kidd,"Kidd <strong>[default]</strong>",,3872,,No,,Yes,No
2188,,Tartan,Kidd,"Kidd <strong>Rock and Wheel</strong>",,1409,,No,,Yes,No
2190,,Tartan,Kiernan,"Kiernan <strong>[default]</strong>",,1800,,No,,Yes,No
2191,,Tartan,Kierson,"Kierson <strong>[default]</strong>",,5346,,No,,Yes,No
2197,,Tartan,Kilbarchan,"Kilbarchan <strong># 4</strong>",,5953,,No,,Yes,No
2193,,Tartan,Kilbarchan,"Kilbarchan <strong># 11</strong>",,5961,,No,,Yes,No
2199,,Tartan,Kilbarchan,"Kilbarchan <strong># 7</strong>",,5956,,No,,Yes,No
2198,,Tartan,Kilbarchan,"Kilbarchan <strong># 5</strong>",,4417,,No,,Yes,No
2196,,Tartan,Kilbarchan,"Kilbarchan <strong># 3</strong>",,5952,,No,,Yes,No
2200,,Tartan,Kilbarchan,"Kilbarchan <strong># 8</strong>",,5911,,No,,Yes,No
2195,,Tartan,Kilbarchan,"Kilbarchan <strong># 2</strong>",,5951,,No,,Yes,No
2192,,Tartan,Kilbarchan,"Kilbarchan <strong># 1</strong>",,5950,,No,,Yes,No
2194,,Tartan,Kilbarchan,"Kilbarchan <strong># 14</strong>",,5965,,No,,Yes,No
2205,,Tartan,Kilgour,"Kilgour <strong>(Symmetrical)</strong>",Scottish,1979,,No,,Yes,No
2204,,Tartan,Kilgour,"Kilgour <strong>[default]</strong>",Scottish,5348,,No,,Yes,No
2207,,Tartan,Killen,"Killen <strong>[default]</strong>",,6575,,No,,Yes,No
2208,,Tartan,Killin,"Killin <strong>[default]</strong>",,4042,,No,,Yes,No
2214,,Tartan,Kincaid,"Kincaid <strong>[default]</strong>",,1106,,No,,Yes,No
2238,,Tartan,Kinnaird,"Kinnaird <strong>#2</strong>",,5356,,No,,Yes,No
2239,,Tartan,Kinnaird,"Kinnaird <strong>[default]</strong>",,2242,,No,,Yes,No
2240,,Tartan,Kinnison,"Kinnison <strong>[default]</strong>",,1994,,No,,Yes,No
2241,,Tartan,Kinnoull,"Kinnoull <strong>[default]</strong>",,854,,No,,Yes,No
2248,,Tartan,Kirk,"Kirk <strong>[default]</strong>",,4229,,No,,Yes,No
2262,,Tartan,Knox,"Knox <strong>#2</strong>",,5711,,No,,Yes,No
2272,,Tartan,Kyle,"Kyle <strong>Green</strong>",,3615,,No,,Yes,No
2271,,Tartan,Kyle,"Kyle <strong>Blue</strong>",,3616,,No,,Yes,No
2280,,Tartan,Laing,"Laing <strong>Artefact</strong>",,6764,,No,,Yes,No
2282,,Tartan,Laing,"Laing <strong>[default]</strong>",,6096,,No,,Yes,No
2281,,Tartan,"Laing of Archiestown","Laing of Archiestown <strong>[default]</strong><br/>[AKA] Laing <strong>of Archiestown</strong>",,2544,,No,,Yes,No
2290,,Tartan,Lamont,"Lamont <strong>[default]</strong>",,216,,No,,Yes,No
2289,,Tartan,Lamont,"Lamont <strong>Heather</strong>",,4090,,No,,Yes,No
2288,,Tartan,Lamont,"Lamont <strong>Dress</strong>",,6391,,No,,Yes,No
2297,,Tartan,Lang,"Lang <strong>[default]</strong>",,3113,,No,,Yes,No
2300,,Tartan,Langston,"Langston <strong>[default]</strong>",,4214,,No,,Yes,No
2311,,Tartan,Lasting,"Lasting <strong>[default]</strong>",,1789,,No,,Yes,No
2312,,Tartan,Latin,"Latin <strong>[default]</strong>",,3873,,No,,Yes,No
2314,,Tartan,Lauder,"Lauder <strong>[default]</strong>",,709,,No,,Yes,No
2313,,Tartan,Lauder,"Lauder <strong>Dress</strong>",,1435,,No,,Yes,No
2317,,Tartan,Laurie,"Laurie <strong>[default]</strong>",,4224,,No,,Yes,No
6344,,Tartan,Lawlis,"Lawlis <strong>aka Lawless</strong>",USA,77124,,No,,Yes,No
2323,,Tartan,Lawlis,"Lawlis <strong>[default]</strong>",,5399,,No,,Yes,No
2325,,Tartan,Lawrie,"Lawrie <strong>[default]</strong>",,4219,,No,,Yes,No
2331,,Tartan,Leach,"Leach <strong>Hunting #2</strong>",,5402,,No,,Yes,No
2334,,Tartan,Leach,"Leach <strong>[default]</strong>",,2356,,No,,Yes,No
2332,,Tartan,Leach,"Leach <strong>Hunting</strong>",,2357,,No,,Yes,No
2338,,Tartan,Leask,"Leask <strong>[default]</strong>",,905,,No,,Yes,No
2341,,Tartan,Leckie,"Leckie <strong>[default]</strong>",,5405,,No,,Yes,No
2342,,Tartan,Ledford,"Ledford <strong>[default]</strong>",,5406,,No,,Yes,No
2343,,Tartan,Lee,"Lee <strong>[default]</strong>",,5407,,No,,Yes,No
2350,,Tartan,Leighton,"Leighton <strong>[default]</strong>",,2483,,No,,Yes,No
2354,,Tartan,Leith,"Leith <strong>[default]</strong><br/>[AKA] Hay <strong>#4</strong>",,2131,,No,,Yes,No
2353,,Tartan,Leith,"Leith <strong>District</strong>",,2333,,No,,Yes,No
2358,,Tartan,Lendrum,"Lendrum <strong>Lyon version</strong>",,3366,,No,,Yes,No
2359,,Tartan,Lendrum,"Lendrum <strong>[default]</strong>",,1190,,No,,Yes,No
2360,,Tartan,Lennie,"Lennie <strong>[default]</strong>",,725,,No,,Yes,No
2361,,Tartan,Lennox,"Lennox <strong>Dress Dance Purple</strong>",,59777,,No,,Yes,No
2362,,Tartan,Lennox,"Lennox <strong>Dress Red</strong>",,59778,,No,,Yes,No
2363,,Tartan,Lennox,"Lennox <strong>Dress Turquoise</strong>",,59779,,No,,Yes,No
2364,,Tartan,Lennox,"Lennox <strong>[default]</strong><br/>[AKA] Gartshore [default]",,935,,No,,Yes,No
2365,,Tartan,Leonard,"Leonard <strong>Hunting</strong>",,5417,,No,,Yes,No
2366,,Tartan,Lermontov,"Lermontov <strong>[default]</strong>",,6493,,No,,Yes,No
2370,,Tartan,Leslie,"Leslie <strong>Hunting</strong><br/>[AKA] Leslie <strong>Green</strong><br/>[AKA] Leslie <strong>Old Colours</strong><br/>[AKA] Leslie <strong>Syme</strong>",,1113,,No,,Yes,No
2369,,Tartan,Leslie,"Leslie <strong>(J Cant)</strong>",,7119,,No,,Yes,No
2372,,Tartan,Leslie,"Leslie <strong>[default]</strong><br/>[AKA] Leslie <strong>Dress</strong><br/>[AKA] Leslie <strong>Red</strong>",,1142,,No,,Yes,No
2371,,Tartan,"Leslie of the Hebrides","Leslie of the Hebrides <strong>[default]</strong><br/>[AKA] Leslie <strong>of the Hebrides</strong>",,1111,,No,,Yes,No
5535,,Tartan,Lewis,"Lewis <strong>Red</strong>",,605062,,No,,Yes,No
2376,,Tartan,Lewis,"Lewis <strong>of Wales</strong>",Welsh,5758,,No,"Wales Tartan",Yes,No
2379,,Tartan,Liberton,"Liberton <strong>[default]</strong>",,6993,,No,,Yes,No
2383,,Tartan,Linden,"Linden <strong>[default]</strong>",,5772,,No,,Yes,No
408605,,Tartan,Lindsay,"Lindsay <strong>#3</strong>",,,,No,"Marton Mills",Yes,No
2386,,Tartan,Lindsay,"Lindsay <strong>#2</strong>",Scottish,59645,,No,,Yes,No
2387,,Tartan,Lindsay,"Lindsay <strong>Black lines</strong>",,801,,No,,Yes,No
2393,,Tartan,Lindsay,"Lindsay <strong>[default]</strong>",,704,,No,,Yes,No
2391,,Tartan,Lindsay,"Lindsay <strong>Hunting</strong>",,5429,,No,,Yes,No
2390,,Tartan,Lindsay,"Lindsay <strong>Dress Dance; Red</strong>",,992,,No,,Yes,No
2392,,Tartan,Lindsay,"Lindsay <strong>(Smibert)</strong><br/>[AKA] Lindsay <strong>Mini</strong>",,758,,No,,Yes,No
2389,,Tartan,Lindsay,"Lindsay <strong>Dress Dance; Green</strong>",,715,,No,,Yes,No
2388,,Tartan,Lindsay,"Lindsay <strong>Dress Dance</strong>",,1421,,No,,Yes,No
2399,,Tartan,Little,"Little <strong>Arisaid</strong>",,4137,,No,,Yes,No
2400,,Tartan,Little,"Little <strong>Dress</strong>",,4138,,No,,Yes,No
2401,,Tartan,"Little of Morton","Little of Morton <strong>Rigg</strong><br/>[AKA] Little <strong>of Morton; Rigg</strong>",,2349,,No,,Yes,No
2406,,Tartan,Livingstone,"Livingstone <strong>[default]</strong>",,1003,,No,,Yes,No
2410,,Tartan,Livingstone,"Livingstone <strong>Dress</strong>",,650,,No,,Yes,No
2413,,Tartan,Llewellyn,"Llewellyn <strong>of Wales</strong>",Welsh,5759,,No,"Wales Tartan",Yes,No
2416,,Tartan,Lloyd,"Lloyd <strong>of Wales</strong>",Welsh,5765,,No,"Wales Tartan",Yes,No
2415,,Tartan,Lloyd,"Lloyd <strong>[default]</strong>",,1970,,No,,Yes,No
2414,,Tartan,Lloyd,"Lloyd <strong>#2</strong>",,5771,,No,,Yes,No
2435,,Tartan,Lochaber,"Lochaber <strong>Cameron</strong>",,42,,No,,Yes,No
2437,,Tartan,Lochaber,"Lochaber <strong>Scrapbook</strong>",,5455,,No,,Yes,No
2438,,Tartan,Lochaber,"Lochaber <strong>[default]</strong>",,685,,No,,Yes,No
2433,,Tartan,Lochaber,"Lochaber <strong>(Wilson's Old)</strong>",,6628,,No,,Yes,No
2434,,Tartan,Lochaber,"Lochaber <strong>#2</strong>",,5456,,No,,Yes,No
2436,,Tartan,Lochaber,"Lochaber <strong>Hesketh</strong>",,5712,,No,,Yes,No
2452,,Tartan,Lockhart,"Lockhart <strong>[default]</strong>",,2258,,No,,Yes,No
2458,,Tartan,Logan,"Logan <strong>(Clans Originaux)</strong>",,3480,,No,,Yes,No
2462,,Tartan,Logan,"Logan <strong>#5</strong>",,398,,No,,Yes,No
2463,,Tartan,Logan,"Logan <strong>with Yellow</strong>",,591,,No,,Yes,No
2465,,Tartan,Logan,"Logan <strong>#6</strong>",Scottish,5477,,No,,Yes,No
2461,,Tartan,Logan,"Logan <strong>#4</strong>",,855,,No,,Yes,No
2466,,Tartan,Logan,"Logan <strong>Light</strong>",,397,,No,,Yes,No
2467,,Tartan,Logan,"Logan <strong>[default]</strong>",,490,,No,,Yes,No
2460,,Tartan,Logan,"Logan <strong>Dark</strong>",,1150,,No,,Yes,No
2484,,Tartan,Longmore,"Longmore <strong>[default]</strong>",Scottish,48390,,No,,Yes,No
2512,,Tartan,Loton,"Loton <strong>[default]</strong>",,5498,,No,,Yes,No
301223,,Tartan,Lougheed,"Lougheed <strong>[default]</strong><br/>[AKA] Loughhead [default]",Scottish,,,No,,Yes,No
6683,,Tartan,Lovat,"Lovat <strong>Muted</strong>",,,,No,,Yes,No
2519,,Tartan,Lovat,"Lovat <strong>#1</strong>",,525,,No,,Yes,No
2520,,Tartan,Lovat,"Lovat <strong>#2</strong>",,400,,No,,Yes,No
2521,,Tartan,Lowry,"Lowry <strong>[default]</strong>",,4220,,No,,Yes,No
2525,,Tartan,Lumsden,"Lumsden <strong>Hunting</strong>",,2366,,No,,Yes,No
411097,,Tartan,Lumsden,"Lumsden <strong>Green</strong>",Scottish,,,No,,Yes,No
2528,,Tartan,Lumsden,"Lumsden <strong>Waistcoat</strong>",,869,,No,,Yes,No
2529,,Tartan,Lumsden,"Lumsden <strong>[default]</strong><br/>[AKA] Lumsden <strong>Short Version</strong>",,931,,No,,Yes,No
2526,,Tartan,"Lumsden of Clova","Lumsden of Clova <strong>[default]</strong><br/>[AKA] Lumsden <strong>of Clova</strong>",,417,,No,,Yes,No
2527,,Tartan,"Lumsden of Kintore","Lumsden of Kintore <strong>[default]</strong><br/>[AKA] Lumsden <strong>of Kintore</strong>",,418,,No,,Yes,No
304138,,Tartan,Lynch,"Lynch <strong>[default]</strong>",,60070,,No,,Yes,No
2537,,Tartan,Lynn,"Lynn <strong>[default]</strong>",,5933,,No,,Yes,No
2539,,Tartan,Lyon,"Lyon <strong>[default]</strong><br/>[AKA] <strong>Lyons #2</strong>",,5517,,No,,Yes,No
2544,,Tartan,Lysaght,"Lysaght <strong>[default]</strong>",,6591,,No,,Yes,No
2543,,Tartan,Lysaght,"Lysaght <strong>Hunting</strong>",,6592,,No,,Yes,No
2542,,Tartan,Lysaght,"Lysaght <strong>Dress</strong>",,6593,,No,,Yes,No
6766,,Tartan,MacAlister,"MacAlister <strong>1810 Variant</strong>",Scottish,0,,No,,Yes,No
298843,,Tartan,MacAlister,"MacAlister <strong>(Gourlay Steele Collection)</strong>",Scottish,,,No,,Yes,No
2555,,Tartan,MacAlister,"MacAlister <strong>[default]</strong>",,1465,,No,,Yes,No
2551,,Tartan,MacAlister,"MacAlister <strong>Dress</strong>",,6629,,No,,Yes,No
2553,,Tartan,"MacAlister of Glenbarr","MacAlister of Glenbarr <strong>Hunting</strong><br/>[AKA] MacAlister <strong>of Glenbarr; Hunting</strong>",,910,,No,,Yes,No
2552,,Tartan,"MacAlister of Glenbarr","MacAlister of Glenbarr <strong>[default]</strong><br/>[AKA] MacAlister <strong>of Glenbarr</strong>",,877,,No,,Yes,No
2554,,Tartan,"MacAlister of Skye","MacAlister of Skye <strong>[default]</strong><br/>[AKA] MacAlister <strong>of Skye</strong>",,3300,,No,,Yes,No
2558,,Tartan,MacAlpine,"MacAlpine <strong>[default]</strong>",,1914,,No,,Yes,No
2559,,Tartan,MacAn,"MacAn <strong>Hose</strong>",,1159,,No,,Yes,No
2560,,Tartan,MacAn,"MacAn <strong>[default]</strong>",,1155,,No,,Yes,No
2562,,Tartan,MacArthur,"MacArthur <strong>1815 #2</strong>",Scottish,58146,,No,,Yes,No
2565,,Tartan,MacArthur,"MacArthur <strong>[default]</strong><br/>[AKA] Campbell <strong>of Strachur</strong>",,1100,,No,,Yes,No
2561,,Tartan,MacArthur,"MacArthur <strong>1815</strong>",,959,,No,,Yes,No
2563,,Tartan,"MacArthur of Milton","MacArthur of Milton <strong>[default]</strong><br/>[AKA] MacArthur <strong>of Milton</strong>",,700,,No,,Yes,No
2574,,Tartan,MacAulay,"MacAulay <strong>[default]</strong><br/>[AKA] MacAulay <strong>of Ardincaple</strong><br/>[AKA] MacAulay <strong>Red</strong>",,1164,,No,,Yes,No
2572,,Tartan,MacAulay,"MacAulay <strong>Hunting</strong>",,827,,No,,Yes,No
2573,,Tartan,"MacAulay of Lewis","MacAulay of Lewis <strong>[default]</strong><br/>[AKA] MacAulay <strong>of Lewis</strong>",,6286,,No,,Yes,No
2575,,Tartan,MacAvoy,"MacAvoy <strong>[default]</strong>",,6687,,No,,Yes,No
2578,,Tartan,MacBean,"MacBean <strong>Lord Lyon version</strong>",,951,,No,,Yes,No
2581,,Tartan,MacBean,"MacBean <strong>[default]</strong>",,952,,No,,Yes,No
2577,,Tartan,MacBean,"MacBean <strong>Dress</strong>",,2415,,No,,Yes,No
2580,,Tartan,"MacBean of Tomatin","MacBean of Tomatin <strong>[default]</strong><br/>[AKA] MacBean <strong>of Tomatin</strong>",,3342,,No,,Yes,No
2584,,Tartan,MacBeth,"MacBeth <strong>Dress</strong>",,3319,,No,,Yes,No
2582,,Tartan,MacBeth,"MacBeth <strong># 2</strong>",Scottish,61035,,No,,Yes,No
2585,,Tartan,MacBeth,"MacBeth <strong>Dress Dance</strong>",,6561,,No,,Yes,No
2586,,Tartan,MacBeth,"MacBeth <strong>Pleasanton</strong>",,55022,,No,,Yes,No
2587,,Tartan,MacBeth,"MacBeth <strong>[default]</strong>",,678,,No,,Yes,No
2583,,Tartan,MacBeth,"MacBeth <strong>#3</strong>",,3320,,No,,Yes,No
2590,,Tartan,MacBrair,"MacBrair <strong>Dress #2</strong>",Scottish,60637,,No,,Yes,No
2589,,Tartan,MacBrair,"MacBrair <strong>Dress</strong>",,7205,,No,,Yes,No
2591,,Tartan,MacBrair,"MacBrair <strong>[default]</strong>",,6621,,No,,Yes,No
2588,,Tartan,MacBrair,"MacBrair <strong>#2</strong>",,3321,,No,,Yes,No
2592,,Tartan,MacBride,"MacBride <strong>[default]</strong>",,2144,,No,,Yes,No
2594,,Tartan,MacCainsh,"MacCainsh <strong>[default]</strong>",,1379,,No,,Yes,No
2596,,Tartan,MacCall,"MacCall <strong>[default]</strong>",,2238,,No,,Yes,No
2597,,Tartan,MacCallie,"MacCallie <strong>[default]</strong>",,6212,,No,,Yes,No
2599,,Tartan,MacCallum,"MacCallum <strong>[default]</strong>",,767,,No,,Yes,No
4915,,Tartan,MacCallum,"MacCallum <strong>1800 Variant</strong>",,,,No,,Yes,No
4889,,Tartan,MacCallum,"MacCallum <strong>Red Line</strong>",,,,No,,Yes,No
4926,,Tartan,MacCallum,"MacCallum <strong>Old</strong>",,,,No,,Yes,No
2598,,Tartan,"MacCallum of Berwick","MacCallum of Berwick <strong>[default]</strong><br/>[AKA] MacCallum <strong>of Berwick</strong>",,492,,No,,Yes,No
2601,,Tartan,MacCamley,"MacCamley <strong>[default]</strong>",,7241,,No,,Yes,No
2604,,Tartan,MacCandlish,"MacCandlish <strong>Grey; Dress</strong>",,3327,,No,,Yes,No
2602,,Tartan,MacCandlish,"MacCandlish <strong>Green; Arisaid</strong>",,3325,,No,,Yes,No
2605,,Tartan,MacCandlish,"MacCandlish <strong>Red</strong>",,3324,,No,,Yes,No
301075,,Tartan,MacCandlish,"MacCandlish <strong>Grey; Arisaid</strong>",,117124,,No,,Yes,No
301077,,Tartan,MacCandlish,"MacCandlish <strong>Green; Hunting</strong>",,3328,,No,,Yes,No
2606,,Tartan,MacCandlish,"MacCandlish <strong>Red; Arisaid</strong>",,3326,,No,,Yes,No
13717,,Tartan,MacCann,"MacCann <strong>(2017)</strong>",Irish,,,No,,Yes,No
2607,,Tartan,MacCarthy,"MacCarthy <strong>Old</strong>",,4049,,No,,Yes,No
2611,,Tartan,MacCaskill,"MacCaskill <strong>[default]</strong>",,1152,,No,,Yes,No
3102,,Tartan,MacCaslin,"MacCaslin <strong>[default]</strong>",,5934,,No,,Yes,No
2612,,Tartan,MacCaughan,"MacCaughan <strong>[default]</strong>",,169,,No,,Yes,No
2613,,Tartan,MacClafferty,"MacClafferty <strong>[default]</strong>",,6471,,No,,Yes,No
2614,,Tartan,MacClure,"MacClure <strong>Hunting</strong><br/>[AKA] MacClure <strong>Green</strong>",,3331,,No,,Yes,No
2615,,Tartan,MacClure,"MacClure <strong>[default]</strong>",,3330,,No,,Yes,No
2616,,Tartan,MacColl,"MacColl <strong>Hunting</strong>",,1637,,No,,Yes,No
2618,,Tartan,MacColl,"MacColl <strong>[default]</strong>",,6085,,No,,Yes,No
2617,,Tartan,MacColl,"MacColl <strong>Old</strong>",,1638,,No,,Yes,No
2620,,Tartan,MacConnell,"MacConnell <strong>[default]</strong>",,141,,No,,Yes,No
2623,,Tartan,MacCormick,"MacCormick <strong>Dress</strong>",,1091,,No,,Yes,No
299247,,Tartan,MacCormick,"MacCormick <strong>[default]</strong>",Scottish,,,No,,Yes,No
2625,,Tartan,MacCorquodale,"MacCorquodale <strong>[default]</strong>",,283,,No,,Yes,No
2626,,Tartan,MacCorquodale,"MacCorquodale <strong>#2</strong>",,3335,,No,,Yes,No
2628,,Tartan,MacCoul,"MacCoul <strong>[default]</strong>",,1635,,No,,Yes,No
2629,,Tartan,MacCraig,"MacCraig <strong>[default]</strong>",,3337,,No,,Yes,No
398055,,Tartan,MacCready,"MacCready <strong>[default]</strong>",Scottish,,,No,,Yes,No
2630,,Tartan,MacCreary,"MacCreary <strong>[default]</strong>",,3338,,No,,Yes,No
2631,,Tartan,MacCrimmon,"MacCrimmon <strong>[default]</strong>",,2610,,No,,Yes,No
2633,,Tartan,MacCulloch,"MacCulloch <strong>#2</strong><br/>[AKA] MacDonald <strong>Lord of the Isles #2</strong>",,3339,,No,,Yes,No
2636,,Tartan,MacCulloch,"MacCulloch <strong>[default]</strong>",,3340,,No,,Yes,No
2635,,Tartan,MacCulloch,"MacCulloch <strong>1746 Dress</strong>",,3346,,No,,Yes,No
2638,,Tartan,MacDevitt,"MacDevitt <strong>[default]</strong>",,3347,,No,,Yes,No
4919,,Tartan,MacDiarmid,"MacDiarmid <strong>(MacGregor Hastie)</strong>",,,,No,,Yes,No
2639,,Tartan,MacDiarmid,"MacDiarmid <strong>[default]</strong>",,1180,,No,,Yes,No
2640,,Tartan,MacDiarmid,"MacDiarmid <strong>Dress</strong>",,1486,,No,,Yes,No
2641,,Tartan,MacDonagh,"MacDonagh <strong>[default]</strong>",,1104,,No,,Yes,No
6208,,Tartan,MacDonald,"MacDonald <strong>Dress Dance</strong>",Scottish,84407,,No,,Yes,No
2676,,Tartan,MacDonald,"MacDonald <strong>[default]</strong>",Scottish,,,No,,Yes,No
2677,,Tartan,MacDonald,"MacDonald <strong>Flora; Dance</strong>",,2257,,No,,Yes,No
2649,,Tartan,MacDonald,"MacDonald <strong>#2</strong>",Scottish,63058,,No,,Yes,No
2650,,Tartan,MacDonald,"MacDonald <strong>Dress</strong>",,1997,,No,,Yes,No
2678,,Tartan,MacDonald,"MacDonald <strong>Flora; Plaid Artifact</strong>",,217,,No,,Yes,No
307034,,Tartan,MacDonald,"MacDonald <strong>Clanranald (Chief)</strong>",Scottish,116256,,No,,Yes,No
6363,,Tartan,MacDonald,"MacDonald <strong>Lord of the Isles; Hunting Blue</strong>",Scottish,90522,,No,,Yes,No
2651,,Tartan,MacDonald,"MacDonald <strong>Dress Muted Blue Special</strong>",Scottish,57061,,No,,Yes,No
2654,,Tartan,MacDonald,"MacDonald <strong>Lord of the Isles; Hunting</strong>",,3267,,No,,Yes,No
2653,,Tartan,MacDonald,"MacDonald <strong>Hunting</strong>",,927,,No,,Yes,No
4971,,Tartan,MacDonald,"MacDonald <strong>Blue</strong><br/>[AKA] MacDonald <strong>of the Isles; Blue</strong>",,,,No,,Yes,No
2652,,Tartan,MacDonald,"MacDonald <strong>Dress; Irish</strong>",Irish,3272,,No,,Yes,No
2679,,Tartan,MacDonald,"MacDonald <strong>Sir John A</strong>",,1581,,No,,Yes,No
4920,,Tartan,MacDonald,"MacDonald <strong>Flora</strong>",,,,No,,Yes,No
2655,,Tartan,"MacDonald of Aird","MacDonald of Aird <strong>& Valley</strong><br/>[AKA] MacDonald <strong>of Aird; & Valley</strong>",,3274,,No,,Yes,No
299707,,Tartan,"MacDonald of Belfinlay","MacDonald of Belfinlay <strong>[default]</strong>",,,,No,,Yes,No
2657,,Tartan,"MacDonald of Boisdale","MacDonald of Boisdale <strong>[default]</strong><br/>[AKA] MacDonald <strong>Boisdale</strong><br/>[AKA] MacDonald <strong>of Boisdale</strong>",,1668,,No,,Yes,No
2658,,Tartan,"MacDonald of Borrodale","MacDonald of Borrodale <strong>[default]</strong><br/>[AKA] MacDonald <strong>Borrodale Historic</strong><br/>[AKA] MacDonald <strong>Lady Borrodale's Gift</strong><br/>[AKA] MacDonald <strong>of Borrodale</strong>",,2584,,No,,Yes,No
2660,,Tartan,"MacDonald of Clanranald","MacDonald of Clanranald <strong>#2</strong><br/>[AKA] MacDonald <strong>of Clanranald; #2</strong>",,4521,,No,,Yes,No
2659,,Tartan,"MacDonald of Clanranald","MacDonald of Clanranald <strong>[default]</strong><br/>[AKA] MacDonald <strong>of Clanranald</strong>",,427,,No,,Yes,No
2661,,Tartan,"MacDonald of Clanranald","MacDonald of Clanranald <strong>#3</strong><br/>[AKA] MacDonald <strong>of Clanranald; #3</strong>",Scottish,63094,,No,,Yes,No
9829,,Tartan,"MacDonald of Clanranald","MacDonald of Clanranald <strong>Dress</strong><br/>[AKA] MacDonald <strong>of Clanranald; Dress</strong>",,,,No,,Yes,No
2664,,Tartan,"MacDonald of Glenaladale","MacDonald of Glenaladale <strong>(2006 variant)</strong><br/>[AKA] MacDonald <strong>of Glenaladale; (2006 variant)</strong>",,7012,,No,,Yes,No
2665,,Tartan,"MacDonald of Glenaladale","MacDonald of Glenaladale <strong>#2</strong><br/>[AKA] MacDonald <strong>Glenfinnan</strong><br/>[AKA] MacDonald <strong>of Glenaladale; #2</strong>",,3280,,No,,Yes,No
2663,,Tartan,"MacDonald of Glenaladale","MacDonald of Glenaladale <strong>[default]</strong><br/>[AKA] MacDonald <strong>of Glenaladale</strong>",,3619,,No,,Yes,No
2666,,Tartan,"MacDonald of Glencoe","MacDonald of Glencoe <strong>[default]</strong><br/>[AKA] MacDonald <strong>of Glencoe</strong>",,1012,,No,,Yes,No
2668,,Tartan,"MacDonald of Kingsburgh","MacDonald of Kingsburgh <strong>[default]</strong><br/>[AKA] MacDonald <strong>of Kingsburgh</strong>",,1562,,No,,Yes,No
2669,,Tartan,"MacDonald of Lochmaddy","MacDonald of Lochmaddy <strong>[default]</strong><br/>[AKA] MacDonald <strong>of Loch Mhaddy</strong><br/>[AKA] MacDonald <strong>of Lochmaddy</strong>",,971,,No,,Yes,No
2670,,Tartan,"MacDonald of P.E.","MacDonald of P.E. <strong>Island</strong><br/>[AKA] MacDonald <strong>of P.E.; Island</strong>",,1973,,No,,Yes,No
2671,,Tartan,"MacDonald of Sleat","MacDonald of Sleat <strong>[default]</strong><br/>[AKA] MacDonald <strong>of the Isles Red</strong><br/>[AKA] MacDonald <strong>Lord MacDonald</strong><br/>[AKA] MacDonald <strong>of Sleat</strong>",,904,,No,,Yes,No
2672,,Tartan,"MacDonald of Staffa","MacDonald of Staffa <strong>[default]</strong><br/>[AKA] MacDonald <strong>of Staffa</strong>",,1529,,No,,Yes,No
4947,,Tartan,"MacDonell of Glengarry","MacDonell of Glengarry <strong>MacKay No4 Variant</strong><br/>[AKA] MacDonell <strong>of Glengarry; MacKay No4 Variant</strong>",,,,No,,Yes,No
4965,,Tartan,"MacDonell of Glengarry","MacDonell of Glengarry <strong>(Old Colours)</strong><br/>[AKA] MacDonnell <strong>of Glengarry; (Old Colours)</strong>",,,,No,,Yes,No
2680,,Tartan,"MacDonell of Glengarry","MacDonell of Glengarry <strong>Dress</strong><br/>[AKA] MacDonell <strong>of Glengarry; Dress</strong>",,1999,,No,,Yes,No
2683,,Tartan,"MacDonell of Glengarry","MacDonell of Glengarry <strong>[default]</strong><br/>[AKA] MacDonnell <strong>of Glengarry</strong>",,473,,No,,Yes,No
4948,,Tartan,"MacDonell of Keppoch","MacDonell of Keppoch <strong>1906 Variant</strong><br/>[AKA] MacDonell <strong>of Keppoch; 1906 Variant</strong>",,,,No,,Yes,No
2681,,Tartan,"MacDonell of Keppoch","MacDonell of Keppoch <strong>[default]</strong><br/>[AKA] MacDonell <strong>of Keppoch</strong>",,511,,No,,Yes,No
2682,,Tartan,"MacDonell of Keppoch","MacDonell of Keppoch <strong>1847 Variant</strong><br/>[AKA] MacDonell <strong>of Keppoch; 1847 Variant</strong>",,1506,,No,,Yes,No
2687,,Tartan,MacDougal,"MacDougal <strong>No. 1</strong>",,1519,,No,,Yes,No
2685,,Tartan,MacDougal,"MacDougal <strong>Dress</strong>",,6433,,No,,Yes,No
2689,,Tartan,MacDougall,"MacDougall <strong>#2</strong>",,6634,,No,,Yes,No
2690,,Tartan,MacDougall,"MacDougall <strong>William</strong>",,3353,,No,,Yes,No
2691,,Tartan,MacDougall,"MacDougall <strong>[default]</strong>",Scottish,60680,,No,,Yes,No
2688,,Tartan,MacDougall,"MacDougall <strong>(Clans Originaux)</strong>",,6301,,No,,Yes,No
402143,,Tartan,MacDowall,"MacDowall <strong>[default]</strong>",,,,No,,Yes,No
4955,,Tartan,MacDuff,"MacDuff <strong>1842 Variant</strong>",,,,No,,Yes,No
2694,,Tartan,MacDuff,"MacDuff <strong>Dress</strong>",,1441,,No,,Yes,No
2695,,Tartan,MacDuff,"MacDuff <strong>Hunting</strong>",,1654,,No,,Yes,No
2696,,Tartan,MacDuff,"MacDuff <strong>[default]</strong><br/>[AKA] <strong>No.001</strong>",,2455,,No,,Yes,No
2697,,Tartan,MacEachain,"MacEachain <strong>[default]</strong>",,3359,,No,,Yes,No
2699,,Tartan,MacEdward,"MacEdward <strong>(MacGregor Hastie)</strong>",,1358,,No,,Yes,No
2705,,Tartan,MacEwan,"MacEwan <strong>[default]</strong>",,1587,,No,,Yes,No
2704,,Tartan,MacEwan,"MacEwan <strong>(Clans Originaux)</strong>",,6304,,No,,Yes,No
2703,,Tartan,MacEwan,"MacEwan <strong>Dress Arisaid</strong>",,3361,,No,,Yes,No
2702,,Tartan,MacEwan,"MacEwan <strong>1856</strong>",,2299,,No,,Yes,No
300131,,Tartan,MacFadyan,"MacFadyan <strong>(MacGregor Hastie)</strong>",Scottish,403,,No,,Yes,No
2707,,Tartan,MacFadzean,"MacFadzean <strong>[default]</strong>",,744,,No,,Yes,No
2953,,Tartan,MacFadzean,"MacFadzean <strong>#2</strong>",,1102,,No,,Yes,No
2708,,Tartan,MacFarlane,"MacFarlane <strong>Black and White</strong><br/>[AKA] Wallace <strong>Dress #3</strong><br/>[AKA] Lendrum <strong>#2</strong>",,3051,,No,,Yes,No
2709,,Tartan,MacFarlane,"MacFarlane <strong>Dress</strong>",,659,,No,,Yes,No
2710,,Tartan,MacFarlane,"MacFarlane <strong>Hunting</strong>",,59418,,No,,Yes,No
2712,,Tartan,MacFarlane,"MacFarlane <strong>[default]</strong><br/>[AKA] MacFarlane <strong>Red</strong>",,947,,No,,Yes,No
2711,,Tartan,MacFarlane,"MacFarlane <strong>Lord Lyon sett</strong><br/>[AKA] Lendrum <strong>#3</strong>",,948,,No,,Yes,No
2717,,Tartan,MacFie,"MacFie <strong>[default]</strong>",,1847,,No,,Yes,No
2715,,Tartan,MacFie,"MacFie <strong>Hunting</strong>",,3368,,No,,Yes,No
2714,,Tartan,MacFie,"MacFie <strong>Dress</strong>",,4563,,No,,Yes,No
2713,,Tartan,MacFie,"MacFie <strong>B&W</strong>",,1252,,No,,Yes,No
2716,,Tartan,"MacFie of Colonsay","MacFie of Colonsay <strong>Dress</strong><br/>[AKA] MacFie <strong>of Colonsay; Dress</strong>",,3369,,No,,Yes,No
2720,,Tartan,MacGaugh,"MacGaugh <strong>[default]</strong>",,3370,,No,,Yes,No
2724,,Tartan,MacGibboney,"MacGibboney <strong>[default]</strong>",,2693,,No,,Yes,No
2723,,Tartan,MacGibboney,"MacGibboney <strong>Dress</strong>",,3839,,No,,Yes,No
2726,,Tartan,MacGill,"MacGill <strong>[default]</strong><br/>[AKA] MacGill <strong>Society Tartan</strong>",,1487,,No,,Yes,No
2728,,Tartan,MacGillivray,"MacGillivray <strong>Hunting</strong>",,3371,,No,,Yes,No
2729,,Tartan,MacGillivray,"MacGillivray <strong>[default]</strong>",,446,,No,,Yes,No
2731,,Tartan,MacGlashan,"MacGlashan <strong>1800</strong>",,2691,,No,,Yes,No
2732,,Tartan,MacGlashan,"MacGlashan <strong>Breacan Glas</strong>",,656,,No,,Yes,No
2734,,Tartan,MacGlashan,"MacGlashan <strong>#3</strong>",,7152,,No,,Yes,No
2733,,Tartan,MacGlashan,"MacGlashan <strong>#3 Original Colours</strong>",,6443,,No,,Yes,No
310019,,Tartan,MacGlashan,"MacGlashan <strong>[default]</strong>",,,,No,,Yes,No
2735,,Tartan,MacGlynn,"MacGlynn <strong>#2</strong>",,6083,,No,,Yes,No
2736,,Tartan,MacGlynn,"MacGlynn <strong>[default]</strong>",,6020,,No,,Yes,No
1651,,Tartan,MacGowan,"MacGowan <strong>Portrait</strong>",,1390,,No,,Yes,No
2737,,Tartan,MacGowan,"MacGowan <strong>[default]</strong>",,5681,,No,,Yes,No
2739,,Tartan,MacGrath,"MacGrath <strong>[default]</strong>",,3375,,No,,Yes,No
2752,,Tartan,MacGregor,"MacGregor <strong>Rob Roy</strong><br/>[AKA] <strong>Rob Roy Old MacGregor</strong><br/>[AKA] MacGregor <strong>Red & Black</strong>",,1504,,No,,Yes,No
2744,,Tartan,MacGregor,"MacGregor <strong>Dress Burgundy</strong>",,59584,,No,,Yes,No
2745,,Tartan,MacGregor,"MacGregor <strong>Dress Green</strong>",,63313,,No,,Yes,No
2746,,Tartan,MacGregor,"MacGregor <strong>Dress Red</strong>",,6541,,No,,Yes,No
2747,,Tartan,MacGregor,"MacGregor <strong>Dress Royal</strong>",,59581,,No,,Yes,No
2755,,Tartan,MacGregor,"MacGregor <strong>[default]</strong><br/>[AKA] MacGregor <strong>Red</strong>",,3376,,No,,Yes,No
2748,,Tartan,MacGregor,"MacGregor <strong>Dress Turquoise</strong>",,59583,,No,,Yes,No
2754,,Tartan,MacGregor,"MacGregor <strong>Hunting</strong>",,999991,,No,,Yes,No
2753,,Tartan,MacGregor,"MacGregor <strong>Rob Roy #2</strong>",Scottish,57588,,No,,Yes,No
2742,,Tartan,MacGregor,"MacGregor <strong>Dress</strong>",,59582,,No,,Yes,No
2749,,Tartan,"MacGregor of Balquhidder","MacGregor of Balquhidder <strong>[default]</strong><br/>[AKA] MacGregor <strong>of Balquhidder</strong>",,988,,No,,Yes,No
2750,,Tartan,"MacGregor of Cardney","MacGregor of Cardney <strong>[default]</strong><br/>[AKA] MacGregor <strong>of Cardney</strong>",,1285,,No,,Yes,No
2751,,Tartan,"MacGregor of Glengyle","MacGregor of Glengyle <strong>[default]</strong><br/>[AKA] MacGregor <strong>of Deeside</strong><br/>[AKA] MacGregor <strong>of Glengyle</strong>",,450,,No,,Yes,No
2760,,Tartan,MacGurk,"MacGurk <strong>[default]</strong>",,7159,,No,,Yes,No
2763,,Tartan,MacHardy,"MacHardy <strong>Black</strong>",,514,,No,,Yes,No
2762,,Tartan,MacHardy,"MacHardy <strong>(Clans Originaux)</strong>",,1000,,No,,Yes,No
2764,,Tartan,MacHardy,"MacHardy <strong>[default]</strong>",,3380,,No,,Yes,No
2768,,Tartan,MacHinery,"MacHinery <strong>[default]</strong>",,3389,,No,,Yes,No
2769,,Tartan,MacIan,"MacIan <strong>[default]</strong>",,3390,,No,,Yes,No
6365,,Tartan,MacIlvain,"MacIlvain <strong>[default]</strong>",Scottish,78921,,No,,Yes,No
2770,,Tartan,MacInally,"MacInally <strong>[default]</strong>",,3465,,No,,Yes,No
2771,,Tartan,MacInery,"MacInery <strong>[default]</strong>",,3391,,No,,Yes,No
2772,,Tartan,MacIngust,"MacIngust <strong>[default]</strong>",,5912,,No,,Yes,No
2773,,Tartan,MacInnes,"MacInnes <strong>[default]</strong>",,1464,,No,,Yes,No
302634,,Tartan,MacInnes,"MacInnes <strong>Dress</strong>",,,,No,,Yes,No
2775,,Tartan,MacInroy,"MacInroy <strong>Rattray</strong><br/>[AKA] <strong>#2</strong>",,3399,,No,,Yes,No
6209,,Tartan,MacInroy,"MacInroy <strong>[default]</strong>",Scottish,91981,,No,,Yes,No
2785,,Tartan,MacIntyre,"MacIntyre <strong>[default]</strong>",,402,,No,,Yes,No
2784,,Tartan,MacIntyre,"MacIntyre <strong>Strathfillan</strong>",,6081,,No,,Yes,No
2778,,Tartan,MacIntyre,"MacIntyre <strong>(MacGregor Hastie)</strong>",,56,,No,,Yes,No
2781,,Tartan,MacIntyre,"MacIntyre <strong>Hunting (Vestiarium Scoticum)</strong>",,743,,No,,Yes,No
2779,,Tartan,MacIntyre,"MacIntyre <strong>#2</strong>",,62940,,No,,Yes,No
2780,,Tartan,MacIntyre,"MacIntyre <strong>#3</strong>",,7114,,No,,Yes,No
5043,,Tartan,MacIntyre,"MacIntyre <strong>New Hunting</strong>",,,,No,,Yes,No
2782,,Tartan,"MacIntyre of Glenorchy","MacIntyre of Glenorchy <strong>[default]</strong><br/>[AKA] MacIntyre <strong>of Glenorchy</strong>",,3395,,No,,Yes,No
6367,,Tartan,"MacIntyre of Glenorchy","MacIntyre of Glenorchy <strong>#2</strong><br/>[AKA] MacIntyre <strong>of Glenorchy; #2</strong>",Scottish,88456,,No,,Yes,No
2783,,Tartan,"MacIntyre of Littleport","MacIntyre of Littleport <strong>[default]</strong><br/>[AKA] MacIntyre <strong>of Littleport</strong>",,1901,,No,,Yes,No
2787,,Tartan,MacIsaac,"MacIsaac <strong>[default]</strong>",,58296,,No,,Yes,No
2792,,Tartan,MacIver,"MacIver <strong>[default]</strong>",,6087,,No,,Yes,No
2789,,Tartan,MacIver,"MacIver <strong>Hunting</strong>",,2697,,No,,Yes,No
2788,,Tartan,MacIver,"MacIver <strong>#2</strong>",,1855,,No,,Yes,No
2791,,Tartan,"MacIver of Strome","MacIver of Strome <strong>[default]</strong><br/>[AKA] MacIver <strong>of Strome</strong>",,5810,,No,,Yes,No
2797,,Tartan,MacKay,"MacKay <strong>Blue (Vestiarium Scoticum)</strong><br/>[AKA] Morgan [default]<br/>[AKA] Morgan <strong>Blue</strong>",,264,,No,,Yes,No
2798,,Tartan,MacKay,"MacKay <strong>Dress</strong>",,7015,,No,,Yes,No
4927,,Tartan,MacKay,"MacKay <strong>Dutch District</strong>",,,,No,,Yes,No
2800,,Tartan,MacKay,"MacKay <strong>[default]</strong>",Scottish,70312,,No,,Yes,No
2799,,Tartan,"MacKay of Strathnaver","MacKay of Strathnaver <strong>[default]</strong><br/>[AKA] MacKay <strong>of Strathnaver</strong>",,2037,,No,,Yes,No
2803,,Tartan,MacKean,"MacKean <strong>Hunting</strong>",,985,,No,,Yes,No
2807,,Tartan,MacKeever,"MacKeever <strong>[default]</strong>",,5939,,No,,Yes,No
2812,,Tartan,MacKellar,"MacKellar <strong>Dress Red</strong>",,59784,,No,,Yes,No
2808,,Tartan,MacKellar,"MacKellar <strong>Dress</strong>",,926,,No,,Yes,No
2809,,Tartan,MacKellar,"MacKellar <strong>Dress Cerise</strong>",,59827,,No,,Yes,No
2810,,Tartan,MacKellar,"MacKellar <strong>Dress Purple</strong>",,65118,,No,,Yes,No
2815,,Tartan,MacKellar,"MacKellar <strong>[default]</strong>",,939,,No,,Yes,No
2814,,Tartan,MacKellar,"MacKellar <strong>Dress Royal</strong>",,59785,,No,,Yes,No
2813,,Tartan,MacKellar,"MacKellar <strong>Dress Red #2</strong>",,6563,,No,,Yes,No
2811,,Tartan,MacKellar,"MacKellar <strong>Dress Purple #2</strong>",,47,,No,,Yes,No
2824,,Tartan,MacKenzie,"MacKenzie <strong>[default]</strong>",Scottish,70311,,No,,Yes,No
2821,,Tartan,MacKenzie,"MacKenzie <strong>Morgan</strong><br/>[AKA] Morgan <strong>#3</strong>",,6068,,No,,Yes,No
4943,,Tartan,MacKenzie,"MacKenzie <strong>Small Sett</strong>",,,,No,,Yes,No
2819,,Tartan,MacKenzie,"MacKenzie <strong>Hunting; Brown</strong>",,5905,,No,,Yes,No
2818,,Tartan,MacKenzie,"MacKenzie <strong>Dress</strong>",,64732,,No,,Yes,No
2817,,Tartan,MacKenzie,"MacKenzie <strong>#2</strong>",,1687,,No,,Yes,No
6371,,Tartan,MacKenzie,"MacKenzie <strong>Dress #2</strong>",Scottish,76642,,No,,Yes,No
2823,,Tartan,"MacKenzie of Seaforth","MacKenzie of Seaforth <strong>Highland No 2</strong>",,267,,No,,Yes,No
2829,,Tartan,MacKillen,"MacKillen <strong>Hunting</strong>",,5853,,No,,Yes,No
2830,,Tartan,MacKillen,"MacKillen <strong>[default]</strong>",,3422,,No,,Yes,No
2831,,Tartan,MacKillop,"MacKillop <strong>[default]</strong>",,512,,No,,Yes,No
2834,,Tartan,MacKinlay,"MacKinlay <strong>[default]</strong>",,218,,No,,Yes,No
2833,,Tartan,MacKinlay,"MacKinlay <strong>Dress</strong>",,4564,,No,,Yes,No
2832,,Tartan,MacKinlay,"MacKinlay <strong>#2</strong>",,3423,,No,,Yes,No
2837,,Tartan,MacKinnon,"MacKinnon <strong>[default]</strong><br/>[AKA] MacKinnon <strong>1959</strong>",,540,,No,,Yes,No
2836,,Tartan,MacKinnon,"MacKinnon <strong>Hunting</strong>",,1641,,No,,Yes,No
2835,,Tartan,MacKinnon,"MacKinnon <strong>#2</strong>",,5684,,No,,Yes,No
2838,,Tartan,MacKinross,"MacKinross <strong>[default]</strong>",,7125,,No,,Yes,No
2839,,Tartan,MacKintosh,"MacKintosh <strong>Artefact</strong>",,537,,No,,Yes,No
2840,,Tartan,MacKintosh,"MacKintosh <strong>Chief</strong><br/>[AKA] MacKintosh <strong>Clan Chattan</strong><br/>[AKA] MacKintosh <strong>Hong Kong Police Pipe Band</strong>",,1622,,No,,Yes,No
4949,,Tartan,MacKintosh,"MacKintosh <strong>Moy Hall; Plaid</strong>",,,,No,,Yes,No
2846,,Tartan,MacKintosh,"MacKintosh <strong>[default]</strong>",,521,,No,,Yes,No
2845,,Tartan,MacKintosh,"MacKintosh <strong>Red</strong>",,5889,,No,,Yes,No
2843,,Tartan,MacKintosh,"MacKintosh <strong>Hunting</strong>",,544,,No,,Yes,No
2842,,Tartan,MacKintosh,"MacKintosh <strong>Dress Dance</strong>",,6562,,No,,Yes,No
2841,,Tartan,MacKintosh,"MacKintosh <strong>Dress</strong>",,538,,No,,Yes,No
2844,,Tartan,MacKintosh,"MacKintosh <strong>Plaid</strong>",,520,,No,,Yes,No
2847,,Tartan,MacKirdy,"MacKirdy <strong>[default]</strong>",,1092,,No,,Yes,No
2854,,Tartan,MacKusick,"MacKusick <strong>[default]</strong>",,2143,,No,,Yes,No
2858,,Tartan,MacLachlan,"MacLachlan <strong>[default]</strong><br/>[AKA] MacLachlan <strong>Red</strong>",,732,,No,,Yes,No
2857,,Tartan,MacLachlan,"MacLachlan <strong>Dress</strong>",,828,,No,,Yes,No
2856,,Tartan,MacLachlan,"MacLachlan <strong>Chief's Dress; Blue</strong>",,6272,,No,,Yes,No
11785,,Tartan,MacLachlan,"MacLachlan <strong>Old</strong>",,,,No,,Yes,No
2855,,Tartan,MacLachlan,"MacLachlan <strong>Chief's Dress</strong>",,1277,,No,,Yes,No
2859,,Tartan,MacLaggan,"MacLaggan <strong>[default]</strong>",,1045,,No,,Yes,No
2861,,Tartan,MacLaine,"MacLaine <strong>of LochBuie; Hunting</strong><br/>[AKA] MacLaine of Lochbuie [default]",,491,,No,,Yes,No
2860,,Tartan,"MacLaine of Lochbuie","MacLaine of Lochbuie <strong>(Cockburn)</strong><br/>[AKA] MacLaine of Lochbuie [default]",,1462,,No,,Yes,No
2862,,Tartan,MacLamroc,"MacLamroc <strong>[default]</strong>",,2591,,No,,Yes,No
2863,,Tartan,MacLaren,"MacLaren <strong>Albino; Dance</strong>",,5687,,No,,Yes,No
2864,,Tartan,MacLaren,"MacLaren <strong>Dress</strong>",,1770,,No,,Yes,No
4921,,Tartan,MacLaren,"MacLaren <strong>1819 Variant</strong><br/>[AKA] MacLaren <strong>Regent</strong>",,,,No,,Yes,No
2865,,Tartan,MacLaren,"MacLaren <strong>Dress #2</strong>",,649,,No,,Yes,No
2866,,Tartan,MacLaren,"MacLaren <strong>[default]</strong>",,342,,No,,Yes,No
2867,,Tartan,"MacLaren of Broich","MacLaren of Broich <strong>[default]</strong><br/>[AKA] MacLaren <strong>of Broich</strong>",,344,,No,,Yes,No
2871,,Tartan,MacLean,"MacLean <strong>Dress (Lumsden)</strong>",,1686,,No,,Yes,No
2870,,Tartan,MacLean,"MacLean <strong>Black & White</strong>",,1824,,No,,Yes,No
2869,,Tartan,MacLean,"MacLean <strong>#2</strong>",,3442,,No,,Yes,No
4967,,Tartan,"MacLean of Duart","MacLean of Duart <strong>Hunting (Old Colours)</strong><br/>[AKA] MacLean <strong>of Duart; Hunting (Old Colours)</strong>",,,,No,,Yes,No
2872,,Tartan,"MacLean of Duart","MacLean of Duart <strong>[default]</strong><br/>[AKA] MacLean <strong>of Duart</strong>",,2125,,No,,Yes,No
2873,,Tartan,"MacLean of Duart","MacLean of Duart <strong>Hunting (Vestiarium Scoticum)</strong><br/>[AKA] MacLean <strong>of Duart; Hunting (Vestiarium Scoticum)</strong>",,824,,No,,Yes,No
2874,,Tartan,"MacLean of Duart","MacLean of Duart <strong>Dress Burgundy</strong><br/>[AKA] MacLean <strong>of Duart; Dress Burgundy</strong>",,59,,No,,Yes,No
2875,,Tartan,"MacLean of Duart","MacLean of Duart <strong>Dress Red</strong><br/>[AKA] MacLean <strong>of Duart; Dress Red</strong>",,573,,No,,Yes,No
4962,,Tartan,"MacLean of Duart","MacLean of Duart <strong>(Old Colours)</strong><br/>[AKA] MacLean <strong>of Duart; (Old Colours)</strong>",,,,No,,Yes,No
2877,,Tartan,MacLeay,"MacLeay <strong>[default]</strong>",,3437,,No,,Yes,No
2878,,Tartan,MacLeish,"MacLeish <strong>[default]</strong><br/>[AKA] MacLeish <strong>Gillies</strong>",,5689,,No,,Yes,No
2882,,Tartan,MacLellan,"MacLellan <strong>[default]</strong>",,323,,No,,Yes,No
33667,,Tartan,MacLeod,"MacLeod <strong>Red</strong>",,,,No,,Yes,No
2886,,Tartan,MacLeod,"MacLeod <strong>Black & White</strong><br/>[AKA] MacLeod <strong>Mourning</strong>",,1828,,No,,Yes,No
2900,,Tartan,MacLeod,"MacLeod <strong>Snuffbox</strong>",,1268,,No,,Yes,No
6375,,Tartan,MacLeod,"MacLeod <strong>Black and Red</strong>",Scottish,82434,,No,,Yes,No
2887,,Tartan,MacLeod,"MacLeod <strong>Dress; Special</strong>",,6542,,No,,Yes,No
2888,,Tartan,MacLeod,"MacLeod <strong>German</strong>",,6816,,No,,Yes,No
2890,,Tartan,"MacLeod of Assynt","MacLeod of Assynt <strong>[default]</strong><br/>[AKA] MacLeod <strong>of Assynt</strong>",,1582,,No,,Yes,No
2891,,Tartan,"MacLeod of California","MacLeod of California <strong>[default]</strong><br/>[AKA] MacLeod <strong>of California</strong>",,1623,,No,,Yes,No
2892,,Tartan,"MacLeod of Gesto","MacLeod of Gesto <strong>[default]</strong><br/>[AKA] MacLeod <strong>of Gesto</strong>",,1258,,No,,Yes,No
2893,,Tartan,"MacLeod of Harris","MacLeod of Harris <strong>[default]</strong><br/>[AKA] MacLeod <strong>Hunting</strong><br/>[AKA] MacLeod <strong>of Harris</strong>",,1583,,No,,Yes,No
2894,,Tartan,"MacLeod of Lewis","MacLeod of Lewis <strong>[default]</strong><br/>[AKA] MacLeod <strong>of Lewis</strong>",,1272,,No,,Yes,No
2895,,Tartan,"MacLeod of Raasay","MacLeod of Raasay <strong>[default]</strong><br/>[AKA] MacLeod <strong>of Raasay</strong>",,1172,,No,,Yes,No
2896,,Tartan,"MacLeod of Skeabost","MacLeod of Skeabost <strong>[default]</strong><br/>[AKA] MacLeod <strong>of Skeabost</strong>",Scottish,64733,,No,,Yes,No
2897,,Tartan,"MacLeod of Skye","MacLeod of Skye <strong>[default]</strong><br/>[AKA] MacLeod <strong>of Skye</strong>",,263,,No,,Yes,No
2898,,Tartan,"MacLeod of Tullibardine","MacLeod of Tullibardine <strong>[default]</strong><br/>[AKA] MacLeod <strong>of Tullibardine</strong><br/>[AKA] <strong>Red MacLeod</strong>",,3488,,No,,Yes,No
2904,,Tartan,MacLintock,"MacLintock <strong>#2</strong>",,3329,,No,,Yes,No
2905,,Tartan,MacLintock,"MacLintock <strong>[default]</strong>",,881,,No,,Yes,No
14379,,Tartan,MacLulich,"MacLulich <strong>[default]</strong><br/>[AKA] Stewart <strong>Blue</strong>",,556,,No,,Yes,No
2911,,Tartan,MacMaster,"MacMaster <strong>USA#1</strong>",,3493,,No,,Yes,No
2909,,Tartan,MacMaster,"MacMaster <strong>Canada</strong>",,3492,,No,,Yes,No
2917,,Tartan,MacMillan,"MacMillan <strong>Dress</strong>",,1723,,No,,Yes,No
2919,,Tartan,MacMillan,"MacMillan <strong>[default]</strong>",,2025,,No,,Yes,No
2918,,Tartan,MacMillan,"MacMillan <strong>Hunting</strong>",,668,,No,,Yes,No
2916,,Tartan,MacMillan,"MacMillan <strong>Ancient (Clans Originaux)</strong>",,6302,,No,,Yes,No
2915,,Tartan,MacMillan,"MacMillan <strong>#3</strong>",,3494,,No,,Yes,No
2914,,Tartan,MacMillan,"MacMillan <strong>#2</strong>",,5998,,No,,Yes,No
2913,,Tartan,MacMillan,"MacMillan <strong>1946</strong>",,3496,,No,,Yes,No
4936,,Tartan,MacMillan,"MacMillan <strong>Small Sett</strong>",,,,No,,Yes,No
4933,,Tartan,MacMillan,"MacMillan <strong>Black</strong>",,,,No,,Yes,No
2924,,Tartan,MacMugen,"MacMugen <strong>[default]</strong>",,2657,,No,,Yes,No
2929,,Tartan,MacNab,"MacNab <strong>[default]</strong>",,857,,No,,Yes,No
4950,,Tartan,MacNab,"MacNab <strong>1842 Variant</strong>",,,,No,,Yes,No
2928,,Tartan,MacNab,"MacNab <strong>Smith</strong>",,1451,,No,,Yes,No
2927,,Tartan,MacNab,"MacNab <strong>#2</strong>",,967,,No,,Yes,No
2926,,Tartan,MacNab,"MacNab <strong>(Wilsons) 'Real MacNab'</strong>",,3401,,No,,Yes,No
4922,,Tartan,MacNab,"MacNab <strong>1819 Variant</strong>",,,,No,,Yes,No
2933,,Tartan,MacNaughton,"MacNaughton <strong>Dress</strong>",,1434,,No,,Yes,No
2934,,Tartan,MacNaughton,"MacNaughton <strong>Dress #2</strong>",Scottish,73971,,No,,Yes,No
2935,,Tartan,MacNaughton,"MacNaughton <strong>[default]</strong>",,1066,,No,,Yes,No
2936,,Tartan,"MacNeil of Barra","MacNeil of Barra <strong>(Clans Originaux)</strong>",,469,,No,,Yes,No
2939,,Tartan,"MacNeil of Barra","MacNeil of Barra <strong>Old</strong>",,1839,,No,,Yes,No
2941,,Tartan,"MacNeil of Barra","MacNeil of Barra <strong>[default]</strong>",,1767,,No,,Yes,No
2940,,Tartan,"MacNeil of Barra","MacNeil of Barra <strong>Paton; Dress</strong>",,1974,,No,,Yes,No
2938,,Tartan,"MacNeil of Colonsay","MacNeil of Colonsay <strong>(Highland Society of London)</strong><br/>[AKA] MacNeil of Barra <strong>of Colonsay; (Highland Society of London)</strong>",,804,,No,,Yes,No
2937,,Tartan,"MacNeil of Colonsay","MacNeil of Colonsay <strong>[default]</strong><br/>[AKA] MacNeil of Barra <strong>of Colonsay</strong>",,196,,No,,Yes,No
2942,,Tartan,MacNeish,"MacNeish <strong>Hunting</strong>",,3510,,No,,Yes,No
2943,,Tartan,MacNeish,"MacNeish <strong>[default]</strong>",,3509,,No,,Yes,No
2944,,Tartan,MacNett,"MacNett <strong>[default]</strong>",,3501,,No,,Yes,No
2945,,Tartan,MacNicol,"MacNicol <strong>Hunting</strong><br/>[AKA] Nicolson <strong>Hunting</strong>",,3503,,No,,Yes,No
3384,,Tartan,MacNicol,"MacNicol <strong>#2</strong><br/>[AKA] Nicolson <strong>#2</strong>",,1148,,No,,Yes,No
3383,,Tartan,MacNicol,"MacNicol <strong>Red</strong><br/>[AKA] Nicolson <strong>Red</strong>",,1004,,No,,Yes,No
2946,,Tartan,MacNicol,"MacNicol <strong>[default]</strong><br/>[AKA] Nicolson [default]",,1508,,No,,Yes,No
2947,,Tartan,MacNiven,"MacNiven <strong>[default]</strong>",,752,,No,,Yes,No
2948,,Tartan,MacOrrell,"MacOrrell <strong>[default]</strong>",,672,,No,,Yes,No
2950,,Tartan,MacPhail,"MacPhail <strong>Blue bands</strong>",,1028,,No,,Yes,No
2951,,Tartan,MacPhail,"MacPhail <strong>Hunting</strong>",,2158,,No,,Yes,No
2952,,Tartan,MacPhail,"MacPhail <strong>[default]</strong>",,1031,,No,,Yes,No
2955,,Tartan,MacPherson,"MacPherson <strong>Dress</strong>",,5921,,No,,Yes,No
2956,,Tartan,MacPherson,"MacPherson <strong>Dress Blue</strong>",,6539,,No,,Yes,No
1006,,Tartan,MacPherson,"MacPherson <strong>Crubin</strong>",,3854,,No,,Yes,No
2954,,Tartan,MacPherson,"MacPherson <strong>Crubin Plaid</strong>",,588,,No,,Yes,No
2957,,Tartan,MacPherson,"MacPherson <strong>Dress Burgundy</strong>",,1832,,No,,Yes,No
2958,,Tartan,MacPherson,"MacPherson <strong>Dress Green</strong>",,1870,,No,,Yes,No
2959,,Tartan,MacPherson,"MacPherson <strong>Dress Purple</strong>",,59593,,No,,Yes,No
2960,,Tartan,MacPherson,"MacPherson <strong>Dress Red</strong>",Scottish,64711,,No,,Yes,No
2961,,Tartan,MacPherson,"MacPherson <strong>Dress Royal Blue #2</strong>",,1868,,No,,Yes,No
302641,,Tartan,MacPherson,"MacPherson <strong>Hunting</strong><br/>[AKA] MacPherson <strong>Badenoch</strong>",,547,,No,,Yes,No
2962,,Tartan,MacPherson,"MacPherson <strong>Dress Turquoise</strong>",,59594,,No,,Yes,No
2969,,Tartan,MacPherson,"MacPherson <strong>[default]</strong>",Scottish,59421,,No,,Yes,No
2964,,Tartan,"MacPherson of Cluny","MacPherson of Cluny <strong>[default]</strong><br/>[AKA] MacPherson <strong>of Cluny</strong>",,906,,No,,Yes,No
2965,,Tartan,"MacPherson of Cluny","MacPherson of Cluny <strong>Black & White</strong><br/>[AKA] MacPherson <strong>of Cluny; Black & White</strong>",,1830,,No,,Yes,No
2966,,Tartan,"MacPherson of Cluny","MacPherson of Cluny <strong>Red</strong><br/>[AKA] MacPherson <strong>of Cluny; Red</strong>",,3551,,No,,Yes,No
2967,,Tartan,"MacPherson of Glentruim","MacPherson of Glentruim <strong>[default]</strong><br/>[AKA] MacPherson <strong>of Glentruim</strong>",,3552,,No,,Yes,No
2968,,Tartan,"MacPherson of Pitmain","MacPherson of Pitmain <strong>[default]</strong><br/>[AKA] MacPherson <strong>of Pitmain</strong>",,3558,,No,,Yes,No
2970,,Tartan,MacPherson-Grant,"MacPherson-Grant <strong>[default]</strong>",,6055,,No,,Yes,No
2972,,Tartan,MacQuarrie,"MacQuarrie <strong>[default]</strong>",,892,,No,,Yes,No
4956,,Tartan,MacQuarrie,"MacQuarrie <strong>1815 Variant</strong>",,,,No,,Yes,No
2973,,Tartan,MacQueen,"MacQueen <strong>[default]</strong><br/>[AKA] MacQueen <strong>Revan</strong>",,1209,,No,,Yes,No
300943,,Tartan,MacRae,"MacRae <strong>Hunting Grey</strong>",,,,No,,Yes,No
2984,,Tartan,MacRae,"MacRae <strong>[default]</strong><br/>[AKA] MacRae <strong>Red</strong>",,859,,No,,Yes,No
2983,,Tartan,MacRae,"MacRae <strong>The Prince's Own #2</strong>",Scottish,60508,,No,,Yes,No
2982,,Tartan,MacRae,"MacRae <strong>Red; Dress</strong>",,6529,,No,,Yes,No
2981,,Tartan,MacRae,"MacRae <strong>Purple; Dress</strong>",,6530,,No,,Yes,No
4972,,Tartan,MacRae,"MacRae <strong>Dress (Grey)</strong>",,,,No,,Yes,No
2974,,Tartan,MacRae,"MacRae <strong>Dress</strong><br/>[AKA] Scott <strong>Dress #2</strong>",,3570,,No,,Yes,No
2975,,Tartan,MacRae,"MacRae <strong>Hunting</strong>",,800,,No,,Yes,No
2976,,Tartan,MacRae,"MacRae <strong>Hunting (1715 variant)</strong>",,803,,No,,Yes,No
2977,,Tartan,"MacRae of America","MacRae of America <strong>[default]</strong><br/>[AKA] MacRae <strong>of America</strong>",,7304,,No,,Yes,No
2978,,Tartan,"MacRae of Ardentoul","MacRae of Ardentoul <strong>[default]</strong><br/>[AKA] MacRae <strong>of Ardentoul</strong>",,1178,,No,,Yes,No
2979,,Tartan,"MacRae of Conchra","MacRae of Conchra <strong>[default]</strong><br/>[AKA] MacRae <strong>of Conchra</strong>",,1683,,No,,Yes,No
4928,,Tartan,"MacRae of Conchra","MacRae of Conchra <strong>Dress</strong><br/>[AKA] MacRae <strong>of Conchra; Dress</strong>",,,,No,,Yes,No
2980,,Tartan,"MacRae of Inverinate","MacRae of Inverinate <strong>[default]</strong><br/>[AKA] MacRae <strong>of Inverinate</strong>",,2000,,No,,Yes,No
2985,,Tartan,MacRurie,"MacRurie <strong>[default]</strong>",,1498,,No,,Yes,No
2987,,Tartan,MacShane,"MacShane <strong>#2</strong>",Scottish,57410,,No,,Yes,No
2988,,Tartan,MacShane,"MacShane <strong>#3</strong>",,4111,,No,,Yes,No
2989,,Tartan,MacShane,"MacShane <strong>[default]</strong>",,3571,,No,,Yes,No
2990,,Tartan,MacSheehy,"MacSheehy <strong>[default]</strong>",,3572,,No,,Yes,No
2992,,Tartan,MacSporran,"MacSporran <strong>[default]</strong>",,495,,No,,Yes,No
2993,,Tartan,MacStumer,"MacStumer <strong>[default]</strong>",,3573,,No,,Yes,No
2996,,Tartan,MacTaggart,"MacTaggart <strong>[default]</strong>",,409,,No,,Yes,No
2995,,Tartan,MacTaggart,"MacTaggart <strong>#3</strong>",,408,,No,,Yes,No
3000,,Tartan,MacTavish,"MacTavish <strong>[default]</strong><br/>[AKA] MacTavish <strong>Red</strong><br/>[AKA] Thomson <strong>Red</strong>",,3598,,No,,Yes,No
2999,,Tartan,MacTavish,"MacTavish <strong>Hunting</strong><br/>[AKA] <strong>Lord Thomson of Fleet Dress</strong>",,232,,No,,Yes,No
2997,,Tartan,MacTavish,"MacTavish <strong>1850 Variant (Smiths)</strong>",,797,,No,,Yes,No
3004,,Tartan,MacThomas,"MacThomas <strong>[default]</strong>",,407,,No,,Yes,No
3005,,Tartan,MacTier,"MacTier <strong>[default]</strong><br/>[AKA] MacTier <strong>Baronage of Angus & Mearns</strong>",,5692,,No,,Yes,No
3007,,Tartan,MacWhirter,"MacWhirter <strong>[default]</strong>",,158,,No,,Yes,No
3009,,Tartan,MacWilliam,"MacWilliam <strong>[default]</strong>",,1418,,No,,Yes,No
3010,,Tartan,MacWilliam,"MacWilliam <strong>2014</strong>",Scottish,71631,,No,,Yes,No
3008,,Tartan,MacWilliam,"MacWilliam <strong>Hunting</strong>",,1417,,No,,Yes,No
3013,,Tartan,Madewell,"Madewell <strong>Dress</strong>",,4051,,No,,Yes,No
3014,,Tartan,Madewell,"Madewell <strong>[default]</strong>",,4024,,No,,Yes,No
8338,,Tartan,Madoc,"Madoc <strong>of Wales</strong>",Welsh,,,No,"Wales Tartan",Yes,No
3016,,Tartan,Maguire,"Maguire <strong>[default]</strong>",,6065,,No,,Yes,No
3015,,Tartan,Maguire,"Maguire <strong>Black</strong>",Scottish,6812,,No,,Yes,No
3020,,Tartan,Mair,"Mair <strong>[default]</strong>",,1406,,No,,Yes,No
3025,,Tartan,Malcolm,"Malcolm <strong>Dress Variant</strong>",,1785,,No,,Yes,No
3026,,Tartan,Malcolm,"Malcolm <strong>[default]</strong>",,5696,,No,,Yes,No
3023,,Tartan,Malcolm,"Malcolm <strong>1840</strong>",,6470,,No,,Yes,No
3024,,Tartan,Malcolm,"Malcolm <strong>Dress</strong>",,1977,,No,,Yes,No
3040,,Tartan,Mann,"Mann <strong>[default]</strong>",,4127,,No,,Yes,No
3042,,Tartan,Manson,"Manson <strong>[default]</strong>",,987,,No,,Yes,No
3052,,Tartan,Maresh,"Maresh <strong>[default]</strong>",,6264,,No,,Yes,No
3059,,Tartan,Marjoribanks,"Marjoribanks <strong>[default]</strong>",,2607,,No,,Yes,No
3060,,Tartan,Marr,"Marr <strong>[default]</strong><br/>[AKA] Marr <strong>Green</strong><br/>[AKA] <strong>Tribe of Mar</strong>",,1586,,No,,Yes,No
3049,,Tartan,Marr,"Marr <strong>Red</strong>",,529,,No,,Yes,No
3061,,Tartan,Mars,"Mars <strong>[default]</strong>",,3817,,No,,Yes,No
3068,,Tartan,Martin,"Martin <strong>Hunting</strong>",,4943,,No,,Yes,No
3069,,Tartan,Martin,"Martin <strong>[default]</strong>",,1207,,No,,Yes,No
3071,,Tartan,"Mary, Queen of Scots","Mary, Queen of Scots <strong>[default]</strong>",,5969,,No,,Yes,No
6380,,Tartan,Matheson,"Matheson <strong>Hunting (Highland Society of London)</strong>",Scottish,76261,,No,,Yes,No
3081,,Tartan,Matheson,"Matheson <strong>[default]</strong><br/>[AKA] Matheson <strong>Red</strong>",,860,,No,,Yes,No
3077,,Tartan,Matheson,"Matheson <strong>Blue; Hunting</strong>",,3459,,No,,Yes,No
3078,,Tartan,Matheson,"Matheson <strong>Hunting</strong>",,693,,No,,Yes,No
3087,,Tartan,Mauthe,"Mauthe <strong>[default]</strong>",,6000,,No,,Yes,No
12587,,Tartan,Maver,"Maver <strong>[default]</strong>",,,,No,,Yes,No
12938,,Tartan,Maver,"Maver <strong>Dress</strong>",,,,No,,Yes,No
3088,,Tartan,Maxwell,"Maxwell <strong>Hunting</strong>",,865,,No,,Yes,No
3089,,Tartan,Maxwell,"Maxwell <strong>[default]</strong>",,1500,,No,,Yes,No
3091,,Tartan,Mayhew,"Mayhew <strong>[default]</strong>",,6607,,No,,Yes,No
3136,,Tartan,Melville,"Melville <strong>[default]</strong>",,6328,,No,,Yes,No
3146,,Tartan,Menzies,"Menzies <strong>Dress; Black</strong>",Scottish,1812,,No,,Yes,No
3142,,Tartan,Menzies,"Menzies <strong>Brown & White</strong>",,1752,,No,,Yes,No
6395,,Tartan,Menzies,"Menzies <strong>1938</strong>",Scottish,80938,,No,,Yes,No
3147,,Tartan,Menzies,"Menzies <strong>Dress Dance; Blue</strong>",,59791,,No,,Yes,No
3153,,Tartan,Menzies,"Menzies <strong>Mauve & White</strong>",Scottish,57576,,No,,Yes,No
3154,,Tartan,Menzies,"Menzies <strong>Navy & White</strong>",,3470,,No,,Yes,No
3156,,Tartan,Menzies,"Menzies <strong>Originaux</strong>",,3468,,No,,Yes,No
3148,,Tartan,Menzies,"Menzies <strong>Dress Dance; Cerise</strong>",,59790,,No,,Yes,No
3157,,Tartan,Menzies,"Menzies <strong>Red & White</strong>",,1699,,No,,Yes,No
3151,,Tartan,Menzies,"Menzies <strong>Green & Black</strong>",,788,,No,,Yes,No
3158,,Tartan,Menzies,"Menzies <strong>Special</strong>",,47142,,No,,Yes,No
3152,,Tartan,Menzies,"Menzies <strong>Hunting</strong><br/>[AKA] Menzies <strong>Green</strong>",,894,,No,,Yes,No
3159,,Tartan,Menzies,"Menzies <strong>[default]</strong>",,3469,,No,,Yes,No
3145,,Tartan,Menzies,"Menzies <strong>Dress Dance; Black & White</strong>",,1244,,No,,Yes,No
3143,,Tartan,Menzies,"Menzies <strong>Dress; Black (DCD)</strong>",,59787,,No,,Yes,No
3150,,Tartan,Menzies,"Menzies <strong>Dress; Red</strong>",,59788,,No,,Yes,No
3144,,Tartan,Menzies,"Menzies <strong>Dress; Black & Red</strong><br/>[AKA] Menzies <strong>Hunting #2</strong>",,1184,,No,,Yes,No
3149,,Tartan,Menzies,"Menzies <strong>Dress; Orange</strong>",,63311,,No,,Yes,No
3155,,Tartan,"Menzies of Culdares","Menzies of Culdares <strong>[default]</strong><br/>[AKA] Menzies <strong>of Culdares</strong>",,3467,,No,,Yes,No
3160,,Tartan,Meoni,"Meoni <strong>[default]</strong>",,4124,,No,,Yes,No
3166,,Tartan,Meredith,"Meredith <strong>of Wales</strong>",Welsh,6167,,No,"Wales Tartan",Yes,No
3168,,Tartan,Merrilees,"Merrilees <strong>[default]</strong>",,1602,,No,,Yes,No
3167,,Tartan,Merrilees,"Merrilees <strong>Dress</strong>",,6369,,No,,Yes,No
3169,,Tartan,Merwe,"Merwe <strong>[default]</strong>",,6215,,No,,Yes,No
3170,,Tartan,Metcalf,"Metcalf <strong>[default]</strong>",,3471,,No,,Yes,No
3173,,Tartan,Mhor,"Mhor <strong>[default]</strong>",,4519,,No,,Yes,No
3182,,Tartan,Middleton,"Middleton <strong>[default]</strong>",,903,,No,,Yes,No
3188,,Tartan,Miller,"Miller <strong>[default]</strong>",,4177,,No,,Yes,No
3187,,Tartan,Miller,"Miller <strong># 2</strong>",Scottish,58488,,No,,Yes,No
3202,,Tartan,Minnick,"Minnick <strong>[default]</strong>",,3476,,No,,Yes,No
3219,,Tartan,Moffat,"Moffat <strong>[default]</strong>",,1129,,No,,Yes,No
3217,,Tartan,Moffat,"Moffat <strong>#2</strong>",,5674,,No,,Yes,No
3218,,Tartan,Moffat,"Moffat <strong>District</strong>",,1139,,No,,Yes,No
3226,,Tartan,Moncrieffe,"Moncrieffe <strong>[default]</strong><br/>[AKA] Moncrieffe <strong>MacLachlan</strong><br/>[AKA] <strong>No.099</strong><br/>[AKA] Moncrieffe <strong>Lachlan</strong>",,963,,No,,Yes,No
3224,,Tartan,"Moncrieffe of Atholl","Moncrieffe of Atholl <strong>[default]</strong><br/>[AKA] Moncrieffe <strong>of Atholl</strong>",,5940,,No,,Yes,No
3230,,Tartan,Montgomery,"Montgomery <strong>(Vestiarium Scoticum)</strong><br/>[AKA] Montgomery <strong>Blue Green</strong>",,114,,No,,Yes,No
4923,,Tartan,Montgomery,"Montgomery <strong>1815 Variant</strong>",,,,No,,Yes,No
3231,,Tartan,Montgomery,"Montgomery <strong>Colin</strong>",,7252,,No,,Yes,No
3233,,Tartan,Montgomery,"Montgomery <strong>[default]</strong>",,1082,,No,,Yes,No
3240,,Tartan,Montrose,"Montrose <strong>#3</strong>",,350,,No,,Yes,No
3241,,Tartan,Montrose,"Montrose <strong>(McNaughton)</strong>",,5667,,No,,Yes,No
3239,,Tartan,Montrose,"Montrose <strong>#2</strong>",,5666,,No,,Yes,No
3243,,Tartan,Moon,"Moon <strong>[default]</strong>",,4100,,No,,Yes,No
3254,,Tartan,Morgan,"Morgan <strong>of Wales</strong>",Welsh,5760,,No,"Wales Tartan",Yes,No
3259,,Tartan,Morris,"Morris <strong>of Wales</strong>",Welsh,5749,,No,"Wales Tartan",Yes,No
3260,,Tartan,Morrison,"Morrison <strong>Hunting</strong><br/>[AKA] Morrison <strong>Green</strong>",,1083,,No,,Yes,No
3261,,Tartan,Morrison,"Morrison <strong>[default]</strong>",,933,,No,,Yes,No
3263,,Tartan,Moss,"Moss <strong>[default]</strong>",,6063,,No,,Yes,No
3275,,Tartan,Mowat,"Mowat <strong>[default]</strong>",,258,,No,,Yes,No
3273,,Tartan,Mowat,"Mowat <strong>(Clans Originaux)</strong>",,236,,No,,Yes,No
3274,,Tartan,Mowat,"Mowat <strong>Sir Oliver</strong>",,5651,,No,,Yes,No
3278,,Tartan,Muir,"Muir <strong>[default]</strong>",,345,,No,,Yes,No
3281,,Tartan,Muirhead,"Muirhead <strong>[default]</strong>",,3099,,No,,Yes,No
301510,,Tartan,Muirhead,"Muirhead <strong>Hunting (Dalgliesh K1)</strong>",Scottish,62216,,No,,Yes,No
3280,,Tartan,Muirhead,"Muirhead <strong>Hunting</strong>",,6001,,No,,Yes,No
3282,,Tartan,Mulcahy,"Mulcahy <strong>[default]</strong>",,7264,,No,,Yes,No
3283,,Tartan,Mulholland,"Mulholland <strong>[default]</strong>",,5649,,No,,Yes,No
3286,,Tartan,Mundigl,"Mundigl <strong>[default]</strong>",,6066,,No,,Yes,No
3291,,Tartan,Munro,"Munro <strong>[default]</strong><br/>[AKA] Munro <strong>Old</strong>",,974,,No,,Yes,No
3290,,Tartan,Munro,"Munro <strong>(Logan)</strong>",,1516,,No,,Yes,No
3289,,Tartan,Munro,"Munro <strong>Culloden</strong>",,458,,No,,Yes,No
3288,,Tartan,Munro,"Munro <strong>Black & Red</strong>",,1204,,No,,Yes,No
4886,,Tartan,Munro,"Munro <strong>Hunting</strong>",,,,No,,Yes,No
300784,,Tartan,Murdoch,"Murdoch <strong>[default]</strong>",,5646,,No,,Yes,No
3297,,Tartan,Murray,"Murray <strong>Bed Cover</strong>",,131,,No,,Yes,No
3298,,Tartan,Murray,"Murray <strong>Bed hanging</strong>",,5641,,No,,Yes,No
3299,,Tartan,Murray,"Murray <strong>Blair sample</strong>",,5640,,No,,Yes,No
3300,,Tartan,Murray,"Murray <strong>Hose</strong>",,5644,,No,,Yes,No
3308,,Tartan,Murray,"Murray <strong>[default]</strong><br/>[AKA] Murray <strong>Hunting</strong>",,219,,No,,Yes,No
3250,,Tartan,Murray,"Murray <strong>Plaid Artifact</strong>",,991,,No,,Yes,No
3247,,Tartan,"Murray of Abercairney","Murray of Abercairney <strong>[default]</strong><br/>[AKA] Murray <strong>of Abercairney</strong>",,383,,No,,Yes,No
3249,,Tartan,"Murray of Abercairney","Murray of Abercairney <strong>James #2</strong><br/>[AKA] Murray <strong>of Abercairney; James #2</strong>",,5664,,No,,Yes,No
3248,,Tartan,"Murray of Abercairney","Murray of Abercairney <strong>Portrait</strong><br/>[AKA] Murray <strong>of Abercairney; Portrait</strong>",,51,,No,,Yes,No
3301,,Tartan,"Murray of Atholl","Murray of Atholl <strong>[default]</strong><br/>[AKA] Murray <strong>of Mansfield</strong><br/>[AKA] Murray <strong>of Atholl</strong>",,281,,No,,Yes,No
3302,,Tartan,"Murray of Atholl","Murray of Atholl <strong>Dress</strong><br/>[AKA] Murray <strong>of Atholl; Dress</strong>",,1363,,No,,Yes,No
3303,,Tartan,"Murray of Atholl","Murray of Atholl <strong>Red Dress</strong><br/>[AKA] Murray <strong>of Atholl; Red Dress</strong>",,6075,,No,,Yes,No
3304,,Tartan,"Murray of Atholl","Murray of Atholl <strong>variation</strong><br/>[AKA] Murray <strong>of Atholl; variation</strong>",,5984,,No,,Yes,No
3305,,Tartan,"Murray of Elibank","Murray of Elibank <strong>[default]</strong><br/>[AKA] Murray <strong>of Elibank</strong>",,340,,No,,Yes,No
3306,,Tartan,"Murray of Ochtertyre","Murray of Ochtertyre <strong>[default]</strong><br/>[AKA] Murray <strong>of Ochtertyre</strong>",,5642,,No,,Yes,No
13884,,Tartan,"Murray of Tullibardine","Murray of Tullibardine <strong>[default]</strong>",,,,No,,Yes,No
3312,,Tartan,Murtaugh,"Murtaugh <strong>[default]</strong>",,4022,,No,,Yes,No
3319,,Tartan,Nairn,"Nairn <strong>[default]</strong>",,1331,,No,,Yes,No
3318,,Tartan,Nairn,"Nairn <strong>#2</strong>",,5635,,No,,Yes,No
3321,,Tartan,Nance,"Nance <strong>[default]</strong>",,5634,,No,,Yes,No
3320,,Tartan,Nance,"Nance <strong>#2</strong>",,5633,,No,,Yes,No
3323,,Tartan,Napier,"Napier <strong>[default]</strong>",,1242,,No,,Yes,No
3322,,Tartan,Napier,"Napier <strong>Rose</strong>",,6370,,No,,Yes,No
3340,,Tartan,Nery,"Nery <strong>[default]</strong>",,4109,,No,,Yes,No
3341,,Tartan,Nethybridge,"Nethybridge <strong>[default]</strong>",,3884,,No,,Yes,No
3370,,Tartan,Newman,"Newman <strong>[default]</strong>",,2629,,No,,Yes,No
3369,,Tartan,Newman,"Newman <strong>#2</strong>",Scottish,62479,,No,,Yes,No
3379,,Tartan,Nichol,"Nichol <strong>[default]</strong>",Scottish,69811,,No,,Yes,No
3388,,Tartan,Nisbet,"Nisbet <strong>Rose</strong>",,946,,No,,Yes,No
3389,,Tartan,Nisbet,"Nisbet <strong>[default]</strong>",,2115,,No,,Yes,No
3387,,Tartan,Nisbet,"Nisbet <strong>Dress Dance Rose</strong>",,60896,,No,,Yes,No
3397,,Tartan,Norris,"Norris <strong>Hunting</strong>",,5944,,No,,Yes,No
3398,,Tartan,Norris,"Norris <strong>Jack</strong>",,5943,,No,,Yes,No
3399,,Tartan,Norris,"Norris <strong>[default]</strong>",,5942,,No,,Yes,No
6420,,Tartan,Norwegian,"Norwegian <strong>Night</strong>",International,76255,,No,,Yes,No
3412,,Tartan,Norwegian,"Norwegian <strong>Guldbrandsdalen</strong><br/>[AKA] Norwegian <strong>Mannsdrakt</strong>",,5585,,No,,Yes,No
3413,,Tartan,Norwegian,"Norwegian <strong>Migration Period</strong>",,5584,,No,,Yes,No
3414,,Tartan,Norwell,"Norwell <strong>[default]</strong>",,5945,,No,,Yes,No
3453,,Tartan,Nowell,"Nowell <strong>[default]</strong>",,4108,,No,,Yes,No
3456,,Tartan,O'Boyle,"O'Boyle <strong>[default]</strong>",,5946,,No,,Yes,No
3457,,Tartan,O'Brien,"O'Brien <strong>#2</strong>",,6173,,No,,Yes,No
3458,,Tartan,O'Brien,"O'Brien <strong>[default]</strong>",Irish,68805,,No,,Yes,No
14265,,Tartan,O'Buckley,"O'Buckley <strong>Dress</strong>",,,,No,,Yes,No
301029,,Tartan,O'Buckley,"O'Buckley <strong>Hunting</strong><br/>[AKA] <strong>O'Buckley, C</strong>",,,,No,,Yes,No
3459,,Tartan,O'Connor,"O'Connor <strong>#2</strong>",,2217,,No,,Yes,No
3460,,Tartan,O'Connor,"O'Connor <strong>Dress</strong>",,6398,,No,,Yes,No
3461,,Tartan,O'Connor,"O'Connor <strong>Royal Na Connaught</strong>",,5395,,No,,Yes,No
3464,,Tartan,O'Donohue,"O'Donohue <strong>[default]</strong>",,6609,,No,,Yes,No
3465,,Tartan,O'Farrell,"O'Farrell <strong>[default]</strong>",,1875,,No,,Yes,No
3466,,Tartan,O'Keefe,"O'Keefe <strong>[default]</strong>",,1176,,No,,Yes,No
3469,,Tartan,O'Meehan,"O'Meehan <strong>[default]</strong>",,5902,,No,,Yes,No
3471,,Tartan,O'Neill,"O'Neill <strong>Australia</strong>",,2464,,No,,Yes,No
3472,,Tartan,O'Neill,"O'Neill <strong>Cliffford</strong>",,2663,,No,,Yes,No
3473,,Tartan,O'Neill,"O'Neill <strong>Red (Dalgliesh)</strong>",,5535,,No,,Yes,No
3474,,Tartan,O'Neill,"O'Neill <strong>[default]</strong>",,68400,,No,,Yes,No
410085,,Tartan,O'Neill,"O'Neill <strong>Red</strong>",,,,No,,Yes,No
3479,,Tartan,O'Rourke,"O'Rourke <strong>#2</strong>",,6755,,No,,Yes,No
3480,,Tartan,O'Rourke,"O'Rourke <strong>[default]</strong>",Irish,61165,,No,,Yes,No
3484,,Tartan,O'Sullivan,"O'Sullivan <strong>[default]</strong>",,3311,,No,,Yes,No
3486,,Tartan,O'Sullivan-Beare,"O'Sullivan-Beare <strong>[default]</strong>",,5883,,No,,Yes,No
3493,,Tartan,Ochiltree,"Ochiltree <strong>[default]</strong>",,321,,No,,Yes,No
3494,,Tartan,Ochterlony,"Ochterlony <strong>[default]</strong>",,2677,,No,,Yes,No
3505,,Tartan,Ogilvie,"Ogilvie <strong>[default]</strong>",,467,,No,,Yes,No
3496,,Tartan,Ogilvie,"Ogilvie <strong>(Logan)</strong>",,2132,,No,,Yes,No
3497,,Tartan,Ogilvie,"Ogilvie <strong>#2</strong>",,6093,,No,,Yes,No
3498,,Tartan,Ogilvie,"Ogilvie <strong>#3</strong>",,3240,,No,,Yes,No
3499,,Tartan,Ogilvie,"Ogilvie <strong>Black & White</strong>",,1250,,No,,Yes,No
3500,,Tartan,Ogilvie,"Ogilvie <strong>Hunting</strong>",,6082,,No,,Yes,No
3501,,Tartan,"Ogilvie of Airlie","Ogilvie of Airlie <strong>[default]</strong><br/>[AKA] Ogilvie <strong>of Airlie</strong>",,234,,No,,Yes,No
3503,,Tartan,"Ogilvie of Inverarity","Ogilvie of Inverarity <strong>(Wilson)</strong><br/>[AKA] Ogilvie <strong>of Inverarity; (Wilson)</strong>",,676,,No,,Yes,No
3502,,Tartan,"Ogilvie of Inverarity","Ogilvie of Inverarity <strong>(Vestiarium Scoticum)</strong><br/>[AKA] Ogilvie <strong>of Inverarity; (Vestiarium Scoticum)</strong>",,666,,No,,Yes,No
3504,,Tartan,"Ogilvie of Strathallan","Ogilvie of Strathallan <strong>[default]</strong><br/>[AKA] Ogilvie <strong>of Strathallan</strong>",,3064,,No,,Yes,No
3509,,Tartan,Oliphant,"Oliphant <strong>[default]</strong><br/>[AKA] <strong>#2</strong>",,242,,No,,Yes,No
3512,,Tartan,Oliver,"Oliver <strong>Pink; Dress</strong>",,1259,,No,,Yes,No
3513,,Tartan,Oliver,"Oliver <strong>[default]</strong>",,1606,,No,,Yes,No
3511,,Tartan,Oliver,"Oliver <strong>Hunting</strong>",,126,,No,,Yes,No
3510,,Tartan,Oliver,"Oliver <strong>Dress Dance</strong>",,65106,,No,,Yes,No
3546,,Tartan,Owen,"Owen <strong>of Wales</strong>",Welsh,5750,,No,"Wales Tartan",Yes,No
404060,,Tartan,Page,"Page <strong>[default]</strong>",,,,No,,Yes,No
3550,,Tartan,Paget,"Paget <strong>[default]</strong>",,2072,,No,,Yes,No
3551,,Tartan,Paisley,"Paisley <strong>District</strong><br/>[AKA] Cathcart <strong>of Paisley</strong><br/>[AKA] Sempill <strong>of Paisley</strong>",,640,,No,,Yes,No
1154,,Tartan,Paisley,"Paisley <strong>Drennan</strong>",,4710,,No,,Yes,No
3559,,Tartan,Park,"Park <strong>[default]</strong>",,2387,,No,,Yes,No
3562,,Tartan,Parker,"Parker <strong>USA</strong>",,6445,,No,,Yes,No
3561,,Tartan,Parker,"Parker <strong>Dress; USA</strong>",,6446,,No,,Yes,No
3568,,Tartan,Pasteur,"Pasteur <strong>[default]</strong>",,7094,,No,,Yes,No
3571,,Tartan,Paterson,"Paterson <strong>[default]</strong>",,4174,,No,,Yes,No
3570,,Tartan,Paterson,"Paterson <strong>#2</strong>",,3886,,No,,Yes,No
3580,,Tartan,Payne,"Payne <strong>[default]</strong>",,2554,,No,,Yes,No
3578,,Tartan,Payne,"Payne <strong>Dress</strong>",Scottish,58836,,No,,Yes,No
3582,,Tartan,Peacock,"Peacock <strong>Samantha</strong>",,2655,,No,,Yes,No
6432,,Tartan,Pearson,"Pearson <strong>#2</strong>",,87818,,No,,Yes,No
3584,,Tartan,Pearson,"Pearson <strong>[default]</strong>",,1734,,No,,Yes,No
3591,,Tartan,Penman,"Penman <strong>[default]</strong>",,166,,No,,Yes,No
3598,,Tartan,Perry,"Perry <strong>Hunting</strong>",,1119,,No,,Yes,No
3599,,Tartan,Perry,"Perry <strong>[default]</strong>",,38,,No,,Yes,No
3596,,Tartan,Perry,"Perry <strong>Arisaid</strong>",,1304,,No,,Yes,No
3597,,Tartan,Perry,"Perry <strong>Dress</strong>",,1214,,No,,Yes,No
3603,,Tartan,Perthshire,"Perthshire <strong>[default]</strong>",,1670,,No,,Yes,No
3609,,Tartan,Phillips,"Phillips <strong>[default]</strong>",,3914,,No,,Yes,No
3608,,Tartan,Phillips,"Phillips <strong>of Wales</strong>",Welsh,5751,,No,"Wales Tartan",Yes,No
3614,,Tartan,Pierce,"Pierce <strong>[default]</strong>",,4150,,No,,Yes,No
3625,,Tartan,Pitcairn,"Pitcairn <strong>Heritage</strong>",,2199,,No,,Yes,No
3626,,Tartan,Pitcairn,"Pitcairn <strong>Hunting</strong>",,6727,,No,,Yes,No
3629,,Tartan,Platt,"Platt <strong>[default]</strong>",,749,,No,,Yes,No
3631,,Tartan,Plummer,"Plummer <strong>[default]</strong>",,5947,,No,,Yes,No
3639,,Tartan,Pollock,"Pollock <strong>[default]</strong>",,867,,No,,Yes,No
3641,,Tartan,Pople,"Pople <strong>[default]</strong>",,35,,No,,Yes,No
3648,,Tartan,Porteous,"Porteous <strong>[default]</strong>",,1264,,No,,Yes,No
3661,,Tartan,Prestoungrange,"Prestoungrange <strong>[default]</strong><br/>[AKA] Prestoungrange <strong>Dolphinstoun</strong><br/>[AKA] Prestoungrange <strong>Wills</strong>",,2518,,No,,Yes,No
3701,,Tartan,Pringle,"Pringle <strong>#2</strong>",Scottish,69675,,No,,Yes,No
3702,,Tartan,Pringle,"Pringle <strong>[default]</strong>",,5447,,No,,Yes,No
3708,,Tartan,Protheroe,"Protheroe <strong>of Wales</strong>",Welsh,5752,,No,"Wales Tartan",Yes,No
3738,,Tartan,Rae,"Rae <strong>[default]</strong>",,4569,,No,,Yes,No
300285,,Tartan,Raeburn,"Raeburn <strong>[default]</strong>",,1275,,No,,Yes,No
3740,,Tartan,Raeside,"Raeside <strong>[default]</strong>",,6633,,No,,Yes,No
3747,,Tartan,Ralston,"Ralston <strong>UK</strong>",,7075,,No,,Yes,No
3748,,Tartan,Ralston,"Ralston <strong>US</strong>",,6109,,No,,Yes,No
3750,,Tartan,Ramsay,"Ramsay <strong>Angus & Mearns</strong>",,1413,,No,,Yes,No
3751,,Tartan,Ramsay,"Ramsay <strong>Blue</strong>",,259,,No,,Yes,No
3752,,Tartan,Ramsay,"Ramsay <strong>Green</strong>",,3148,,No,,Yes,No
4938,,Tartan,Ramsay,"Ramsay <strong>New Blue</strong>",,,,No,,Yes,No
3754,,Tartan,Ramsay,"Ramsay <strong>Red</strong><br/>[AKA] Ramsay <strong>of Dalhousie</strong>",,1238,,No,,Yes,No
3753,,Tartan,Ramsay,"Ramsay <strong>Orange</strong>",,1198,,No,,Yes,No
3759,,Tartan,Rankin,"Rankin <strong>(Dalgliesh) #2</strong>",,3152,,No,,Yes,No
3762,,Tartan,Rankin,"Rankin <strong>(Dalgliesh)</strong>",,292,,No,,Yes,No
298917,,Tartan,Rankin,"Rankin <strong>/ Rankine</strong>",Scottish,78353,,No,,Yes,No
301920,,Tartan,Rankin,"Rankin <strong>#2</strong>",,,,No,,Yes,No
301919,,Tartan,Rankin,"Rankin <strong>[default]</strong>",,,,No,,Yes,No
3767,,Tartan,Rattray,"Rattray <strong>[default]</strong>",,819,,No,,Yes,No
3766,,Tartan,"Rattray of Lude","Rattray of Lude <strong>[default]</strong><br/>[AKA] Rattray <strong>of Lude</strong>",,1096,,No,,Yes,No
3769,,Tartan,Rea,"Rea <strong>[default]</strong>",,6613,,No,,Yes,No
3771,,Tartan,Reagan,"Reagan <strong>[default]</strong>",,6427,,No,,Yes,No
3803,,Tartan,Rees,"Rees <strong>of Wales</strong>",Welsh,5753,,No,"Wales Tartan",Yes,No
3786,,Tartan,Regan,"Regan <strong>[default]</strong>",,4020,,No,,Yes,No
3792,,Tartan,Reid,"Reid <strong>Green</strong>",,2066,,No,,Yes,No
3789,,Tartan,Reid,"Reid <strong>1939</strong>",,5874,,No,,Yes,No
3791,,Tartan,Reid,"Reid <strong>(Mill City)</strong>",,43883,,No,,Yes,No
3800,,Tartan,Renton,"Renton <strong>[default]</strong>",,7192,,No,,Yes,No
3801,,Tartan,Renwick,"Renwick <strong>[default]</strong>",,787,,No,,Yes,No
3662,,Tartan,Rice,"Rice <strong>of Wales</strong>",Welsh,5754,,No,"Wales Tartan",Yes,No
3804,,Tartan,Richards,"Richards <strong>of Wales</strong>",Welsh,5761,,No,"Wales Tartan",Yes,No
3705,,Tartan,Richards,"Richards <strong>[default]</strong>",,4172,,No,,Yes,No
302505,,Tartan,Riddoch,"Riddoch <strong>[default]</strong>",,,,No,,Yes,No
3816,,Tartan,Ritchie,"Ritchie <strong>[default]</strong>",,5412,,No,,Yes,No
3821,,Tartan,Robbins,"Robbins <strong>[default]</strong>",,412,,No,,Yes,No
3824,,Tartan,Roberts,"Roberts <strong>of Wales</strong>",Welsh,5762,,No,"Wales Tartan",Yes,No
3829,,Tartan,Robertson,"Robertson <strong>Hunting #2</strong>",,59420,,No,,Yes,No
3828,,Tartan,Robertson,"Robertson <strong>Hunting</strong>",,299,,No,,Yes,No
3827,,Tartan,Robertson,"Robertson <strong>Dress #2</strong>",,1804,,No,,Yes,No
4951,,Tartan,Robertson,"Robertson <strong>1842 Variant</strong>",,,,No,,Yes,No
3825,,Tartan,Robertson,"Robertson <strong>1819</strong>",,1501,,No,,Yes,No
3832,,Tartan,Robertson,"Robertson <strong>White line</strong><br/>[AKA] Robertson <strong>New</strong>",,1803,,No,,Yes,No
3833,,Tartan,Robertson,"Robertson <strong>[default]</strong><br/>[AKA] Robertson <strong>Red</strong>",,62219,,No,,Yes,No
3826,,Tartan,Robertson,"Robertson <strong>Dress</strong>",,539,,No,,Yes,No
3830,,Tartan,"Robertson of Struan","Robertson of Struan <strong>[default]</strong><br/>[AKA] Robertson <strong>of Struan</strong>",,530,,No,,Yes,No
3841,,Tartan,Robinson,"Robinson <strong>Dress</strong>",,739,,No,,Yes,No
3842,,Tartan,Robinson,"Robinson <strong>Dress #2</strong>",,3162,,No,,Yes,No
3855,,Tartan,Rollo,"Rollo <strong>[default]</strong>",,1971,,No,,Yes,No
3858,,Tartan,Romsdal,"Romsdal <strong>Norway</strong>",,2087,,No,,Yes,No
3859,,Tartan,Romsdal,"Romsdal <strong>Tresfjord</strong>",,2088,,No,,Yes,No
3862,,Tartan,Rose,"Rose <strong>Dress</strong>",,1227,,No,,Yes,No
3866,,Tartan,Rose,"Rose <strong>[default]</strong><br/>[AKA] Rose <strong>Dress #2</strong><br/>[AKA] Rose <strong>Red</strong>",,845,,No,,Yes,No
3863,,Tartan,Rose,"Rose <strong>Hunting</strong>",,1226,,No,,Yes,No
3865,,Tartan,"Rose of Kilravock","Rose of Kilravock <strong>[default]</strong><br/>[AKA] Rose <strong>of Kilravock</strong>",,3166,,No,,Yes,No
3867,,Tartan,Rosevear,"Rosevear <strong>[default]</strong>",,2541,,No,,Yes,No
3876,,Tartan,Ross,"Ross <strong>Old</strong>",,6435,,No,,Yes,No
3878,,Tartan,Ross,"Ross <strong>[default]</strong><br/>[AKA] Ross <strong>Red</strong>",,883,,No,,Yes,No
3877,,Tartan,Ross,"Ross <strong>Wedding; Dress</strong>",,90,,No,,Yes,No
3869,,Tartan,Ross,"Ross <strong>(Wilsons)</strong>",,3560,,No,,Yes,No
3870,,Tartan,Ross,"Ross <strong>Arisaid</strong>",,3170,,No,,Yes,No
3871,,Tartan,Ross,"Ross <strong>David</strong>",,6103,,No,,Yes,No
3872,,Tartan,Ross,"Ross <strong>Dress Blue</strong>",,59796,,No,,Yes,No
3875,,Tartan,Ross,"Ross <strong>Hunting Dress Dance</strong>",,91583,,No,,Yes,No
3874,,Tartan,Ross,"Ross <strong>Hunting</strong>",,757,,No,,Yes,No
3873,,Tartan,Ross,"Ross <strong>Dress Purple</strong>",,59821,,No,,Yes,No
3707,,Tartan,Rosser,"Rosser <strong>of Wales</strong>",Welsh,4128,,No,"Wales Tartan",Yes,No
3883,,Tartan,Rothesay,"Rothesay <strong>Dress</strong>",,1679,,No,,Yes,No
3882,,Tartan,Rothesay,"Rothesay <strong>#2</strong>",,834,,No,,Yes,No
3884,,Tartan,Rothesay,"Rothesay <strong>Hunting</strong>",,984,,No,,Yes,No
3885,,Tartan,Rothesay,"Rothesay <strong>Red</strong>",,1533,,No,,Yes,No
3926,,Tartan,Rutherford,"Rutherford <strong>[default]</strong>",,6926,,No,,Yes,No
3927,,Tartan,Ruthven,"Ruthven <strong>[default]</strong>",,1521,,No,,Yes,No
3928,,Tartan,Rutledge,"Rutledge <strong>[default]</strong>",,4019,,No,,Yes,No
3930,,Tartan,Ruxton,"Ruxton <strong>Hunting</strong>",,2379,,No,,Yes,No
3929,,Tartan,Ruxton,"Ruxton <strong>Dress</strong>",,2380,,No,,Yes,No
3931,,Tartan,Ruxton,"Ruxton <strong>[default]</strong>",,2378,,No,,Yes,No
3938,,Tartan,Sackett,"Sackett <strong>[default]</strong>",,6918,,No,,Yes,No
3957,,Tartan,Sandberg,"Sandberg <strong>[default]</strong>",,6860,,No,,Yes,No
3974,,Tartan,Sawyer,"Sawyer <strong>[default]</strong>",,2162,,No,,Yes,No
4016,,Tartan,Scott,"Scott <strong>Dress Turquoise</strong>",Scottish,61142,,No,,Yes,No
4010,,Tartan,Scott,"Scott <strong>Autumn</strong>",,5374,,No,,Yes,No
4011,,Tartan,Scott,"Scott <strong>Black & White</strong>",,1245,,No,,Yes,No
4012,,Tartan,Scott,"Scott <strong>(Sir Walter) Personal</strong>",,1826,,No,,Yes,No
4013,,Tartan,Scott,"Scott <strong>(Sir Walter) Abbreviated</strong>",,62,,No,,Yes,No
4014,,Tartan,Scott,"Scott <strong>Brown Hunting</strong>",,1546,,No,,Yes,No
4015,,Tartan,Scott,"Scott <strong>Dress</strong>",,42163,,No,,Yes,No
4017,,Tartan,Scott,"Scott <strong>Green</strong><br/>[AKA] Scott <strong>Hunting</strong>",,825,,No,,Yes,No
4018,,Tartan,Scott,"Scott <strong>Hunting #2</strong>",,763,,No,,Yes,No
4019,,Tartan,Scott,"Scott <strong>MacRae</strong>",,1564,,No,,Yes,No
4020,,Tartan,Scott,"Scott <strong>[default]</strong><br/>[AKA] Scott <strong>Red</strong>",,1005,,No,,Yes,No
4021,,Tartan,Scott,"Scott <strong>(Sir Walter) #2</strong>",,1240,,No,,Yes,No
4961,,Tartan,Scott,"Scott <strong>Brown (Old Colours)</strong>",,,,No,,Yes,No
4022,,Tartan,Scott,"Scott <strong>Green (Sir Walter)</strong>",,50,,No,,Yes,No
4023,,Tartan,Scott,"Scott <strong>(Sir Walter)</strong>",,1037,,No,,Yes,No
4081,,Tartan,"Scrimgeour of Glassary","Scrimgeour of Glassary <strong>[default]</strong><br/>[AKA] Scrimgeour <strong>of Glassary</strong>",,3192,,No,,Yes,No
4082,,Tartan,Scrymgeour,"Scrymgeour <strong>[default]</strong><br/>[AKA] Scrymgeour <strong>Scrimgeour</strong>",,1627,,No,,Yes,No
4089,,Tartan,Selkirk,"Selkirk <strong>#2</strong><br/>[AKA] <strong>No.217</strong>",,3196,,No,,Yes,No
4094,,Tartan,Seller,"Seller <strong>Dress #2</strong>",,3618,,No,,Yes,No
4095,,Tartan,Seller,"Seller <strong>[default]</strong>",,1737,,No,,Yes,No
4093,,Tartan,Seller,"Seller <strong>Dress</strong>",,1811,,No,,Yes,No
4092,,Tartan,Seller,"Seller <strong>#2</strong>",,771,,No,,Yes,No
4096,,Tartan,Sempill,"Sempill <strong>[default]</strong>",,2420,,No,,Yes,No
4097,,Tartan,Semple,"Semple <strong>[default]</strong>",,2292,,No,,Yes,No
4100,,Tartan,Seton,"Seton <strong>Hunting</strong>",,938,,No,,Yes,No
4101,,Tartan,Seton,"Seton <strong>[default]</strong>",,932,,No,,Yes,No
4103,,Tartan,Sey,"Sey <strong>[default]</strong>",,3103,,No,,Yes,No
4112,,Tartan,Shaw,"Shaw <strong>Women's; Dress</strong>",,6381,,No,,Yes,No
4113,,Tartan,Shaw,"Shaw <strong>[default]</strong>",,768,,No,,Yes,No
4110,,Tartan,"Shaw of Tordarroch","Shaw of Tordarroch <strong>[default]</strong><br/>[AKA] Shaw <strong>Red</strong><br/>[AKA] Shaw <strong>of Tordarroch</strong>",,352,,No,,Yes,No
4111,,Tartan,"Shaw of Tordarroch","Shaw of Tordarroch <strong>Hunting</strong><br/>[AKA] Shaw <strong>of Tordarroch; Hunting</strong>",,318,,No,,Yes,No
4114,,Tartan,Shawl,"Shawl <strong>West Virginia</strong>",,3201,,No,,Yes,No
4118,,Tartan,Shearer,"Shearer <strong>[default]</strong>",,3202,,No,,Yes,No
401392,,Tartan,Shepherd,"Shepherd <strong>Derek (Piping)</strong>",Canadian,,,No,,Yes,No
4130,,Tartan,Sillars,"Sillars <strong>[default]</strong>",,3207,,No,,Yes,No
4924,,Tartan,Sinclair,"Sinclair <strong>Hunting; 1884 Variant</strong>",,,,No,,Yes,No
4144,,Tartan,Sinclair,"Sinclair <strong>[default]</strong><br/>[AKA] Sinclair <strong>Red</strong>",,1436,,No,,Yes,No
4139,,Tartan,Sinclair,"Sinclair <strong>Dress (Dance)</strong>",,2434,,No,,Yes,No
4141,,Tartan,Sinclair,"Sinclair <strong>Hunting</strong>",,64738,,No,,Yes,No
4142,,Tartan,Sinclair,"Sinclair <strong>Lyon Count</strong>",,1437,,No,,Yes,No
4143,,Tartan,"Sinclair of Ulster","Sinclair of Ulster <strong>[default]</strong><br/>[AKA] Sinclair <strong>of Ulster</strong>",,339,,No,,Yes,No
4146,,Tartan,Singh,"Singh <strong>[default]</strong>",,2600,,No,,Yes,No
4150,,Tartan,Skene,"Skene <strong>[default]</strong>",,516,,No,,Yes,No
4149,,Tartan,"Skene of Cromar","Skene of Cromar <strong>(Cant version)</strong><br/>[AKA] Skene <strong>of Cromar; (Cant version)</strong>",,7126,,No,,Yes,No
4148,,Tartan,"Skene of Cromar","Skene of Cromar <strong>[default]</strong><br/>[AKA] Skene <strong>of Cromar</strong>",,1136,,No,,Yes,No
4152,,Tartan,Skinner,"Skinner <strong>[default]</strong>",,2341,,No,,Yes,No
4159,,Tartan,Smeaton,"Smeaton <strong>Hunting</strong>",,3214,,No,,Yes,No
4164,,Tartan,Smith,"Smith <strong>[default]</strong><br/>[AKA] MacGowan <strong>Hunting</strong>",,488,,No,,Yes,No
4165,,Tartan,Smithers,"Smithers <strong>[default]</strong>",,2227,,No,,Yes,No
4167,,Tartan,Snodgrass,"Snodgrass <strong>[default]</strong>",,1216,,No,,Yes,No
4170,,Tartan,Sobieski-Stewart,"Sobieski-Stewart <strong>[default]</strong>",,7096,,No,,Yes,No
4174,,Tartan,Somerville,"Somerville <strong># 2</strong>",,63054,,No,,Yes,No
4175,,Tartan,Somerville,"Somerville <strong>[default]</strong>",,1861,,No,,Yes,No
4178,,Tartan,Sorbie,"Sorbie <strong>[default]</strong>",,6313,,No,,Yes,No
4180,,Tartan,Soutar,"Soutar <strong>[default]</strong>",,3976,,No,,Yes,No
4189,,Tartan,Southwick,"Southwick <strong>[default]</strong>",,2642,,No,,Yes,No
4198,,Tartan,Spens,"Spens <strong>Fragment</strong>",,1681,,No,,Yes,No
4199,,Tartan,Spens,"Spens <strong>[default]</strong>",,1671,,No,,Yes,No
4268,,Tartan,Staffa,"Staffa <strong>[default]</strong>",,5891,,No,,Yes,No
4270,,Tartan,Staines,"Staines <strong>[default]</strong>",English,57474,,No,,Yes,No
4273,,Tartan,Starr,"Starr <strong>[default]</strong>",,6373,,No,,Yes,No
4289,,Tartan,Stevenson,"Stevenson <strong>Hunting</strong>",,770,,No,,Yes,No
4290,,Tartan,Stevenson,"Stevenson <strong>Old</strong>",,1558,,No,,Yes,No
4291,,Tartan,Stevenson,"Stevenson <strong>[default]</strong>",,517,,No,,Yes,No
4929,,Tartan,Stewart,"Stewart <strong>Navy Blue</strong>",,,,No,,Yes,No
4302,,Tartan,Stewart,"Stewart <strong>Dress; Blue Lines</strong>",,1791,,No,,Yes,No
4309,,Tartan,Stewart,"Stewart <strong>Mourning Originaux</strong>",,1126,,No,,Yes,No
4307,,Tartan,Stewart,"Stewart <strong>Hunting (1819 variant)</strong>",,1916,,No,,Yes,No
4306,,Tartan,Stewart,"Stewart <strong>Hunting</strong>",,62063,,No,,Yes,No
4305,,Tartan,Stewart,"Stewart <strong>Fragment</strong>",,1316,,No,,Yes,No
4304,,Tartan,Stewart,"Stewart <strong>Dress; Purple</strong>",,6551,,No,,Yes,No
4303,,Tartan,Stewart,"Stewart <strong>Dress; Heather</strong>",,65310,,No,,Yes,No
4328,,Tartan,Stewart,"Stewart <strong>Regency</strong>",Scottish,69449,,No,,Yes,No
4310,,Tartan,Stewart,"Stewart <strong>Mourning Originaux #2</strong>",,1247,,No,,Yes,No
4331,,Tartan,Stewart,"Stewart <strong>Royal (Black & White & Grey)</strong>",,1232,,No,,Yes,No
4330,,Tartan,Stewart,"Stewart <strong>Royal (1819 variant)</strong>",,1375,,No,,Yes,No
4329,,Tartan,Stewart,"Stewart <strong>Royal</strong><br/>[AKA] <strong>Royal Stewart</strong>",,5237,,No,,Yes,No
4324,,Tartan,Stewart,"Stewart <strong>Old</strong>",,319,,No,,Yes,No
4325,,Tartan,Stewart,"Stewart <strong>Pink</strong>",,7033,,No,,Yes,No
4326,,Tartan,Stewart,"Stewart <strong>Plaid</strong>",,1452,,No,,Yes,No
4327,,Tartan,Stewart,"Stewart <strong>Purple</strong>",,59826,,No,,Yes,No
4300,,Tartan,Stewart,"Stewart <strong>Dress</strong>",,1790,,No,,Yes,No
4945,,Tartan,Stewart,"Stewart <strong>Small Sett Black</strong>",,,,No,,Yes,No
4334,,Tartan,Stewart,"Stewart <strong>Royal #2</strong>",,1372,,No,,Yes,No
4292,,Tartan,Stewart,"Stewart <strong>#2</strong>",,5254,,No,,Yes,No
4293,,Tartan,Stewart,"Stewart <strong>Artifact</strong>",,86,,No,,Yes,No
4336,,Tartan,Stewart,"Stewart <strong>Victoria</strong>",,5303,,No,,Yes,No
8386,,Tartan,Stewart,"Stewart <strong>Dress Grey</strong>",,,,No,,Yes,No
5925,,Tartan,Stewart,"Stewart <strong>Blue (Dress)</strong>",Scottish,1794,,No,,Yes,No
4301,,Tartan,Stewart,"Stewart <strong>Dress; 4 red lines</strong>",,1849,,No,,Yes,No
6488,,Tartan,Stewart,"Stewart <strong>Prince Charles Edward</strong>",Scottish,89229,,No,,Yes,No
4294,,Tartan,Stewart,"Stewart <strong>Black</strong>",,1061,,No,,Yes,No
4295,,Tartan,Stewart,"Stewart <strong>Dress Blue</strong>",,1794,,No,,Yes,No
4333,,Tartan,Stewart,"Stewart <strong>Royal (Vestiarium Scoticum)</strong>",,1689,,No,,Yes,No
4296,,Tartan,Stewart,"Stewart <strong>Blue #2</strong>",,54,,No,,Yes,No
4297,,Tartan,Stewart,"Stewart <strong>Camel</strong>",,4038,,No,,Yes,No
4332,,Tartan,Stewart,"Stewart <strong>Royal (Black & White)</strong>",,1231,,No,,Yes,No
4298,,Tartan,Stewart,"Stewart <strong>Campbell</strong>",,5194,,No,,Yes,No
4311,,Tartan,"Stewart of Appin","Stewart of Appin <strong>[default]</strong><br/>[AKA] Stewart <strong>of Appin</strong>",,5182,,No,,Yes,No
4312,,Tartan,"Stewart of Appin","Stewart of Appin <strong>#2</strong><br/>[AKA] Stewart <strong>of Appin; #2</strong>",,428,,No,,Yes,No
4315,,Tartan,"Stewart of Appin","Stewart of Appin <strong>Hunting</strong><br/>[AKA] Stewart <strong>of Appin; Hunting</strong>",,430,,No,,Yes,No
4957,,Tartan,"Stewart of Appin","Stewart of Appin <strong>1842 Variant</strong><br/>[AKA] Stewart <strong>of Appin; 1842 Variant</strong>",,,,No,,Yes,No
4316,,Tartan,"Stewart of Ardshiel","Stewart of Ardshiel <strong>[default]</strong><br/>[AKA] Stewart <strong>of Ardshiel</strong>",,73,,No,,Yes,No
4944,,Tartan,"Stewart of Atholl","Stewart of Atholl <strong>Small Check</strong><br/>[AKA] Stewart <strong>of Atholl; Small Check</strong>",,,,No,,Yes,No
4317,,Tartan,"Stewart of Atholl","Stewart of Atholl <strong>[default]</strong><br/>[AKA] Stewart <strong>of Atholl</strong>",,802,,No,,Yes,No
4319,,Tartan,"Stewart of Fingask","Stewart of Fingask <strong>#2</strong><br/>[AKA] Stewart <strong>of Fingask; #2</strong>",,5844,,No,,Yes,No
4318,,Tartan,"Stewart of Fingask","Stewart of Fingask <strong>[default]</strong><br/>[AKA] Stewart <strong>of Fingask</strong>",,1553,,No,,Yes,No
4320,,Tartan,"Stewart of Galloway","Stewart of Galloway <strong>[default]</strong><br/>[AKA] Stewart <strong>of Galloway</strong>",,851,,No,,Yes,No
4321,,Tartan,"Stewart of Galloway","Stewart of Galloway <strong>(VS)</strong><br/>[AKA] Stewart <strong>of Galloway; #2</strong>",,1201,,No,,Yes,No
4322,,Tartan,"Stewart of Killiecrankie","Stewart of Killiecrankie <strong>[default]</strong><br/>[AKA] Stewart <strong>of Urrard</strong><br/>[AKA] Stewart <strong>of Killiecrankie</strong>",,3249,,No,,Yes,No
4323,,Tartan,"Stewart of Rothesay","Stewart of Rothesay <strong>[default]</strong><br/>[AKA] <strong>Duke of Rothesay #2</strong><br/>[AKA] Stewart <strong>of Rothesay</strong>",,847,,No,,Yes,No
4339,,Tartan,Stinson,"Stinson <strong>[default]</strong>",,438,,No,,Yes,No
6486,,Tartan,Stirling,"Stirling <strong>University of</strong>",Scottish,86717,,No,,Yes,No
4340,,Tartan,Stirling,"Stirling <strong>and Bannockburn</strong><br/>[AKA] Bannerman [default]",,1536,,No,,Yes,No
4341,,Tartan,Stirling,"Stirling <strong>and Bannockburn Dress</strong>",,1705,,No,,Yes,No
4342,,Tartan,Stirling,"Stirling <strong>Millennium</strong>",,2686,,No,,Yes,No
4343,,Tartan,Stirling,"Stirling <strong>[default]</strong>",,6759,,No,,Yes,No
6485,,Tartan,"Stirling of Keir","Stirling of Keir <strong>[default]</strong><br/>[AKA] Stirling <strong>of Keir</strong>",Scottish,88923,,No,,Yes,No
4345,,Tartan,Storrie,"Storrie <strong>[default]</strong>",,3107,,No,,Yes,No
301310,,Tartan,Strachan,"Strachan <strong>[default]</strong>",,60068,,No,,Yes,No
33665,,Tartan,Strachan,"Strachan <strong>Hunting</strong>",,,,No,,Yes,No
4349,,Tartan,Strang,"Strang <strong>[default]</strong>",,4168,,No,,Yes,No
4350,,Tartan,"Strange of Balcaskie","Strange of Balcaskie <strong>[default]</strong><br/>[AKA] Strange <strong>of Balcaskie</strong>",,2259,,No,,Yes,No
4359,,Tartan,Strathearn,"Strathearn <strong>#2</strong>",,59395,,No,,Yes,No
4360,,Tartan,Strathearn,"Strathearn <strong>[default]</strong>",,1890,,No,,Yes,No
4369,,Tartan,"Stuart of Bute","Stuart of Bute <strong>[default]</strong>",,1485,,No,,Yes,No
4371,,Tartan,Sturrock,"Sturrock <strong>[default]</strong>",,1359,,No,,Yes,No
6775,,Tartan,Sutherland,"Sutherland <strong>[default]</strong><br/>[AKA] Sutherland <strong>Clan</strong>",Scottish,,,No,,Yes,No
4387,,Tartan,Sutherland,"Sutherland <strong>Old</strong>",,930,,No,,Yes,No
4385,,Tartan,Sutherland,"Sutherland <strong>Hunting</strong>",,25,,No,,Yes,No
4384,,Tartan,Sutherland,"Sutherland <strong>Dress; Royal Blue</strong>",,6528,,No,,Yes,No
4383,,Tartan,Sutherland,"Sutherland <strong>Dress #2</strong>",,1426,,No,,Yes,No
4382,,Tartan,Sutherland,"Sutherland <strong>Dress</strong>",,295,,No,,Yes,No
4386,,Tartan,"Sutherland of Duffus","Sutherland of Duffus <strong>[default]</strong><br/>[AKA] Sutherland <strong>Lord Duffus Plaid</strong><br/>[AKA] Sutherland <strong>of Duffus</strong>",,3232,,No,,Yes,No
4394,,Tartan,Swan,"Swan <strong>[default]</strong>",,5164,,No,,Yes,No
4401,,Tartan,Syme,"Syme <strong>[default]</strong>",,6376,,No,,Yes,No
4402,,Tartan,Symington,"Symington <strong>[default]</strong>",,7178,,No,,Yes,No
4405,,Tartan,Tait,"Tait <strong>Wedding</strong>",,6284,,No,,Yes,No
4406,,Tartan,Tait,"Tait <strong>[default]</strong>",,5949,,No,,Yes,No
4427,,Tartan,Taylor,"Taylor <strong>Dress</strong>",,810,,No,,Yes,No
4428,,Tartan,Taylor,"Taylor <strong>[default]</strong>",,809,,No,,Yes,No
4430,,Tartan,Teall,"Teall <strong>[default]</strong>",,832,,No,,Yes,No
4435,,Tartan,Tennant,"Tennant <strong>Yules</strong>",,1656,,No,,Yes,No
4436,,Tartan,Tennant,"Tennant <strong>[default]</strong>",,1653,,No,,Yes,No
4442,,Tartan,Terry,"Terry <strong>[default]</strong>",,2204,,No,,Yes,No
4445,,Tartan,Thain,"Thain <strong>[default]</strong>",,1256,,No,,Yes,No
4452,,Tartan,Thirkill,"Thirkill <strong>[default]</strong>",,4015,,No,,Yes,No
4451,,Tartan,Thirkill,"Thirkill <strong>#2</strong>",,6275,,No,,Yes,No
4456,,Tartan,Thomas,"Thomas <strong>of Wales</strong>",Welsh,5763,,No,"Wales Tartan",Yes,No
4472,,Tartan,Thompson,"Thompson <strong>Variant</strong>",,1624,,No,,Yes,No
4466,,Tartan,Thomson,"Thomson <strong>Grey</strong>",,3121,,No,,Yes,No
4940,,Tartan,Thomson,"Thomson <strong>Grey; Small Sett</strong>",,,,No,,Yes,No
4471,,Tartan,Thomson,"Thomson <strong>Navy</strong>",,3769,,No,,Yes,No
4469,,Tartan,Thomson,"Thomson <strong>Hunting #2</strong>",,3863,,No,,Yes,No
4891,,Tartan,Thomson,"Thomson <strong>Red; MacTavish</strong>",,,,No,,Yes,No
4468,,Tartan,Thomson,"Thomson <strong>Hunting</strong>",,231,,No,,Yes,No
4467,,Tartan,Thomson,"Thomson <strong>Grey #2</strong>",,3597,,No,,Yes,No
4465,,Tartan,Thomson,"Thomson <strong>Dress; Grey</strong>",,1611,,No,,Yes,No
4464,,Tartan,Thomson,"Thomson <strong>Dance</strong>",,5132,,No,,Yes,No
4463,,Tartan,Thomson,"Thomson <strong>Camel #3</strong>",,3771,,No,,Yes,No
4462,,Tartan,Thomson,"Thomson <strong>Camel #2</strong>",,5129,,No,,Yes,No
4461,,Tartan,Thomson,"Thomson <strong>Camel</strong>",,2421,,No,,Yes,No
4460,,Tartan,Thomson,"Thomson <strong>Blue</strong><br/>[AKA] Thomson <strong>Thompson Dress</strong><br/>[AKA] MacTavish <strong>Lord Thomson of Fleet</strong><br/>[AKA] MacTavish <strong>Dress</strong>",,5130,,No,,Yes,No
4458,,Tartan,Thomson,"Thomson <strong>Black #2</strong>",,3596,,No,,Yes,No
4457,,Tartan,Thomson,"Thomson <strong>Black</strong>",,3768,,No,,Yes,No
4473,,Tartan,Thorburn,"Thorburn <strong>USA</strong>",,6615,,No,,Yes,No
4474,,Tartan,Thorburn,"Thorburn <strong>[default]</strong>",,6409,,No,,Yes,No
4480,,Tartan,Tindal,"Tindal <strong>[default]</strong>",,2508,,No,,Yes,No
4487,,Tartan,Todd,"Todd <strong>[default]</strong>",,5107,,No,,Yes,No
4490,,Tartan,Tomass,"Tomass <strong>[default]</strong>",,5106,,No,,Yes,No
4497,,Tartan,Toshach,"Toshach <strong>[default]</strong>",,2344,,No,,Yes,No
4503,,Tartan,Traill,"Traill <strong>[default]</strong>",,3093,,No,,Yes,No
4505,,Tartan,Traynor,"Traynor <strong>[default]</strong>",,6608,,No,,Yes,No
4520,,Tartan,Turnbull,"Turnbull <strong>Dress</strong>",,1035,,No,,Yes,No
4521,,Tartan,Turnbull,"Turnbull <strong>Hunting</strong>",,1265,,No,,Yes,No
4541,,Tartan,Ulster,"Ulster <strong>[default]</strong>",,60103,,No,,Yes,No
4538,,Tartan,Ulster,"Ulster <strong>Brown</strong>",,60102,,No,,Yes,No
4539,,Tartan,Ulster,"Ulster <strong>Peat</strong>",,1196,,No,,Yes,No
4540,,Tartan,Ulster,"Ulster <strong>Red</strong>",,792,,No,,Yes,No
4565,,Tartan,Urquhart,"Urquhart <strong>#2</strong>",,4361,,No,,Yes,No
4566,,Tartan,Urquhart,"Urquhart <strong>Broad Red</strong>",,1086,,No,,Yes,No
4569,,Tartan,Urquhart,"Urquhart <strong>[default]</strong>",Scottish,59000,,No,,Yes,No
4568,,Tartan,Urquhart,"Urquhart <strong>White Lines</strong><br/>[AKA] Urquhart <strong>Old</strong><br/>[AKA] Urquhart <strong>Ancient</strong>",,623,,No,,Yes,No
4567,,Tartan,Urquhart,"Urquhart <strong>(Smibert)</strong>",,774,,No,,Yes,No
4607,,Tartan,Vaughan,"Vaughan <strong>of Wales</strong>",Welsh,6168,,No,"Wales Tartan",Yes,No
301661,,Tartan,Veitch,"Veitch <strong>H & Family Hunting</strong>",,,,No,,Yes,No
301388,,Tartan,Veitch,"Veitch <strong>H & Family</strong>",,,,No,,Yes,No
4622,,Tartan,Vipont,"Vipont <strong>[default]</strong>",,1479,,No,,Yes,No
4621,,Tartan,Vipont,"Vipont <strong>Yellow line</strong>",,1491,,No,,Yes,No
4629,,Tartan,Vosko,"Vosko <strong>[default]</strong>",,373,,No,,Yes,No
6509,,Tartan,Waddell,"Waddell <strong>#2 (Fife), Greg</strong>",Scottish,89934,,No,,Yes,No
4632,,Tartan,Waggrall,"Waggrall <strong>[default]</strong>",,1691,,No,,Yes,No
4638,,Tartan,Walker,"Walker <strong>Hunting</strong>",,2069,,No,,Yes,No
4637,,Tartan,Walker,"Walker <strong>Evening</strong>",,2068,,No,,Yes,No
4636,,Tartan,Walker,"Walker <strong>Dress</strong>",,2070,,No,,Yes,No
6511,,Tartan,Wallace,"Wallace <strong>High School</strong>",Scottish,86895,,No,,Yes,No
300424,,Tartan,Wallace,"Wallace <strong>Dress; Blue</strong>",,6569,,No,,Yes,No
4639,,Tartan,Wallace,"Wallace <strong>Blue</strong>",,46,,No,,Yes,No
4643,,Tartan,Wallace,"Wallace <strong>[default]</strong><br/>[AKA] Wallace <strong>Red</strong>",,1208,,No,,Yes,No
4640,,Tartan,Wallace,"Wallace <strong>Dress</strong>",,59600,,No,,Yes,No
4642,,Tartan,Wallace,"Wallace <strong>Hunting</strong>",,1101,,No,,Yes,No
4646,,Tartan,Walters,"Walters <strong>[default]</strong>",,4160,,No,,Yes,No
4648,,Tartan,Wanstall,"Wanstall <strong>[default]</strong>",,6099,,No,,Yes,No
4649,,Tartan,Warden,"Warden <strong>[default]</strong>",,7294,,No,,Yes,No
4650,,Tartan,Wardlaw,"Wardlaw <strong>[default]</strong>",,6600,,No,,Yes,No
4652,,Tartan,Wartley,"Wartley <strong>Hunting</strong>",,4338,,No,,Yes,No
4655,,Tartan,Wasko,"Wasko <strong>[default]</strong>",,3908,,No,,Yes,No
4659,,Tartan,Watkins,"Watkins <strong>of Wales</strong>",Welsh,6169,,No,"Wales Tartan",Yes,No
4660,,Tartan,Watson,"Watson <strong>[default]</strong>",,307,,No,,Yes,No
4661,,Tartan,Watt,"Watt <strong>[default]</strong>",,4210,,No,,Yes,No
4667,,Tartan,Webster,"Webster <strong>[default]</strong>",,4159,,No,,Yes,No
4666,,Tartan,Webster,"Webster <strong>#2</strong>",,4261,,No,,Yes,No
4669,,Tartan,Weir,"Weir <strong>[default]</strong>",,4254,,No,,Yes,No
4671,,Tartan,Weisfeld,"Weisfeld <strong>[default]</strong>",,2617,,No,,Yes,No
4683,,Tartan,Wemyss,"Wemyss <strong>[default]</strong>",,1512,,No,,Yes,No
4699,,Tartan,Wheadon,"Wheadon <strong>[default]</strong>",,3972,,No,,Yes,No
4705,,Tartan,Whitson,"Whitson <strong>[default]</strong>",,1422,,No,,Yes,No
4706,,Tartan,Whitworth,"Whitworth <strong>Artifact</strong>",,1724,,No,,Yes,No
4707,,Tartan,Whitworth,"Whitworth <strong>[default]</strong>",,6052,,No,,Yes,No
4716,,Tartan,Williams,"Williams <strong>of Wales</strong>",Welsh,3234,,No,"Wales Tartan",Yes,No
4717,,Tartan,Williams,"Williams <strong>[default]</strong>",Scottish,69636,,No,,Yes,No
4721,,Tartan,Wilson,"Wilson <strong>[default]</strong>",,626,,No,,Yes,No
6525,,Tartan,Wilson,"Wilson <strong>Janet</strong>",Scottish,76644,,No,,Yes,No
397073,,Tartan,Wishart,"Wishart <strong>Hunting</strong>",,,,No,,Yes,No
4837,,Tartan,Wishart,"Wishart <strong>Dress</strong>",,2104,,No,,Yes,No
4840,,Tartan,Wolfe,"Wolfe <strong>[default]</strong>",,4096,,No,,Yes,No
4848,,Tartan,Wood,"Wood <strong>[default]</strong>",,6630,,No,,Yes,No
4852,,Tartan,Wotherspoon,"Wotherspoon <strong>[default]</strong>",,741,,No,,Yes,No
4853,,Tartan,Wren,"Wren <strong>[default]</strong>",,3815,,No,,Yes,No
1733,,Tartan,Wynn,"Wynn <strong>of Wales</strong>",Welsh,5734,,No,"Wales Tartan",Yes,No
4871,,Tartan,Young,"Young <strong>Christina</strong>",,1722,,No,,Yes,No
4872,,Tartan,Young,"Young <strong>[default]</strong>",,2048,,No,,Yes,No
4881,,Tartan,Yule,"Yule <strong>[default]</strong>",,3896,,No,,Yes,No
13426,,Plain,,"<strong>Earth Violet (Moon)</strong>",,,,No,Moon,No,No
13433,,Plain,,"<strong>Earth Sherbet (Moon)</strong>",,,,No,Moon,No,No
13432,,Plain,,<strong>Fuschia</strong>,,,,No,Moon,No,No
13440,,Plain,,"<strong>Spectrum Carnaby (Moon)</strong>",,,,No,Moon,No,No
6887,,Tweed,,<strong>3716</strong>,,,,No,,No,No
5469,,Plain,,"<strong>Conker; Wool</strong>",,,,Yes,,No,No
13351,,Plain,,"<strong>Spectrum Fenchurch (Moon)</strong>",,,,No,Moon,No,No
13350,,Plain,,"<strong>Earth Lemon (Moon)</strong>",,,,No,Moon,No,No
13407,,Plain,,"<strong>Dark Terracotta Herringbone (Moon)</strong>",,,,No,Moon,No,No
13439,,Plain,,"<strong>Coral (Moon)</strong>",,,,No,Moon,No,No
13427,,Plain,,"<strong>Candy (Moon)</strong>",,,,No,Moon,No,No
13428,,Plain,,"<strong>Earth Strawberry (Moon)</strong>",,,,No,Moon,No,No
13431,,Plain,,"<strong>Iris (Moon)</strong>",,,,No,Moon,No,No
13429,,Plain,,"<strong>Mauve (Moon)</strong>",,,,No,Moon,No,No
13430,,Plain,,"<strong>Lilac (Moon)</strong>",,,,No,Moon,No,No
6888,,Tweed,,<strong>3717</strong>,,,,No,,No,No
6893,,Tweed,,<strong>6000</strong>,,,,No,,No,No
6915,,Tweed,,<strong>6022</strong>,,,,No,,No,No
6890,,Tweed,,<strong>3720</strong>,,,,No,,No,No
13437,,Plain,,"<strong>Earth Violla (Moon)</strong>",,,,No,Moon,No,No
13353,,Plain,,"<strong>Charcoal; Cashmere (Johnstons)</strong>",,,,No,"Johnstons of Elgin",No,No
13377,,Plain,,"<strong>Spectrum Electric (Moon)</strong>",,,,No,Moon,No,No
13378,,Plain,,"<strong>Slate (Moon)</strong>",,,,No,Moon,No,No
6891,,Tweed,,<strong>3733</strong>,,,,No,,No,No
6895,,Tweed,,<strong>6002</strong>,,,,No,,No,No
13379,,Plain,,"<strong>Islington Grey (Moon)</strong>",,,,No,Moon,No,No
13380,,Plain,,"<strong>Charcoal (Moon)</strong>",,,,No,Moon,No,No
13438,,Plain,,"<strong>Earth Peach (Moon)</strong>",,,,No,Moon,No,No
6886,,Tweed,,<strong>3715</strong>,,,,No,,No,No
7890,,Pattern,,"<strong>Centenary Collection 3733</strong>",,,,No,,No,No
6889,,Tweed,,<strong>3718</strong>,,,,No,,No,No
6894,,Tweed,,<strong>6001</strong>,,,,No,,No,No
13436,,Plain,,"<strong>Pink (Moon)</strong>",,,,No,Moon,No,No
6914,,Tweed,,<strong>6021</strong>,,,,No,,No,No
13352,,Plain,,"<strong>Gold (Moon)</strong>",,,,No,Moon,No,No
6907,,Tweed,,<strong>6014</strong>,,,,No,,No,No
7891,,Pattern,,"<strong>Centenary Collection 3734</strong>",,,,No,,No,No
13364,,Plain,,"<strong>Claret; Cotton (House of Edgar)</strong>",,,,No,"House of Edgar",No,No
6912,,Tweed,,<strong>6019</strong>,,,,No,,No,No
6911,,Tweed,,<strong>6018</strong>,,,,No,,No,No
6910,,Tweed,,<strong>6017</strong>,,,,No,,No,No
6909,,Tweed,,<strong>6016</strong>,,,,No,,No,No
7904,,Pattern,,"<strong>Natural Collection Grouse</strong>",,,,No,,No,No
6908,,Tweed,,<strong>6015</strong>,,,,No,,No,No
6883,,Tweed,,<strong>3712</strong>,,,,No,,No,No
6906,,Tweed,,<strong>6013</strong>,,,,No,,No,No
6905,,Tweed,,<strong>6012</strong>,,,,No,,No,No
6904,,Tweed,,<strong>6011</strong>,,,,No,,No,No
6903,,Tweed,,<strong>6010</strong>,,,,No,,No,No
6902,,Tweed,,<strong>6009</strong>,,,,No,,No,No
6901,,Tweed,,<strong>6008</strong>,,,,No,,No,No
6900,,Tweed,,<strong>6007</strong>,,,,No,,No,No
7887,,Pattern,,"<strong>Centenary Collection 3717</strong>",,,,No,,No,No
13359,,Plain,,"<strong>Vicuna; Cashmere (Johnstons)</strong>",,,,No,"Johnstons of Elgin",No,No
6879,,Tweed,,<strong>3706</strong>,,,,No,,No,No
13360,,Plain,,"<strong>Dark Vicuna; Cashmere (Johnstons)</strong>",,,,No,"Johnstons of Elgin",No,No
13358,,Plain,,"<strong>Raisin; Cashmere (Johnstons)</strong>",,,,No,"Johnstons of Elgin",No,No
6878,,Tweed,,<strong>3705</strong>,,,,No,,No,No
6880,,Tweed,,<strong>3707</strong>,,,,No,,No,No
6877,,Tweed,,<strong>3704</strong>,,,,No,,No,No
13357,,Plain,,"<strong>Otter; Cashmere (Johnstons)</strong>",,,,No,"Johnstons of Elgin",No,No
13366,,Plain,,"<strong>Earth Cobalt (Moon)</strong>",,,,No,Moon,No,No
6647,,Tweed,,"<strong>Cairngorm Grey Stripe</strong>",,611054,,No,"Marton Mills",No,No
13361,,Plain,,"<strong>Navy Blue; Cashmere (Johnstons)</strong>",,,,No,"Johnstons of Elgin",No,No
13356,,Plain,,"<strong>Inverness; Cashmere (Johnstons)</strong>",,,,No,"Johnstons of Elgin",No,No
6881,,Tweed,,<strong>3708</strong>,,,,No,,No,No
13362,,Plain,,"<strong>Linlithgow; Cashmere (Johnstons)</strong>",,,,No,"Johnstons of Elgin",No,No
6913,,Tweed,,<strong>6020</strong>,,,,No,,No,No
6882,,Tweed,,<strong>3711</strong>,,,,No,,No,No
7925,,Pattern,,"<strong>Natural Collection Pebble & Mulberry</strong>",,,,No,,No,No
7888,,Pattern,,"<strong>Centenary Collection 3718</strong>",,,,No,,No,No
13373,,Plain,,"<strong>Spectrum Kings X (Moon)</strong>",,,,No,Moon,No,No
13374,,Plain,,"<strong>Spectrum Marylebone (Moon)</strong>",,,,No,Moon,No,No
7923,,Pattern,,"<strong>Natural Collection Heath & Bog</strong>",,,,No,,No,No
6884,,Tweed,,<strong>3713</strong>,,,,No,,No,No
300045,,Plain,,"<strong>Solid Black; Wool (Lochcarron)</strong>",,,,No,,No,No
6892,,Tweed,,<strong>3734</strong>,,,,No,,No,No
13444,,Plain,,"<strong>Lavender (Moon)</strong>",,,,No,Moon,No,No
395611,,Plain,,"<strong>Green 15; Wool</strong>",,,,Yes,,No,No
13443,,Plain,,"<strong>Purple; Lambswool (Moon)</strong>",,,,No,Moon,No,No
6885,,Tweed,,<strong>3714</strong>,,,,No,,No,No
13375,,Plain,,"<strong>Spectrum Water (Moon)</strong>",,,,No,Moon,No,No
7971,,Pattern,,"<strong>Cheviot Green Quarry Red Bog</strong>",,,,No,,No,No
13441,,Plain,,"<strong>Spectrum Haymarket (Moon)</strong>",,,,No,Moon,No,No
13354,,Plain,,"<strong>Light Grey; Cashmere (Johnstons)</strong>",,,,No,"Johnstons of Elgin",No,No
13376,,Plain,,"<strong>Spectrum Liverpool (Moon)</strong>",,,,No,Moon,No,No
7889,,Pattern,,"<strong>Centenary Collection 3720</strong>",,,,No,,No,No
395612,,Plain,,"<strong>Green 15; Wool</strong>",,,,Yes,,No,No
395613,,Plain,,"<strong>Blue 10; Wool</strong>",,,,Yes,,No,No
13372,,Plain,,"<strong>Grey/Ecru (Moon)</strong>",,,,No,Moon,No,No
395614,,Plain,,"<strong>Blue 10; Wool</strong>",,,,Yes,,No,No
13371,,Plain,,"<strong>Earth Jet (Moon)</strong>",,,,No,Moon,No,No
13370,,Plain,,"<strong>Earth Flint (Moon)</strong>",,,,No,Moon,No,No
13369,,Plain,,"<strong>Earth Silver (Moon)</strong>",,,,No,Moon,No,No
6896,,Tweed,,<strong>6003</strong>,,,,No,,No,No
6897,,Tweed,,<strong>6004</strong>,,,,No,,No,No
6898,,Tweed,,<strong>6005</strong>,,,,No,,No,No
7914,,Pattern,,"<strong>Natural Collection Bramble & Griffin</strong>",,,,No,,No,No
6134,,Tweed,,"<strong>Hartwist Overcheck Twill Green #1</strong>",,,,No,"Harrisons of Edinburgh",No,No
13355,,Plain,,"<strong>Mid Grey; Cashmere (Johnstons)</strong>",,,,No,"Johnstons of Elgin",No,No
13367,,Plain,,"<strong>Earth Hessian (Moon)</strong>",,,,No,Moon,No,No
6899,,Tweed,,<strong>6006</strong>,,,,No,,No,No
7303,,Plain,,"<strong>Deep Red; Polyester (Marton Mills)</strong>",,,,No,"Marton Mills",No,No
7295,,Plain,,"<strong>Bowlers Grey; Polyester (Marton Mills)</strong>",,,,No,"Marton Mills",No,No
7296,,Plain,,"<strong>Brown #2; Polyester (Marton Mills)</strong>",,,,No,"Marton Mills",No,No
7297,,Plain,,"<strong>Country Brown; Polyester (Marton Mills)</strong>",,,,No,"Marton Mills",No,No
7298,,Plain,,"<strong>Cream; Polyester (Marton Mills)</strong>",,,,No,"Marton Mills",No,No
7299,,Plain,,"<strong>Dark Green; Polyester (Marton Mills)</strong>",,,,No,"Marton Mills",No,No
7300,,Plain,,"<strong>Dark Navy; Polyester (Marton Mills)</strong>",,,,No,"Marton Mills",No,No
7301,,Plain,,"<strong>Dark Navy #2; Polyester (Marton Mills)</strong>",,,,No,"Marton Mills",No,No
7302,,Plain,,"<strong>Deep Purple; Polyester (Marton Mills)</strong>",,,,No,"Marton Mills",No,No
7294,,Plain,,"<strong>Bottle Green #2; Polyester (Marton Mills)</strong>",,,,No,"Marton Mills",No,No
7304,,Plain,,"<strong>French Navy; Polyester (Marton Mills)</strong>",,,,No,"Marton Mills",No,No
7305,,Plain,,"<strong>German Red; Polyester (Marton Mills)</strong>",,,,No,"Marton Mills",No,No
7306,,Plain,,"<strong>German Yellow; Polyester (Marton Mills)</strong>",,,,No,"Marton Mills",No,No
7307,,Plain,,"<strong>Green St James; Polyester (Marton Mills)</strong>",,,,No,"Marton Mills",No,No
7308,,Plain,,"<strong>Grey; Polyester (Marton Mills)</strong>",,,,No,"Marton Mills",No,No
7309,,Plain,,"<strong>Irish Emerald; Polyester (Marton Mills)</strong>",,,,No,"Marton Mills",No,No
7310,,Plain,,"<strong>Lemon; Polyester (Marton Mills)</strong>",,,,No,"Marton Mills",No,No
7040,,Plain,,"<strong>Herriot Country 8546</strong>",,,,No,"Brook Taverner",No,No
7028,,Plain,,"<strong>Herriot Country 6031</strong>",,,,No,"Brook Taverner",No,No
7029,,Plain,,"<strong>Herriot Country 6032</strong>",,,,No,"Brook Taverner",No,No
7030,,Plain,,"<strong>Herriot Country 6033</strong>",,,,No,"Brook Taverner",No,No
7031,,Plain,,"<strong>Herriot Country 6034</strong>",,,,No,"Brook Taverner",No,No
7032,,Plain,,"<strong>Herriot Country 6035</strong>",,,,No,"Brook Taverner",No,No
7038,,Plain,,"<strong>Herriot Country 8544</strong>",,,,No,"Brook Taverner",No,No
8105,,Pattern,,"<strong>Lovat Ettrick 880</strong>",,,,No,,No,No
8104,,Pattern,,"<strong>Lovat Ettrick 879</strong>",,,,No,,No,No
7311,,Plain,,"<strong>Light Blue; Polyester (Marton Mills)</strong>",,,,No,"Marton Mills",No,No
7044,,Plain,,"<strong>Herriot Country 8551</strong>",,,,No,"Brook Taverner",No,No
7051,,Plain,,"<strong>Drizzle (Light Grey); Wool</strong>",,,,Yes,,No,No
7289,,Plain,,"<strong>Beige; Polyester (Marton Mills)</strong>",,,,No,"Marton Mills",No,No
7290,,Plain,,"<strong>Black #2; Polyester (Marton Mills)</strong>",,,,No,"Marton Mills",No,No
7291,,Plain,,"<strong>Blackfriars Purple; Polyester (Marton Mills)</strong>",,,,No,"Marton Mills",No,No
7292,,Plain,,"<strong>Blue #2; Polyester (Marton Mills)</strong>",,,,No,"Marton Mills",No,No
7293,,Plain,,"<strong>Bordeaux; Polyester (Marton Mills)</strong>",,,,No,"Marton Mills",No,No
7336,,Plain,,"<strong>Ulster Royal Blue; Polyester (Marton Mills)</strong>",,,,No,"Marton Mills",No,No
7328,,Plain,,"<strong>Rust #2; Polyester (Marton Mills)</strong>",,,,No,"Marton Mills",No,No
7329,,Plain,,"<strong>School Grey; Polyester (Marton Mills)</strong>",,,,No,"Marton Mills",No,No
7330,,Plain,,"<strong>Special Green; Polyester (Marton Mills)</strong>",,,,No,"Marton Mills",No,No
7331,,Plain,,"<strong>Tobacco; Polyester (Marton Mills)</strong>",,,,No,"Marton Mills",No,No
7332,,Plain,,"<strong>Turquoise; Polyester (Marton Mills)</strong>",,,,No,"Marton Mills",No,No
7333,,Plain,,"<strong>Twick Grey; Polyester (Marton Mills)</strong>",,,,No,"Marton Mills",No,No
7334,,Plain,,"<strong>Twickenham Red; Polyester (Marton Mills)</strong>",,,,No,"Marton Mills",No,No
7335,,Plain,,"<strong>Ulster Navy Blue; Polyester (Marton Mills)</strong>",,,,No,"Marton Mills",No,No
7327,,Plain,,"<strong>Royal Blue SM; Polyester (Marton Mills)</strong>",,,,No,"Marton Mills",No,No
7337,,Plain,,"<strong>Uniform Navy Blue; Polyester (Marton Mills)</strong>",,,,No,"Marton Mills",No,No
7338,,Plain,,"<strong>Wedgewood; Polyester (Marton Mills)</strong>",,,,No,"Marton Mills",No,No
8102,,Pattern,,"<strong>Lovat Ettrick 877</strong>",,,,No,,No,No
7339,,Plain,,"<strong>White #2; Polyester (Marton Mills)</strong>",,,,No,"Marton Mills",No,No
8101,,Pattern,,"<strong>Lovat Ettrick 876</strong>",,,,No,,No,No
7340,,Plain,,"<strong>Wine; Polyester (Marton Mills)</strong>",,,,No,"Marton Mills",No,No
8100,,Pattern,,"<strong>Lovat Ettrick 875</strong>",,,,No,,No,No
7320,,Plain,,"<strong>Red #3; Polyester (Marton Mills)</strong>",,,,No,"Marton Mills",No,No
7312,,Plain,,"<strong>London Blue; Polyester (Marton Mills)</strong>",,,,No,"Marton Mills",No,No
7313,,Plain,,"<strong>Maroon; Polyester (Marton Mills)</strong>",,,,No,"Marton Mills",No,No
7314,,Plain,,"<strong>Maroon #2; Polyester (Marton Mills)</strong>",,,,No,"Marton Mills",No,No
7315,,Plain,,"<strong>Mid Blue; Polyester (Marton Mills)</strong>",,,,No,"Marton Mills",No,No
7316,,Plain,,"<strong>Navy Blue #2; Polyester (Marton Mills)</strong>",,,,No,"Marton Mills",No,No
7317,,Plain,,"<strong>Navy Blue #3; Polyester (Marton Mills)</strong>",,,,No,"Marton Mills",No,No
7318,,Plain,,"<strong>Nelson Blue; Polyester (Marton Mills)</strong>",,,,No,"Marton Mills",No,No
7319,,Plain,,"<strong>Purple #2; Polyester (Marton Mills)</strong>",,,,No,"Marton Mills",No,No
7027,,Plain,,"<strong>Herriot Country 6030</strong>",,,,No,"Brook Taverner",No,No
7321,,Plain,,"<strong>Red #2; Polyester (Marton Mills)</strong>",,,,No,"Marton Mills",No,No
7322,,Plain,,"<strong>Roman Purple; Polyester (Marton Mills)</strong>",,,,No,"Marton Mills",No,No
7323,,Plain,,"<strong>Roman Purple FR; Polyester (Marton Mills)</strong>",,,,No,"Marton Mills",No,No
7324,,Plain,,"<strong>Royal Blue; Polyester (Marton Mills)</strong>",,,,No,"Marton Mills",No,No
7325,,Plain,,"<strong>Royal Blue #2; Polyester (Marton Mills)</strong>",,,,No,"Marton Mills",No,No
8103,,Pattern,,"<strong>Lovat Ettrick 878</strong>",,,,No,,No,No
7326,,Plain,,"<strong>Royal Blue #3; Polyester (Marton Mills)</strong>",,,,No,"Marton Mills",No,No
13448,,Pattern,,"<strong>Natural/Beige Windowpane (Moon)</strong>",,,,No,Moon,No,No
5490,,Plain,,"<strong>Lemon Curd (Lion); Wool</strong>",,,,Yes,,No,No
5491,,Plain,,"<strong>Sunflower; Wool</strong>",,,,Yes,,No,No
5492,,Plain,,"<strong>Gorse (Daffodil); Wool</strong>",,,,Yes,,No,No
5493,,Plain,,"<strong>Sulphur; Wool</strong>",,,,Yes,,No,No
5494,,Plain,,"<strong>Strathearn Yellow; Wool</strong>",,,,Yes,,No,No
5495,,Plain,,"<strong>Mimosa (Primrose); Wool</strong>",,,,Yes,,No,No
5536,,Plain,,"<strong>Bruichheath Red; Velvet (House of Edgar)</strong>",Scottish,,,No,"House of Edgar",No,No
13453,,Pattern,,"<strong>Portobello Check Pink/Lime; Lambswool (Moon)</strong>",,,,No,Moon,No,No
5489,,Plain,,"<strong>Hay (Muted Yellow); Wool</strong>",,,,Yes,,No,No
5578,,Plain,,"<strong>Claret; Wool</strong>",Scottish,,,No,,No,No
13446,,Pattern,,"<strong>Richmond Check Natural Windowpane (Moon)</strong>",,,,No,Moon,No,No
201,,Tartan,,"<strong>Australian Defence Force Academy</strong>",Australian,57417,,No,"Restricted Fabrics",No,No
13445,,Pattern,,"<strong>Sand Windowpane (Moon)</strong>",,,,No,Moon,No,No
5871,,Plain,,"<strong>Grey/Black Worsted Islington Grey</strong>","United Kingdom",,,No,Moon,No,No
5872,,Plain,,"<strong>Blue Worsted Cyan</strong>","United Kingdom",,,No,Moon,No,No
5873,,Plain,,"<strong>Green Worsted Lime</strong>","United Kingdom",,,No,Moon,No,No
5480,,Plain,,"<strong>Lumsden Pink (Rose); Wool</strong>",,,,Yes,,No,No
5471,,Plain,,"<strong>Beetroot; Wool</strong>",,,,Yes,,No,No
5473,,Plain,,"<strong>Blazer Red (Dark Red); Wool</strong>",,,,Yes,,No,No
5474,,Plain,,"<strong>Cornelian (Rust); Wool</strong>",,,,Yes,,No,No
5475,,Plain,,"<strong>Garnet; Wool</strong>",,,,Yes,,No,No
5476,,Plain,,"<strong>Tapestry (Muted Red); Wool</strong>",,,,No,,No,No
5477,,Plain,,"<strong>Bloom (Wilson's); Wool</strong>",,,,Yes,,No,No
5478,,Plain,,"<strong>Festival (Ancient Scarlet); Wool</strong>",,,,Yes,,No,No
5479,,Plain,,"<strong>Blush (Wilson's Rose); Wool</strong>",,,,Yes,,No,No
5874,,Plain,,"<strong>Red/orange Worsted Rust</strong>","United Kingdom",,,No,Moon,No,No
5481,,Plain,,"<strong>Cavalry; Wool</strong>",,,,Yes,,No,No
5482,,Plain,,"<strong>Nasturtium (Bright Orange); Wool</strong>",,,,Yes,,No,No
5484,,Plain,,"<strong>Goldfinch; Wool</strong>",,,,Yes,,No,No
5485,,Plain,,"<strong>Ginger; Wool</strong>",,,,Yes,,No,No
5486,,Plain,,"<strong>Relic (Dark Saffron); Wool</strong>",,,,Yes,,No,No
5487,,Plain,,"<strong>Broom; Wool</strong>",,,,Yes,,No,No
5488,,Plain,,"<strong>Piccalilli (Wilson's Yellow); Wool</strong>",,,,Yes,,No,No
163,,Tartan,,"<strong>Armstrong (Alec) personal; Victoria City</strong>",,4344,,No,"Restricted Fabrics",No,No
186,,Tartan,,"<strong>Auchairne Estate Estate</strong>",,2214,,No,"Restricted Fabrics",No,No
185,,Tartan,,"<strong>Auburn  University of Alabama</strong>",,5881,,No,"Restricted Fabrics",No,No
182,,Tartan,,"<strong>Atlanta National Gold Course Club</strong>",,2589,,No,"Restricted Fabrics",No,No
178,,Tartan,,"<strong>Asselin (Madeleine) personal; Contrecoeur Dress</strong>",,2295,,No,"Restricted Fabrics",No,No
177,,Tartan,,"<strong>Asselin (Madeleine) personal; Contrecoeur</strong>",,2294,,No,"Restricted Fabrics",No,No
8112,,Pattern,,"<strong>Lovat Ettrick 887</strong>",,,,No,,No,No
8111,,Pattern,,"<strong>Lovat Ettrick 886</strong>",,,,No,,No,No
8110,,Pattern,,"<strong>Lovat Ettrick 885</strong>",,,,No,,No,No
187,,Tartan,,"<strong>Auchairne Estate Grey</strong>",,2479,,No,"Restricted Fabrics",No,No
8109,,Pattern,,"<strong>Lovat Ettrick 884</strong>",,,,No,,No,No
8108,,Pattern,,"<strong>Lovat Ettrick 883</strong>",,,,No,,No,No
8107,,Pattern,,"<strong>Lovat Ettrick 882</strong>",,,,No,,No,No
8106,,Pattern,,"<strong>Lovat Ettrick 881</strong>",,,,No,,No,No
7024,,Plain,,"<strong>Herriot Country 6027</strong>",,,,No,"Brook Taverner",No,No
7025,,Plain,,"<strong>Herriot Country 6028</strong>",,,,No,"Brook Taverner",No,No
7026,,Plain,,"<strong>Herriot Country 6029</strong>",,,,No,"Brook Taverner",No,No
8099,,Pattern,,"<strong>Lovat Ettrick 874</strong>",,,,No,,No,No
13400,,Pattern,,"<strong>Gold; Jaquard Weave (Moon)</strong>",,,,No,Moon,No,No
13424,,Pattern,,"<strong>Knightsbridge Check Purple; Lambswool (Moon)</strong>",,,,No,Moon,No,No
6533,,Plain,,"<strong>RS Red; Wool</strong>",,,,Yes,,No,No
6532,,Plain,,"<strong>Eildon (Mid Navy); Wool</strong>",,,,Yes,,No,No
6192,,Plain,,"<strong>Navy Blue; Angora (Harrisons)</strong>",,,,No,"Harrisons of Edinburgh",No,No
6175,,Plain,,"<strong>Thornproof Barleycorn Brown #2</strong>",,,,No,"Harrisons of Edinburgh",No,No
6173,,Plain,,"<strong>Thornproof Barleycorn Blue #2</strong>",,,,No,"Harrisons of Edinburgh",No,No
6172,,Plain,,"<strong>Thornproof Barleycorn Green #1</strong>",,,,No,"Harrisons of Edinburgh",No,No
6170,,Plain,,"<strong>Thornproof Barleycorn Blue #1</strong>",,,,No,"Harrisons of Edinburgh",No,No
6167,,Plain,,"<strong>Thornproof Barleycorn Brown #1</strong>",,,,No,"Harrisons of Edinburgh",No,No
5983,,Plain,,"<strong>Cheviot Mallard Evergreen</strong>",,,,No,"Marton Mills",No,No
5930,,Plain,,"<strong>Petrol Blue; Cotton (Harrisons)</strong>",,,,No,"Harrisons of Edinburgh",No,No
5884,,Plain,,"<strong>Red/orange Worsted Grape</strong>","United Kingdom",,,No,Moon,No,No
5883,,Plain,,"<strong>Grey/Black Worsted Slate</strong>","United Kingdom",,,No,Moon,No,No
5876,,Plain,,"<strong>Purple/pink Worsted Purple</strong>","United Kingdom",,,No,Moon,No,No
13297,,Plain,,"<strong>Petrol Blue; Cotton (House of Edgar)</strong>",,,,No,"House of Edgar",No,No
13288,,Plain,,"<strong>Carlton; Polyester (Marton Mills)</strong>",,,,No,"Marton Mills",No,No
13290,,Plain,,"<strong>Crimson; Cotton (House of Edgar)</strong>",,,,No,"House of Edgar",No,No
13291,,Plain,,"<strong>Emerald; Cotton (House of Edgar)</strong>",,,,No,"House of Edgar",No,No
13292,,Plain,,"<strong>Lilac; Cotton (House of Edgar)</strong>",,,,No,"House of Edgar",No,No
13293,,Plain,,"<strong>Midnight; Cotton (House of Edgar)</strong>",,,,No,"House of Edgar",No,No
13294,,Plain,,"<strong>Pink; Cotton (House of Edgar)</strong>",,,,No,"House of Edgar",No,No
13295,,Plain,,"<strong>Red; Cotton (House of Edgar)</strong>",,,,No,"House of Edgar",No,No
13296,,Plain,,"<strong>Red; Cotton (Harrisons)</strong>",,,,No,"Harrisons of Edinburgh",No,No
13287,,Plain,,"<strong>Moss Green; Lambswool (Moon)</strong>",,,,No,Moon,No,No
13298,,Plain,,"<strong>Ancient Blue; Wool (Strathmore)</strong>",,,,No,"Strathmore Woollens",No,No
7981,,Pattern,,"<strong>Cheviot Lovat</strong>",,,,No,,No,No
13302,,Plain,,"<strong>Blue; Cotton (House of Edgar)</strong>",,,,No,"House of Edgar",No,No
13303,,Plain,,"<strong>Blue; Polyester (Marton Mills)</strong>",,,,No,"Marton Mills",No,No
13306,,Plain,,"<strong>Green; Cotton (House of Edgar)</strong>",,,,No,"House of Edgar",No,No
13307,,Plain,,"<strong>Green; Polyester (Marton Mills)</strong>",,,,No,"Marton Mills",No,No
13309,,Plain,,"<strong>Navy Blue; Cotton (Harrisons)</strong>",,,,No,"Harrisons of Edinburgh",No,No
13283,,Plain,,"<strong>Royal Blue; Cotton (House of Edgar)</strong>",,,,No,"House of Edgar",No,No
7523,,Plain,,"<strong>Black; Cashmere (Johnstons)</strong>",,,,No,"Johnstons of Elgin",No,No
7524,,Plain,,"<strong>Camel; Cashmere (Johnstons)</strong>",,,,No,"Johnstons of Elgin",No,No
7525,,Plain,,"<strong>Chartreuse; Cashmere (Johnstons)</strong>",,,,No,"Johnstons of Elgin",No,No
7526,,Plain,,"<strong>French Blue; Cashmere (Johnstons)</strong>",,,,No,"Johnstons of Elgin",No,No
7527,,Plain,,"<strong>Hessian; Cashmere (Johnstons)</strong>",,,,No,"Johnstons of Elgin",No,No
7528,,Plain,,"<strong>Wine; Cashmere (Johnstons)</strong>",,,,No,"Johnstons of Elgin",No,No
7988,,Pattern,,"<strong>Ingles Tweed ES084</strong>",,,,No,,No,No
13281,,Plain,,"<strong>Dark Burgandy (Harrisons)</strong>",,,,No,"Harrisons of Edinburgh",No,No
7979,,Pattern,,"<strong>Cheviot row-198</strong>",,,,No,,No,No
13284,,Plain,,"<strong>Bottle Green; Polyester (Marton Mills)</strong>",,,,No,"Marton Mills",No,No
7987,,Pattern,,"<strong>Ingles Tweed ES076</strong>",,,,No,,No,No
7986,,Pattern,,"<strong>Ingles Tweed ES074</strong>",,,,No,,No,No
13285,,Plain,,"<strong>Ivory; Polyester (Marton Mills)</strong>",,,,No,"Marton Mills",No,No
7985,,Pattern,,"<strong>Ingles Tweed ES065</strong>",,,,No,,No,No
7984,,Pattern,,"<strong>Ingles Tweed ES063</strong>",,,,No,,No,No
13286,,Plain,,"<strong>Brown; Polyester (Marton Mills)</strong>",,,,No,"Marton Mills",No,No
13341,,Plain,,"<strong>Spectrum Coventry (Moon)</strong>",,,,No,Moon,No,No
13334,,Plain,,"<strong>Moss (Moon)</strong>",,,,No,Moon,No,No
13335,,Plain,,"<strong>Pistachio (Moon)</strong>",,,,No,Moon,No,No
13336,,Plain,,"<strong>Apple (Moon)</strong>",,,,No,Moon,No,No
13337,,Plain,,"<strong>Pear (Moon)</strong>",,,,No,Moon,No,No
7978,,Pattern,,"<strong>Cheviot Bracken & String</strong>",,,,No,,No,No
13338,,Plain,,"<strong>Mint (Moon)</strong>",,,,No,Moon,No,No
13339,,Plain,,"<strong>Spectrum Jermyn (Moon)</strong>",,,,No,Moon,No,No
13340,,Plain,,"<strong>Spectrum Regent (Moon)</strong>",,,,No,Moon,No,No
13333,,Plain,,"<strong>Earth Willow (Moon)</strong>",,,,No,Moon,No,No
13342,,Plain,,"<strong>Spectrum Bond (Moon)</strong>",,,,No,Moon,No,No
13343,,Plain,,"<strong>Spectrum Harley (Moon)</strong>",,,,No,Moon,No,No
13344,,Plain,,"<strong>Spectrum Oxford (Moon)</strong>",,,,No,Moon,No,No
13345,,Plain,,"<strong>Spectrum Piccadilly (Moon)</strong>",,,,No,Moon,No,No
13346,,Plain,,"<strong>Spectrum Westminster (Moon)</strong>",,,,No,Moon,No,No
13347,,Plain,,"<strong>Lime; Lambswool (Moon)</strong>",,,,No,Moon,No,No
13348,,Plain,,"<strong>Lime (Moon)</strong>",,,,No,Moon,No,No
7459,,Plain,,"<strong>Buttermilk (Moon)</strong>",,,,No,Moon,No,No
13332,,Plain,,"<strong>Fern (Moon)</strong>",,,,No,Moon,No,No
13331,,Plain,,"<strong>Earth Finch (Moon)</strong>",,,,No,Moon,No,No
13330,,Plain,,"<strong>Earth Lovat (Moon)</strong>",,,,No,Moon,No,No
13329,,Plain,,"<strong>Earth Gorse (Moon)</strong>",,,,No,Moon,No,No
13328,,Plain,,"<strong>Sea (Moon)</strong>",,,,No,Moon,No,No
13323,,Plain,,"<strong>Bottle Green; Polyviscose (Marton Mills)</strong>",,,,No,"Marton Mills",No,No
13322,,Plain,,"<strong>Black; Polywool (Marton Mills</strong>",,,,No,"Marton Mills",No,No
13321,,Plain,,"<strong>Black; Polyviscose (Marton Mills)</strong>",,,,No,"Marton Mills",No,No
13320,,Plain,,"<strong>Black; Polyester (Marton Mills)</strong>",,,,No,"Marton Mills",No,No
13316,,Plain,,"<strong>Black; Wool (Marton Mills)</strong>",,,,No,"Marton Mills",No,No
13315,,Plain,,"<strong>Black; Cotton (House of Edgar)</strong>",,,,No,"House of Edgar",No,No
145,,Tartan,,"<strong>Antonelli (John) personal</strong>",Scottish,44016,,No,"Restricted Fabrics",No,No
13313,,Plain,,"<strong>Black; Wool (Strathmore)</strong>",,,,No,"Strathmore Woollens",No,No
13312,,Plain,,"<strong>Black; Cotton (Harrisons)</strong>",,,,No,"Harrisons of Edinburgh",No,No
13311,,Plain,,"<strong>Navy Blue; Polyester (Marton Mills)</strong>",,,,No,"Marton Mills",No,No
8083,,Pattern,,"<strong>Lovat Ettrick 858</strong>",,,,No,,No,No
8090,,Pattern,,"<strong>Lovat Ettrick 865</strong>",,,,No,,No,No
8089,,Pattern,,"<strong>Lovat Ettrick 864</strong>",,,,No,,No,No
8088,,Pattern,,"<strong>Lovat Ettrick 863</strong>",,,,No,,No,No
8087,,Pattern,,"<strong>Lovat Ettrick 862</strong>",,,,No,,No,No
8086,,Pattern,,"<strong>Lovat Ettrick 861</strong>",,,,No,,No,No
7376,,Plain,,"<strong>Cream PD; Polywool (Marton Mills)</strong>",,,,No,"Marton Mills",No,No
8085,,Pattern,,"<strong>Lovat Ettrick 860</strong>",,,,No,,No,No
8084,,Pattern,,"<strong>Lovat Ettrick 859</strong>",,,,No,,No,No
8091,,Pattern,,"<strong>Lovat Ettrick 866</strong>",,,,No,,No,No
7377,,Plain,,"<strong>Navy Blue PD; Polywool (Marton Mills)</strong>",,,,No,"Marton Mills",No,No
7378,,Plain,,"<strong>Brown PD; Polywool (Marton Mills)</strong>",,,,No,"Marton Mills",No,No
8082,,Pattern,,"<strong>Lovat Ettrick 857</strong>",,,,No,,No,No
7379,,Plain,,"<strong>Red; Polywool (Marton Mills)</strong>",,,,No,"Marton Mills",No,No
7380,,Plain,,"<strong>Beige PD; Polywool (Marton Mills)</strong>",,,,No,"Marton Mills",No,No
8081,,Pattern,,"<strong>Lovat Ettrick 856</strong>",,,,No,,No,No
8080,,Pattern,,"<strong>Lovat Ettrick 855</strong>",,,,No,,No,No
7368,,Plain,,"<strong>Malibu; Polyviscose (Marton Mills)</strong>",,,,No,"Marton Mills",No,No
8098,,Pattern,,"<strong>Lovat Ettrick 873</strong>",,,,No,,No,No
8097,,Pattern,,"<strong>Lovat Ettrick 872</strong>",,,,No,,No,No
7341,,Plain,,"<strong>Wine #2; Polyester (Marton Mills)</strong>",,,,No,"Marton Mills",No,No
8096,,Pattern,,"<strong>Lovat Ettrick 871</strong>",,,,No,,No,No
7342,,Plain,,"<strong>York Flint; Polyester (Marton Mills)</strong>",,,,No,"Marton Mills",No,No
8095,,Pattern,,"<strong>Lovat Ettrick 870</strong>",,,,No,,No,No
7367,,Plain,,"<strong>Harrow FD; Polyviscose (Marton Mills)</strong>",,,,No,"Marton Mills",No,No
8094,,Pattern,,"<strong>Lovat Ettrick 869</strong>",,,,No,,No,No
7381,,Plain,,"<strong>Airforce Blue FD; Polywool (Marton Mills)</strong>",,,,No,"Marton Mills",No,No
7369,,Plain,,"<strong>Spithead FD; Polyviscose (Marton Mills)</strong>",,,,No,"Marton Mills",No,No
8093,,Pattern,,"<strong>Lovat Ettrick 868</strong>",,,,No,,No,No
7370,,Plain,,"<strong>Heather; Polyviscose (Marton Mills)</strong>",,,,No,"Marton Mills",No,No
7371,,Plain,,"<strong>Bottle Green; Polywool (Marton Mills)</strong>",,,,No,"Marton Mills",No,No
7374,,Plain,,"<strong>Light Navy Blue PD; Polyviscose (Marton Mills)</strong>",,,,No,"Marton Mills",No,No
8092,,Pattern,,"<strong>Lovat Ettrick 867</strong>",,,,No,,No,No
7375,,Plain,,"<strong>Navy Blue; Polywool (Marton Mills)</strong>",,,,No,"Marton Mills",No,No
7398,,Plain,,"<strong>Dark Red PD; Polywool (Marton Mills)</strong>",,,,No,"Marton Mills",No,No
7391,,Plain,,"<strong>Hab Green PD; Polywool (Marton Mills)</strong>",,,,No,"Marton Mills",No,No
7392,,Plain,,"<strong>Lovat PD; Polywool (Marton Mills)</strong>",,,,No,"Marton Mills",No,No
7393,,Plain,,"<strong>Flannel Grey FD; Polywool (Marton Mills)</strong>",,,,No,"Marton Mills",No,No
7394,,Plain,,"<strong>Dark Navy Blue FD; Polywool (Marton Mills)</strong>",,,,No,"Marton Mills",No,No
7395,,Plain,,"<strong>Royal Blue; Polywool (Marton Mills)</strong>",,,,No,"Marton Mills",No,No
7989,,Pattern,,"<strong>Ingles Tweed ES086</strong>",,,,No,,No,No
7396,,Plain,,"<strong>Charcoal PD; Polywool (Marton Mills)</strong>",,,,No,"Marton Mills",No,No
7397,,Plain,,"<strong>Bottle Green PD; Polywool (Marton Mills)</strong>",,,,No,"Marton Mills",No,No
7390,,Plain,,"<strong>Grey FD; Polywool (Marton Mills)</strong>",,,,No,"Marton Mills",No,No
7399,,Plain,,"<strong>Maroon FD; Polywool (Marton Mills)</strong>",,,,No,"Marton Mills",No,No
7400,,Plain,,"<strong>French Navy PD; Polywool (Marton Mills)</strong>",,,,No,"Marton Mills",No,No
7401,,Plain,,"<strong>Cherry Red PD; Polywool (Marton Mills)</strong>",,,,No,"Marton Mills",No,No
7402,,Plain,,"<strong>Maroon PD; Polywool (Marton Mills)</strong>",,,,No,"Marton Mills",No,No
7452,,Plain,,"<strong>Earth Sea Grass (Moon)</strong>",,,,No,Moon,No,No
7457,,Plain,,"<strong>Heather (Moon)</strong>",,,,No,Moon,No,No
7458,,Plain,,"<strong>Sage (Moon)</strong>",,,,No,Moon,No,No
13349,,Plain,,"<strong>Earth Honey (Moon)</strong>",,,,No,Moon,No,No
7389,,Plain,,"<strong>Notre Dame Blue PD; Polywool (Marton Mills)</strong>",,,,No,"Marton Mills",No,No
7388,,Plain,,"<strong>Turquoise PD; Polywool (Marton Mills)</strong>",,,,No,"Marton Mills",No,No
7387,,Plain,,"<strong>Midnight PD; Polywool (Marton Mills)</strong>",,,,No,"Marton Mills",No,No
7386,,Plain,,"<strong>Dark Grey; Polywool (Marton Mills)</strong>",,,,No,"Marton Mills",No,No
7385,,Plain,,"<strong>Purple PD; Polywool (Marton Mills)</strong>",,,,No,"Marton Mills",No,No
8011,,Pattern,,"<strong>Estate tweeds 7728</strong>",,,,No,,No,No
8015,,Pattern,,"<strong>Estate tweeds Glen Hume</strong>",,,,No,,No,No
7384,,Plain,,"<strong>Mid Blue PD; Polywool (Marton Mills)</strong>",,,,No,"Marton Mills",No,No
8023,,Pattern,,"<strong>Islay tweed h03</strong>",,,,No,,No,No
8076,,Pattern,,"<strong>Lovat Ettrick 851</strong>",,,,No,,No,No
8077,,Pattern,,"<strong>Lovat Ettrick 852</strong>",,,,No,,No,No
8078,,Pattern,,"<strong>Lovat Ettrick 853</strong>",,,,No,,No,No
7383,,Plain,,"<strong>Electric Blue PD; Polywool (Marton Mills)</strong>",,,,No,"Marton Mills",No,No
7382,,Plain,,"<strong>Charcoal FD; Polywool (Marton Mills)</strong>",,,,No,"Marton Mills",No,No
8079,,Pattern,,"<strong>Lovat Ettrick 854</strong>",,,,No,,No,No
6142,,Pattern,,"<strong>Hartwist Overcheck Twill Green #9</strong>",,,,No,"Harrisons of Edinburgh",No,No
5326,,Pattern,,"<strong>Bowhill Houndstooth Brown</strong>",,,,No,,No,No
5327,,Pattern,,"<strong>Bowhill Houndstooth Brown #2</strong>",,,,No,,No,No
5328,,Pattern,,"<strong>Bowhill Overcheck Barleycorn Brown</strong>",,,,No,,No,No
6144,,Pattern,,"<strong>Hartwist Overcheck Twill Green #11</strong>",,,,No,"Harrisons of Edinburgh",No,No
5329,,Pattern,,"<strong>Bowhill Overcheck Barleycorn Brown #2</strong>",,,,No,,No,No
5330,,Pattern,,"<strong>Bowhill Overcheck Herringbone Brown</strong>",,,,No,,No,No
6143,,Pattern,,"<strong>Hartwist Overcheck Twill Green #10</strong>",,,,No,"Harrisons of Edinburgh",No,No
5331,,Pattern,,"<strong>Bowhill Overcheck Herringbone Brown #2</strong>",,,,No,,No,No
5332,,Pattern,,"<strong>Bowhill Overcheck Herringbone Green</strong>",,,,No,,No,No
5333,,Pattern,,"<strong>Bowhill Overcheck Twill Brown</strong>",,,,No,,No,No
5325,,Pattern,,"<strong>Bowhill Herringbone Grey</strong>",,,,No,,No,No
5334,,Pattern,,"<strong>Bowhill Overcheck Twill Brown #2</strong>",,,,No,,No,No
5335,,Pattern,,"<strong>Bowhill Overcheck Twill Brown #3</strong>",,,,No,,No,No
5336,,Pattern,,"<strong>Bowhill Overcheck Twill Brown #4</strong>",,,,No,,No,No
5337,,Pattern,,"<strong>Bowhill Overcheck Twill Green</strong>",,,,No,,No,No
5338,,Pattern,,"<strong>Bowhill Overcheck Twill Green #2</strong>",,,,No,,No,No
5339,,Pattern,,"<strong>Bowhill Striped Brown</strong>",,,,No,,No,No
5340,,Pattern,,"<strong>Bowhill Striped Grey</strong>",,,,No,,No,No
5342,,Pattern,,"<strong>Bowhill Unpatterned Brown</strong>",,,,No,,No,No
5347,,Pattern,,"<strong>Bowhill Herringbone Blue</strong>",,,,No,,No,No
5348,,Pattern,,"<strong>Bowhill Herringbone Brown</strong>",,,,No,,No,No
5315,,Pattern,,"<strong>Bowhill Check Brown #2</strong>",,,,No,,No,No
5295,,Pattern,,"<strong>Millionaire Overcheck Herringbone Green</strong>",,,,No,,No,No
6148,,Pattern,,"<strong>Hartwist Overcheck Twill Mustard #3</strong>",,,,No,"Harrisons of Edinburgh",No,No
6147,,Pattern,,"<strong>Hartwist Overcheck Twill Mustard #2</strong>",,,,No,"Harrisons of Edinburgh",No,No
6146,,Pattern,,"<strong>Hartwist Overcheck Twill Mustard #1</strong>",,,,No,"Harrisons of Edinburgh",No,No
5296,,Pattern,,"<strong>Millionaire Overcheck Herringbone Grey</strong>",,,,No,,No,No
5297,,Pattern,,"<strong>Millionaire Overcheck Twill Grey #2</strong>",,,,No,,No,No
5306,,Pattern,,"<strong>Millionaire Unpatterned Blue</strong>",,,,No,,No,No
5308,,Pattern,,"<strong>Brown Worsted Light Brown</strong>",,,,No,"Harrisons of Edinburgh",No,No
5309,,Pattern,,"<strong>Brown Worsted Tan</strong>",,,,No,"Harrisons of Edinburgh",No,No
5314,,Pattern,,"<strong>Bowhill Check Brown</strong>",,,,No,,No,No
5349,,Pattern,,"<strong>Bowhill Herringbone Brown #2</strong>",,,,No,,No,No
5316,,Pattern,,"<strong>Bowhill Check Brown #3</strong>",,,,No,,No,No
5317,,Pattern,,"<strong>Bowhill Check Brown #4</strong>",,,,No,,No,No
5318,,Pattern,,"<strong>Bowhill Check Green</strong>",,,,No,,No,No
6145,,Pattern,,"<strong>Hartwist Overcheck Twill Green #12</strong>",,,,No,"Harrisons of Edinburgh",No,No
5319,,Pattern,,"<strong>Bowhill Check Grey</strong>",,,,No,,No,No
5320,,Pattern,,"<strong>Bowhill Combined Pattern Brown</strong>",,,,No,,No,No
5321,,Pattern,,"<strong>Bowhill Combined Pattern Brown #2</strong>",,,,No,,No,No
5322,,Pattern,,"<strong>Bowhill Combined Pattern Brown #3</strong>",,,,No,,No,No
5323,,Pattern,,"<strong>Bowhill Combined Pattern Brown #4</strong>",,,,No,,No,No
5324,,Pattern,,"<strong>Bowhill Herringbone Green</strong>",,,,No,,No,No
5382,,Pattern,,"<strong>Bowhill Unpatterned Brown #4</strong>",,,,No,,No,No
5372,,Pattern,,"<strong>Bowhill Overcheck Twill Grey</strong>",,,,No,,No,No
5373,,Pattern,,"<strong>Bowhill Overcheck Twill Grey #2</strong>",,,,No,,No,No
5374,,Pattern,,"<strong>Bowhill Overcheck Twill Grey #3</strong>",,,,No,,No,No
5375,,Pattern,,"<strong>Bowhill Overcheck Twill Grey #4</strong>",,,,No,,No,No
5376,,Pattern,,"<strong>Bowhill Overcheck Twill Grey #5</strong>",,,,No,,No,No
5377,,Pattern,,"<strong>Bowhill Striped Brown #2</strong>",,,,No,,No,No
5378,,Pattern,,"<strong>Bowhill Striped Brown #3</strong>",,,,No,,No,No
5379,,Pattern,,"<strong>Bowhill Striped Brown #4</strong>",,,,No,,No,No
5380,,Pattern,,"<strong>Bowhill Striped Green</strong>",,,,No,,No,No
5381,,Pattern,,"<strong>Bowhill Striped Grey #2</strong>",,,,No,,No,No
5371,,Pattern,,"<strong>Bowhill Overcheck Twill Green #5</strong>",,,,No,,No,No
5383,,Pattern,,"<strong>Bowhill Unpatterned Brown #5</strong>",,,,No,,No,No
5384,,Pattern,,"<strong>Bowhill Unpatterned Green</strong>",,,,No,,No,No
5503,,Pattern,,"<strong>Graphite Light Mirror Check</strong>",,,,No,,No,No
5505,,Pattern,,"<strong>Regency Room Large Blue Window</strong>",,,,No,,No,No
5506,,Pattern,,"<strong>Regency Room Stripes</strong>",,,,No,,No,No
5507,,Pattern,,"<strong>Regency Room Tattersall</strong>",,,,No,,No,No
5508,,Pattern,,"<strong>Regency Room Micro Check</strong>",,,,No,,No,No
5509,,Pattern,,"<strong>Regency Room Small Green Check</strong>",,,,No,,No,No
5510,,Pattern,,"<strong>Graphite Light Stripe</strong>",,,,No,,No,No
5511,,Pattern,,"<strong>Graphite Light House Check</strong>",,,,No,,No,No
5361,,Pattern,,"<strong>Bowhill Overcheck Twill Blue</strong>",,,,No,,No,No
5350,,Pattern,,"<strong>Bowhill Herringbone Grey #3</strong>",,,,No,,No,No
5351,,Pattern,,"<strong>Bowhill Check Brown #5</strong>",,,,No,,No,No
5352,,Pattern,,"<strong>Bowhill Check Brown #6</strong>",,,,No,,No,No
5354,,Pattern,,"<strong>Bowhill Herringbone Brown #3</strong>",,,,No,,No,No
5355,,Pattern,,"<strong>Bowhill Herringbone Brown #4</strong>",,,,No,,No,No
5356,,Pattern,,"<strong>Bowhill Herringbone Green #2</strong>",,,,No,,No,No
5357,,Pattern,,"<strong>Bowhill Herringbone Grey #4</strong>",,,,No,,No,No
5358,,Pattern,,"<strong>Bowhill Overcheck Herringbone Brown #3</strong>",,,,No,,No,No
5359,,Pattern,,"<strong>Bowhill Overcheck Herringbone Brown #4</strong>",,,,No,,No,No
5360,,Pattern,,"<strong>Bowhill Overcheck Herringbone Grey</strong>",,,,No,,No,No
5294,,Pattern,,"<strong>Millionaire Overcheck Herringbone Brown #2</strong>",,,,No,,No,No
5362,,Pattern,,"<strong>Bowhill Overcheck Twill Blue #2</strong>",,,,No,,No,No
5363,,Pattern,,"<strong>Bowhill Overcheck Twill Brown #10</strong>",,,,No,,No,No
5364,,Pattern,,"<strong>Bowhill Overcheck Twill Brown #5</strong>",,,,No,,No,No
5365,,Pattern,,"<strong>Bowhill Overcheck Twill Brown #6</strong>",,,,No,,No,No
5366,,Pattern,,"<strong>Bowhill Overcheck Twill Brown #7</strong>",,,,No,,No,No
5367,,Pattern,,"<strong>Bowhill Overcheck Twill Brown #8</strong>",,,,No,,No,No
5368,,Pattern,,"<strong>Bowhill Overcheck Twill Brown #9</strong>",,,,No,,No,No
5369,,Pattern,,"<strong>Bowhill Overcheck Twill Green #3</strong>",,,,No,,No,No
5370,,Pattern,,"<strong>Bowhill Overcheck Twill Green #4</strong>",,,,No,,No,No
6141,,Pattern,,"<strong>Hartwist Overcheck Twill Green #8</strong>",,,,No,"Harrisons of Edinburgh",No,No
5233,,Pattern,,"<strong>Cachet Unpatterned Green</strong>",,,,No,,No,No
5210,,Pattern,,"<strong>Brown Worsted Brown</strong>",,,,No,"Harrisons of Edinburgh",No,No
5223,,Pattern,,"<strong>Cachet Checked Blue</strong>",,,,No,,No,No
5224,,Pattern,,"<strong>Cachet Checked Brown</strong>",,,,No,,No,No
5225,,Pattern,,"<strong>Cachet Checked Brown #2</strong>",,,,No,,No,No
5226,,Pattern,,"<strong>Cachet Checked Brown #3</strong>",,,,No,,No,No
5227,,Pattern,,"<strong>Cachet Checked Brown #4</strong>",,,,No,,No,No
5228,,Pattern,,"<strong>Cachet Checked Brown #5</strong>",,,,No,,No,No
5229,,Pattern,,"<strong>Cachet Checked Green</strong>",,,,No,,No,No
5230,,Pattern,,"<strong>Cachet Checked Red</strong>",,,,No,,No,No
5231,,Pattern,,"<strong>Cachet Overcheck Twill Tan</strong>",,,,No,,No,No
6157,,Pattern,,"<strong>Hartwist Herringbone Green #2</strong>",,,,No,"Harrisons of Edinburgh",No,No
6156,,Pattern,,"<strong>Hartwist Herringbone Green #1</strong>",,,,No,"Harrisons of Edinburgh",No,No
5235,,Pattern,,"<strong>Moonbeam Houndstooth Black</strong>",,,,No,,No,No
5236,,Pattern,,"<strong>Moonbeam Houndstooth Brown</strong>",,,,No,,No,No
6155,,Pattern,,"<strong>Hartwist Herringbone Brown #2</strong>",,,,No,"Harrisons of Edinburgh",No,No
5237,,Pattern,,"<strong>Moonbeam Overcheck Twill Blue</strong>",,,,No,,No,No
5238,,Pattern,,"<strong>Moonbeam Overcheck Twill Blue #10</strong>",,,,No,,No,No
5239,,Pattern,,"<strong>Moonbeam Overcheck Twill Blue #11</strong>",,,,No,,No,No
5240,,Pattern,,"<strong>Moonbeam Overcheck Twill Blue #2</strong>",,,,No,,No,No
5241,,Pattern,,"<strong>Moonbeam Overcheck Twill Blue #3</strong>",,,,No,,No,No
5242,,Pattern,,"<strong>Moonbeam Overcheck Twill Blue #4</strong>",,,,No,,No,No
5106,,Pattern,,"<strong>Country Overcheck Herringbone Green #2</strong>",,,,No,,No,No
6158,,Pattern,,"<strong>Hartwist Herringbone Green #3</strong>",,,,No,"Harrisons of Edinburgh",No,No
5095,,Pattern,,"<strong>Hebridean Overcheck Herringbone Green</strong>",,,,No,,No,No
5096,,Pattern,,"<strong>Hebridean Overcheck Herringbone Green #2</strong>",,,,No,,No,No
5097,,Pattern,,"<strong>Hebridean Overcheck Twill Green</strong>",,,,No,,No,No
5098,,Pattern,,"<strong>Hebridean Overcheck Twill Green #2</strong>",,,,No,,No,No
5099,,Pattern,,"<strong>Hebridean Overcheck Twill Green #3</strong>",,,,No,,No,No
5100,,Pattern,,"<strong>Hebridean Overcheck Twill Green #4</strong>",,,,No,,No,No
5101,,Pattern,,"<strong>Hebridean Overcheck Twill Green #5</strong>",,,,No,,No,No
5102,,Pattern,,"<strong>Hebridean Overcheck Twill Green #6</strong>",,,,No,,No,No
5105,,Pattern,,"<strong>Country Overcheck Herringbone Green</strong>",,,,No,,No,No
6154,,Pattern,,"<strong>Hartwist Herringbone Brown #1</strong>",,,,No,"Harrisons of Edinburgh",No,No
5107,,Pattern,,"<strong>Country Overcheck Twill Green</strong>",,,,No,,No,No
5108,,Pattern,,"<strong>Country Overcheck Twill Green #2</strong>",,,,No,,No,No
5109,,Pattern,,"<strong>Country Overcheck Twill Green #3</strong>",,,,No,,No,No
5110,,Pattern,,"<strong>Country Overcheck Twill Green #4</strong>",,,,No,,No,No
5111,,Pattern,,"<strong>Country Overcheck Twill Green #5</strong>",,,,No,,No,No
5112,,Pattern,,"<strong>Country Overcheck Twill Tan</strong>",,,,No,,No,No
5113,,Pattern,,"<strong>Country Overcheck Twill Tan #2</strong>",,,,No,,No,No
5114,,Pattern,,"<strong>Country Overcheck Twill Tan #3</strong>",,,,No,,No,No
5135,,Pattern,,"<strong>Tarbert Striped Blue</strong>",,,,No,,No,No
5136,,Pattern,,"<strong>Tarbert Striped Grey</strong>",,,,No,,No,No
5283,,Pattern,,"<strong>Millionaire Checked Black</strong>",,,,No,,No,No
5262,,Pattern,,"<strong>Moonbeam Overcheck Twill Navy</strong>",,,,No,,No,No
5263,,Pattern,,"<strong>Moonbeam Overcheck Twill Navy #2</strong>",,,,No,,No,No
5264,,Pattern,,"<strong>Moonbeam Overcheck Twill Navy #3</strong>",,,,No,,No,No
5265,,Pattern,,"<strong>Moonbeam Overcheck Twill Purple</strong>",,,,No,,No,No
6150,,Pattern,,"<strong>Hartwist Plaid Green #2</strong>",,,,No,"Harrisons of Edinburgh",No,No
5266,,Pattern,,"<strong>Moonbeam Overcheck Twill Tan</strong>",,,,No,,No,No
5267,,Pattern,,"<strong>Moonbeam Overcheck Twill Tan #2</strong>",,,,No,,No,No
5278,,Pattern,,"<strong>Moonbeam Unpatterned Blue</strong>",,,,No,,No,No
6149,,Pattern,,"<strong>Hartwist Plaid Green #1</strong>",,,,No,"Harrisons of Edinburgh",No,No
5279,,Pattern,,"<strong>Moonbeam Unpatterned Brown</strong>",,,,No,,No,No
5261,,Pattern,,"<strong>Moonbeam Overcheck Twill Grey #8</strong>",,,,No,,No,No
5284,,Pattern,,"<strong>Millionaire Checked Blue</strong>",,,,No,,No,No
5285,,Pattern,,"<strong>Millionaire Checked Brown</strong>",,,,No,,No,No
5286,,Pattern,,"<strong>Millionaire Checked Brown #2</strong>",,,,No,,No,No
5287,,Pattern,,"<strong>Millionaire Checked Brown #3</strong>",,,,No,,No,No
5288,,Pattern,,"<strong>Millionaire Checked Brown #4</strong>",,,,No,,No,No
5289,,Pattern,,"<strong>Millionaire Checked Brown #5</strong>",,,,No,,No,No
5290,,Pattern,,"<strong>Millionaire Checked Brown #6</strong>",,,,No,,No,No
5291,,Pattern,,"<strong>Millionaire Houndstooth Black</strong>",,,,No,,No,No
5292,,Pattern,,"<strong>Millionaire Houndstooth Brown</strong>",,,,No,,No,No
5293,,Pattern,,"<strong>Millionaire Overcheck Herringbone Brown</strong>",,,,No,,No,No
6153,,Pattern,,"<strong>Hartwist Herringbone Blue #1</strong>",,,,No,"Harrisons of Edinburgh",No,No
5243,,Pattern,,"<strong>Moonbeam Overcheck Twill Blue #5</strong>",,,,No,,No,No
5244,,Pattern,,"<strong>Moonbeam Overcheck Twill Blue #6</strong>",,,,No,,No,No
5245,,Pattern,,"<strong>Moonbeam Overcheck Twill Blue #7</strong>",,,,No,,No,No
5246,,Pattern,,"<strong>Moonbeam Overcheck Twill Blue #8</strong>",,,,No,,No,No
5247,,Pattern,,"<strong>Moonbeam Overcheck Twill Blue #9</strong>",,,,No,,No,No
5248,,Pattern,,"<strong>Moonbeam Overcheck Twill Brown</strong>",,,,No,,No,No
5249,,Pattern,,"<strong>Moonbeam Overcheck Twill Brown #2</strong>",,,,No,,No,No
5250,,Pattern,,"<strong>Moonbeam Overcheck Twill Brown #3</strong>",,,,No,,No,No
5251,,Pattern,,"<strong>Moonbeam Overcheck Twill Brown #4</strong>",,,,No,,No,No
5252,,Pattern,,"<strong>Moonbeam Overcheck Twill Brown #5</strong>",,,,No,,No,No
5512,,Pattern,,"<strong>Urbane Rustic Lichen Stone</strong>",,,,No,,No,No
5253,,Pattern,,"<strong>Moonbeam Overcheck Twill Brown #6</strong>",,,,No,,No,No
6152,,Pattern,,"<strong>Hartwist Overcheck Barleycorn Green #1</strong>",,,,No,"Harrisons of Edinburgh",No,No
5254,,Pattern,,"<strong>Moonbeam Overcheck Twill Grey</strong>",,,,No,,No,No
5255,,Pattern,,"<strong>Moonbeam Overcheck Twill Grey #2</strong>",,,,No,,No,No
5256,,Pattern,,"<strong>Moonbeam Overcheck Twill Grey #3</strong>",,,,No,,No,No
5257,,Pattern,,"<strong>Moonbeam Overcheck Twill Grey #4</strong>",,,,No,,No,No
5258,,Pattern,,"<strong>Moonbeam Overcheck Twill Grey #5</strong>",,,,No,,No,No
5259,,Pattern,,"<strong>Moonbeam Overcheck Twill Grey #6</strong>",,,,No,,No,No
6151,,Pattern,,"<strong>Hartwist Overcheck Barleycorn Blue #1</strong>",,,,No,"Harrisons of Edinburgh",No,No
5260,,Pattern,,"<strong>Moonbeam Overcheck Twill Grey #7</strong>",,,,No,,No,No
6121,,Pattern,,"<strong>Hartwist Overcheck Herringbone Green #2</strong>",,,,No,"Harrisons of Edinburgh",No,No
5801,,Pattern,,"<strong>Whistler Terracotta</strong>","United Kingdom",,,No,Moon,No,No
6125,,Pattern,,"<strong>Hartwist Overcheck Herringbone Green #6</strong>",,,,No,"Harrisons of Edinburgh",No,No
5802,,Pattern,,"<strong>Whistler Old Gold</strong>","United Kingdom",,,No,Moon,No,No
5804,,Pattern,,"<strong>Jasper Terracotta</strong>","United Kingdom",,,No,Moon,No,No
5805,,Pattern,,"<strong>Tremblant Terracotta</strong>","United Kingdom",,,No,Moon,No,No
5806,,Pattern,,"<strong>Tremblant Old Gold</strong>","United Kingdom",,,No,Moon,No,No
5807,,Pattern,,"<strong>Stoneham Dark Terracotta</strong>","United Kingdom",,,No,Moon,No,No
6124,,Pattern,,"<strong>Hartwist Overcheck Herringbone Green #5</strong>",,,,No,"Harrisons of Edinburgh",No,No
6123,,Pattern,,"<strong>Hartwist Overcheck Herringbone Green #4</strong>",,,,No,"Harrisons of Edinburgh",No,No
6122,,Pattern,,"<strong>Hartwist Overcheck Herringbone Green #3</strong>",,,,No,"Harrisons of Edinburgh",No,No
6126,,Pattern,,"<strong>Hartwist Overcheck Herringbone Green #7</strong>",,,,No,"Harrisons of Edinburgh",No,No
6120,,Pattern,,"<strong>Hartwist Overcheck Herringbone Green #1</strong>",,,,No,"Harrisons of Edinburgh",No,No
5814,,Pattern,,"<strong>Silver Star Grey</strong>","United Kingdom",,,No,Moon,No,No
5816,,Pattern,,"<strong>Spot Grey</strong>","United Kingdom",,,No,Moon,No,No
5819,,Pattern,,"<strong>Multispot Grey</strong>","United Kingdom",,,No,Moon,No,No
5821,,Pattern,,"<strong>Multicheck Grey</strong>","United Kingdom",,,No,Moon,No,No
5823,,Pattern,,"<strong>Multicheck Blue</strong>","United Kingdom",,,No,Moon,No,No
5826,,Pattern,,"<strong>Multicheck Mid Grey</strong>","United Kingdom",,,No,Moon,No,No
5827,,Pattern,,"<strong>Multicheck Light Grey</strong>","United Kingdom",,,No,Moon,No,No
5831,,Pattern,,"<strong>Ingleton Green</strong>","United Kingdom",,,No,Moon,No,No
6119,,Pattern,,"<strong>Hartwist Overcheck Herringbone Brown #3</strong>",,,,No,"Harrisons of Edinburgh",No,No
6129,,Pattern,,"<strong>Hartwist Overcheck Herringbone Grey #1</strong>",,,,No,"Harrisons of Edinburgh",No,No
5779,,Pattern,,"<strong>Banff Dark Grey</strong>","United Kingdom",,,No,Moon,No,No
5781,,Pattern,,"<strong>Jasper Lavender</strong>","United Kingdom",,,No,Moon,No,No
5782,,Pattern,,"<strong>Jasper Old Gold</strong>","United Kingdom",,,No,Moon,No,No
5783,,Pattern,,"<strong>Jasper Natural Red</strong>","United Kingdom",,,No,Moon,No,No
5786,,Pattern,,"<strong>Massif Natural</strong>","United Kingdom",,,No,Moon,No,No
6131,,Pattern,,"<strong>Hartwist Overcheck Twill Brown #1</strong>",,,,No,"Harrisons of Edinburgh",No,No
6130,,Pattern,,"<strong>Hartwist Overcheck Twill Blue #1</strong>",,,,No,"Harrisons of Edinburgh",No,No
5787,,Pattern,,"<strong>Massif Grey</strong>","United Kingdom",,,No,Moon,No,No
5789,,Pattern,,"<strong>Stoneham Dark Grey</strong>","United Kingdom",,,No,Moon,No,No
5790,,Pattern,,"<strong>Stoneham Red</strong>","United Kingdom",,,No,Moon,No,No
5836,,Pattern,,"<strong>Settle Vintage Brown</strong>","United Kingdom",,,No,Moon,No,No
5791,,Pattern,,"<strong>Stoneham Natural</strong>","United Kingdom",,,No,Moon,No,No
5794,,Pattern,,"<strong>Stoneham Old Gold</strong>","United Kingdom",,,No,Moon,No,No
5795,,Pattern,,"<strong>Stoneham Light Grey</strong>","United Kingdom",,,No,Moon,No,No
6128,,Pattern,,"<strong>Hartwist Overcheck Herringbone Green #9</strong>",,,,No,"Harrisons of Edinburgh",No,No
5796,,Pattern,,"<strong>Fernie Red</strong>","United Kingdom",,,No,Moon,No,No
5797,,Pattern,,"<strong>Fernie Grey</strong>","United Kingdom",,,No,Moon,No,No
5798,,Pattern,,"<strong>Tremblant Lavender</strong>","United Kingdom",,,No,Moon,No,No
6127,,Pattern,,"<strong>Hartwist Overcheck Herringbone Green #8</strong>",,,,No,"Harrisons of Edinburgh",No,No
5799,,Pattern,,"<strong>Tremblant Red</strong>","United Kingdom",,,No,Moon,No,No
5800,,Pattern,,"<strong>Tremblant Natural</strong>","United Kingdom",,,No,Moon,No,No
6107,,Pattern,,"<strong>Hartwist Check Green #7</strong>",,,,No,"Harrisons of Edinburgh",No,No
6097,,Pattern,,"<strong>Hartwist Check Brown #4</strong>",,,,No,"Harrisons of Edinburgh",No,No
6098,,Pattern,,"<strong>Hartwist Check Brown #5</strong>",,,,No,"Harrisons of Edinburgh",No,No
6099,,Pattern,,"<strong>Hartwist Check Brown #6</strong>",,,,No,"Harrisons of Edinburgh",No,No
6100,,Pattern,,"<strong>Hartwist Check Brown #7</strong>",,,,No,"Harrisons of Edinburgh",No,No
6101,,Pattern,,"<strong>Hartwist Check Green #1</strong>",,,,No,"Harrisons of Edinburgh",No,No
6102,,Pattern,,"<strong>Hartwist Check Green #2</strong>",,,,No,"Harrisons of Edinburgh",No,No
6103,,Pattern,,"<strong>Hartwist Check Green #3</strong>",,,,No,"Harrisons of Edinburgh",No,No
6104,,Pattern,,"<strong>Hartwist Check Green #4</strong>",,,,No,"Harrisons of Edinburgh",No,No
6105,,Pattern,,"<strong>Hartwist Check Green #5</strong>",,,,No,"Harrisons of Edinburgh",No,No
6106,,Pattern,,"<strong>Hartwist Check Green #6</strong>",,,,No,"Harrisons of Edinburgh",No,No
6096,,Pattern,,"<strong>Hartwist Check Brown #3</strong>",,,,No,"Harrisons of Edinburgh",No,No
6108,,Pattern,,"<strong>Hartwist Check Grey #1</strong>",,,,No,"Harrisons of Edinburgh",No,No
6109,,Pattern,,"<strong>Hartwist Check Mustard #1</strong>",,,,No,"Harrisons of Edinburgh",No,No
6110,,Pattern,,"<strong>Hartwist Check Mustard #2</strong>",,,,No,"Harrisons of Edinburgh",No,No
6111,,Pattern,,"<strong>Hartwist Houndstooth Blue #1</strong>",,,,No,"Harrisons of Edinburgh",No,No
6112,,Pattern,,"<strong>Hartwist Houndstooth Brown #1</strong>",,,,No,"Harrisons of Edinburgh",No,No
6113,,Pattern,,"<strong>Hartwist Houndstooth Brown #2</strong>",,,,No,"Harrisons of Edinburgh",No,No
6117,,Pattern,,"<strong>Hartwist Overcheck Herringbone Brown #1</strong>",,,,No,"Harrisons of Edinburgh",No,No
6116,,Pattern,,"<strong>Hartwist Houndstooth Green #1</strong>",,,,No,"Harrisons of Edinburgh",No,No
6115,,Pattern,,"<strong>Hartwist Houndstooth Brown #4</strong>",,,,No,"Harrisons of Edinburgh",No,No
6114,,Pattern,,"<strong>Hartwist Houndstooth Brown #3</strong>",,,,No,"Harrisons of Edinburgh",No,No
5855,,Pattern,,"<strong>Malham Blue</strong>","United Kingdom",,,No,Moon,No,No
5837,,Pattern,,"<strong>Settle Blue</strong>","United Kingdom",,,No,Moon,No,No
5839,,Pattern,,"<strong>Settle Green</strong>","United Kingdom",,,No,Moon,No,No
5840,,Pattern,,"<strong>Settle Moss Grey</strong>","United Kingdom",,,No,Moon,No,No
5841,,Pattern,,"<strong>Settle Brown</strong>","United Kingdom",,,No,Moon,No,No
6118,,Pattern,,"<strong>Hartwist Overcheck Herringbone Brown #2</strong>",,,,No,"Harrisons of Edinburgh",No,No
5844,,Pattern,,"<strong>Gargrave Grey</strong>","United Kingdom",,,No,Moon,No,No
5845,,Pattern,,"<strong>Gargrave Heather</strong>","United Kingdom",,,No,Moon,No,No
5848,,Pattern,,"<strong>Multispot Blue</strong>","United Kingdom",,,No,Moon,No,No
5851,,Pattern,,"<strong>Multispot Green</strong>","United Kingdom",,,No,Moon,No,No
5853,,Pattern,,"<strong>Malham Green</strong>","United Kingdom",,,No,Moon,No,No
5776,,Pattern,,"<strong>Banff Lavender</strong>","United Kingdom",,,No,Moon,No,No
5858,,Pattern,,"<strong>Malham Grey</strong>","United Kingdom",,,No,Moon,No,No
5860,,Pattern,,"<strong>Hetton Green</strong>","United Kingdom",,,No,Moon,No,No
5878,,Pattern,,"<strong>Chelsea Stripe Lime</strong>","United Kingdom",,,No,Moon,No,No
5881,,Pattern,,"<strong>Chelsea Stripe Purple</strong>","United Kingdom",,,No,Moon,No,No
6018,,Pattern,,"<strong>Tarbert Unpatterned Brown</strong>",,,,No,,No,No
6019,,Pattern,,"<strong>Tarbert Unpatterned Brown #2</strong>",,,,No,,No,No
6023,,Pattern,,"<strong>Millionaire Houndstooth Brown #2</strong>",,,,No,,No,No
6093,,Pattern,,"<strong>Hartwist Check Blue #1</strong>",,,,No,"Harrisons of Edinburgh",No,No
6094,,Pattern,,"<strong>Hartwist Check Brown #1</strong>",,,,No,"Harrisons of Edinburgh",No,No
6095,,Pattern,,"<strong>Hartwist Check Brown #2</strong>",,,,No,"Harrisons of Edinburgh",No,No
5624,,Pattern,,"<strong>Balmoral Sea</strong>","United Kingdom",,,No,Moon,No,No
5602,,Pattern,,"<strong>Skye Light/Terracotta</strong>","United Kingdom",,,No,Moon,No,No
5603,,Pattern,,"<strong>Skye Light/Lavender</strong>","United Kingdom",,,No,Moon,No,No
5604,,Pattern,,"<strong>Skye Dark/Lavender</strong>","United Kingdom",,,No,Moon,No,No
6138,,Pattern,,"<strong>Hartwist Overcheck Twill Green #5</strong>",,,,No,"Harrisons of Edinburgh",No,No
5606,,Pattern,,"<strong>Skye Red</strong>","United Kingdom",,,No,Moon,No,No
5609,,Pattern,,"<strong>Skye Rust</strong>","United Kingdom",,,No,Moon,No,No
5610,,Pattern,,"<strong>Skye Grape</strong>","United Kingdom",,,No,Moon,No,No
5619,,Pattern,,"<strong>St Andrew Rope</strong>","United Kingdom",,,No,Moon,No,No
5622,,Pattern,,"<strong>Balmoral Sage</strong>","United Kingdom",,,No,Moon,No,No
5623,,Pattern,,"<strong>Balmoral Rope</strong>","United Kingdom",,,No,Moon,No,No
5598,,Pattern,,"<strong>Skye Heather</strong>","United Kingdom",,,No,Moon,No,No
5630,,Pattern,,"<strong>Loch Heather</strong>","United Kingdom",,,No,Moon,No,No
5632,,Pattern,,"<strong>Highland Heather</strong>","United Kingdom",,,No,Moon,No,No
6137,,Pattern,,"<strong>Hartwist Overcheck Twill Green #4</strong>",,,,No,"Harrisons of Edinburgh",No,No
5637,,Pattern,,"<strong>Mac Heather</strong>","United Kingdom",,,No,Moon,No,No
5691,,Pattern,,"<strong>Huntingtower Sand</strong>","United Kingdom",,,No,Moon,No,No
5693,,Pattern,,"<strong>Huntingtower Rust</strong>","United Kingdom",,,No,Moon,No,No
5695,,Pattern,,"<strong>Huntingtower Wheat</strong>","United Kingdom",,,No,Moon,No,No
5696,,Pattern,,"<strong>Huntingtower Grape</strong>","United Kingdom",,,No,Moon,No,No
5700,,Pattern,,"<strong>Dornoch Wheat</strong>","United Kingdom",,,No,Moon,No,No
5703,,Pattern,,"<strong>Dornoch Grape</strong>","United Kingdom",,,No,Moon,No,No
5524,,Pattern,,"<strong>Sands of Time Windowpane</strong>",,,,No,,No,No
6140,,Pattern,,"<strong>Hartwist Overcheck Twill Green #7</strong>",,,,No,"Harrisons of Edinburgh",No,No
5515,,Pattern,,"<strong>Coastal View House Check</strong>",,,,No,,No,No
5516,,Pattern,,"<strong>Urbane Rustic Micro Check</strong>",,,,No,,No,No
5517,,Pattern,,"<strong>Coastal View Stripe</strong>",,,,No,,No,No
5518,,Pattern,,"<strong>Coastal View Windowpane</strong>",,,,No,,No,No
5519,,Pattern,,"<strong>Regency House Check</strong>",,,,No,,No,No
5520,,Pattern,,"<strong>House Check Regency</strong>",,,,No,,No,No
5521,,Pattern,,"<strong>Sands of Time Large Check</strong>",,,,No,,No,No
5522,,Pattern,,"<strong>Sands of Time Stripe</strong>",,,,No,,No,No
5523,,Pattern,,"<strong>House Check Misty Blue</strong>",,,,No,,No,No
5705,,Pattern,,"<strong>Dornoch Sand</strong>","United Kingdom",,,No,Moon,No,No
5525,,Pattern,,"<strong>House Check Ivory</strong>",,,,No,,No,No
5526,,Pattern,,"<strong>Jewel Chamber House Check</strong>",,,,No,,No,No
6139,,Pattern,,"<strong>Hartwist Overcheck Twill Green #6</strong>",,,,No,"Harrisons of Edinburgh",No,No
5527,,Pattern,,"<strong>House Check Ivory Large Sett</strong>",,,,No,,No,No
5528,,Pattern,,"<strong>Jewel Chamber Stripe</strong>",,,,No,,No,No
5529,,Pattern,,"<strong>Ivory Stripes</strong>",,,,No,,No,No
5530,,Pattern,,"<strong>Jewel Chamber Tattersall</strong>",,,,No,,No,No
5531,,Pattern,,"<strong>Mink Multi Windowpane</strong>",,,,No,,No,No
5532,,Pattern,,"<strong>Mink Stripes</strong>",,,,No,,No,No
5534,,Pattern,,"<strong>Shepherd's Plaid Check Grey / Black Stripe</strong>",,,,No,,No,No
5752,,Pattern,,"<strong>Savile Row Stripe Beige/Natural</strong>","United Kingdom",,,No,Moon,No,No
5742,,Pattern,,"<strong>Piccadilly Circle Brown/Pink</strong>","United Kingdom",,,No,Moon,No,No
5743,,Pattern,,"<strong>Piccadilly Circle Charcoal/Cyan</strong>","United Kingdom",,,No,Moon,No,No
5744,,Pattern,,"<strong>Piccadilly Circle Charcoal/Grey</strong>","United Kingdom",,,No,Moon,No,No
6133,,Pattern,,"<strong>Hartwist Overcheck Twill Brown #3</strong>",,,,No,"Harrisons of Edinburgh",No,No
5745,,Pattern,,"<strong>Portobello Check Brown/Pink</strong>","United Kingdom",,,No,Moon,No,No
5747,,Pattern,,"<strong>Portobello Check Rust/Lime</strong>","United Kingdom",,,No,Moon,No,No
5749,,Pattern,,"<strong>Wimbledon Multi/Pink</strong>","United Kingdom",,,No,Moon,No,No
6132,,Pattern,,"<strong>Hartwist Overcheck Twill Brown #2</strong>",,,,No,"Harrisons of Edinburgh",No,No
5750,,Pattern,,"<strong>Wimbledon Multi/Blue</strong>","United Kingdom",,,No,Moon,No,No
5751,,Pattern,,"<strong>Savile Row Stripe Natural/Beige</strong>","United Kingdom",,,No,Moon,No,No
5740,,Pattern,,"<strong>Richmond Check Beige/Natural</strong>","United Kingdom",,,No,Moon,No,No
5755,,Pattern,,"<strong>Westminster Check Natural/Beige</strong>","United Kingdom",,,No,Moon,No,No
5756,,Pattern,,"<strong>Westminster Check Black/Ecru</strong>","United Kingdom",,,No,Moon,No,No
5763,,Pattern,,"<strong>Carnaby Stripe Grey/Multi</strong>","United Kingdom",,,No,Moon,No,No
5765,,Pattern,,"<strong>Knightsbridge Check Grey</strong>","United Kingdom",,,No,Moon,No,No
5768,,Pattern,,"<strong>Aspen Grey</strong>","United Kingdom",,,No,Moon,No,No
5769,,Pattern,,"<strong>Whistler Lavender</strong>","United Kingdom",,,No,Moon,No,No
5770,,Pattern,,"<strong>Whistler Natural</strong>","United Kingdom",,,No,Moon,No,No
5771,,Pattern,,"<strong>Whistler Red</strong>","United Kingdom",,,No,Moon,No,No
5772,,Pattern,,"<strong>Whistler Grey</strong>","United Kingdom",,,No,Moon,No,No
5775,,Pattern,,"<strong>Banff Natural</strong>","United Kingdom",,,No,Moon,No,No
5720,,Pattern,,"<strong>Fyvie Grape</strong>","United Kingdom",,,No,Moon,No,No
5707,,Pattern,,"<strong>Tioram Grape</strong>","United Kingdom",,,No,Moon,No,No
6136,,Pattern,,"<strong>Hartwist Overcheck Twill Green #3</strong>",,,,No,"Harrisons of Edinburgh",No,No
5709,,Pattern,,"<strong>Tioram Rust</strong>","United Kingdom",,,No,Moon,No,No
5710,,Pattern,,"<strong>Doune Sage</strong>","United Kingdom",,,No,Moon,No,No
5711,,Pattern,,"<strong>Doune Grape</strong>","United Kingdom",,,No,Moon,No,No
5713,,Pattern,,"<strong>Doune Rust</strong>","United Kingdom",,,No,Moon,No,No
5715,,Pattern,,"<strong>Gosford Grape</strong>","United Kingdom",,,No,Moon,No,No
5717,,Pattern,,"<strong>Balvaird Rust</strong>","United Kingdom",,,No,Moon,No,No
6135,,Pattern,,"<strong>Hartwist Overcheck Twill Green #2</strong>",,,,No,"Harrisons of Edinburgh",No,No
5718,,Pattern,,"<strong>Balvaird Grape</strong>","United Kingdom",,,No,Moon,No,No
5057,,Pattern,,"<strong>Glen Checked Glen Nevis</strong>",,,,No,,No,No
5721,,Pattern,,"<strong>Fyvie Sand</strong>","United Kingdom",,,No,Moon,No,No
5723,,Pattern,,"<strong>Fyvie Wheat</strong>","United Kingdom",,,No,Moon,No,No
5725,,Pattern,,"<strong>Morris Sand</strong>","United Kingdom",,,No,Moon,No,No
5726,,Pattern,,"<strong>Morris Grape</strong>","United Kingdom",,,No,Moon,No,No
5729,,Pattern,,"<strong>Morris Gold</strong>","United Kingdom",,,No,Moon,No,No
5730,,Pattern,,"<strong>Jermyn Stripe Brown/Pink</strong>","United Kingdom",,,No,Moon,No,No
5731,,Pattern,,"<strong>Jermyn Stripe Grey/Charcoal</strong>","United Kingdom",,,No,Moon,No,No
5734,,Pattern,,"<strong>Jermyn Stripe Charcoal/Ecru</strong>","United Kingdom",,,No,Moon,No,No
5739,,Pattern,,"<strong>Richmond Check Grey/Multi</strong>","United Kingdom",,,No,Moon,No,No
7864,,Tweed,,"<strong>Lambswool tweed Holyrood</strong>",,,,No,,No,No
7854,,Tweed,,"<strong>Newmill Crieff</strong>",,,,No,,No,No
7855,,Tweed,,"<strong>Newmill Cupar</strong>",,,,No,,No,No
7856,,Tweed,,"<strong>Newmill Dunbeath</strong>",,,,No,,No,No
7857,,Tweed,,"<strong>Newmill Dunkeld</strong>",,,,No,,No,No
7858,,Tweed,,"<strong>Newmill Fetterangus</strong>",,,,No,,No,No
7859,,Tweed,,"<strong>Newmill Inver</strong>",,,,No,,No,No
7860,,Tweed,,"<strong>Newmill Melrose</strong>",,,,No,,No,No
7861,,Tweed,,"<strong>Newmill Old Meldrum</strong>",,,,No,,No,No
7862,,Tweed,,"<strong>Lambswool tweed Ettrick</strong>",,,,No,,No,No
7863,,Tweed,,"<strong>Lambswool tweed Flowers o' The Forest</strong>",,,,No,,No,No
7853,,Tweed,,"<strong>Newmill Bowmore</strong>",,,,No,,No,No
7865,,Tweed,,"<strong>Lambswool tweed Yarrow</strong>",,,,No,,No,No
7866,,Tweed,,"<strong>Newmill Dairmid</strong>",,,,No,,No,No
7867,,Tweed,,"<strong>Newmill Marmion</strong>",,,,No,,No,No
7868,,Tweed,,"<strong>Newmill Raeburn</strong>",,,,No,,No,No
7869,,Tweed,,"<strong>Newmill Whistler</strong>",,,,No,,No,No
7870,,Tweed,,"<strong>Saxony tweed Braemar</strong>",,,,No,,No,No
7871,,Tweed,,"<strong>Saxony tweed Carradale</strong>",,,,No,,No,No
7872,,Tweed,,"<strong>Saxony tweed Forgue</strong>",,,,No,,No,No
7873,,Tweed,,"<strong>Saxony tweed Garve</strong>",,,,No,,No,No
7874,,Tweed,,"<strong>Saxony tweed Islay</strong>",,,,No,,No,No
7843,,Tweed,,"<strong>Saxony tweed Fingals Cave</strong>",,,,No,,No,No
7832,,Tweed,,"<strong>Lambswool tweed Ivanhoe</strong>",,,,No,,No,No
7834,,Tweed,,"<strong>Lambswool tweed Kelpie</strong>",,,,No,,No,No
7835,,Tweed,,"<strong>Lambswool tweed Rosebank</strong>",,,,No,,No,No
7836,,Tweed,,"<strong>Newmill Ashiestiel</strong>",,,,No,,No,No
7837,,Tweed,,"<strong>Newmill Caledonia</strong>",,,,No,,No,No
7838,,Tweed,,"<strong>Newmill Greyfriars</strong>",,,,No,,No,No
7839,,Tweed,,"<strong>Saxony tweed Aberlour</strong>",,,,No,,No,No
7840,,Tweed,,"<strong>Saxony tweed Coll</strong>",,,,No,,No,No
7841,,Tweed,,"<strong>Saxony tweed Dornoch</strong>",,,,No,,No,No
7842,,Tweed,,"<strong>Saxony tweed Dunoon</strong>",,,,No,,No,No
7875,,Tweed,,"<strong>Saxony tweed Torridon</strong>",,,,No,,No,No
7844,,Tweed,,"<strong>Saxony tweed Govan</strong>",,,,No,,No,No
7845,,Tweed,,"<strong>Saxony tweed Hebrides</strong>",,,,No,,No,No
7846,,Tweed,,"<strong>Saxony tweed Lochawe</strong>",,,,No,,No,No
7847,,Tweed,,"<strong>Saxony tweed Lochbuie</strong>",,,,No,,No,No
7848,,Tweed,,"<strong>Saxony tweed Skelbo</strong>",,,,No,,No,No
7833,,Pattern,,"<strong>Lambswool tweed Jacobite</strong>",,,,No,,No,No
7849,,Tweed,,"<strong>Saxony tweed Tomintoul</strong>",,,,No,,No,No
7850,,Tweed,,"<strong>Newmill Aberfeldy</strong>",,,,No,,No,No
7851,,Tweed,,"<strong>Newmill Aboyne</strong>",,,,No,,No,No
7852,,Tweed,,"<strong>Newmill Ardnish</strong>",,,,No,,No,No
105,,Tartan,,"<strong>AMEX American Express</strong>",,2354,,No,"Restricted Fabrics",No,No
7906,,Tweed,,"<strong>Natural Collection Partridge</strong>",,,,No,,No,No
7910,,Tweed,,"<strong>Natural Collection Moorhen</strong>",,,,No,,No,No
7769,,Pattern,,"<strong>Moonbeam 36680</strong>",,,,No,,No,No
7768,,Pattern,,"<strong>Moonbeam 36668</strong>",,,,No,,No,No
7767,,Pattern,,"<strong>Moonbeam 36664</strong>",,,,No,,No,No
7766,,Pattern,,"<strong>Moonbeam 36660</strong>",,,,No,,No,No
7765,,Pattern,,"<strong>Moonbeam 36501</strong>",,,,No,,No,No
7917,,Tweed,,"<strong>Natural Collection Bramble</strong>",,,,No,,No,No
7920,,Tweed,,"<strong>Natural Collection Green Lovat & Dolphin</strong>",,,,No,,No,No
108,,Tartan,,"<strong>Anderson (Blackwood) personal</strong>",Scottish,43871,,No,"Restricted Fabrics",No,No
7905,,Tweed,,"<strong>Natural Collection Peacock</strong>",,,,No,,No,No
104,,Tartan,,"<strong>American Society of Travel Agents</strong>",,2316,,No,"Restricted Fabrics",No,No
7930,,Tweed,,"<strong>Natural Collection Moss & Heath</strong>",,,,No,,No,No
7764,,Pattern,,"<strong>Hartwist 32146</strong>",,,,No,,No,No
7932,,Tweed,,"<strong>Natural Collection Natural Stripe</strong>",,,,No,,No,No
7763,,Pattern,,"<strong>Hartwist 32132</strong>",,,,No,,No,No
7762,,Pattern,,"<strong>Hartwist 32127</strong>",,,,No,,No,No
7938,,Tweed,,"<strong>Natural Collection Peregrine</strong>",,,,No,,No,No
7761,,Pattern,,"<strong>Hartwist 32115</strong>",,,,No,,No,No
7940,,Tweed,,"<strong>Natural Collection Lapwing</strong>",,,,No,,No,No
7942,,Tweed,,"<strong>Natural Collection Lichen</strong>",,,,No,,No,No
7787,,Pattern,,"<strong>Ingles Tweed AHD15</strong>",,,,No,,No,No
7876,,Tweed,,"<strong>Centenary Collection 3704</strong>",,,,No,,No,No
7877,,Tweed,,"<strong>Centenary Collection 3705</strong>",,,,No,,No,No
7878,,Tweed,,"<strong>Centenary Collection 3706</strong>",,,,No,,No,No
7879,,Tweed,,"<strong>Centenary Collection 3707</strong>",,,,No,,No,No
7880,,Tweed,,"<strong>Centenary Collection 3708</strong>",,,,No,,No,No
7881,,Tweed,,"<strong>Centenary Collection 3711</strong>",,,,No,,No,No
7882,,Tweed,,"<strong>Centenary Collection 3712</strong>",,,,No,,No,No
7883,,Tweed,,"<strong>Centenary Collection 3713</strong>",,,,No,,No,No
7789,,Pattern,,"<strong>Ingles Tweed AHS36</strong>",,,,No,,No,No
7788,,Pattern,,"<strong>Ingles Tweed AHS34</strong>",,,,No,,No,No
7831,,Tweed,,"<strong>Lambswool tweed Ceilidh</strong>",,,,No,,No,No
124,,Tartan,,"<strong>Andreou (Kimon) personal</strong>",Scottish,43526,,No,"Restricted Fabrics",No,No
7895,,Tweed,,"<strong>Natural Collection Flintstone Quarry</strong>",,,,No,,No,No
7897,,Tweed,,"<strong>Natural Collection Heath Coffee</strong>",,,,No,,No,No
7900,,Tweed,,"<strong>Natural Collection Woodpecker</strong>",,,,No,,No,No
7786,,Pattern,,"<strong>Ingles Tweed AHD13</strong>",,,,No,,No,No
7785,,Pattern,,"<strong>Ingles Tweed AHD12</strong>",,,,No,,No,No
7902,,Tweed,,"<strong>Natural Collection Curlew</strong>",,,,No,,No,No
7784,,Pattern,,"<strong>Ingles Tweed AHD07</strong>",,,,No,,No,No
7783,,Pattern,,"<strong>Ingles Tweed AHD03</strong>",,,,No,,No,No
7782,,Pattern,,"<strong>Ingles Tweed AHD02</strong>",,,,No,,No,No
7417,,Tweed,,"<strong>Green Tweeds Herringbone</strong>",,,,No,,No,No
7407,,Tweed,,"<strong>Green Tweeds Stripes</strong>",,,,No,,No,No
7408,,Tweed,,"<strong>Brown/red Tweeds Prince of Wales</strong>",,,,No,,No,No
7409,,Tweed,,"<strong>Brown/red Tweeds Check</strong>",,,,Yes,,No,No
7410,,Tweed,,"<strong>Brown/red Tweeds Houndstooth</strong>",,,,No,,No,No
7412,,Tweed,,"<strong>Green Tweeds Windowpane</strong>",,,,No,,No,No
7885,,Pattern,,"<strong>Centenary Collection 3715</strong>",,,,No,,No,No
7413,,Tweed,,"<strong>Brown/red Tweeds Houndstooth overcheck</strong>",,,,No,,No,No
7414,,Tweed,,"<strong>Green Tweeds Check</strong>",,,,No,,No,No
7415,,Tweed,,"<strong>Brown/red Tweeds Parquet</strong>",,,,No,,No,No
7416,,Tweed,,"<strong>Green Tweeds Houndstooth overcheck</strong>",,,,No,,No,No
7406,,Tweed,,"<strong>Green Tweeds Herringbone overcheck</strong>",,,,No,,No,No
7465,,Tweed,,"<strong>Gargrave Lilac Plaid (Moon)</strong>",,,,No,Moon,No,No
7467,,Tweed,,"<strong>Skye Apple Plaid (Moon)</strong>",,,,No,Moon,No,No
7470,,Tweed,,"<strong>Fyvie Celestial Plaid (Moon)</strong>",,,,No,Moon,No,No
7726,,Tweed,,"<strong>Rob Roy (Film) Authentic</strong>",,,,No,,No,No
7728,,Tweed,,"<strong>Estate tweeds Glen Banvie</strong>",,,,No,,No,No
7770,,Tweed,,"<strong>Shetland Jacketing Hunter</strong>",,,,No,,No,No
7771,,Tweed,,"<strong>Shetland Jacketing Gamekeeper</strong>",,,,No,,No,No
7772,,Tweed,,"<strong>Shetland Jacketing Beaters Grey</strong>",,,,No,,No,No
7776,,Tweed,,"<strong>Wool Jacketing Tay Herringbone</strong>",,,,No,,No,No
7777,,Tweed,,"<strong>Wool Jacketing Talla Herringbone</strong>",,,,No,,No,No
6998,,Tweed,,"<strong>Herriot Country Brown Herringbone</strong>",,,,No,,No,No
7886,,Pattern,,"<strong>Centenary Collection 3716</strong>",,,,No,,No,No
6917,,Tweed,,<strong>6025</strong>,,,,No,,No,No
6918,,Tweed,,<strong>6026</strong>,,,,No,,No,No
6929,,Tweed,,<strong>6037</strong>,,,,No,,No,No
6930,,Tweed,,<strong>6038</strong>,,,,No,,No,No
6931,,Tweed,,<strong>6039</strong>,,,,No,,No,No
6936,,Tweed,,<strong>8548</strong>,,,,No,,No,No
6937,,Tweed,,<strong>8549</strong>,,,,No,,No,No
6938,,Tweed,,<strong>8550</strong>,,,,No,,No,No
6940,,Tweed,,<strong>8552</strong>,,,,No,,No,No
7778,,Tweed,,"<strong>Wool Jacketing Tyne Herringbone</strong>",,,,No,,No,No
7003,,Tweed,,"<strong>Herriot Country 6005</strong>",,,,No,,No,No
7112,,Tweed,,"<strong>Brown/red Tweeds Light Brown</strong>",,,,No,,No,No
7359,,Tweed,,"<strong>Blue Tweeds Check</strong>",,,,No,,No,No
7360,,Tweed,,"<strong>Green Worsted Herringbone overcheck</strong>",,,,No,,No,No
7361,,Tweed,,"<strong>Brown/red Tweeds Plain</strong>",,,,Yes,,No,No
7362,,Tweed,,"<strong>Green Worsted Herringbone</strong>",,,,No,,No,No
7363,,Tweed,,"<strong>Brown/red Tweeds Windowpane</strong>",,,,Yes,,No,No
7364,,Tweed,,"<strong>Brown/red Tweeds Herringbone overcheck</strong>",,,,No,,No,No
7365,,Tweed,,"<strong>Brown/red Tweeds Herringbone</strong>",,,,No,,No,No
7366,,Tweed,,"<strong>Green Worsted Plain</strong>",,,,No,,No,No
7820,,Tweed,,"<strong>Merino Cashmere Fountainbridge</strong>",,,,No,,No,No
7811,,Tweed,,"<strong>Cashmere tweed Gleneagles</strong>",,,,No,,No,No
7812,,Tweed,,"<strong>Cashmere tweed Thirlestane</strong>",,,,No,,No,No
7813,,Tweed,,"<strong>Cashmere tweed Ballycastle</strong>",,,,No,,No,No
7814,,Tweed,,"<strong>Cashmere tweed Buncrana</strong>",,,,No,,No,No
7815,,Tweed,,"<strong>Cashmere tweed Dunottar</strong>",,,,No,,No,No
7816,,Tweed,,"<strong>Cashmere tweed Raphoe</strong>",,,,No,,No,No
7817,,Tweed,,"<strong>Cashmere tweed Gordonstoun</strong>",,,,No,,No,No
7818,,Tweed,,"<strong>Cashmere tweed Heriot</strong>",,,,No,,No,No
7884,,Pattern,,"<strong>Centenary Collection 3714</strong>",,,,No,,No,No
7819,,Tweed,,"<strong>Merino Cashmere Corstorphine</strong>",,,,No,,No,No
7810,,Tweed,,"<strong>Cashmere tweed Carnoustie</strong>",,,,No,,No,No
7821,,Tweed,,"<strong>Merino Cashmere Murrayfield</strong>",,,,No,,No,No
7822,,Tweed,,"<strong>Merino Cashmere Waverley</strong>",,,,No,,No,No
7823,,Tweed,,"<strong>Merino Cashmere Morningside</strong>",,,,No,,No,No
7824,,Tweed,,"<strong>Saxony tweed Ardersier</strong>",,,,No,,No,No
7825,,Tweed,,"<strong>Saxony tweed Banchory</strong>",,,,No,,No,No
7826,,Tweed,,"<strong>Saxony tweed Bennachie</strong>",,,,No,,No,No
7827,,Tweed,,"<strong>Saxony tweed Cromarty</strong>",,,,No,,No,No
7828,,Tweed,,"<strong>Saxony tweed Fintry</strong>",,,,No,,No,No
7829,,Tweed,,"<strong>Saxony tweed Inchberry</strong>",,,,No,,No,No
7830,,Tweed,,"<strong>Saxony tweed Pitmedden</strong>",,,,No,,No,No
129,,Tartan,,"<strong>Angove (Neville) personal</strong>",Scottish,43910,,No,"Restricted Fabrics",No,No
7779,,Tweed,,"<strong>Wool Jacketing Patriot Tay</strong>",,,,No,,No,No
7780,,Tweed,,"<strong>Wool Jacketing Patriot Talla</strong>",,,,No,,No,No
7781,,Tweed,,"<strong>Wool Jacketing Patriot Tyne</strong>",,,,No,,No,No
7790,,Tweed,,"<strong>Islay tweed Braveheart</strong>",,,,No,,No,No
7791,,Tweed,,"<strong>Islay tweed c26</strong>",,,,No,,No,No
7792,,Tweed,,"<strong>Islay tweed c31</strong>",,,,No,,No,No
7793,,Tweed,,"<strong>Islay tweed c32</strong>",,,,No,,No,No
7794,,Tweed,,"<strong>Islay tweed c33</strong>",,,,No,,No,No
7795,,Tweed,,"<strong>Islay tweed c34</strong>",,,,No,,No,No
7797,,Tweed,,"<strong>Cairngorm Grey Stripe</strong>",,,,No,,No,No
7943,,Tweed,,"<strong>Natural Collection Orchard</strong>",,,,No,,No,No
7799,,Tweed,,"<strong>Cairngorm Natural Stripe</strong>",,,,No,,No,No
128,,Tartan,,<strong>Anglicare</strong>,Scottish,44044,,No,"Restricted Fabrics",No,No
7801,,Tweed,,"<strong>Cairngorm Peregrine</strong>",,,,No,,No,No
7803,,Tweed,,"<strong>Carlton C1018</strong>",,,,No,,No,No
7804,,Tweed,,"<strong>Carlton C1065</strong>",,,,No,,No,No
7805,,Tweed,,"<strong>Cashmere tweed Edinburgh</strong>",,,,No,,No,No
7806,,Tweed,,"<strong>Cashmere tweed Stirling</strong>",,,,No,,No,No
7807,,Tweed,,"<strong>Cashmere tweed Troon</strong>",,,,No,,No,No
7808,,Tweed,,"<strong>Cashmere tweed Teal</strong>",,,,No,,No,No
7809,,Tweed,,"<strong>Cashmere tweed Ardminish</strong>",,,,No,,No,No
13459,,Tweed,,"<strong>Troon Eau De Nil Plaid (Moon)</strong>",,,,No,Moon,No,No
8113,,Tweed,,"<strong>Islay tweed Rob Roy</strong>",,,,No,,No,No
6181,,Pattern,,"<strong>Moonbeam Overcheck Twill Grey #1</strong>",,,,No,,No,No
27,,Tartan,,"<strong>ACS Clothing Ltd Earl Blue Marl</strong>",,6867,,No,"Lochcarron of Scotland",No,No
13393,,Tweed,,"<strong>Skye Raspberry Plaid (Moon)</strong>",,,,No,Moon,No,No
13410,,Tweed,,"<strong>Ingleton Natural Plaid (Moon)</strong>",,,,No,Moon,No,No
13412,,Tweed,,"<strong>Multicheck Fawn Plaid (Moon)</strong>",,,,No,Moon,No,No
13416,,Tweed,,"<strong>Settle Aqua Plaid (Moon)</strong>",,,,No,Moon,No,No
13442,,Tweed,,"<strong>Purple Stripes; Lambswool (Moon)</strong>",,,,No,Moon,No,No
13454,,Tweed,,"<strong>Natural Check (Moon)</strong>",,,,No,Moon,No,No
13455,,Tweed,,"<strong>Malham Natural Check (Moon)</strong>",,,,No,Moon,No,No
8075,,Tweed,,"<strong>Herriot Country 8552</strong>",,,,No,,No,No
13460,,Tweed,,"<strong>Eau De Nil Plaid (Moon)</strong>",,,,No,Moon,No,No
13461,,Tweed,,"<strong>Huntingtower Hemp Plaid (Moon)</strong>",,,,No,Moon,No,No
13462,,Tweed,,"<strong>Huntingtower Spruce Plaid (Moon)</strong>",,,,No,Moon,No,No
13463,,Tweed,,"<strong>Spruce Plaid (Moon)</strong>",,,,No,Moon,No,No
13464,,Tweed,,"<strong>Gosford Spruce Plaid (Moon)</strong>",,,,No,Moon,No,No
13465,,Tweed,,"<strong>Multicheck Lime Check (Moon)</strong>",,,,No,Moon,No,No
13466,,Tweed,,"<strong>Ingleton Lime Plaid (Moon)</strong>",,,,No,Moon,No,No
13467,,Tweed,,"<strong>Settle Lime Plaid (Moon)</strong>",,,,No,Moon,No,No
13468,,Tweed,,"<strong>Malham Lime Plaid (Moon)</strong>",,,,No,Moon,No,No
13469,,Tweed,,"<strong>Skye Lime Plaid (Moon)</strong>",,,,No,Moon,No,No
8068,,Tweed,,"<strong>Herriot Country 6037</strong>",,,,No,,No,No
7433,,Pattern,,"<strong>Blue Tweeds</strong>",,,,No,,No,No
7432,,Pattern,,"<strong>White/natural Tweeds</strong>",,,,No,,No,No
7431,,Pattern,,"<strong>Brown/red Tweeds</strong>",,,,No,,No,No
7430,,Pattern,,"<strong>Grey/Black Tweeds</strong>",,,,No,,No,No
8065,,Tweed,,"<strong>Herriot Country 6025</strong>",,,,No,,No,No
7373,,Pattern,,"<strong>Settle - Black Pinstripe</strong>",,,,No,"Marton Mills",No,No
8066,,Tweed,,"<strong>Herriot Country 6026</strong>",,,,No,,No,No
7372,,Pattern,,"<strong>Settle - Dark Grey Pinstripe</strong>",,,,No,"Marton Mills",No,No
8067,,Tweed,,"<strong>Herriot Country 6036</strong>",,,,No,,No,No
6928,,Pattern,,<strong>6036</strong>,,,,No,,No,No
13470,,Tweed,,"<strong>Portobello Check Lime/Cyan; Lambswool (Moon)</strong>",,,,No,Moon,No,No
6919,,Pattern,,<strong>6027</strong>,,,,No,,No,No
6184,,Pattern,,"<strong>Moonbeam Plaid Black and White #1</strong>",,,,No,,No,No
6183,,Pattern,,"<strong>Moonbeam Overcheck Twill Purple #1</strong>",,,,No,,No,No
6182,,Pattern,,"<strong>Moonbeam Overcheck Twill Grey #9</strong>",,,,No,,No,No
8069,,Tweed,,"<strong>Herriot Country 6038</strong>",,,,No,,No,No
29,,Tartan,,"<strong>ACS Clothing Ltd Summer Spirit</strong>",,6824,,No,"Restricted Fabrics",No,No
28,,Tartan,,"<strong>ACS Clothing Ltd Grey Spirit</strong>",,6594,,No,"Restricted Fabrics",No,No
8072,,Tweed,,"<strong>Herriot Country 8548</strong>",,,,No,,No,No
8073,,Tweed,,"<strong>Herriot Country 8549</strong>",,,,No,,No,No
8074,,Tweed,,"<strong>Herriot Country 8550</strong>",,,,No,,No,No
6160,,Pattern,,"<strong>Hartwist Striped Twill Brown #1</strong>",,,,No,"Harrisons of Edinburgh",No,No
6177,,Pattern,,"<strong>Moonbeam Overcheck Twill Blue #1</strong>",,,,No,,No,No
14,,Tartan,,"<strong>Aberdeen Football Club</strong>",,4536,,No,"Restricted Fabrics",No,No
6176,,Pattern,,"<strong>Moonbeam Overcheck Plaid Black and White #1</strong>",,609682,,No,,No,No
13,,Tartan,,"<strong>Aberdeen Football Club #3</strong>",,3010,,No,"Restricted Fabrics",No,No
300442,,Tweed,,"<strong> Essential Scotweb Harris Tweed Barleycorn Brown K181</strong>",,,,Yes,,No,No
12,,Tartan,,"<strong>Aberdeen Football Club #2</strong>",,3009,,No,"Restricted Fabrics",No,No
6161,,Pattern,,"<strong>Hartwist Striped Twill Brown #2</strong>",,,,No,"Harrisons of Edinburgh",No,No
301489,,Tweed,,"<strong>Wool Jacketing Patriot Teviot</strong>",,,,No,,No,No
4983,,Pattern,,"<strong>Embroidered Great Seal of America Emblem</strong>",,,,No,,No,No
4984,,Pattern,,"<strong>Embroidered Maple Leaf Emblem</strong>",,,,No,,No,No
17,,Tartan,,"<strong>Aberdeen University 1995</strong>",,3011,,No,"Restricted Fabrics",No,No
4985,,Pattern,,"<strong>Embroidered Scottish Icon Lion Rampant Emblem (Gold)</strong>",,,,No,,No,No
4986,,Pattern,,"<strong>Embroidered Scottish Icon Lion Rampant Emblem (Navy Blue)</strong>",,,,No,,No,No
4987,,Pattern,,"<strong>Embroidered Scottish Icon Thistle Emblem (Navy Blue)</strong>",,,,No,,No,No
4988,,Pattern,,"<strong>Embroidered Scottish Icon Thistle Emblem (Purple)</strong>",,,,No,,No,No
4989,,Pattern,,"<strong>Embroidered Shamrock and Harp Emblem</strong>",Irish,,,No,,No,No
4990,,Pattern,,"<strong>Embroidered Welsh Dragon Emblem (Large Sett)</strong>",Welsh,,,No,,No,No
4991,,Pattern,,"<strong>Embroidered Welsh Dragon Emblem (Small Sett)</strong>",Welsh,,,No,,No,No
6159,,Pattern,,"<strong>Hartwist Herringbone Grey #1</strong>",,,,No,"Harrisons of Edinburgh",No,No
5048,,Pattern,,"<strong>Glen Checked Glen Carron</strong>",,,,No,,No,No
5056,,Pattern,,"<strong>Glen Checked Glen Morar</strong>",,,,No,,No,No
13481,,Tweed,,"<strong>Natural Stripes; Lambswool (Moon)</strong>",,,,No,Moon,No,No
13471,,Tweed,,"<strong>Settle Fawn Plaid (Moon)</strong>",,,,No,Moon,No,No
13472,,Tweed,,"<strong>Mid Grey Check (Moon)</strong>",,,,No,Moon,No,No
13473,,Tweed,,"<strong>Light Grey Plaid (Moon)</strong>",,,,No,Moon,No,No
13474,,Tweed,,"<strong>Charcoal/Lime Stripes (Moon)</strong>",,,,No,Moon,No,No
13475,,Tweed,,"<strong>Savile Row Slate/Ecru Stripes (Moon)</strong>",,,,No,Moon,No,No
13476,,Tweed,,"<strong>Notting Hill Stripes (Moon)</strong>",,,,No,Moon,No,No
13477,,Tweed,,"<strong>Grey/Charcoal Stripes (Moon)</strong>",,,,No,Moon,No,No
13478,,Tweed,,"<strong>Black and White Houndstooth (Moon)</strong>",,,,No,Moon,No,No
13479,,Tweed,,"<strong>Natural Check (Moon)</strong>",,,,No,Moon,No,No
13480,,Tweed,,"<strong>Old Gold Check (Moon)</strong>",,,,No,Moon,No,No
36,,Tartan,,"<strong>AIK Stockholm Football Club 2009</strong>",Scottish,43917,,No,"Restricted Fabrics",No,No
13482,,Tweed,,"<strong>Mutli Natural Spots (Moon)</strong>",,,,No,Moon,No,No
6180,,Pattern,,"<strong>Moonbeam Overcheck Twill Blue #13</strong>",,,,No,,No,No
13483,,Tweed,,"<strong>Multi Lime Spots (Moon)</strong>",,,,No,Moon,No,No
13484,,Tweed,,"<strong>Mutli Fawn Spots (Moon)</strong>",,,,No,Moon,No,No
26,,Tartan,,"<strong>ACS Clothing Ltd Blue Spirit</strong>",,7001,,No,"Restricted Fabrics",No,No
24,,Tartan,,"<strong>ABF The Soldiers' Charity</strong>",Scottish,44009,,No,"Restricted Fabrics",No,No
22,,Tartan,,"<strong>Abertay University</strong>",,5990,,Yes,"Restricted Fabrics",No,No
21,,Tartan,,"<strong>Aberlour Glenlivet</strong>",,5982,,No,"Restricted Fabrics",No,No
20,,Tartan,,"<strong>Aberlour Glenlivet Bicentenary</strong>",Scottish,43547,,No,"Restricted Fabrics",No,No
6179,,Pattern,,"<strong>Moonbeam Overcheck Twill Blue #12</strong>",,,,No,,No,No
7464,,Pattern,,"<strong>Purple/pink Tweeds Herringbone overcheck</strong>",,,,No,,No,No
7990,,Tweed,,"<strong>Esholt ES159</strong>",,,,No,,No,No
7991,,Tweed,,"<strong>Esholt ES215</strong>",,,,No,,No,No
7472,,Pattern,,"<strong>Black and White Houndstooth; Lambswool (Moon)</strong>",,,,No,Moon,No,No
7992,,Tweed,,"<strong>Estate tweeds Aberfeldy</strong>",,,,No,,No,No
7993,,Tweed,,"<strong>Estate tweeds Aboyne</strong>",,,,No,,No,No
7994,,Tweed,,"<strong>Estate tweeds Ballater</strong>",,,,No,,No,No
7995,,Tweed,,"<strong>Estate tweeds Callander</strong>",,,,No,,No,No
7996,,Tweed,,"<strong>Estate tweeds Crieff</strong>",,,,No,,No,No
7471,,Pattern,,"<strong>Charcoal/Cyan Rings; Lambswool (Moon)</strong>",,,,No,Moon,No,No
7468,,Pattern,,"<strong>Brown/red Tweeds Paisley</strong>",,,,Yes,,No,No
7473,,Pattern,,"<strong>Park Lane Outmeal Check; Lambswool (Moon)</strong>",,,,No,Moon,No,No
7463,,Pattern,,"<strong>Brown/red Tweeds Barleycorn</strong>",,,,No,,No,No
7997,,Tweed,,"<strong>Estate tweeds Cupar</strong>",,,,No,,No,No
7998,,Tweed,,"<strong>Estate tweeds Daviot</strong>",,,,No,,No,No
7999,,Tweed,,"<strong>Estate tweeds Dunkeld</strong>",,,,No,,No,No
7461,,Pattern,,"<strong>Wheat Windowpane (Moon)</strong>",,,,No,Moon,No,No
8000,,Tweed,,"<strong>Estate tweeds Edzell</strong>",,,,No,,No,No
7460,,Pattern,,"<strong>White/natural Tweeds Stripes</strong>",,,,No,,No,No
7456,,Pattern,,"<strong>Richmond Check Purple Windowpane; Lambswool (Moon)</strong>",,,,No,Moon,No,No
8001,,Tweed,,"<strong>Estate tweeds Fetterangus</strong>",,,,No,,No,No
8002,,Tweed,,"<strong>Estate tweeds Inver</strong>",,,,No,,No,No
7965,,Tweed,,"<strong>Cheviot Heath Evergreen</strong>",,,,No,,No,No
7760,,Pattern,,"<strong>Hartwist 32113</strong>",,,,No,,No,No
7536,,Pattern,,"<strong>Green Tweeds Houndstooth</strong>",,,,No,,No,No
7535,,Pattern,,"<strong>Blue Tweeds Prince of Wales</strong>",,,,No,,No,No
7534,,Pattern,,"<strong>Green Tweeds Prince of Wales</strong>",,,,No,,No,No
86,,Tartan,,"<strong>Allt Dubh</strong>",,7296,,Yes,"Restricted Fabrics",No,No
7533,,Pattern,,"<strong>White/natural Tweeds Barleycorn</strong>",,,,No,,No,No
7954,,Tweed,,"<strong>Cheviot Bog Flinstone</strong>",,,,No,,No,No
7532,,Pattern,,"<strong>Blue Tweeds Barleycorn</strong>",,,,No,,No,No
7531,,Pattern,,"<strong>Blue Worsted Windowpane</strong>",,,,No,,No,No
7961,,Tweed,,"<strong>Cheviot Pheasant Red Agate</strong>",,,,No,,No,No
8003,,Tweed,,"<strong>Estate tweeds Melrose</strong>",,,,No,,No,No
7529,,Pattern,,"<strong>Grey/Black Tweeds Prince of Wales</strong>",,,,No,,No,No
7481,,Pattern,,"<strong>Grey/Black Tweeds Overcheck</strong>",,,,No,,No,No
7480,,Pattern,,"<strong>Brown/red Tweeds Spots</strong>",,,,No,,No,No
7479,,Pattern,,"<strong>Light Natural Spots (Moon)</strong>",,,,No,,No,No
7478,,Pattern,,"<strong>Grey/Black Tweeds Spots</strong>",,,,No,,No,No
7477,,Pattern,,"<strong>Brown/red Tweeds Star</strong>",,,,No,,No,No
7974,,Tweed,,"<strong>Cheviot Lovat Mulberry Loganberry</strong>",,,,No,,No,No
7476,,Pattern,,"<strong>Grey/Black Tweeds Snowflake</strong>",,,,No,,No,No
7475,,Pattern,,"<strong>Brown/red Tweeds Snowflake</strong>",,,,No,,No,No
7474,,Pattern,,"<strong>Brown/Pink Stripes; Lambswool (Moon)</strong>",,,,No,Moon,No,No
7442,,Pattern,,"<strong>Grey/Black Tweeds Herringbone overcheck</strong>",,,,No,,No,No
8032,,Tweed,,"<strong>Heritage Cheviot Olive Parchment</strong>",,,,No,,No,No
8033,,Tweed,,"<strong>Heritage Cheviot Olivine Redstart</strong>",,,,No,,No,No
8034,,Tweed,,"<strong>Heritage Cheviot Onion Green</strong>",,,,No,,No,No
8035,,Tweed,,"<strong>Heritage Cheviot Parchment</strong>",,,,No,,No,No
8036,,Tweed,,"<strong>Heritage Cheviot Parchment Ivy</strong>",,,,No,,No,No
8037,,Tweed,,"<strong>Heritage Cheviot Pipit</strong>",,,,No,,No,No
8038,,Tweed,,"<strong>Heritage Cheviot Quail</strong>",,,,No,,No,No
8040,,Tweed,,"<strong>Heritage Cheviot Toad Green</strong>",,,,No,,No,No
8041,,Tweed,,"<strong>Heritage Cheviot Toad Ivy</strong>",,,,No,,No,No
7443,,Pattern,,"<strong>Blue Tweeds Herringbone overcheck</strong>",,,,No,,No,No
8031,,Tweed,,"<strong>Heritage Cheviot Lovat Antique</strong>",,,,No,,No,No
8046,,Tweed,,"<strong>Herriot Country 6004</strong>",,,,No,,No,No
7441,,Pattern,,"<strong>Grey/Black Tweeds Herringbone</strong>",,,,Yes,Moon,No,No
42,,Tartan,,"<strong>Aitchison (James) personal</strong>",,46813,,No,"Restricted Fabrics",No,No
8049,,Tweed,,"<strong>Herriot Country 6008</strong>",,,,No,,No,No
7440,,Pattern,,"<strong>Blue Tweeds Windowpane</strong>",,,,Yes,Moon,No,No
8051,,Tweed,,"<strong>Herriot Country 6010</strong>",,,,No,,No,No
8052,,Tweed,,"<strong>Herriot Country 6011</strong>",,,,No,,No,No
8053,,Tweed,,"<strong>Herriot Country 6012</strong>",,,,No,,No,No
7439,,Pattern,,"<strong>Grey/Black Tweeds Windowpane</strong>",,,,Yes,,No,No
7434,,Pattern,,"<strong>Green Tweeds</strong>",,,,No,,No,No
8016,,Tweed,,"<strong>Estate tweeds Glen Inver</strong>",,,,No,,No,No
8004,,Tweed,,"<strong>Estate tweeds Old Meldrum</strong>",,,,No,,No,No
8005,,Tweed,,"<strong>Estate tweeds Tarland</strong>",,,,No,,No,No
7455,,Pattern,,"<strong>Blue Tweeds Stripes</strong>",,,,No,,No,No
7453,,Pattern,,"<strong>Grey/Black Tweeds Check</strong>",,,,No,,No,No
7450,,Pattern,,"<strong>Grey/Black Tweeds Barleycorn</strong>",,,,No,,No,No
7449,,Pattern,,"<strong>Grey/Black Tweeds Houndstooth</strong>",,,,No,,No,No
7448,,Pattern,,"<strong>Grey/Black Tweeds Check and overcheck</strong>",,,,No,,No,No
8009,,Tweed,,"<strong>Natural Collection Chiffchaff</strong>",,,,No,,No,No
7447,,Pattern,,"<strong>Blue Tweeds Plain</strong>",,,,Yes,Moon,No,No
57,,Tartan,,"<strong>Alexander (TL) personal</strong>",,1405,,No,"Restricted Fabrics",No,No
6916,,Tweed,,<strong>6024</strong>,,,,No,,No,No
8017,,Tweed,,"<strong>Estate tweeds Glen Jura</strong>",,,,Yes,,No,No
8018,,Tweed,,"<strong>Estate tweeds Glen Keith</strong>",,,,No,,No,No
7446,,Pattern,,"<strong>Brown/red Tweeds Check and overcheck</strong>",,,,No,,No,No
8020,,Tweed,,"<strong>Estate tweeds Glen Peffer</strong>",,,,No,,No,No
7445,,Pattern,,"<strong>Blue Tweeds Plaid</strong>",,,,Yes,Moon,No,No
7444,,Pattern,,"<strong>Blue Tweeds Herringbone</strong>",,,,No,,No,No
8027,,Tweed,,"<strong>Heritage Cheviot Green Lovat Coffee</strong>",,,,No,,No,No
8028,,Tweed,,"<strong>Heritage Cheviot Green Lovat Kelp</strong>",,,,No,,No,No
8029,,Tweed,,"<strong>Heritage Cheviot Harrier</strong>",,,,No,,No,No
4052,,Tartan,,"<strong>Scottish Motor Trade Association</strong><br/>[AKA] <strong>SMTA</strong>",,2392,,No,"Restricted Fabrics",No,No
4004,,Tartan,,"<strong>Scotland's Lionheart</strong>",,7335,,No,"Restricted Fabrics",No,No
1261,,Tartan,,"<strong>Edinburgh Crystal</strong>",,2307,,No,"Restricted Fabrics",No,No
1251,,Tartan,,"<strong>East Carolina University</strong>",Scottish,44091,,No,"Restricted Fabrics",No,No
1249,,Tartan,,"<strong>Earl of St Andrews (depr)</strong>",Scottish,4776,,Yes,,No,No
1243,,Tartan,,"<strong>Dykes (Sandy) personal</strong>",,7156,,No,"Restricted Fabrics",No,No
4038,,Tartan,,"<strong>Scottish Express International</strong>",,2309,,No,"Restricted Fabrics",No,No
4039,,Tartan,,"<strong>Scottish Flair (Canberra) personal</strong>",,4449,,No,"Restricted Fabrics",No,No
4040,,Tartan,,"<strong>Scottish Flair (Canberra) personal; New</strong>",,6538,,No,"Restricted Fabrics",No,No
4049,,Tartan,,"<strong>Scottish Islamic</strong>",,44248,,Yes,"Restricted Fabrics",No,No
1264,,Tartan,,"<strong>Edinburgh Marketing</strong>",,2106,,No,"Restricted Fabrics",No,No
1229,,Tartan,,"<strong>Dunne (Kathryn) personal; Puxty-Dunne</strong>",Scottish,44105,,No,"Restricted Fabrics",No,No
1228,,Tartan,,<strong>Dunn</strong>,,6481,,Yes,"Restricted Fabrics",No,No
1227,,Tartan,,"<strong>Dunn (John) personal</strong>",,6785,,No,"Restricted Fabrics",No,No
4063,,Tartan,,"<strong>Scottish Power</strong>",,2435,,No,"Restricted Fabrics",No,No
4066,,Tartan,,"<strong>Scottish Pup</strong>",Scottish,43811,,No,"Restricted Fabrics",No,No
4070,,Tartan,,"<strong>Scottish Silver Thistle</strong>",,55481,,No,"Restricted Fabrics",No,No
1213,,Tartan,,"<strong>Dundee United Football Club</strong>",,4757,,No,"Restricted Fabrics",No,No
1212,,Tartan,,"<strong>Dundee Football Club</strong>",,2058,,No,"Restricted Fabrics",No,No
3984,,Tartan,,"<strong>Scotch House 2000 Antique</strong>",,2636,,No,"Restricted Fabrics",No,No
3967,,Tartan,,<strong>Sarros</strong>,Scottish,44099,,No,"Restricted Fabrics",No,No
3970,,Tartan,,"<strong>Satisfashion Argyll</strong>",,6516,,No,"Restricted Fabrics",No,No
3972,,Tartan,,"<strong>Saunders (Rudge) personal; Welly</strong>",Scottish,43978,,No,"Restricted Fabrics",No,No
3977,,Tartan,,"<strong>Schmidt (M) personal</strong>",International,64845,,No,"Restricted Fabrics",No,No
3978,,Tartan,,"<strong>Schneider (Danareth) personal</strong>",Scottish,43539,,No,"Restricted Fabrics",No,No
1277,,Tartan,,"<strong>Eichelberger (Jorg) personal</strong>",Scottish,43566,,No,"Restricted Fabrics",No,No
3981,,Tartan,,"<strong>Schuster (Bavaria) , Benedikt</strong>",Scottish,43982,,No,"Restricted Fabrics",No,No
3983,,Tartan,,"<strong>Scotch House (London); Raibert Check</strong>",,605,,No,"Restricted Fabrics",No,No
4080,,Tartan,,"<strong>Scragg Moran</strong>",Scottish,43949,,No,"Restricted Fabrics",No,No
3986,,Tartan,,"<strong>Scotch House Callum</strong>",,5381,,No,"Restricted Fabrics",No,No
3988,,Tartan,,"<strong>Scotch House Dorcas</strong>",,3180,,No,"Restricted Fabrics",No,No
3991,,Tartan,,"<strong>Scotch Mist</strong>",,7242,,No,"Restricted Fabrics",No,No
1271,,Tartan,,"<strong>Edinburgh Zoo Panda</strong>",Scottish,44081,,No,"Restricted Fabrics",No,No
3993,,Tartan,,"<strong>Scotch Whisky Heritage Centre</strong>",,1920,,No,"Restricted Fabrics",No,No
1270,,Tartan,,"<strong>Edinburgh University</strong>",Scottish,69632,,No,"Restricted Fabrics",No,No
1269,,Tartan,,"<strong>Edinburgh University Management School</strong>",,6107,,No,"Restricted Fabrics",No,No
3996,,Tartan,,"<strong>Scotland 1782</strong>",,4131,,No,"Restricted Fabrics",No,No
1152,,Tartan,,"<strong>Drambuie Dress</strong>",,2485,,No,"Restricted Fabrics",No,No
4154,,Tartan,,"<strong>Slanj Dress</strong>",,6426,,No,"Restricted Fabrics",No,No
4155,,Tartan,,<strong>Slanj</strong>,,3977,,No,"Restricted Fabrics",No,No
1174,,Tartan,,"<strong>Duclos (Richard) personal</strong>",Scottish,43587,,No,"Restricted Fabrics",No,No
4158,,Tartan,,<strong>SmartWool</strong>,,5828,,Yes,"Restricted Fabrics",No,No
1169,,Tartan,,"<strong>Dublin Irish County</strong>",Irish,2250,,No,"Wales Tartan",No,No
4181,,Tartan,,"<strong>South African Air Force (unmirrored)</strong>",,,,Yes,,No,No
1156,,Tartan,,"<strong>Driver (RC) personal</strong>",Scottish,43756,,No,"Restricted Fabrics",No,No
4187,,Tartan,,"<strong>Southern Illinois University Carbondale</strong>",Scottish,44094,,No,"Restricted Fabrics",No,No
1153,,Tartan,,"<strong>Drambuie Hunting</strong>",,2475,,No,"Restricted Fabrics",No,No
1175,,Tartan,,"<strong>Duclos (Richard) personal #2</strong>",,3902,,No,"Restricted Fabrics",No,No
4192,,Tartan,,"<strong>Spar UK</strong>",,2353,,No,"Restricted Fabrics",No,No
4193,,Tartan,,"<strong>Spence (Victor) personal; Love</strong>",Scottish,44051,,No,"Restricted Fabrics",No,No
4194,,Tartan,,"<strong>Spence (Victor) personal; Wedding</strong>",Scottish,44095,,No,"Restricted Fabrics",No,No
4195,,Tartan,,"<strong>Spence (Victor) personal; Wedding Day</strong>",Scottish,44100,,No,"Restricted Fabrics",No,No
4196,,Tartan,,"<strong>Spence (Victor) personal; World Peace</strong>",Scottish,43989,,No,"Restricted Fabrics",No,No
1151,,Tartan,,"<strong>Drambuie Company</strong>",,2474,,No,"Restricted Fabrics",No,No
4201,,Tartan,,"<strong>Spirit of 1994</strong>",Scottish,44027,,No,"Restricted Fabrics",No,No
4203,,Tartan,,"<strong>Spirit of Bannockburn</strong>",,3445,,No,"Restricted Fabrics",No,No
1189,,Tartan,,"<strong>Duminiak (Trevose) personal</strong>",Scottish,43577,,No,"Restricted Fabrics",No,No
4087,,Tartan,,<strong>Selby</strong>,,43659,,No,"Restricted Fabrics",No,No
4090,,Tartan,,"<strong>Selkirk District</strong>",,2304,,No,"Restricted Fabrics",No,No
1200,,Tartan,,"<strong>DunBroch (Brave movie)</strong>",,44901,,No,"Restricted Fabrics",No,No
1199,,Tartan,,"<strong>Dunbog Primary School</strong>",,954,,No,"Restricted Fabrics",No,No
4104,,Tartan,,"<strong>SFA Scottish Football Association</strong>",,6582,,No,"Restricted Fabrics",No,No
1196,,Tartan,,"<strong>Dunbarton Quebeck</strong>",,1886,,No,"Restricted Fabrics",No,No
4115,,Tartan,,"<strong>Shawlands International</strong>",Scottish,43580,,No,"Restricted Fabrics",No,No
4117,,Tartan,,"<strong>Sheard (Roy) personal; Devon Green</strong>",,1284,,No,"Restricted Fabrics",No,No
3966,,Tartan,,"<strong>Sarnia City of</strong>",Scottish,43525,,No,"Restricted Fabrics",No,No
4126,,Tartan,,"<strong>Siddle #2</strong>",,6912,,No,"Restricted Fabrics",No,No
4127,,Tartan,,"<strong>Siddle New</strong>",Scottish,43583,,No,"Restricted Fabrics",No,No
4133,,Tartan,,"<strong>Silver Mist</strong>",,6927,,No,"Restricted Fabrics",No,No
4134,,Tartan,,"<strong>Silver Thistle</strong>",,6686,,No,"Restricted Fabrics",No,No
4137,,Tartan,,<strong>Sin-Cos</strong>,Scottish,44108,,No,"Restricted Fabrics",No,No
4140,,Tartan,,"<strong>Sinclair, Green (Personal)</strong>",,890,,No,"Restricted Fabrics",No,No
1177,,Tartan,,"<strong>Duclos (Richard) personal; French Freemasons' Pride</strong>",Scottish,43541,,No,"Restricted Fabrics",No,No
1176,,Tartan,,"<strong>Duclos (Richard) personal #3</strong>",,5977,,No,"Restricted Fabrics",No,No
3782,,Tartan,,"<strong>Reekie (Edmonton) personal</strong>",Scottish,43854,,No,"Restricted Fabrics",No,No
3735,,Tartan,,"<strong>Quigley (Knockcroghery) personal; Hunting</strong>",Scottish,44043,,No,"Restricted Fabrics",No,No
3736,,Tartan,,"<strong>Quinn (Wedding) personal</strong>",,2478,,No,"Restricted Fabrics",No,No
3744,,Tartan,,"<strong>Raith Rovers Football Club</strong>",,2424,,No,"Restricted Fabrics",No,No
1396,,Tartan,,"<strong>Fleming Scotland Flanders</strong>",,2531,,Yes,,No,No
3756,,Tartan,,"<strong>Rangers Football Club 1994</strong>",,2170,,No,"Restricted Fabrics",No,No
3757,,Tartan,,"<strong>Rangers Football Club Dress</strong>",,2171,,No,"Restricted Fabrics",No,No
3758,,Tartan,,"<strong>Rangers Football Club MacArthur</strong>",,6583,,No,"Restricted Fabrics",No,No
1394,,Tartan,,"<strong>Flairtex of Darvel Diana Hunting</strong>",,4678,,No,"Restricted Fabrics",No,No
1393,,Tartan,,"<strong>Flairtex of Darvel Diana Dress</strong>",,1867,,No,"Restricted Fabrics",No,No
3734,,Tartan,,"<strong>Quigley (Knockcroghery) personal</strong>",Scottish,44090,,No,"Restricted Fabrics",No,No
1378,,Tartan,,"<strong>Firefighters' Memorial</strong>",,7339,,No,"Restricted Fabrics",No,No
3790,,Tartan,,"<strong>Reid (Marguerite) personal</strong>",USA,73965,,No,"Restricted Fabrics",No,No
3794,,Tartan,,"<strong>Reid Taylor House Check</strong>",,355,,No,"Restricted Fabrics",No,No
3796,,Tartan,,"<strong>Remony Red</strong>",,2235,,No,"Restricted Fabrics",No,No
1372,,Tartan,,"<strong>Fife Flyers</strong>",,4534,,No,"Restricted Fabrics",No,No
3806,,Tartan,,"<strong>Richmond (Alan) personal; Richmond de Ellel</strong>",,6226,,No,"Restricted Fabrics",No,No
3808,,Tartan,,"<strong>Riddoch, #2 (Personal) (archived)</strong>",,5856,,Yes,,No,No
3811,,Tartan,,"<strong>Rikaco (Japan) personal; Eve</strong>",Scottish,44002,,No,"Restricted Fabrics",No,No
1434,,Tartan,,"<strong>Frankfurt and District Pipe Band</strong><br/>[AKA] <strong>Clan Pipers</strong>",Scottish,44010,,No,"Restricted Fabrics",No,No
3630,,Tartan,,"<strong>Plowman (Steven) personal</strong>",,6523,,No,"Restricted Fabrics",No,No
3633,,Tartan,,"<strong>Pointe-Claire, City of</strong>",Scottish,44084,,No,"Restricted Fabrics",No,No
3636,,Tartan,,"<strong>Police Officers Group Motorcycle Association</strong>",USA,71520,,No,"Restricted Fabrics",No,No
3637,,Tartan,,<strong>Polish</strong>,International,68571,,Yes,"Restricted Fabrics",No,No
3640,,Tartan,,"<strong>Pope of Wales</strong>",Welsh,6170,,No,"Wales Tartan",No,No
3643,,Tartan,,<strong>Porcelanosa</strong>,,6726,,Yes,,No,No
3657,,Tartan,,"<strong>Presbyterian Synod of Living Waters</strong>",,5485,,No,"Restricted Fabrics",No,No
3659,,Tartan,,"<strong>Presley of Memphis</strong>",,6237,,No,"Restricted Fabrics",No,No
1364,,Tartan,,"<strong>Ferster (James) personal</strong>",Scottish,43576,,No,"Restricted Fabrics",No,No
3700,,Tartan,,"<strong>Pringle, Glasgow (Personal)</strong>",,55643,,No,"Restricted Fabrics",No,No
3711,,Tartan,,"<strong>Punky Princess</strong>",,44704,,No,"Restricted Fabrics",No,No
1412,,Tartan,,"<strong>Forbo Nairn Ltd</strong>",,2298,,No,"Restricted Fabrics",No,No
3723,,Tartan,,"<strong>Queen of Scots Commemorative</strong>",,6746,,Yes,,No,No
3724,,Tartan,,"<strong>Queen of Scots</strong>",,2627,,Yes,,No,No
3725,,Tartan,,"<strong>Queen of the South Football Club</strong>",,2649,,No,"Restricted Fabrics",No,No
3730,,Tartan,,"<strong>Queens University of Ontario</strong>",,2103,,No,"Restricted Fabrics",No,No
3733,,Tartan,,"<strong>Quenouille (Howald) personal</strong>",Scottish,44038,,No,"Restricted Fabrics",No,No
3920,,Tartan,,"<strong>Royal Warrant Holders</strong>",,3981,,No,"Restricted Fabrics",No,No
1330,,Tartan,,"<strong>Exabyte Software</strong>",,2286,,No,"Restricted Fabrics",No,No
1327,,Tartan,,"<strong>Everett (Summerfield) personal; Dress</strong>",Scottish,58832,,No,"Restricted Fabrics",No,No
3905,,Tartan,,"<strong>Royal College of Physicians Edinburgh</strong>",,2350,,No,"Restricted Fabrics",No,No
3906,,Tartan,,"<strong>Royal College of Surgeons #2</strong>",,64925,,No,"Restricted Fabrics",No,No
3907,,Tartan,,"<strong>Royal College of Surgeons of Edinburgh</strong>",,2457,,No,"Restricted Fabrics",No,No
3910,,Tartan,,"<strong>Royal Highland Show</strong>",,2054,,Yes,"Restricted Fabrics",No,No
3911,,Tartan,,"<strong>Royal Marines Condor (a)</strong>",,2330,,Yes,,No,No
3912,,Tartan,,"<strong>Royal Naval Association (unmirrored)</strong>",,,,Yes,,No,No
1334,,Tartan,,"<strong>Facenna (Gerry) personal; Allied Vehicles</strong>",Scottish,44006,,No,"Restricted Fabrics",No,No
3921,,Tartan,,"<strong>Royal Yacht Britannia</strong>",,2529,,Yes,"Restricted Fabrics",No,No
1300,,Tartan,,"<strong>Encyclopedia Britannica</strong>",,1968,,No,"Restricted Fabrics",No,No
3948,,Tartan,,<strong>Saltire</strong>,,6152,,No,"Restricted Fabrics",No,No
3951,,Tartan,,"<strong>Samios (Rosemary) personal; Isle of Skye</strong>",,2155,,No,"Lochcarron of Scotland",No,No
3952,,Tartan,,"<strong>Samios (Rosemary) personal; Loch Ness #2</strong>",,5450,,No,"Restricted Fabrics",No,No
3953,,Tartan,,"<strong>Samkoma Auchmaliddie</strong>",Scottish,43919,,No,"Restricted Fabrics",No,No
1292,,Tartan,,"<strong>Elmore (Chattan) personal</strong>",,3998,,No,"Restricted Fabrics",No,No
3959,,Tartan,,"<strong>Sands-Pingot (Alabama) personal</strong>",Scottish,43562,,No,"Restricted Fabrics",No,No
3852,,Tartan,,"<strong>Roeger (Rocky) personal; Irish Heritage</strong>",Irish,7018,,No,"Restricted Fabrics",No,No
1362,,Tartan,,"<strong>Ferrazza (Guidonia) personal</strong>",Scottish,44030,,No,"Restricted Fabrics",No,No
3823,,Tartan,,"<strong>Robert Wiseman Dairies</strong>",,2393,,No,"Restricted Fabrics",No,No
3835,,Tartan,,"<strong>Robieson (Graham) personal; Beejay</strong>",Canadian,55166,,No,"Restricted Fabrics",No,No
3843,,Tartan,,"<strong>Rocca (Bundanoon) personal</strong>",,2641,,No,"Restricted Fabrics",No,No
3845,,Tartan,,"<strong>Roeger (Rocky) personal; American Heritage</strong>",,7087,,No,"Restricted Fabrics",No,No
3846,,Tartan,,"<strong>Roeger, Rocky (The Hamish Bicknell) (Personal)</strong>",Scottish,56101,,Yes,"Restricted Fabrics",No,No
3848,,Tartan,,"<strong>Roeger (Rocky) personal; Dropkick Murphys</strong>",,7127,,No,"Restricted Fabrics",No,No
3849,,Tartan,,"<strong>Roeger (Rocky) personal; Fogarty</strong>",Irish,62675,,No,"Restricted Fabrics",No,No
4204,,Tartan,,"<strong>Spirit of Dunkeld</strong>",Scottish,43523,,No,"Restricted Fabrics",No,No
1345,,Tartan,,"<strong>Faskin (Ewan) personal</strong>",Scottish,43553,,No,"Restricted Fabrics",No,No
3861,,Tartan,,"<strong>Rose (N) personal</strong>",International,64270,,No,"Restricted Fabrics",No,No
3880,,Tartan,,"<strong>Rosslyn Da Vinci</strong>",,6838,,No,"Restricted Fabrics",No,No
3881,,Tartan,,"<strong>Rotary International</strong>",,2334,,Yes,"Restricted Fabrics",No,No
3886,,Tartan,,"<strong>Round Table of Britain and Ireland</strong>",Irish,2365,,No,"Restricted Fabrics",No,No
1337,,Tartan,,"<strong>Falkirk Football Club</strong>",,3835,,No,"Restricted Fabrics",No,No
1335,,Tartan,,"<strong>James Keith (Personal)</strong>",,6787,,No,"Restricted Fabrics",No,No
3893,,Tartan,,"<strong>Royal Army Physical Training Corps Association (Scotland)</strong>",Scottish,43527,,No,"Restricted Fabrics",No,No
4644,,Tartan,,"<strong>Walls (Steve) personal</strong>",Scottish,58479,,No,"Restricted Fabrics",No,No
912,,Tartan,,"<strong>Commonwealth Games 1986 Variation</strong>",,610,,No,"Restricted Fabrics",No,No
911,,Tartan,,"<strong>Commonwealth Games 1986 Staff</strong>",,655,,No,"Restricted Fabrics",No,No
910,,Tartan,,"<strong>Commonwealth Games 1986 Athletes</strong>",,1892,,No,"Restricted Fabrics",No,No
4615,,Tartan,,"<strong>Victoria Australia</strong>",,2509,,Yes,,No,No
908,,Tartan,,"<strong>Commonwealth Games 1998</strong><br/>[AKA] <strong>Maitland Chiefs</strong>",,3080,,No,"Restricted Fabrics",No,No
4618,,Tartan,,"<strong>Viking Technology Ltd American Scottish</strong>",,6105,,No,"Restricted Fabrics",No,No
901,,Tartan,,"<strong>College of Radiographers</strong>",,1274,,No,"Restricted Fabrics",No,No
4628,,Tartan,,"<strong>Vorwerk Incentive Group</strong>",Scottish,44000,,No,"Restricted Fabrics",No,No
897,,Tartan,,"<strong>Coffield-Limesand (Wedding) personal</strong>",Scottish,43524,,No,"Restricted Fabrics",No,No
4603,,Tartan,,"<strong>Vance (Mark) personal; #2</strong>",,63224,,No,"Restricted Fabrics",No,No
4645,,Tartan,,"<strong>Walter (James) personal</strong>",,2436,,No,"Restricted Fabrics",No,No
4653,,Tartan,,"<strong>Washington (Mary) personal</strong>",,2432,,No,"Restricted Fabrics",No,No
4665,,Tartan,,"<strong>Webb (Clyde) personal</strong>",,3921,,No,"Restricted Fabrics",No,No
4670,,Tartan,,"<strong>Weir Minerals</strong>",,63832,,No,"Restricted Fabrics",No,No
885,,Tartan,,"<strong>Clyde (Lisa) personal</strong>",Scottish,44104,,No,"Restricted Fabrics",No,No
4674,,Tartan,,"<strong>Wellmont Foundation</strong>",,2472,,No,"Restricted Fabrics",No,No
4676,,Tartan,,"<strong>Wells (Greg) personal; Red</strong>",,6511,,No,"Restricted Fabrics",No,No
4678,,Tartan,,"<strong>Welsh (Stanley) personal</strong>",Scottish,43612,,No,"Restricted Fabrics",No,No
4570,,Tartan,,"<strong>US 160th Special Operations Aviation Regiment</strong><br/>[AKA] <strong>SOAR(A)</strong><br/>[AKA] <strong>Night Stalkers</strong>",Scottish,43529,,No,"Restricted Fabrics",No,No
4513,,Tartan,,"<strong>Tulloch Homes</strong>",,2493,,Yes,"Restricted Fabrics",No,No
4515,,Tartan,,"<strong>Tupper (John) personal</strong>",Scottish,63222,,No,"Restricted Fabrics",No,No
979,,Tartan,,"<strong>Crane (Stuart) personal; of Cluny Hunting</strong>",,6143,,No,"Restricted Fabrics",No,No
978,,Tartan,,"<strong>Crane (Stuart) personal; of Cluny Dress</strong>",,6142,,No,"Restricted Fabrics",No,No
977,,Tartan,,"<strong>Crane (Stuart) personal; of Cluny</strong>",,2674,,No,"Restricted Fabrics",No,No
954,,Tartan,,"<strong>Cotswolds Distillery</strong>",English,68429,,No,"Restricted Fabrics",No,No
951,,Tartan,,"<strong>Corryvrechan Dance Team Blue Dress</strong>",,60682,,No,"Restricted Fabrics",No,No
950,,Tartan,,"<strong>Corryvrechan Dance Team Blue</strong>",,60681,,No,"Restricted Fabrics",No,No
4686,,Tartan,,"<strong>West of Scotland Water Authority Loch Katrine District</strong>",,2612,,No,"Restricted Fabrics",No,No
946,,Tartan,,"<strong>Cornish National Day</strong>",,1262,,Yes,,No,No
4577,,Tartan,,"<strong>US Army</strong>",,6307,,Yes,,No,No
4580,,Tartan,,"<strong>US Coastguard (archived)</strong>",USA,59002,,Yes,,No,No
938,,Tartan,,"<strong>Copar a'Beannichte</strong>",,6483,,No,"Restricted Fabrics",No,No
4583,,Tartan,,"<strong>US Marine Corps</strong>",,975,,Yes,,No,No
937,,Tartan,,"<strong>Copar a'Beannichte Dress</strong>",,6484,,No,"Restricted Fabrics",No,No
4589,,Tartan,,"<strong>US Polaris Military</strong>",,222,,No,"Restricted Fabrics",No,No
920,,Tartan,,"<strong>Connacht Green (DCD trash)</strong>",,4485,,Yes,,No,No
729,,Tartan,,"<strong>Canine All Dogs</strong>",Scottish,43649,,No,"Restricted Fabrics",No,No
782,,Tartan,,"<strong>Causeway, The</strong>",Scottish,44083,,No,"Restricted Fabrics",No,No
775,,Tartan,,"<strong>Castlecraig Renewal Clinics Recovery Hunting</strong>",,2440,,Yes,"Restricted Fabrics",No,No
774,,Tartan,,"<strong>Castlecraig Renewal Clinics Recovery Dress</strong>",,2441,,No,"Restricted Fabrics",No,No
773,,Tartan,,"<strong>Castlecraig Renewal Clinics Recovery 12 Step</strong>",,2439,,Yes,"Restricted Fabrics",No,No
738,,Tartan,,"<strong>Cardiff City Football Club</strong>",,6635,,No,"Restricted Fabrics",No,No
4832,,Tartan,,"<strong>Wilton (Matthew) personal; Wilton of Toronto</strong>",,4069,,No,"Restricted Fabrics",No,No
4836,,Tartan,,"<strong>Wishart (David) personal; Holland</strong>",,6655,,No,"Restricted Fabrics",No,No
4839,,Tartan,,"<strong>Wojtek Memorial Trust</strong>",International,60007,,No,"Restricted Fabrics",No,No
799,,Tartan,,"<strong>Chalk (Robert) personal</strong>",Scottish,43986,,No,"Restricted Fabrics",No,No
725,,Tartan,,"<strong>Canadian Legion Branch 50</strong>",,1327,,No,"Restricted Fabrics",No,No
4855,,Tartan,,"<strong>Wrigglesworth (Albert) personal</strong>",Scottish,43945,,No,"Restricted Fabrics",No,No
4857,,Tartan,,"<strong>Wyckoff (Ann) personal</strong>",Scottish,43589,,No,"Restricted Fabrics",No,No
4860,,Tartan,,"<strong>X Marks the Scot</strong>",,6679,,No,"Restricted Fabrics",No,No
4861,,Tartan,,"<strong>Yale College Wrexham</strong>",Scottish,44026,,No,"Restricted Fabrics",No,No
721,,Tartan,,"<strong>Canadian Dental Association</strong>",Canadian,73128,,No,"Restricted Fabrics",No,No
714,,Tartan,,"<strong>Campbell Collegiate School Collegiate</strong>",Scottish,44019,,No,"Restricted Fabrics",No,No
4870,,Tartan,,"<strong>Yorkshire Cricket Club</strong>",,670,,No,"Restricted Fabrics",No,No
839,,Tartan,,<strong>Christmas</strong>,Scottish,43538,,No,"Restricted Fabrics",No,No
4688,,Tartan,,"<strong>West Virginia University Mountaineer</strong>",Scottish,43550,,No,"Restricted Fabrics",No,No
4691,,Tartan,,"<strong>Western Australia Scottish Associations</strong>",Scottish,44088,,No,"Restricted Fabrics",No,No
4696,,Tartan,,"<strong>Westwater (James) personal</strong>",Scottish,43531,,No,"Restricted Fabrics",No,No
5467,,Plain,,"<strong>Satsuma (Tangerine); Wool</strong>",,,,Yes,,No,No
851,,Tartan,,"<strong>Clan Crest Textiles Loch Morar District</strong>",,1701,,No,"Restricted Fabrics",No,No
4713,,Tartan,,"<strong>Wild Highlanders Historical Performers</strong>",,4046,,No,"Restricted Fabrics",No,No
849,,Tartan,,<strong>Clackson</strong>,,5831,,Yes,"Restricted Fabrics",No,No
846,,Tartan,,"<strong>Citadel Military Academy</strong>",,1572,,Yes,,No,No
4511,,Tartan,,"<strong>Triplett (Jack) personal</strong>",Scottish,43548,,No,"Restricted Fabrics",No,No
834,,Tartan,,"<strong>Chivas Regal</strong>",,3949,,No,"Restricted Fabrics",No,No
826,,Tartan,,"<strong>Children's Wish Foundation Canada</strong>",Canadian,55164,,No,"Restricted Fabrics",No,No
814,,Tartan,,"<strong>Check Trading Co Tokyo Peterhead District</strong>",,2368,,No,"Restricted Fabrics",No,No
813,,Tartan,,"<strong>Check Trading Co Tokyo Glen Flesk</strong>",,2369,,No,"Restricted Fabrics",No,No
803,,Tartan,,"<strong>Charles Carberry</strong>",,62676,,No,"Restricted Fabrics",No,No
802,,Tartan,,"<strong>Chambers (Christopher) personal</strong>",Scottish,43552,,No,"Restricted Fabrics",No,No
801,,Tartan,,"<strong>Chalmers (William) personal; European Union</strong>",,2486,,No,"Restricted Fabrics",No,No
800,,Tartan,,"<strong>Chalmers (Kilsyth) personal</strong>",,4073,,No,"Restricted Fabrics",No,No
4285,,Tartan,,"<strong>Sterling (Rob) personal</strong>",Scottish,70314,,No,"Restricted Fabrics",No,No
4261,,Tartan,,"<strong>St Margaret of Scotland Youth Group</strong>",Scottish,44004,,No,"Restricted Fabrics",No,No
4264,,Tartan,,"<strong>St Mirren Football Club</strong>",,3831,,No,"Restricted Fabrics",No,No
4266,,Tartan,,"<strong>St Patrick's Krewe</strong>",Scottish,43532,,No,"Restricted Fabrics",No,No
1093,,Tartan,,"<strong>Delta Lambda Phi</strong>",Scottish,44086,,No,"Restricted Fabrics",No,No
4277,,Tartan,,"<strong>Steffen (Markus) personal</strong>",Scottish,44011,,No,"Restricted Fabrics",No,No
1091,,Tartan,,"<strong>Dege of Saville Row</strong>",,2112,,No,"Restricted Fabrics",No,No
4280,,Tartan,,"<strong>Stephen (Mathieson) personal</strong>",,43712,,No,"Restricted Fabrics",No,No
4281,,Tartan,,"<strong>Stephen (Mathieson) personal #2</strong>",Australian,35399,,No,"Restricted Fabrics",No,No
4282,,Tartan,,"<strong>Stephen (Mathieson) personal; weathered</strong>",Scottish,57428,,No,"Restricted Fabrics",No,No
4259,,Tartan,,"<strong>St Lawrence</strong>",,1030,,No,"Restricted Fabrics",No,No
1083,,Tartan,,"<strong>De Maynard</strong>",,5927,,Yes,,No,No
4338,,Tartan,,"<strong>Stewmann (Chad) personal</strong>",Scottish,44080,,No,"Restricted Fabrics",No,No
1081,,Tartan,,"<strong>de Jong (Spirit) personal</strong>",Scottish,43590,,No,"Restricted Fabrics",No,No
1080,,Tartan,,"<strong>de Franck (Matt) personal</strong>",Scottish,44012,,No,"Restricted Fabrics",No,No
4352,,Tartan,,"<strong>Stratford (Ontario), City of</strong>",Scottish,43935,,No,"Restricted Fabrics",No,No
1068,,Tartan,,"<strong>Davidson (Paul) personal; Italian</strong>",,5285,,No,"Restricted Fabrics",No,No
1065,,Tartan,,<strong>Danish</strong>,,7136,,Yes,"Restricted Fabrics",No,No
4372,,Tartan,,"<strong>Stutterheim Rainwear</strong>",Scottish,43554,,No,"Restricted Fabrics",No,No
1123,,Tartan,,"<strong>Doig, R & Son</strong>",,6252,,No,"Restricted Fabrics",No,No
4205,,Tartan,,"<strong>Spirit of Fife</strong>",,6526,,No,"Restricted Fabrics",No,No
4206,,Tartan,,"<strong>Spirit of Morningside</strong>",,5817,,No,"Restricted Fabrics",No,No
4209,,Tartan,,"<strong>Spirit of Solway</strong>",,5808,,No,"Restricted Fabrics",No,No
4211,,Tartan,,"<strong>Spirit of Wales</strong>",Welsh,6495,,No,"Restricted Fabrics",No,No
4220,,Tartan,,"<strong>SRU Scottish Rugby Union</strong>",,2101,,No,"Restricted Fabrics",No,No
1137,,Tartan,,"<strong>Double Elvis Gallery</strong>",Scottish,44023,,No,"Restricted Fabrics",No,No
4222,,Tartan,,"<strong>St Andrew Society Illinois</strong>",,2051,,No,"Restricted Fabrics",No,No
4230,,Tartan,,"<strong>St Andrews Golf Links</strong>",,2391,,No,"Restricted Fabrics",No,No
4375,,Tartan,,"<strong>Suffolk County NY Police</strong>",,2461,,No,"Restricted Fabrics",No,No
4239,,Tartan,,"<strong>St Andrews University</strong><br/>[AKA] <strong>International</strong>",,2398,,No,"Restricted Fabrics",No,No
1116,,Tartan,,"<strong>Dignan School</strong>",,2358,,No,"Restricted Fabrics",No,No
1115,,Tartan,,"<strong>Digital Equipment</strong>",,2140,,No,"Restricted Fabrics",No,No
1109,,Tartan,,"<strong>Dewar's Whisky Highlander</strong>",,694,,No,"Restricted Fabrics",No,No
1108,,Tartan,,<strong>Dewar</strong>,,4675,,No,"Restricted Fabrics",No,No
4254,,Tartan,,"<strong>St Johnstone Football Club</strong>",,2425,,No,"Restricted Fabrics",No,No
1106,,Tartan,,"<strong>Dewar (Christian) personal</strong>",,4514,,No,"Restricted Fabrics",No,No
1105,,Tartan,,"<strong>Devon Rural Skills Trust</strong>",,2182,,No,"Restricted Fabrics",No,No
1010,,Tartan,,"<strong>Cullen (Christian) personal</strong>",,57475,,No,"Restricted Fabrics",No,No
1039,,Tartan,,"<strong>Daks Fashion 600150</strong>",,6797,,No,"Restricted Fabrics",No,No
4421,,Tartan,,"<strong>Tartan Sportswear Celtic FC Old Colours</strong>",,2080,,No,"Restricted Fabrics",No,No
4422,,Tartan,,"<strong>Tartan Sportswear Celtic FC Old Colours 1996</strong>",,2232,,No,"Restricted Fabrics",No,No
4444,,Tartan,,"<strong>Texcraft Clothing Millennium 2000</strong>",,2495,,No,"Restricted Fabrics",No,No
4450,,Tartan,,"<strong>Think Pink</strong><br/>[AKA] <strong>Imperial Cancer Fund</strong>",,5134,,Yes,"Restricted Fabrics",No,No
4475,,Tartan,,"<strong>Thunderlord Celtic Group</strong>",Scottish,44032,,No,"Restricted Fabrics",No,No
4476,,Tartan,,<strong>Tiger</strong>,Scottish,43617,,No,"Restricted Fabrics",No,No
4478,,Tartan,,"<strong>Timely Marketing (Auckland)</strong>",,3043,,No,"Restricted Fabrics",No,No
4417,,Tartan,,"<strong>Tartan Army</strong><br/>[AKA] <strong>Direach mars Spors</strong>",,2389,,No,"Restricted Fabrics",No,No
4485,,Tartan,,"<strong>Todd (Tom) personal; Tantallon</strong>",,6849,,No,"Restricted Fabrics",No,No
4486,,Tartan,,"<strong>Todd (Tom) personal; Tribal</strong>",,5886,,No,"Restricted Fabrics",No,No
4494,,Tartan,,"<strong>Toronto Blue Jays</strong>",,5103,,No,"Restricted Fabrics",No,No
1001,,Tartan,,"<strong>Crookstoun (James) personal</strong>",Scottish,43977,,No,"Restricted Fabrics",No,No
4496,,Tartan,,<strong>Torridon</strong>,,59794,,Yes,,No,No
1000,,Tartan,,<strong>Crookdake-Cheng</strong>,,2207,,Yes,"Restricted Fabrics",No,No
998,,Tartan,,"<strong>Crommert (Edgar) personal; Whiskey & Bourbon</strong>",,43517,,No,"Restricted Fabrics",No,No
996,,Tartan,,"<strong>Crombie House Check</strong>",,2302,,No,"Restricted Fabrics",No,No
1045,,Tartan,,"<strong>Daks Fashion House</strong>",,2260,,No,"Restricted Fabrics",No,No
1053,,Tartan,,"<strong>Dalbraith, Eastern Western Motor Group</strong>",,2197,,No,"Restricted Fabrics",No,No
1052,,Tartan,,"<strong>Daks Fashion Simpson Muted Skye</strong>",,386,,No,"Restricted Fabrics",No,No
1051,,Tartan,,"<strong>Daks Fashion Navy</strong>",,1329,,No,"Restricted Fabrics",No,No
4397,,Tartan,,"<strong>Swiss National</strong>",Scottish,44048,,No,"Restricted Fabrics",No,No
1050,,Tartan,,"<strong>Daks Fashion Muted Loden</strong>",,1732,,No,"Restricted Fabrics",No,No
1049,,Tartan,,"<strong>Daks Fashion Loden</strong>",,191,,No,"Restricted Fabrics",No,No
1047,,Tartan,,"<strong>Daks Fashion Invertere</strong>",,1540,,No,"Restricted Fabrics",No,No
1046,,Tartan,,"<strong>Daks Fashion House Check</strong>",,2506,,No,"Restricted Fabrics",No,No
3627,,Tartan,,"<strong>Pitt (Glasgow) personal</strong>",Scottish,43946,,No,"Restricted Fabrics",No,No
1044,,Tartan,,"<strong>Daks Fashion Chino Check</strong>",,2630,,No,"Restricted Fabrics",No,No
1043,,Tartan,,"<strong>Daks Fashion Brown</strong>",,1740,,No,"Restricted Fabrics",No,No
1042,,Tartan,,"<strong>Daks Fashion Blue Loden</strong>",,1727,,No,"Restricted Fabrics",No,No
1041,,Tartan,,"<strong>Daks Fashion Blue</strong>",,1725,,No,"Restricted Fabrics",No,No
4412,,Tartan,,"<strong>Tam O'Shanter Inn (Glendale)</strong>",,1708,,No,"Restricted Fabrics",No,No
1040,,Tartan,,"<strong>Daks Fashion Black</strong>",,2631,,No,"Restricted Fabrics",No,No
4414,,Tartan,,"<strong>Tartan Army Childrens Charity</strong>",Scottish,43560,,No,"Restricted Fabrics",No,No
4416,,Tartan,,"<strong>Tartan Army Kirkcaldy</strong>",,6842,,No,"Restricted Fabrics",No,No
1896,,Tartan,,"<strong>Highland Sky</strong>",,6825,,Yes,"Restricted Fabrics",No,No
2477,,Tartan,,"<strong>London House Ltd Diana Princess</strong>",,5459,,No,"Restricted Fabrics",No,No
2478,,Tartan,,"<strong>London House Ltd Diana Princess #2</strong>",,4683,,No,"Restricted Fabrics",No,No
2480,,Tartan,,"<strong>London Scottish Rugby Club</strong>",,2360,,Yes,"Restricted Fabrics",No,No
2482,,Tartan,,"<strong>Longford Irish County</strong>",Irish,2281,,No,"Wales Tartan",No,No
1924,,Tartan,,<strong>Hoban</strong>,,6199,,No,"Restricted Fabrics",No,No
1921,,Tartan,,"<strong>Historic Caledonian Railway Enthusiasts</strong>",Scottish,43618,,No,"Restricted Fabrics",No,No
1907,,Tartan,,"<strong>Highlands of Haliburton Dress</strong>",Scottish,44033,,Yes,,No,No
2506,,Tartan,,"<strong>Lord Willy's Clothing</strong>",Scottish,43913,,No,"Restricted Fabrics",No,No
1904,,Tartan,,"<strong>Highlander Company Highland Laddie Kilts</strong>",,2396,,No,"Restricted Fabrics",No,No
1932,,Tartan,,"<strong>Holder (Michael) personal; MacRobart</strong>",,2388,,No,"Restricted Fabrics",No,No
2531,,Tartan,,"<strong>Lundie (Robert) personal</strong>",Scottish,43642,,No,"Restricted Fabrics",No,No
2534,,Tartan,,"<strong>Lunting Papi</strong><br/>[AKA] <strong>Garroway Hunting</strong>",,7223,,No,"Restricted Fabrics",No,No
2535,,Tartan,,<strong>Lusk</strong>,,7228,,Yes,"Restricted Fabrics",No,No
2545,,Tartan,,"<strong>Lytley (William) personal; Formal</strong>",Scottish,44035,,No,"Restricted Fabrics",No,No
2546,,Tartan,,"<strong>Lytley (William) personal; Hunting</strong>",Scottish,44036,,No,"Restricted Fabrics",No,No
1883,,Tartan,,"<strong>Hier (Kilcreggan) personal</strong>",Scottish,44103,,No,"Restricted Fabrics",No,No
2566,,Tartan,,"<strong>MacArthur-Fox (Jeffrey) personal; Loch Creran</strong>",Scottish,44101,,No,"Restricted Fabrics",No,No
1876,,Tartan,,"<strong>Heslop (William) personal; Lurdenlaw by Kelso</strong>",Scottish,43902,,No,"Restricted Fabrics",No,No
2442,,Tartan,,"<strong>Lochcarron (Scotland) personal; Diamond Jubilee</strong>",Scottish,43536,,No,"Restricted Fabrics",No,No
2409,,Tartan,,"<strong>Livingstone (David) personal; Australia Dress</strong>",Scottish,43619,,No,"Restricted Fabrics",No,No
1964,,Tartan,,"<strong>Hueg (Juergen) personal #3</strong>",Scottish,44096,,No,"Restricted Fabrics",No,No
1963,,Tartan,,"<strong>Hueg (Juergen) personal #2</strong>",Scottish,44098,,No,"Restricted Fabrics",No,No
1962,,Tartan,,"<strong>Hueg (Juergen) personal</strong>",Scottish,44097,,No,"Restricted Fabrics",No,No
1957,,Tartan,,"<strong>Hsu (Hong Kong) personal</strong>",Scottish,43533,,No,"Restricted Fabrics",No,No
2428,,Tartan,,"<strong>Loch Lomond Trading Company</strong>",,2616,,No,"Restricted Fabrics",No,No
1951,,Tartan,,"<strong>Hororata District</strong>",Scottish,44106,,No,"Restricted Fabrics",No,No
1949,,Tartan,,"<strong>Hopetoun House Preservation Trust</strong>",,722,,No,"Restricted Fabrics",No,No
1875,,Tartan,,"<strong>Hersbruck (Lossiemouth) personal</strong>",,2311,,No,"Restricted Fabrics",No,No
2445,,Tartan,,"<strong>Lochhead (Malcolm) personal; Peter Rabbit</strong>",Scottish,43615,,No,"Restricted Fabrics",No,No
1942,,Tartan,,"<strong>Holyrood (archived)</strong>",,,,Yes,,No,No
2451,,Tartan,,"<strong>Lock (Ben) personal</strong>",Scottish,44008,,No,"Restricted Fabrics",No,No
2454,,Tartan,,"<strong>Lodge Dunblane Australis</strong>",Scottish,43572,,No,"Restricted Fabrics",No,No
1939,,Tartan,,"<strong>Holyoke St Patrick's Committee</strong>",,5780,,No,"Restricted Fabrics",No,No
2468,,Tartan,,"<strong>Loganair Uniform Skirt</strong>",,1629,,No,"Restricted Fabrics",No,No
1937,,Tartan,,"<strong>Holman (Michael) personal</strong>",,2646,,No,"Restricted Fabrics",No,No
1933,,Tartan,,"<strong>Holder (Michael) personal; MacRobart Dress</strong>",,2399,,No,"Restricted Fabrics",No,No
2793,,Tartan,,"<strong>Mack (Stoneywood) personal; Hunting</strong>",Scottish,55726,,No,"Restricted Fabrics",No,No
2706,,Tartan,,"<strong>John MacFadzean (Personal)</strong>",,2656,,No,"Restricted Fabrics",No,No
2721,,Tartan,,"<strong>MacGeachie (David) personal</strong>",Scottish,55465,,No,"Restricted Fabrics",No,No
2730,,Tartan,,"<strong>MacGirr (unmirrored)</strong>",,,,Yes,,No,No
1852,,Tartan,,"<strong>Help for Heroes</strong>",Scottish,43545,,No,"Restricted Fabrics",No,No
1851,,Tartan,,"<strong>Hek (Berwick) personal</strong>",,43546,,No,"Restricted Fabrics",No,No
2757,,Tartan,,"<strong>MacGuigan (Julia) personal</strong>",Scottish,43584,,No,"Restricted Fabrics",No,No
2758,,Tartan,,"<strong>MacGuinness (Tam) personal</strong>",Scottish,43563,,No,"Restricted Fabrics",No,No
2767,,Tartan,,"<strong>MacHeadley Society</strong>",Scottish,44013,,No,"Restricted Fabrics",No,No
1843,,Tartan,,"<strong>Hector James Clothing</strong>",,2557,,No,"Restricted Fabrics",No,No
1859,,Tartan,,"<strong>Henry (Paul) personal</strong>",Scottish,44015,,No,"Restricted Fabrics",No,No
2794,,Tartan,,"<strong>Mack (personal)</strong>",,6209,,Yes,"Restricted Fabrics",No,No
2795,,Tartan,,<strong>Mackaw</strong>,Scottish,43565,,No,"Restricted Fabrics",No,No
2825,,Tartan,,"<strong>MacKerrell (Hillhouse) personal; Dress</strong>",,6041,,No,"Restricted Fabrics",No,No
2826,,Tartan,,"<strong>MacKerrell (Hillhouse) personal; Hunting</strong>",,1758,,No,"Restricted Fabrics",No,No
2848,,Tartan,,"<strong>MacKirgan (Tom) personal</strong>",,2620,,No,"Restricted Fabrics",No,No
1816,,Tartan,,"<strong>Heather Isle</strong>",,6902,,Yes,"Restricted Fabrics",No,No
1811,,Tartan,,"<strong>Heart of Midlothian Football Club</strong>",,6584,,Yes,"Restricted Fabrics",No,No
2932,,Tartan,,"<strong>MacNaughton (Holdings) personal; Stone of Destiny</strong>",,2291,,Yes,"Restricted Fabrics",No,No
2643,,Tartan,,"<strong>MacDonald (Ken) personal; Bute Heather #2</strong>",,6883,,Yes,"Restricted Fabrics",No,No
1873,,Tartan,,"<strong>Herriot (Andrew) personal; #2</strong>",Scottish,62939,,No,"Restricted Fabrics",No,No
2595,,Tartan,,"<strong>MacCall (Caithness) personal</strong>",Scottish,43931,,No,"Restricted Fabrics",No,No
2609,,Tartan,,"<strong>MacCartney (Lady) personal; Day</strong>",,2593,,No,"Restricted Fabrics",No,No
2610,,Tartan,,"<strong>MacCartney (Lady) personal; Evening</strong>",,2594,,No,"Restricted Fabrics",No,No
1869,,Tartan,,"<strong>Heritage of Scotland</strong>",,7300,,No,"Restricted Fabrics",No,No
2632,,Tartan,,"<strong>MacCuaig (James) personal; Glenelg and the Western Isles #2</strong>",,64332,,No,"Restricted Fabrics",No,No
1867,,Tartan,,"<strong>Heriot Watt University</strong>",,2407,,No,"Restricted Fabrics",No,No
2642,,Tartan,,"<strong>MacDonald (Ken) personal; Bute Heather</strong>",,6885,,No,"Restricted Fabrics",No,No
2408,,Tartan,,"<strong>Livingston Football Club</strong>",,6581,,No,"Restricted Fabrics",No,No
2644,,Tartan,,"<strong>MacDonald (Ken) personal; Bute Heather Anc. Weathered</strong>",,7247,,No,"Restricted Fabrics",No,No
2645,,Tartan,,"<strong>MacDonald (Ken) personal; Bute Heather Autumn</strong>",,6175,,No,"Restricted Fabrics",No,No
2646,,Tartan,,"<strong>MacDonald (Ken) personal; Bute Heather Grey</strong>",,6884,,No,"Restricted Fabrics",No,No
2647,,Tartan,,"<strong>MacDonald (Ken) personal; Bute Heather Midnight</strong>",,7180,,No,"Restricted Fabrics",No,No
2648,,Tartan,,"<strong>MacDonald (Ken) personal; Glasgow Miles Better</strong>",,1887,,No,"Restricted Fabrics",No,No
1861,,Tartan,,"<strong>Henson (Menzies) personal; Inchforth</strong>",Scottish,43557,,No,"Restricted Fabrics",No,No
2692,,Tartan,,"<strong>MacDowall (previous version #2692)</strong>",,7260,,Yes,,No,No
2693,,Tartan,,<strong>MacDuck</strong>,,1121,,No,"Restricted Fabrics",No,No
2231,,Tartan,,"<strong>Kinloch Anderson (personal) Dress</strong>",,2406,,No,"Restricted Fabrics",No,No
2218,,Tartan,,"<strong>King (Austria)</strong>",,6939,,No,"Restricted Fabrics",No,No
2219,,Tartan,,"<strong>King (Michael) personal; Bon Accord Aberdeen</strong>",,2229,,No,"Restricted Fabrics",No,No
2220,,Tartan,,"<strong>King (Mike) personal; Old Aberdeen Diamond Jubilee</strong>",Scottish,43518,,No,"Restricted Fabrics",No,No
2052,,Tartan,,"<strong>Iroquois Falls Centenary</strong>",Scottish,43556,,No,"Restricted Fabrics",No,No
2226,,Tartan,,"<strong>Kings Mountain 1780</strong>",,43859,,No,"Restricted Fabrics",No,No
2227,,Tartan,,"<strong>Kingsbarns Golf Links</strong>",,2532,,No,"Restricted Fabrics",No,No
2228,,Tartan,,"<strong>Kinloch Anderson (personal) #1</strong>",,2404,,No,"Restricted Fabrics",No,No
2229,,Tartan,,"<strong>Kinloch Anderson (personal) #2</strong>",,3070,,No,"Restricted Fabrics",No,No
2230,,Tartan,,"<strong>Kinloch Anderson (personal) Check</strong>",,3003,,No,"Restricted Fabrics",No,No
2217,,Tartan,,"<strong>Kinfauns Castle Hotel</strong>",,2535,,No,"Restricted Fabrics",No,No
2232,,Tartan,,"<strong>Kinloch Anderson (personal) Hunting</strong>",,2405,,No,"Restricted Fabrics",No,No
2233,,Tartan,,"<strong>Kinloch Anderson (personal) Kinloch of Loch Awe</strong>",,6731,,No,"Restricted Fabrics",No,No
2234,,Tartan,,"<strong>Kinloch Anderson (personal) Spec. Blue,White & Black</strong>",Scottish,49588,,No,"Restricted Fabrics",No,No
2235,,Tartan,,"<strong>Kinloch Anderson (personal) Sweetheart</strong>",Scottish,43534,,No,"Restricted Fabrics",No,No
2236,,Tartan,,"<strong>Kinloch Anderson (personal) Taiwan Scottish</strong>",Scottish,43942,,No,"Restricted Fabrics",No,No
2237,,Tartan,,"<strong>Kinmount Whisky</strong>",,5786,,Yes,,No,No
2049,,Tartan,,"<strong>Irn Bru</strong>",,2395,,No,"Restricted Fabrics",No,No
2249,,Tartan,,"<strong>Kirk in the Hills Michigan</strong>",,2318,,No,"Restricted Fabrics",No,No
2090,,Tartan,,"<strong>Jamaican National (unmirrored)</strong>",Scottish,43516,,Yes,,No,No
2107,,Tartan,,"<strong>Johansson (Sweden) personal</strong>",Scottish,44020,,No,"Restricted Fabrics",No,No
2106,,Tartan,,"<strong>Joe Strummer Commemorative</strong>",,57438,,Yes,"Restricted Fabrics",No,No
2113,,Tartan,,"<strong>Johnnie Walker 2003</strong>",,6100,,No,"Restricted Fabrics",No,No
2114,,Tartan,,"<strong>Johnnie Walker Whisky</strong>",,1174,,No,"Restricted Fabrics",No,No
2120,,Tartan,,"<strong>Johnstons of Elgin</strong>",,5309,,Yes,"Restricted Fabrics",No,No
2101,,Tartan,,"<strong>Jenkins-Teague (Theresa) personal; Lawrence of Arabia</strong>",,58980,,No,"Restricted Fabrics",No,No
2097,,Tartan,,"<strong>Jedburgh District Jethart</strong>",,2314,,No,"Restricted Fabrics",No,No
2137,,Tartan,,"<strong>Justerini & Brooks</strong>",,5318,,Yes,"Restricted Fabrics",No,No
2250,,Tartan,,"<strong>Kirk Wynd (St Andrews) personal; Pride of Fife</strong>",,3123,,No,"Restricted Fabrics",No,No
2082,,Tartan,,"<strong>Jack John</strong>",Scottish,55553,,Yes,"Restricted Fabrics",No,No
2157,,Tartan,,"<strong>Keeper of the Quaich 2</strong>",Scottish,59105,,No,"Restricted Fabrics",No,No
2158,,Tartan,,"<strong>Keeper of the Quaich Whisky</strong>",,1731,,No,"Restricted Fabrics",No,No
2169,,Tartan,,"<strong>Kelt hag Armor (A-Z)</strong>",Scottish,44049,,No,"Restricted Fabrics",No,No
2170,,Tartan,,"<strong>Kelt hag Armor (Z-A)</strong>",Scottish,44050,,No,"Restricted Fabrics",No,No
2212,,Tartan,,"<strong>Kilt Centre (Hire) personal; Inverclyde</strong>",,3919,,No,"Restricted Fabrics",No,No
2215,,Tartan,,"<strong>Kincardine City Ontario</strong>",,2590,,No,"Restricted Fabrics",No,No
2216,,Tartan,,"<strong>Kinding (Thomas) personal; Porter Drinkers</strong>",Scottish,44087,,No,"Restricted Fabrics",No,No
2351,,Tartan,,"<strong>Leinster [dupe]</strong>",Irish,59417,,Yes,,No,No
2326,,Tartan,,"<strong>Lawsons' Whisky</strong>",,5957,,Yes,"Restricted Fabrics",No,No
2330,,Tartan,,"<strong>Layton (Mervin) personal</strong>",Scottish,44045,,No,"Restricted Fabrics",No,No
2336,,Tartan,,"<strong>Leando (Coldingham) personal; Dress</strong>",Scottish,43940,,No,"Restricted Fabrics",No,No
2337,,Tartan,,"<strong>Leando (Coldingham) personal; Hunting</strong>",Scottish,43939,,No,"Restricted Fabrics",No,No
2339,,Tartan,,"<strong>Leblant (Macqueron) personal</strong>",Scottish,43588,,No,"Restricted Fabrics",No,No
2345,,Tartan,,"<strong>Leeds University</strong>",,980,,No,"Restricted Fabrics",No,No
2346,,Tartan,,<strong>Leel</strong>,,6205,,Yes,"Restricted Fabrics",No,No
2348,,Tartan,,"<strong>Legary (Alan) personal</strong>",Scottish,44055,,No,"Restricted Fabrics",No,No
2324,,Tartan,,"<strong>Lawrence (Broughty Ferry) personal</strong>",Scottish,43611,,No,"Restricted Fabrics",No,No
1990,,Tartan,,"<strong>Hutchesons Grammar School</strong>",,6518,,No,"Restricted Fabrics",No,No
2356,,Tartan,,"<strong>Lemetti (Mike) personal; Italian National</strong>",,6315,,No,"Restricted Fabrics",No,No
1983,,Tartan,,"<strong>Hunting Energy Services</strong>",Scottish,43801,,No,"Restricted Fabrics",No,No
2385,,Tartan,,"<strong>Lindsay (Blackdown Hills) personal</strong>",,6711,,No,"Restricted Fabrics",No,No
1973,,Tartan,,"<strong>Hunt (Melanie) personal</strong>",,6254,,No,"Restricted Fabrics",No,No
2398,,Tartan,,"<strong>Little (George) personal; Wolverine</strong>",Scottish,56993,,No,"Restricted Fabrics",No,No
2405,,Tartan,,"<strong>Livingston customer special</strong>",,2565,,Yes,,No,No
2407,,Tartan,,"<strong>Livingston Football Club 2001</strong>",,3986,,No,"Restricted Fabrics",No,No
2269,,Tartan,,"<strong>Kruenaegel (Schropp) personal</strong>",Scottish,43571,,No,"Restricted Fabrics",No,No
2042,,Tartan,,"<strong>Investors Group</strong>",,6732,,Yes,"Restricted Fabrics",No,No
2253,,Tartan,,"<strong>Klappert (Denmark) personal</strong>",Scottish,44028,,No,"Restricted Fabrics",No,No
2254,,Tartan,,"<strong>Klappert (Denmark) personal; Klappert Original</strong>",Scottish,44034,,No,"Restricted Fabrics",No,No
2039,,Tartan,,"<strong>Inverness Caledonian Thistle Football Club</strong>",,5272,,No,"Restricted Fabrics",No,No
2260,,Tartan,,"<strong>Knights Templar of Scotland</strong><br/>[AKA] <strong>Militi Templi Scotia</strong>",,561,,No,"Restricted Fabrics",No,No
2263,,Tartan,,"<strong>Knox (Personal)</strong>",,63226,,No,"House of Edgar",No,No
2035,,Tartan,,"<strong>International Radiation Protection Association</strong>",Scottish,43582,,No,"Restricted Fabrics",No,No
2267,,Tartan,,<strong>KPMG</strong>,,2287,,Yes,,No,No
2986,,Tartan,,"<strong>MacScott (New York) personal</strong>",Scottish,43973,,No,"Restricted Fabrics",No,No
2279,,Tartan,,"<strong>Laidlaw's Highland Drovers</strong>",,6729,,Yes,"Restricted Fabrics",No,No
2287,,Tartan,,"<strong>Lambert (Patrice) personal</strong>",Scottish,43996,,No,"Restricted Fabrics",No,No
2292,,Tartan,,"<strong>Lanark Highlands District</strong>",,2637,,No,"Restricted Fabrics",No,No
2016,,Tartan,,"<strong>Inebriated (Clan) personal</strong>",USA,58487,,No,"Restricted Fabrics",No,No
2298,,Tartan,,"<strong>Langehennig (family) personal</strong>",USA,57436,,No,"Restricted Fabrics",No,No
2013,,Tartan,,"<strong>Indiana State #2</strong>",,6871,,No,"Restricted Fabrics",No,No
2306,,Tartan,,"<strong>Lapsley (Tom) personal</strong>",Scottish,43579,,No,"Restricted Fabrics",No,No
2310,,Tartan,,"<strong>Lashbrooke (Barrowfield) personal</strong>",USA,61044,,No,"Restricted Fabrics",No,No
3386,,Tartan,,"<strong>Nike Golf Light</strong>",Scottish,43551,,No,"Restricted Fabrics",No,No
1646,,Tartan,,"<strong>Gordonstoun School #1</strong>",,190,,Yes,,No,No
3363,,Tartan,,"<strong>New York Tartan Day Parade</strong>",Scottish,44107,,No,"Restricted Fabrics",No,No
1633,,Tartan,,"<strong>Gold Brothers</strong>",,6865,,No,"Restricted Fabrics",No,No
1627,,Tartan,,"<strong>Glenturret Distillery</strong>",,1097,,No,"Restricted Fabrics",No,No
1626,,Tartan,,<strong>Glenshee</strong>,,5023,,No,"Restricted Fabrics",No,No
3380,,Tartan,,"<strong>Nickel Lodge Centennial</strong>",,920,,No,"Restricted Fabrics",No,No
3381,,Tartan,,"<strong>Nicol (Rabbie Burns) personal</strong>",,6318,,No,"Restricted Fabrics",No,No
3382,,Tartan,,"<strong>Nicolsby (Geoffrey) personal; Twenty First Century</strong>",,2239,,No,"Restricted Fabrics",No,No
3385,,Tartan,,"<strong>Nike Golf Dark</strong>",Scottish,43519,,No,"Restricted Fabrics",No,No
1647,,Tartan,,"<strong>Gordonstoun School #2</strong>",,362,,No,"Restricted Fabrics",No,No
3392,,Tartan,,"<strong>Nolan (John) personal</strong>",Scottish,43510,,No,"Restricted Fabrics",No,No
1617,,Tartan,,"<strong>Glenlivet Whisky</strong>",,193,,No,"Restricted Fabrics",No,No
3402,,Tartan,,"<strong>North Dakota State University Bison</strong>",Scottish,44092,,No,"Restricted Fabrics",No,No
1616,,Tartan,,"<strong>Glenlivet Whisky Dress</strong>",,3941,,No,"Restricted Fabrics",No,No
3404,,Tartan,,"<strong>North Tyneside Pipe Band</strong>",,2351,,No,"Restricted Fabrics",No,No
3409,,Tartan,,"<strong>Northern College</strong>",,690,,No,"Restricted Fabrics",No,No
1608,,Tartan,,"<strong>Glenfalloch House</strong>",,2111,,No,"Restricted Fabrics",No,No
1602,,Tartan,,"<strong>Glendronach Whisky Distillery</strong>",,2293,,No,"Restricted Fabrics",No,No
1665,,Tartan,,"<strong>Grampian Television</strong>",,1058,,No,"Restricted Fabrics",No,No
3251,,Tartan,,"<strong>Moray Council</strong>",,2494,,No,"Restricted Fabrics",No,No
1686,,Tartan,,"<strong>Grassi (Vaughn) personal</strong>",Scottish,43631,,No,"Restricted Fabrics",No,No
3267,,Tartan,,"<strong>Motherwell Football Club 1991</strong>",,7013,,No,"Restricted Fabrics",No,No
3268,,Tartan,,"<strong>Motherwell Football Club Modern</strong>",,7090,,No,"Restricted Fabrics",No,No
3293,,Tartan,,"<strong>Murdoch, Nicholsby (Personal)</strong>",,2525,,No,"Restricted Fabrics",No,No
3296,,Tartan,,"<strong>Murphy and his Gang</strong>",Scottish,43984,,No,"Restricted Fabrics",No,No
1672,,Tartan,,"<strong>S Grant (Personal)</strong>",Scottish,64272,,No,"Restricted Fabrics",No,No
1666,,Tartan,,"<strong>Grand Lodge of Canada (unmirrored)</strong>",,,,Yes,,No,No
1600,,Tartan,,"<strong>Glencross (Gordon) personal; Tynron</strong>",Scottish,44014,,No,"Restricted Fabrics",No,No
3327,,Tartan,,"<strong>National Fallen Firefighters Foundation</strong>",,6684,,No,"Restricted Fabrics",No,No
3328,,Tartan,,"<strong>National Galleries of Scotland</strong>",,2050,,No,"Restricted Fabrics",No,No
3331,,Tartan,,"<strong>National Trust</strong>",,2117,,No,"Restricted Fabrics",No,No
3332,,Tartan,,"<strong>National Trust for Scotland Battle of Bannockburn</strong>",,6801,,No,"Restricted Fabrics",No,No
3333,,Tartan,,"<strong>National Trust for Scotland</strong>",,5629,,No,"Restricted Fabrics",No,No
3342,,Tartan,,"<strong>Neumann German Pipe Smokers</strong>",Scottish,43585,,No,"Restricted Fabrics",No,No
3349,,Tartan,,"<strong>New Hampshire</strong>",,5624,,Yes,"Restricted Fabrics",No,No
1648,,Tartan,,"<strong>Gordonstoun School #3</strong>",,1904,,Yes,,No,No
1501,,Tartan,,"<strong>Gamba (Catherine) personal</strong>",Scottish,54996,,No,"Restricted Fabrics",No,No
1524,,Tartan,,"<strong>George Heriots School</strong>",,3995,,No,"Restricted Fabrics",No,No
1519,,Tartan,,"<strong>Gedling (Peter) personal</strong>",Scottish,62483,,No,"Restricted Fabrics",No,No
3557,,Tartan,,"<strong>Papi (Anthony) personal; Uitwaaien Papi</strong>",,7007,,No,"Restricted Fabrics",No,No
3564,,Tartan,,"<strong>Parkin (Daniel) personal</strong>",,6003,,No,"Restricted Fabrics",No,No
3567,,Tartan,,"<strong>Partick Thistle Football Club</strong>",,6401,,No,"Restricted Fabrics",No,No
3569,,Tartan,,"<strong>Paterson (John) personal; Pearl o' the Tay</strong>",,3088,,No,"Restricted Fabrics",No,No
3573,,Tartan,,"<strong>Patterson (William) personal</strong>",Scottish,43729,,No,"Restricted Fabrics",No,No
1505,,Tartan,,"<strong>Gammell (Personal)</strong>",,597,,No,"Restricted Fabrics",No,No
3543,,Tartan,,"<strong>Otago Peninsula (unmirrored)</strong>",,,,Yes,,No,No
3588,,Tartan,,"<strong>Pendleton (Oregon) personal; Dress</strong>",,2468,,No,"Restricted Fabrics",No,No
3589,,Tartan,,"<strong>Pendleton (Oregon) personal; Hunting</strong>",,2467,,No,"Restricted Fabrics",No,No
3590,,Tartan,,"<strong>Penman, Grey (Personal)</strong>",,6644,,No,"Restricted Fabrics",No,No
3594,,Tartan,,"<strong>Perreaut (Dinarzh) personal</strong>",Scottish,43578,,No,"Restricted Fabrics",No,No
1495,,Tartan,,"<strong>Galloway personal</strong>",Scottish,43697,,No,"Restricted Fabrics",No,No
1489,,Tartan,,"<strong>Galleries Lafayette Merric Dark Camel</strong>",,1688,,No,"Restricted Fabrics",No,No
3611,,Tartan,,"<strong>Phoenix Police Honor Guard</strong>",Scottish,43905,,No,"Restricted Fabrics",No,No
3623,,Tartan,,"<strong>Pino (Pennsylvania) personal</strong>",Scottish,43993,,No,"Restricted Fabrics",No,No
1553,,Tartan,,"<strong>Glasgow Celtic Society</strong>",,594,,No,"Restricted Fabrics",No,No
1599,,Tartan,,"<strong>Glencross (Gordon) personal; Solway</strong>",Scottish,44001,,No,"Restricted Fabrics",No,No
1598,,Tartan,,"<strong>Glencross (Gordon) personal; Moniaive</strong>",Scottish,58328,,No,"Restricted Fabrics",No,No
1595,,Tartan,,"<strong>Glen, William & Son Ltd</strong>",Scottish,44021,,No,"Restricted Fabrics",No,No
1582,,Tartan,,"<strong>Glen Moy #2</strong>",,635,,No,"Restricted Fabrics",No,No
3462,,Tartan,,"<strong>O'Doherty (Glasgow) personal</strong>",Scottish,43549,,No,"Restricted Fabrics",No,No
1569,,Tartan,,"<strong>Glen Coe</strong>",,3850,,No,"Restricted Fabrics",No,No
1558,,Tartan,,"<strong>Glen Affric; </strong>",,2090,,Yes,,No,No
1554,,Tartan,,"<strong>Glasgow University</strong>",,2680,,Yes,"Restricted Fabrics",No,No
3245,,Tartan,,<strong>Moran</strong>,,675,,Yes,"Restricted Fabrics",No,No
3495,,Tartan,,"<strong>Offaly Irish County</strong>",Irish,2268,,No,"Wales Tartan",No,No
3508,,Tartan,,<strong>Oklahoma</strong>,,2429,,No,"Restricted Fabrics",No,No
1549,,Tartan,,"<strong>Glasgow Caledonian University</strong>",,2418,,No,"Restricted Fabrics",No,No
1548,,Tartan,,"<strong>Glasgow Academy</strong>",,2052,,No,"Restricted Fabrics",No,No
3530,,Tartan,,"<strong>Oregon State University</strong>",,6809,,No,"Restricted Fabrics",No,No
1531,,Tartan,,"<strong>Gift Edge (Edgar) personal; Pride of Glencoe</strong>",,3446,,No,"Restricted Fabrics",No,No
3538,,Tartan,,"<strong>Orr (John) personal; Common Ground Dress</strong>",Scottish,43561,,No,"Restricted Fabrics",No,No
3540,,Tartan,,"<strong>Orr (John) personal; Gerald William Senior</strong>",Scottish,43838,,No,"Restricted Fabrics",No,No
3103,,Tartan,,"<strong>McGill (David) personal</strong>",Scottish,43991,,No,"Restricted Fabrics",No,No
3090,,Tartan,,"<strong>Mayer (Chris) personal</strong>",Scottish,43822,,No,"Restricted Fabrics",No,No
3094,,Tartan,,"<strong>McCall (Aberdeen) personal; Highland Pride of Scotland</strong>",,6477,,No,"Restricted Fabrics",No,No
3095,,Tartan,,"<strong>McCall (Aberdeen) personal; Pride of Scotland</strong>",,2469,,No,"Restricted Fabrics",No,No
3096,,Tartan,,"<strong>McCall (Aberdeen) personal; Pride of Scotland Autumn</strong>",,6479,,No,"Restricted Fabrics",No,No
3097,,Tartan,,"<strong>McCall (Aberdeen) personal; Pride of Scotland Contemporary</strong>",,6498,,No,"Restricted Fabrics",No,No
3098,,Tartan,,"<strong>McCall (Aberdeen) personal; Pride of Scotland Dress Dance</strong>",,6566,,No,"Restricted Fabrics",No,No
3099,,Tartan,,"<strong>McCall (Aberdeen) personal; Pride of Scotland Gold</strong>",,6478,,No,"Restricted Fabrics",No,No
3100,,Tartan,,"<strong>McCall (Aberdeen) personal; Pride of Scotland Platinum</strong>",,6850,,No,"Restricted Fabrics",No,No
3101,,Tartan,,"<strong>McCall (Aberdeen) personal; Pride of Scotland Silver</strong>",,6476,,No,"Restricted Fabrics",No,No
3084,,Tartan,,"<strong>Matthew Gloag Whisky</strong>",,2397,,No,"Restricted Fabrics",No,No
3104,,Tartan,,"<strong>McGill (David) personal; Boroughmuir</strong>",,2688,,No,"Restricted Fabrics",No,No
3105,,Tartan,,"<strong>McGill (David) personal; Bowlers</strong>",,2625,,Yes,"Restricted Fabrics",No,No
3106,,Tartan,,"<strong>McGill (David) personal; Brian Boru 2014</strong>",Scottish,43586,,No,"Restricted Fabrics",No,No
3107,,Tartan,,"<strong>McGill (David) personal; Carolina, North</strong>",,5993,,Yes,"Restricted Fabrics",No,No
3108,,Tartan,,"<strong>McGill (David) personal; Carolina, South</strong>",,5994,,Yes,"Restricted Fabrics",No,No
3109,,Tartan,,"<strong>McGill (David) personal; Clunie</strong>",,6708,,Yes,"Restricted Fabrics",No,No
3110,,Tartan,,"<strong>McGill (David) personal; Dumbartonshire</strong>",,2507,,Yes,"Restricted Fabrics",No,No
3111,,Tartan,,"<strong>McGill (David) personal; East Lothian District</strong>",,2561,,No,"Restricted Fabrics",No,No
3037,,Tartan,,"<strong>Manitoba Cue Sports</strong>",Scottish,44017,,No,"Restricted Fabrics",No,No
1799,,Tartan,,"<strong>Hawkes (Norman) personal</strong>",Scottish,44029,,No,"Restricted Fabrics",No,No
1795,,Tartan,,"<strong>Hawick District</strong>",,2220,,No,"Restricted Fabrics",No,No
1794,,Tartan,,"<strong>Hawick Common Riding</strong>",Scottish,43581,,No,"Restricted Fabrics",No,No
3021,,Tartan,,<strong>Maitland</strong>,,714,,Yes,"Restricted Fabrics",No,No
1792,,Tartan,,"<strong>Haut (Dundee) personal</strong>",Scottish,44075,,No,"Restricted Fabrics",No,No
1789,,Tartan,,"<strong>Hatelt (Sharron) personal; Heriot Bay</strong><br/>[AKA] <strong>Quadra Island British Columbia</strong>",Scottish,43995,,No,"Restricted Fabrics",No,No
3032,,Tartan,,<strong>Manderson</strong>,,2230,,Yes,"Restricted Fabrics",No,No
1784,,Tartan,,"<strong>Harrods Department Store</strong>",,2551,,No,"Restricted Fabrics",No,No
3112,,Tartan,,"<strong>McGill (David) personal; European International</strong>",,6191,,Yes,"Restricted Fabrics",No,No
3038,,Tartan,,"<strong>Manitoba Masonic</strong>",Scottish,43621,,No,"Restricted Fabrics",No,No
3039,,Tartan,,"<strong>Mann (Caithness) personal</strong>",,2466,,No,"Restricted Fabrics",No,No
1783,,Tartan,,"<strong>Harrods Department Store Balnagown</strong>",,5824,,No,"Restricted Fabrics",No,No
1782,,Tartan,,"<strong>Harrison (Hamilton) personal; Highland Mist</strong>",,4585,,No,"Restricted Fabrics",No,No
3054,,Tartan,,"<strong>Marine Harvest Lochinvar</strong>",,2102,,No,"Restricted Fabrics",No,No
3055,,Tartan,,"<strong>Marine Harvest Scotland</strong>",Scottish,43950,,No,"Restricted Fabrics",No,No
3062,,Tartan,,"<strong>Marsa Scout Group</strong>",Scottish,43567,,No,"Restricted Fabrics",No,No
3065,,Tartan,,"<strong>Martha's Vineyard</strong>",,48276,,No,"Restricted Fabrics",No,No
3210,,Tartan,,"<strong>Miyuki #2</strong>",,2608,,No,"Restricted Fabrics",No,No
3172,,Tartan,,"<strong>Mhairi (Brigid) personal</strong>",Scottish,73907,,No,"Restricted Fabrics",No,No
1736,,Tartan,,"<strong>Hackett (Coatbridge) personal</strong>",Scottish,44102,,No,"Restricted Fabrics",No,No
3177,,Tartan,,"<strong>Michie (Andrew) personal</strong>",Scottish,43948,,No,"Restricted Fabrics",No,No
3180,,Tartan,,"<strong>Michigan State University</strong>",,6776,,No,"Restricted Fabrics",No,No
1732,,Tartan,,"<strong>Guzzo (Montreal) personal</strong>",Scottish,43544,,No,"Restricted Fabrics",No,No
3190,,Tartan,,"<strong>Mills (Botany) personal; Washington Stockman</strong>",,1995,,No,"Restricted Fabrics",No,No
3191,,Tartan,,"<strong>Milne (Michael) personal</strong>",,6895,,No,"Restricted Fabrics",No,No
1710,,Tartan,,"<strong>Gretna Football Club</strong>",,6841,,No,"Restricted Fabrics",No,No
3165,,Tartan,,"<strong>Merchiston House</strong>",Scottish,54290,,No,"Restricted Fabrics",No,No
3211,,Tartan,,"<strong>Miyuki #3</strong>",,2606,,No,"Restricted Fabrics",No,No
3212,,Tartan,,"<strong>Miyuki #4</strong>",,2605,,No,"Restricted Fabrics",No,No
3213,,Tartan,,"<strong>Miyuki Centenary</strong>",,2587,,No,"Restricted Fabrics",No,No
3223,,Tartan,,"<strong>Monarchs Sport</strong>",,2222,,No,"Restricted Fabrics",No,No
1704,,Tartan,,"<strong>Greig (Ian) personal</strong>",,4076,,No,"Restricted Fabrics",No,No
1698,,Tartan,,"<strong>Greenhow (Rose) personal</strong>",,6251,,No,"Restricted Fabrics",No,No
3238,,Tartan,,"<strong>Montrose (Alabama) personal</strong>",,2288,,No,"Restricted Fabrics",No,No
3242,,Tartan,,"<strong>Montrose Football Club</strong>",,6579,,No,"Restricted Fabrics",No,No
3122,,Tartan,,"<strong>McGill (David) personal; West Lothian</strong>",,2504,,Yes,"Restricted Fabrics",No,No
3113,,Tartan,,"<strong>McGill (David) personal; Fife</strong>",,2503,,No,"Restricted Fabrics",No,No
3114,,Tartan,,"<strong>McGill (David) personal; Golfers Sport</strong>",,2626,,Yes,"Restricted Fabrics",No,No
3115,,Tartan,,"<strong>McGill (David) personal; Lanarkshire District</strong>",,2502,,No,"Restricted Fabrics",No,No
3116,,Tartan,,"<strong>McGill (David) personal; Midlothian District</strong>",,2446,,No,"Restricted Fabrics",No,No
3117,,Tartan,,"<strong>McGill (David) personal; Newcastle City</strong>",,3984,,No,"Restricted Fabrics",No,No
3118,,Tartan,,"<strong>McGill (David) personal; Norwegian Centenary</strong>",,6689,,Yes,"Restricted Fabrics",No,No
3119,,Tartan,,"<strong>McGill (David) personal; Renfrewshire District</strong>",,2560,,No,"Restricted Fabrics",No,No
3120,,Tartan,,"<strong>McGill (David) personal; Rosslyn Chapel</strong>",,2628,,Yes,,No,No
852,,Tartan,,"<strong>Clan Crest Textiles Loch Rannoch District</strong>",,1735,,No,"Restricted Fabrics",No,No
1755,,Tartan,,"<strong>Hammarby Football Club</strong>",,2661,,No,"Restricted Fabrics",No,No
3132,,Tartan,,"<strong>Mellor (Oldham) personal</strong>",Scottish,43890,,No,"Restricted Fabrics",No,No
3137,,Tartan,,"<strong>Memery (Reston) personal</strong>",Scottish,43573,,No,"Restricted Fabrics",No,No
1744,,Tartan,,"<strong>Haliburton Highlands</strong>",,147,,Yes,"Restricted Fabrics",No,No
1740,,Tartan,,"<strong>Haig & Haig Whisky</strong><br/>[AKA] <strong>Haig John</strong>",,1609,,No,"Restricted Fabrics",No,No
1739,,Tartan,,"<strong>Haig</strong><br/>[AKA] <strong>Gladstone #2</strong><br/>[AKA] Buccleuch <strong>Check #2</strong><br/>[AKA] <strong>Check 6 Squares</strong>",,6244,,Yes,,No,No
3163,,Tartan,,"<strong>Merchiston Castle School Pipe Band</strong>",,1234,,No,"Restricted Fabrics",No,No
3164,,Tartan,,"<strong>Merchiston Castle School</strong>",,1051,,No,"Restricted Fabrics",No,No
439,,Tartan,,"<strong>Border Shepherd's Check; Black & White</strong>",Scottish,72731,,Yes,,No,No
217726,,Tartan,,<strong>Kramberry</strong>,,86967,,Yes,,No,No
217734,,Tartan,,<strong>Pershablue</strong>,,86982,,Yes,,No,No
217748,,Tartan,,"<strong>uNobaluga(Mother of Beluga)</strong>",,87005,,Yes,,No,No
217959,,Tartan,,<strong>Khokho</strong>,,87351,,Yes,,No,No
221946,,Tartan,,"<strong>solid blue</strong>",,93451,,Yes,,No,No
226759,,Tartan,,"<strong>White tartan (2)</strong>",,101566,,Yes,,No,No
234459,,Tartan,,<strong>Anac</strong>,,112740,,Yes,,No,No
449,,Tartan,,"<strong>Bowcutt (David) personal</strong>",Scottish,44079,,No,"Restricted Fabrics",No,No
271105,,Tartan,,"<strong>cos2 (2)</strong>",,104019,,Yes,,No,No
217724,,Tartan,,"<strong>Red Bird of The Church</strong>",,86964,,Yes,,No,No
429,,Tartan,,"<strong>Boisserolles (Philip) personal</strong>",Scottish,74595,,No,"Restricted Fabrics",No,No
428,,Tartan,,<strong>bodog.com</strong>,,6889,,Yes,,No,No
281175,,Tartan,,"<strong>cos2 (2)</strong>",,104019,,Yes,,No,No
427,,Tartan,,<strong>Bodog</strong>,Scottish,43781,,Yes,"Restricted Fabrics",No,No
420,,Tartan,,"<strong>Blue Knights Motorcycle Club</strong>",,6981,,No,"Restricted Fabrics",No,No
414,,Tartan,,"<strong>Bloise (Palazzo) personal</strong>",Scottish,43530,,No,"Restricted Fabrics",No,No
298116,,Tartan,,"<strong>Fatherley by Beki</strong>",,,,Yes,,No,No
298158,,Tartan,,"<strong>Bizzell, Thomas (Personal) by Thomas Bizzell [298158 variant]</strong>",,,,Yes,,No,No
217697,,Tartan,,<strong>Pearipear</strong>,,86937,,Yes,,No,No
203907,,Tartan,,"<strong>Svart (2)</strong>",,60433,,Yes,,No,No
204702,,Tartan,,"<strong>red (2)</strong>",,61798,,Yes,,No,No
207360,,Tartan,,"<strong>Plain Black (2)</strong>",,66100,,Yes,,No,No
217678,,Tartan,,<strong>Red</strong>,,86911,,Yes,,No,No
217679,,Tartan,,<strong>Black</strong>,,86912,,Yes,,No,No
217680,,Tartan,,<strong>Yellow</strong>,,86913,,Yes,,No,No
217694,,Tartan,,<strong>Rocshammy</strong>,,86934,,Yes,,No,No
217695,,Tartan,,<strong>Persindigo</strong>,,86935,,Yes,,No,No
217696,,Tartan,,<strong>Blooslate</strong>,,86936,,Yes,,No,No
409,,Tartan,,"<strong>Blake (William & Agnes) personal</strong>",Scottish,43937,,No,"Restricted Fabrics",No,No
217698,,Tartan,,<strong>Meddimountain</strong>,,86938,,Yes,,No,No
217699,,Tartan,,<strong>Crimson</strong>,,86939,,Yes,,No,No
217701,,Tartan,,"<strong>Untitled (413)</strong>",,86941,,Yes,,No,No
217702,,Tartan,,<strong>Silver</strong>,,86942,,Yes,,No,No
217703,,Tartan,,<strong>Navalorange</strong>,,86943,,Yes,,No,No
217704,,Tartan,,"<strong>Untitled (414)</strong>",,86944,,Yes,,No,No
217705,,Tartan,,"<strong>Haint Blue</strong>",,86945,,Yes,,No,No
217723,,Tartan,,<strong>Apricot</strong>,,86963,,Yes,,No,No
362,,Tartan,,"<strong>BGC Engineering</strong>",,46223,,No,"Restricted Fabrics",No,No
300180,,Tartan,,"<strong>Joyce, Thomas & Alexander (Personal)</strong>",USA,101770,,Yes,"Restricted Fabrics",No,No
300191,,Tartan,,"<strong>MacLeod (Marshmallow) by Steven R Swayne [300191 variant]</strong>",,,,Yes,,No,No
393,,Tartan,,"<strong>Blackcraig (Personal)</strong>",,1230,,Yes,,No,No
391,,Tartan,,<strong>Black-MacDonald</strong>,Scottish,43959,,No,"Restricted Fabrics",No,No
300435,,Tartan,,"<strong>Everington Anthony</strong>",,104417,,Yes,,No,No
377,,Tartan,,"<strong>Black and White Whisky</strong>",,2042,,No,"Restricted Fabrics",No,No
376,,Tartan,,"<strong>Black and White Whisky #2</strong>",,2006,,No,"Restricted Fabrics",No,No
371,,Tartan,,<strong>Bishop</strong>,,6798,,Yes,"Restricted Fabrics",No,No
366,,Tartan,,"<strong>Bird (Kalvin) personal</strong>",Scottish,43921,,No,"Restricted Fabrics",No,No
300125,,Tartan,,"<strong>Cranford Red</strong>",,,,Yes,,No,No
350,,Tartan,,"<strong>Berkshire Highlanders Pipe Band Greylock Massachusetts</strong>",,944,,No,"Restricted Fabrics",No,No
349,,Tartan,,"<strong>Berkshire Highlanders Pipe Band #2</strong>",,5122,,No,"Restricted Fabrics",No,No
344,,Tartan,,"<strong>Benton (Wedding) personal</strong>",USA,55549,,No,"Restricted Fabrics",No,No
336,,Tartan,,"<strong>Ben Dubh</strong>",,6681,,Yes,"Restricted Fabrics",No,No
334,,Tartan,,"<strong>Bell's Whisky</strong>",,3674,,No,"Restricted Fabrics",No,No
333,,Tartan,,"<strong>Bell's Whisky #2</strong>",,4155,,No,"Restricted Fabrics",No,No
300633,,Tartan,,"<strong>Gray Wedding by Bess [300633 variant]</strong>",,,,Yes,,No,No
329,,Tartan,,"<strong>Bell (Arthur) personal; Langholm Millennium</strong>",,2449,,No,"Restricted Fabrics",No,No
299571,,Tartan,,"<strong>Colverson by Andy 2 [299571 variant]</strong>",,,,Yes,,No,No
298234,,Tartan,,"<strong>1949 Huntsman by 1949Huntsman [298234 variant]</strong>",,,,Yes,,No,No
298235,,Tartan,,"<strong>Shiloh by Deakle [298235 variant]</strong>",,,,Yes,,No,No
298413,,Tartan,,"<strong>Bizzell, Thomas (Personal) by Thomas Bizzell</strong>",,,,Yes,,No,No
407,,Tartan,,"<strong>Blairmore School</strong>",,2221,,No,"Restricted Fabrics",No,No
299110,,Tartan,,"<strong>Dutch [299110 variant]</strong>",,,,Yes,,No,No
299244,,Tartan,,"<strong>Rutherford, Simon Travis Alan</strong>",,,,No,"Restricted Fabrics",No,No
299245,,Tartan,,"<strong>Rutherford, Simon Travis Alan Hunting</strong>",,,,No,"Restricted Fabrics",No,No
299558,,Tartan,,"<strong>GGCCMI by Rod Wagoner [299558 variant]</strong>",,,,Yes,,No,No
299559,,Tartan,,"<strong>spiritO'isle by RorKen [299559 variant]</strong>",,,,Yes,,No,No
203447,,Tartan,,"<strong>Untitled (742)</strong>",,59465,,Yes,,No,No
299682,,Tartan,,"<strong>MacLeod of Lewis [299682 variant]</strong>",,,,Yes,,No,No
299813,,Tartan,,"<strong>U.S. Navy Helicopter Sea Combat Squadron Five by David McCalib [299813 variant]</strong>",,,,Yes,,No,No
300067,,Tartan,,"<strong>Holyrood Diamond Jubilee</strong>",,,,Yes,"Lochcarron of Scotland",No,No
300070,,Tartan,,"<strong>Scotland Forever Antique</strong>",,,,Yes,,No,No
300100,,Tartan,,"<strong>Farquharson #3 [300100 variant]</strong>",,,,Yes,,No,No
300101,,Tartan,,"<strong>Roberts of cornwall by Jboy [300101 variant]</strong>",,,,Yes,,No,No
300119,,Tartan,,"<strong>Isle of Arran District</strong>",Scottish,,,Yes,,No,No
300123,,Tartan,,"<strong>Cairngorme Ribblesdale Autumn</strong>","United Kingdom",,,Yes,,No,No
13408,,Tartan,,"<strong>Red Plaid (Moon)</strong>",,,,No,Moon,No,No
13397,,Tartan,,"<strong>Fir Plaid (Moon)</strong>",,,,No,Moon,No,No
13398,,Tartan,,"<strong>Loch Burnt Orange Plaid (Moon)</strong>",,,,No,Moon,No,No
4882,,Tartan,,"<strong>Yusra (Fauzan) personal</strong>",Scottish,44018,,No,"Restricted Fabrics",No,No
13401,,Tartan,,"<strong>Cocoa Plaid (Moon)</strong>",,,,No,Moon,No,No
13402,,Tartan,,"<strong>Toffee Plaid (Moon)</strong>",,,,No,Moon,No,No
13403,,Tartan,,"<strong>Doune Celestial Plaid (Moon)</strong>",,,,No,Moon,No,No
13404,,Tartan,,"<strong>Fyvie Cocoa Plaid (Moon)</strong>",,,,No,Moon,No,No
13405,,Tartan,,"<strong>Red Natural Plaid (Moon)</strong>",,,,No,Moon,No,No
13406,,Tartan,,"<strong>Charcoal Red Plaid (Moon)</strong>",,,,No,Moon,No,No
13396,,Tartan,,"<strong>Pine Plaid (Moon)</strong>",,,,No,Moon,No,No
13409,,Tartan,,"<strong>Multicheck Wine Plaid (Moon)</strong>",,,,No,Moon,No,No
13411,,Tartan,,"<strong>Ingleton Aqua Plaid (Moon)</strong>",,,,No,Moon,No,No
13413,,Tartan,,"<strong>Ingleton Wine Plaid (Moon)</strong>",,,,No,Moon,No,No
13414,,Tartan,,"<strong>Settle Logan Plaid (Moon)</strong>",,,,No,Moon,No,No
13415,,Tartan,,"<strong>Settle Wine Plaid (Moon)</strong>",,,,No,Moon,No,No
13417,,Tartan,,"<strong>Hetton Mulberry Plaid (Moon)</strong>",,,,No,Moon,No,No
13418,,Tartan,,"<strong>Hetton Wine Plaid (Moon)</strong>",,,,No,Moon,No,No
13419,,Tartan,,"<strong>Malham Wine Plaid (Moon)</strong>",,,,No,Moon,No,No
13386,,Tartan,,"<strong>Vintage Caramel Plaid (Moon)</strong>",,,,No,Moon,No,No
479,,Tartan,,"<strong>Breon (Earl) personal</strong>",,44078,,No,"Restricted Fabrics",No,No
474,,Tartan,,"<strong>Breast Cancer Care Scotland</strong>",,67944,,Yes,"Restricted Fabrics",No,No
11132,,Tartan,,"<strong>Fear J & Family (Personal)</strong>",Scottish,114425,,No,"Restricted Fabrics",No,No
11164,,Tartan,,"<strong>Rogers Family (Kilkeel) (Personal)</strong>",Irish,,,Yes,"Restricted Fabrics",No,No
11278,,Tartan,,"<strong>scottish natuibal Hunting</strong>",Scottish,,,No,,No,No
469,,Tartan,,"<strong>Braveheart (movie)</strong>",,7025,,No,"Restricted Fabrics",No,No
467,,Tartan,,"<strong>Brand Ambassador</strong>",Scottish,44024,,No,"Restricted Fabrics",No,No
12936,,Tartan,,"<strong>Fionnlagh, N E & Family</strong>",,,,Yes,,No,No
13385,,Tartan,,"<strong>Heritage Scarlet Plaid (Moon)</strong>",,,,No,Moon,No,No
13420,,Tartan,,"<strong>Rope Plaid (Moon)</strong>",,,,No,Moon,No,No
13387,,Tartan,,"<strong>Skye Sage Plaid (Moon)</strong>",,,,No,Moon,No,No
13388,,Tartan,,"<strong>Skye Burnt Orange Plaid (Moon)</strong>",,,,No,Moon,No,No
13389,,Tartan,,"<strong>Skye Claret Plaid (Moon)</strong>",,,,No,Moon,No,No
13390,,Tartan,,"<strong>Skye Cocoa Plaid (Moon)</strong>",,,,No,Moon,No,No
13391,,Tartan,,"<strong>Light Old Gold Plaid (Moon)</strong>",,,,No,Moon,No,No
13392,,Tartan,,"<strong>Dark Old Gold Plaid (Moon)</strong>",,,,No,Moon,No,No
13394,,Tartan,,"<strong>Troon Pine Plaid (Moon)</strong>",,,,No,Moon,No,No
13395,,Tartan,,"<strong>Claret Plaid (Moon)</strong>",,,,No,Moon,No,No
33504,,Tartan,,"<strong>Northumberland Check</strong>",,6765,,Yes,,No,No
460,,Tartan,,"<strong>Bradshaw (Todd) personal</strong>",USA,73552,,No,"Restricted Fabrics",No,No
15233,,Tartan,,"<strong>Pride of LGBT</strong>",,,,Yes,"Restricted Fabrics",No,No
455,,Tartan,,"<strong>Boys Brigade</strong>",,1466,,No,"Restricted Fabrics",No,No
15347,,Tartan,,"<strong>Hughes, USA (Personal) [15347 variant]</strong>",,,,Yes,,No,No
15568,,Tartan,,"<strong>MacGregor [15568 variant]</strong>",,,,Yes,,No,No
15571,,Tartan,,"<strong>David G Henry</strong>",,,,Yes,"Restricted Fabrics",No,No
15572,,Tartan,,"<strong>David G Henry [15572 variant]</strong>",,,,Yes,"Restricted Fabrics",No,No
454,,Tartan,,"<strong>Boyle (Damien) personal</strong>",,6758,,No,"Restricted Fabrics",No,No
33501,,Tartan,,"<strong>Ramey S. And Family (Personal)</strong>",,,,No,"Restricted Fabrics",No,No
461,,Tartan,,<strong>Bradshaw</strong>,USA,69050,,Yes,,No,No
33543,,Tartan,,"<strong>Northumberland Check [33543 variant]</strong>",,,,Yes,,No,No
33851,,Tartan,,"<strong>Hibernian Football Club #2 [33851 variant]</strong>",,,,Yes,,No,No
188349,,Tartan,,"<strong>Untitled (2)</strong>",,23504,,Yes,,No,No
190677,,Tartan,,"<strong>Untitled (718)</strong>",,30255,,Yes,,No,No
190678,,Tartan,,"<strong>Untitled (719)</strong>",,30256,,Yes,,No,No
190680,,Tartan,,"<strong>Untitled (721)</strong>",,30258,,Yes,,No,No
197129,,Tartan,,"<strong>ct (2)</strong>",,47461,,Yes,,No,No
203035,,Tartan,,"<strong>aluminum (silver kilt color) (2)</strong>",,58693,,Yes,,No,No
13450,,Tartan,,"<strong>Grape Plaid (Moon)</strong>",,,,No,Moon,No,No
13421,,Tartan,,"<strong>Rust Plaid (Moon)</strong>",,,,No,Moon,No,No
13422,,Tartan,,"<strong>Rust Plaid; Lambswool (Moon)</strong>",,,,No,Moon,No,No
13423,,Tartan,,"<strong>Huntingtower Toffee</strong>",,,,No,Moon,No,No
13425,,Tartan,,"<strong>Grape Plaid (Moon)</strong>",,,,No,Moon,No,No
13434,,Tartan,,"<strong>Dark Lavender Plaid (Moon)</strong>",,,,No,Moon,No,No
13435,,Tartan,,"<strong>Light Lavender Plaid (Moon)</strong>",,,,No,Moon,No,No
13447,,Tartan,,"<strong>Tradition Scarlet Plaid (Moon)</strong>",,,,No,Moon,No,No
13449,,Tartan,,"<strong>Lavender Plaid (Moon)</strong>",,,,No,Moon,No,No
327,,Tartan,,"<strong>Beguinot (Stephane) personal;</strong>",Scottish,43528,,No,"Restricted Fabrics",No,No
13451,,Tartan,,"<strong>Grape Plaid (Moon)</strong>",,,,No,Moon,No,No
13452,,Tartan,,"<strong>Skye Natural Plaid (Moon)</strong>",,,,No,Moon,No,No
13456,,Tartan,,"<strong>Wheat Plaid (Moon)</strong>",,,,No,Moon,No,No
13457,,Tartan,,"<strong>Sand Plaid (Moon)</strong>",,,,No,Moon,No,No
13458,,Tartan,,"<strong>Sand Plaid #2 (Moon)</strong>",,,,No,Moon,No,No
465,,Tartan,,"<strong>Braemar House</strong>",,908,,No,"Restricted Fabrics",No,No
13877,,Tartan,,"<strong>H Hargreaves (Personal)</strong>",,66536,,No,"Restricted Fabrics",No,No
462,,Tartan,,"<strong>Brady (Keith) personal</strong>",Scottish,43969,,No,"Restricted Fabrics",No,No
5408,,Plain,,"<strong>Mushroom (Light Taupe); Wool</strong>",,,,Yes,,No,No
5399,,Plain,,"<strong>Forget-me-not; Wool</strong>",,,,Yes,,No,No
5400,,Plain,,"<strong>Porcelain; Wool</strong>",,,,Yes,,No,No
5401,,Plain,,"<strong>Robin's Egg (Ancient Sky); Wool</strong>",,,,Yes,,No,No
5402,,Plain,,"<strong>Regatta (Air Force Blue); Wool</strong>",,,,Yes,,No,No
5403,,Plain,,"<strong>Egyptian (Dark Royal); Wool</strong>",,,,Yes,,No,No
5404,,Plain,,"<strong>Persian; Wool</strong>",,,,Yes,,No,No
5405,,Plain,,"<strong>Mariner (Norwegian Blue); Wool</strong>",,,,Yes,,No,No
5406,,Plain,,"<strong>Lapis; Wool</strong>",,,,Yes,,No,No
5407,,Plain,,"<strong>Obsidian (Muted Black); Wool</strong>",,,,Yes,,No,No
5398,,Plain,,"<strong>Wedgewood (CAF Blue); Wool</strong>",,,,Yes,,No,No
5409,,Plain,,"<strong>Ebony (Dark Brown); Wool</strong>",,,,Yes,,No,No
5410,,Plain,,"<strong>Clove (Mid Brown); Wool</strong>",,,,Yes,,No,No
5411,,Plain,,"<strong>Otter; Wool</strong>",,,,Yes,,No,No
5412,,Plain,,"<strong>Driftwood; Wool</strong>",,,,Yes,,No,No
5414,,Plain,,"<strong>Flint (Stone); Wool</strong>",,,,Yes,,No,No
5415,,Plain,,"<strong>Fallow (Natural); Wool</strong>",,,,Yes,,No,No
5416,,Plain,,"<strong>Cossack; Wool</strong>",,,,Yes,,No,No
5417,,Plain,,"<strong>Caspian (Wilson's Green); Wool</strong>",,,,Yes,,No,No
5388,,Plain,,"<strong>Neptune (Azure); Wool</strong>",Scottish,,,Yes,,No,No
5213,,Plain,,"<strong>Coffee; Cotton (Harrisons)</strong>",,,,No,"Harrisons of Edinburgh",No,No
5214,,Plain,,"<strong>Desert Gold; Cotton (Harrisons)</strong>",,,,No,"Harrisons of Edinburgh",No,No
5215,,Plain,,"<strong>Gold; Cotton (Harrisons)</strong>",,,,No,"Harrisons of Edinburgh",No,No
5216,,Plain,,"<strong>Ivory; Wool (Harrisons)</strong>",,,,No,"Harrisons of Edinburgh",No,No
5217,,Plain,,"<strong>Brown; Cotton (Harrisons)</strong>",,,,No,"Harrisons of Edinburgh",No,No
5218,,Plain,,"<strong>Moss Green; Cotton (Harrisons)</strong>",,,,No,"Harrisons of Edinburgh",No,No
5219,,Plain,,"<strong>Pewter; Cotton (Harrisons)</strong>",,,,No,"Harrisons of Edinburgh",No,No
5221,,Plain,,"<strong>Redcurrant; Cotton (Harrisons)</strong>",,,,No,"Harrisons of Edinburgh",No,No
5222,,Plain,,"<strong>White; Cotton (Harrisons)</strong>",,,,No,"Harrisons of Edinburgh",No,No
5418,,Plain,,"<strong>Topiary; Wool</strong>",,,,Yes,,No,No
5389,,Plain,,"<strong>Cerulean (Special Azure); Wool</strong>",,,,Yes,,No,No
5390,,Plain,,"<strong>Venetian; Wool</strong>",,,,Yes,,No,No
5391,,Plain,,"<strong>Airforce (Opal); Wool</strong>",,,,Yes,,No,No
5392,,Plain,,"<strong>Maelstrom (Grey Blue); Wool</strong>",,,,Yes,,No,No
5393,,Plain,,"<strong>Saltire (Inverness Blue); Wool</strong>",,,,Yes,,No,No
5395,,Plain,,"<strong>Kingfisher; Wool</strong>",,,,Yes,,No,No
5396,,Plain,,"<strong>Blue Smoke (D. Blue); Wool</strong>",,,,Yes,,No,No
5397,,Plain,,"<strong>Inkwell (Bright Navy); Wool</strong>",,,,Yes,,No,No
5456,,Plain,,"<strong>Gerbera; Wool</strong>",,,,Yes,,No,No
5446,,Plain,,"<strong>Chamois (Camel); Wool</strong>",,,,Yes,,No,No
5447,,Plain,,"<strong>Almond; Wool</strong>",,,,Yes,,No,No
5448,,Plain,,"<strong>Canvas (Ecru); Wool</strong>",,,,Yes,,No,No
5449,,Plain,,"<strong>Oat; Wool</strong>",,,,Yes,,No,No
5450,,Plain,,"<strong>Sloe; Wool</strong>",,,,Yes,,No,No
5451,,Plain,,"<strong>Marshmallow; Wool</strong>",,,,Yes,,No,No
5453,,Plain,,"<strong>Iris; Wool</strong>",,,,Yes,,No,No
5454,,Plain,,"<strong>Heliotrope; Wool</strong>",,,,Yes,,No,No
5455,,Plain,,"<strong>Raspberry; Wool</strong>",,,,Yes,,No,No
5445,,Plain,,"<strong>Parchment; Wool</strong>",,,,Yes,,No,No
5457,,Plain,,"<strong>Heather; Wool</strong>",,,,Yes,,No,No
5458,,Plain,,"<strong>Crocus; Wool</strong>",,,,Yes,,No,No
5459,,Plain,,"<strong>Lupin (Sweet Pink); Wool</strong>",,,,Yes,,No,No
5460,,Plain,,"<strong>Foxglove; Wool</strong>",,,,Yes,,No,No
5461,,Plain,,"<strong>Petal; Wool</strong>",,,,Yes,,No,No
5462,,Plain,,"<strong>Peony; Wool</strong>",,,,Yes,,No,No
5463,,Plain,,"<strong>Wisteria (Lilac); Wool</strong>",,,,Yes,,No,No
5466,,Plain,,"<strong>Pumpkin; Wool</strong>",,,,Yes,,No,No
5432,,Plain,,"<strong>Parsley; Wool</strong>",,,,Yes,,No,No
5420,,Plain,,"<strong>Herb Green; Wool</strong>",,,,Yes,,No,No
5422,,Plain,,"<strong>Celadon; Wool</strong>",,,,Yes,,No,No
5423,,Plain,,"<strong>Celery; Wool</strong>",,,,Yes,,No,No
5425,,Plain,,"<strong>Holly; Wool</strong>",,,,Yes,,No,No
5427,,Plain,,"<strong>Malachite; Wool</strong>",,,,Yes,,No,No
5428,,Plain,,"<strong>Spruce; Wool</strong>",,,,Yes,,No,No
5429,,Plain,,"<strong>Kelp (Loden Green); Wool</strong>",,,,Yes,,No,No
5430,,Plain,,"<strong>Watercress; Wool</strong>",,,,Yes,,No,No
5431,,Plain,,"<strong>Tarragon (Tara Green); Wool</strong>",,,,Yes,,No,No
5212,,Plain,,"<strong>Cerise; Cotton (Harrisons)</strong>",,,,No,"Harrisons of Edinburgh",No,No
5433,,Plain,,"<strong>Chameleon (Olive Green); Wool</strong>",,,,Yes,,No,No
5434,,Plain,,"<strong>Grove Green; Wool</strong>",,,,Yes,,No,No
5436,,Plain,,"<strong>Verdigris; Wool</strong>",,,,Yes,,No,No
5437,,Plain,,"<strong>Gothic; Wool</strong>",,,,Yes,,No,No
5438,,Plain,,"<strong>Soot (Black); Wool</strong>",,,,Yes,,No,No
5439,,Plain,,"<strong>Cinder (GD Grey); Wool</strong>",,,,Yes,,No,No
5440,,Plain,,"<strong>Pigeon (Charcoal); Wool</strong>",,,,Yes,,No,No
5441,,Plain,,"<strong>Wolf Grey (Mid Grey); Wool</strong>",,,,Yes,,No,No
288,,Tartan,,"<strong>Barkwell (Oilmen) personal</strong>",,2044,,No,"Restricted Fabrics",No,No
305456,,Tartan,,"<strong>Border Shepherd's Check; Grey Stripe</strong>",Scottish,,,Yes,,No,No
305457,,Tartan,,"<strong>Charcoal Check Special</strong>",Scottish,114653,,Yes,,No,No
305458,,Tartan,,"<strong>Border Shepherd's Check; Black & White Stripe</strong>",Scottish,,,Yes,,No,No
305459,,Tartan,,"<strong>Misty Windowpane</strong>",Scottish,66186,,Yes,,No,No
297,,Tartan,,"<strong>Bartlett (Chris) personal</strong>",USA,63525,,No,"Restricted Fabrics",No,No
306863,,Tartan,,"<strong>Tyneside Scottish Green [306863 variant]</strong>",,,,Yes,,No,No
307033,,Tartan,,<strong>REME</strong>,Scottish,82967,,Yes,"Restricted Fabrics",No,No
394053,,Tartan,,"<strong>Great Orchestra of Christmas Charity</strong>",,,,No,"Restricted Fabrics",No,No
394363,,Tartan,,"<strong>Fraser 78th Highlanders Spec 1949 [394363 variant]</strong>",,,,Yes,,No,No
305447,,Tartan,,"<strong>MacInnes Dress Custom - Cynthia Kirk [305447 variant]</strong>",,,,Yes,,No,No
395602,,Tartan,,"<strong>MacBean [Manchester Pipe Band variant]</strong>",,,,Yes,,No,No
395898,,Tartan,,"<strong>Louth County Crest</strong>",Scottish,,,No,"Marton Mills",No,No
396218,,Tartan,,"<strong>Héritage Arverne</strong>",French,,,Yes,"Restricted Fabrics",No,No
396453,,Tartan,,"<strong>Bundy [396453 variant]</strong>",,,,Yes,,No,No
396910,,Tartan,,"<strong>MacDonald of Rosebank</strong>",,,,Yes,,No,No
397005,,Tartan,,"<strong>Stewart of Galloway (VS - 397005 variant)</strong>",,,,Yes,,No,No
397182,,Tartan,,"<strong>Green 1 [397182 variant]</strong>",,,,Yes,,No,No
397183,,Tartan,,"<strong>Green 1 [397183 variant]</strong>",,,,Yes,,No,No
302751,,Tartan,,"<strong>Miller [302751 variant]</strong>",,,,Yes,,No,No
323,,Tartan,,"<strong>Beck (Alan) personal; Dress</strong>",,3934,,No,"Restricted Fabrics",No,No
300944,,Tartan,,"<strong>St Abbs Grey</strong>",,,,No,,No,No
301970,,Tartan,,"<strong>MacIntyre & Thomson House Tartan (M&T 2C)</strong>",,,,Yes,"Restricted Fabrics",No,No
302099,,Tartan,,"<strong>Windsor [302099 variant]</strong>",,,,Yes,,No,No
302100,,Tartan,,"<strong>Windsor [302100 variant]</strong>",,,,Yes,,No,No
302140,,Tartan,,"<strong>Longniddry Cerise Dress Dance</strong>",,84381,,Yes,,No,No
302212,,Tartan,,"<strong>Border Shepherd's Check; Grey HW</strong>",,72737,,Yes,,No,No
302328,,Tartan,,"<strong>Printed Fabric dummy</strong>",,,,Yes,,No,No
302718,,Tartan,,"<strong>Miller [302718 variant]</strong>",,,,Yes,,No,No
397189,,Tartan,,"<strong>Cuillin Dancers 2 [397189 variant]</strong>",,,,Yes,,No,No
302861,,Tartan,,"<strong>Miller [302861 variant]</strong>",,,,Yes,,No,No
303620,,Tartan,,"<strong>MacInnes Dress Custom - Cynthia Kirk [303620 variant]</strong>",,,,Yes,,No,No
303636,,Tartan,,"<strong>Smart, G (Personal) [303636 variant]</strong>",,,,Yes,,No,No
304425,,Tartan,,"<strong>Black Watch [304425 variant]</strong>",,,,Yes,,No,No
304573,,Tartan,,"<strong>MacLachlan [304573 variant]</strong>",,,,Yes,,No,No
305335,,Tartan,,"<strong>TESTING NICK</strong>",,,,Yes,,No,No
305336,,Tartan,,"<strong>testietestie Nick</strong>",,,,Yes,,No,No
305446,,Tartan,,"<strong>MacInnes Dress [305446 variant]</strong>",,,,Yes,,No,No
214,,Tartan,,"<strong>Ayrshire Tourist Board</strong>",,2202,,Yes,,No,No
405355,,Tartan,,<strong>3078temp</strong>,,,,Yes,,No,No
405363,,Tartan,,"<strong>Hibernian Football Club #2 [405363 variant]</strong>",,,,Yes,,No,No
407509,,Tartan,,"<strong>Farmer, J & Family</strong>",,,,Yes,"Restricted Fabrics",No,No
230,,Tartan,,"<strong>Bain (Robert) personal</strong>",,6158,,No,"Restricted Fabrics",No,No
410717,,Tartan,,<strong>476temp</strong>,,,,Yes,,No,No
4973,,Plain,,"<strong>Ancient Black; Wool (Strathmore)</strong>",,,,No,"Strathmore Woollens",No,No
4995,,Plain,,"<strong>Charcoal; Wool (Ingles Buchan)</strong>",,,,No,"Ingles Buchan",No,No
219,,Tartan,,"<strong>Bagpipe Shop (Switzerland)</strong>",International,63220,,No,"Restricted Fabrics",No,No
4997,,Plain,,"<strong>Ancient Red; Wool (Ingles Buchan)</strong>",,,,No,"Ingles Buchan",No,No
245,,Tartan,,"<strong>Balmoral Estate; Green Lines; Royal</strong>",,7124,,No,"Restricted Fabrics",No,No
5012,,Plain,,"<strong>Irish Green; Wool (Marton Mills)</strong>",Irish,,,No,"Marton Mills",No,No
5014,,Plain,,"<strong>St Patrick Blue; Wool (Marton Mills)</strong>",,,,No,"Marton Mills",No,No
5034,,Plain,,"<strong>Blue Uni; Wool (Marton Mills)</strong>",,,,No,"Marton Mills",No,No
5035,,Plain,,"<strong>White; Wool (Marton Mills)</strong>",,,,No,"Marton Mills",No,No
5037,,Plain,,"<strong>Optic White; Wool (Marton Mills)</strong>",,,,Yes,"Marton Mills",No,No
5038,,Plain,,"<strong>Royal Blue; Wool (Marton Mills)</strong>",,,,No,"Marton Mills",No,No
5208,,Plain,,"<strong>Aubergine; Cotton (Harrisons)</strong>",,,,No,"Harrisons of Edinburgh",No,No
5209,,Plain,,"<strong>Bottle Green; Cotton (Harrisons)</strong>",,,,No,"Harrisons of Edinburgh",No,No
398538,,Tartan,,"<strong>Menzies Hunting (variant 1570)</strong>",,10876,,Yes,,No,No
397190,,Tartan,,"<strong>Cuillin Dancers 2 [397189 variant] [397190 variant]</strong>",,,,Yes,,No,No
397231,,Tartan,,"<strong>Finalist 2 [397231 variant]</strong>",,,,Yes,,No,No
397758,,Tartan,,"<strong>US Forces Army [397756 variant] [397758 variant]</strong>",,,,Yes,,No,No
398042,,Tartan,,<strong>DT01</strong>,,,,Yes,,No,No
398287,,Tartan,,<strong>Jones</strong>,,66540,,Yes,,No,No
398308,,Tartan,,"<strong>Italian Acacia [398308 variant]</strong>",,,,Yes,,No,No
282,,Tartan,,"<strong>Barbour Countrywear</strong>",,2489,,No,"Restricted Fabrics",No,No
279,,Tartan,,"<strong>Barber (David) personal</strong>",Scottish,43962,,No,"Restricted Fabrics",No,No
13399,,Tartan,,"<strong>Loch Claret Plaid (Moon)</strong>",,,,No,Moon,No,No
398654,,Tartan,,"<strong>Lakewell Porsche Green</strong>",,,,Yes,,No,No
399038,,Tartan,,"<strong>Scottish International Eco-Schools Planet Earth</strong>",,,,Yes,"Restricted Fabrics",No,No
399183,,Tartan,,"<strong>Scottish International Eco-Schools Planet Earth [399183 variant]</strong>",,,,Yes,,No,No
399798,,Tartan,,"<strong>MacKenzie [399798 variant]</strong>",,,,Yes,,No,No
249,,Tartan,,"<strong>Balmoral Hotel</strong>",,3955,,No,"Restricted Fabrics",No,No
401896,,Tartan,,"<strong>Stewart Black [PCPB variant]</strong>",,,,Yes,,No,No
247,,Tartan,,"<strong>Balmoral Estate; Midnight</strong>",Scottish,44031,,No,"Restricted Fabrics",No,No
246,,Tartan,,"<strong>Balmoral Estate; Lavender</strong>",,1302,,No,"Restricted Fabrics",No,No
6326,,Tartan,,"<strong>International College of Dentists (Canadian Section) Dress</strong>",Canadian,82381,,Yes,,No,No
5027,,Tartan,,"<strong>Clan Family</strong>",,,,No,,No,No
5030,,Tartan,,"<strong>Grey Shadow</strong>",,,,No,,No,No
5032,,Tartan,,"<strong>Scottish Heritage</strong>",,,,No,,No,No
6359,,Tartan,,"<strong>Louisiana spec 119</strong>",USA,83837,,Yes,,No,No
6358,,Tartan,,"<strong>Lopez Gasparotto Spec 63</strong>",Scottish,97288,,Yes,,No,No
6357,,Tartan,,"<strong>Lopez Gasparotto spec 311</strong>",Scottish,96177,,Yes,,No,No
6355,,Tartan,,"<strong>London Regiment Spec 106</strong>",Scottish,93369,,Yes,,No,No
6351,,Tartan,,"<strong>Livingston-Curcio Member Design</strong>",,91750,,Yes,,No,No
6347,,Tartan,,"<strong>Len's Farewell Boleyn 2016 Member Design</strong>",,86825,,Yes,,No,No
6345,,Tartan,,"<strong>Lawrence Quigley Brooklyn Member Design</strong>",,88198,,Yes,,No,No
6339,,Tartan,,"<strong>Kendall Member Design</strong>",Australian,86737,,Yes,,No,No
6336,,Tartan,,"<strong>Johnston Ian #2</strong>",Scottish,78097,,No,"Restricted Fabrics",No,No
6332,,Tartan,,"<strong>Jessica B Member Design</strong>",,90415,,Yes,,No,No
5021,,Tartan,,"<strong>Loch Buie District</strong>",,,,No,,No,No
6325,,Tartan,,"<strong>House of Arnot Member Design</strong>",,96989,,Yes,,No,No
5042,,Tartan,,"<strong>Kilnsley Navy Check</strong>",,,,No,,No,No
6322,,Tartan,,"<strong>Holy Loch</strong>",Scottish,92322,,No,"Restricted Fabrics",No,No
6320,,Tartan,,<strong>Hickory</strong>,USA,78466,,No,"Restricted Fabrics",No,No
5093,,Tartan,,"<strong>Battle Axe</strong>",,,,No,,No,No
6319,,Tartan,,"<strong>Hibernian spec 708</strong>",Scottish,81241,,Yes,,No,No
579,,Tartan,,"<strong>Cumming (Alistair) personal; Diana Princess</strong>",,2515,,No,"Restricted Fabrics",No,No
6315,,Tartan,,"<strong>HC Stripe spec 1455</strong>",,86844,,Yes,,No,No
6313,,Tartan,,"<strong>Hamworthy Association</strong>",,82861,,Yes,,No,No
6312,,Tartan,,"<strong>Haltom City Fire Rescue Member Design  2</strong>",,88041,,Yes,,No,No
6308,,Tartan,,"<strong>Grey spec 405</strong>",Scottish,78690,,Yes,,No,No
6307,,Tartan,,"<strong>Greg Wells Dress Member Design</strong>",,86484,,Yes,,No,No
4979,,Tartan,,<strong>Strathtummel</strong>,,,,No,,No,No
538,,Tartan,,"<strong>Brooks Brothers Tattersall Camel</strong>",,6571,,Yes,"Restricted Fabrics",No,No
539,,Tartan,,"<strong>Brooks Brothers Tattersall Red</strong>",,6572,,Yes,"Restricted Fabrics",No,No
540,,Tartan,,"<strong>Brooks Brothers</strong>",,3736,,Yes,,No,No
541,,Tartan,,"<strong>Broons (DC Thomson)</strong>",Scottish,43928,,No,"Restricted Fabrics",No,No
6413,,Tartan,,"<strong>Navy Formal Dress Member Design</strong>",,95906,,Yes,,No,No
6412,,Tartan,,"<strong>My Own Tartan Member Design</strong>",,93963,,Yes,,No,No
542,,Tartan,,"<strong>Brotherhood of the Bear</strong>",,6799,,No,"Restricted Fabrics",No,No
6405,,Tartan,,"<strong>Cameron Mitchell (Personal)</strong>",,84636,,No,"Restricted Fabrics",No,No
6403,,Tartan,,"<strong>Michigan spec 65 State of</strong>",Scottish,83713,,Yes,,No,No
6402,,Tartan,,"<strong>Michi Bigger Checks Member Design</strong>",,88969,,Yes,,No,No
4978,,Tartan,,<strong>Strathtay</strong>,,,,No,,No,No
6399,,Tartan,,"<strong>Menzies, Special 1570 Hunting #2 (Personal)</strong>",,96080,,Yes,,No,No
6398,,Tartan,,"<strong>Menzies, Special 1570 Hunting (Personal)</strong>",,93288,,Yes,,No,No
5496,,Tartan,,"<strong>Traquair Dress</strong>",,,,No,,No,No
4980,,Tartan,,"<strong>Harris of Wales [deleteable]</strong>",Welsh,,,No,"Wales Tartan",No,No
6392,,Tartan,,"<strong>McKeand Jnr Member Design</strong>",,97237,,Yes,,No,No
6388,,Tartan,,"<strong>McDuck Member Design</strong>",,96991,,Yes,,No,No
6386,,Tartan,,"<strong>McCorquodale customer special</strong>",Scottish,75836,,Yes,,No,No
4982,,Tartan,,"<strong>Powys of Wales</strong>",Welsh,,,No,,No,No
6385,,Tartan,,"<strong>McCorquodale spec 1559</strong>",Scottish,91058,,Yes,,No,No
6383,,Tartan,,"<strong>McCarter Member Design 1</strong>",,88229,,Yes,,No,No
6382,,Tartan,,"<strong>McCandless Member Design</strong>",,96896,,Yes,,No,No
5015,,Tartan,,"<strong>Wild Geese</strong>",,,,No,,No,No
6378,,Tartan,,"<strong>MacNamara #3 [default sett]</strong>",Scottish,85121,,Yes,,No,No
6377,,Tartan,,"<strong>MacNamara #2 [default sett]</strong>",Scottish,77923,,Yes,,No,No
5018,,Tartan,,"<strong>Blue and Cream</strong>",,,,No,,No,No
6234,,Tartan,,"<strong>Blue Check Spec 119</strong>",,87145,,Yes,,No,No
6256,,Tartan,,"<strong>Clan McCousins Member Design 2</strong>",,93799,,Yes,,No,No
6255,,Tartan,,"<strong>CJL Black</strong>",,97222,,Yes,,No,No
609,,Tartan,,"<strong>Burnetts & Struth #2</strong>",,6866,,No,"Restricted Fabrics",No,No
610,,Tartan,,"<strong>Burnetts & Struth</strong>",,4085,,No,"Restricted Fabrics",No,No
6249,,Tartan,,"<strong>Caron Marc-Andre</strong>",,95611,,Yes,,No,No
637,,Tartan,,"<strong>Cala Homes</strong>",,2527,,No,"Restricted Fabrics",No,No
6248,,Tartan,,"<strong>Carolina spec 1610 States of</strong>",USA,92244,,Yes,,No,No
6244,,Tartan,,"<strong>Cainnech Member Design</strong>",,91046,,Yes,,No,No
6243,,Tartan,,"<strong>Caie 2013</strong>",Scottish,77130,,No,"Restricted Fabrics",No,No
6242,,Tartan,,"<strong>Cadilhac Family Member Design</strong>",,86542,,Yes,,No,No
6239,,Tartan,,"<strong>Bruce of Kinnaird Vivienne Westwood</strong>",Scottish,88841,,Yes,"Restricted Fabrics",No,No
6238,,Tartan,,"<strong>Browning Member Design, 76</strong>",,88200,,Yes,,No,No
6235,,Tartan,,"<strong>Blue Windowpane spec 119</strong>",,87125,,Yes,,No,No
6258,,Tartan,,"<strong>Coldstream #2</strong>",Scottish,77471,,No,"Restricted Fabrics",No,No
6231,,Tartan,,"<strong>Benson Sapphire Member Design</strong>",,88968,,Yes,,No,No
6227,,Tartan,,"<strong>Barnett Member Design, Yellow</strong>",,86085,,Yes,,No,No
623,,Tartan,,"<strong>Business Air</strong>",,2328,,No,"Restricted Fabrics",No,No
6223,,Tartan,,"<strong>APD Member Design</strong>",,98106,,Yes,,No,No
626,,Tartan,,"<strong>Byrne (Justine) personal; Lomond Mist</strong>",Scottish,44005,,No,"Restricted Fabrics",No,No
627,,Tartan,,"<strong>Cadence Design Systems</strong>",,2480,,No,"Restricted Fabrics",No,No
6216,,Tartan,,"<strong>A S Forsythe of Oust Member Design</strong>",,91748,,Yes,,No,No
6215,,Tartan,,"<strong>A and D Wedding Member Design</strong>",,93768,,Yes,,No,No
6214,,Tartan,,"<strong>A & S Highlanders spec 1300</strong>",Scottish,77474,,Yes,,No,No
6213,,Tartan,,"<strong>42nd Regiment spec 100</strong>",Scottish,86084,,Yes,,No,No
6212,,Tartan,,"<strong>1985 Sett Member Design</strong>",,95051,,Yes,,No,No
6207,,Tartan,,"<strong>Kai Price</strong>",Scottish,78505,,No,"Restricted Fabrics",No,No
6287,,Tartan,,"<strong>Engelhardt F</strong>",,89672,,No,"Restricted Fabrics",No,No
5498,,Tartan,,"<strong>Black Spirit</strong>",,,,No,,No,No
5500,,Tartan,,"<strong>Confederate Memorial</strong>",,,,No,,No,No
5502,,Tartan,,"<strong>Shepherd's Plaid Check Blue / Black</strong>",,,,No,,No,No
5533,,Tartan,,"<strong>Shepherd's Plaid Check Grey / Black</strong>",,,,No,,No,No
664,,Tartan,,"<strong>Callaway Golf</strong>",,2313,,No,"Restricted Fabrics",No,No
6297,,Tartan,,"<strong>Gatti Member Design 11</strong>",,86399,,Yes,,No,No
6295,,Tartan,,"<strong>Fray Member Design (Jonathon Matthew)</strong>",,93503,,Yes,,No,No
655,,Tartan,,"<strong>Calgary Firefighters</strong>",Scottish,44077,,No,"Restricted Fabrics",No,No
646,,Tartan,,"<strong>Caledonian Brewery</strong>",,2315,,No,"Restricted Fabrics",No,No
6293,,Tartan,,"<strong>Fox Gloves Member Design</strong>",,86112,,Yes,,No,No
6195,,Tartan,,"<strong>Carnegie (Defunct)</strong>",Scottish,489,,Yes,,No,No
6291,,Tartan,,"<strong>Fife Ethylene Plant</strong>",Scottish,80284,,No,"Restricted Fabrics",No,No
6379,,Tartan,,"<strong>MacSteinprat Member Design</strong>",,85696,,Yes,,No,No
6285,,Tartan,,"<strong>EGW Member Design</strong>",,95021,,Yes,,No,No
6196,,Tartan,,"<strong>Aviemore Dress</strong>",,,,No,,No,No
6278,,Tartan,,"<strong>Doing Fashion Member Design 10</strong>",,97259,,Yes,,No,No
600,,Tartan,,"<strong>Bundy (Serena) personal; Grey</strong>",Scottish,74628,,No,"Restricted Fabrics",No,No
6275,,Tartan,,"<strong>Dawson Bowman Member Design</strong>",Scottish,89556,,Yes,,No,No
601,,Tartan,,"<strong>Bundy Dress Red</strong>",Scottish,74627,,Yes,,No,No
6271,,Tartan,,"<strong>Currens and McMurray Member Design</strong>",,88754,,Yes,,No,No
6270,,Tartan,,"<strong>Cumnock spec 406</strong>",Scottish,88908,,Yes,,No,No
6269,,Tartan,,"<strong>Culture Inspired Member Design</strong>",,93505,,Yes,,No,No
603,,Tartan,,"<strong>Burberry Check</strong>",,1239,,No,"Restricted Fabrics",No,No
604,,Tartan,,"<strong>Burke (Kennesaw) personal</strong>",Scottish,43983,,No,"Restricted Fabrics",No,No
6260,,Tartan,,<strong>Competition</strong>,,94502,,No,"Restricted Fabrics",No,No
537,,Tartan,,"<strong>Brooks Brothers Tattersall Blue</strong>",,6573,,Yes,"Restricted Fabrics",No,No
6508,,Tartan,,"<strong>Von Prondzynski Member Design</strong>",,87820,,Yes,,No,No
6506,,Tartan,,"<strong>Virginia spec 106</strong>",,85889,,Yes,,No,No
4900,,Tartan,,"<strong>Galway Irish County Crest</strong>",Irish,,,No,"Marton Mills",No,No
6505,,Tartan,,"<strong>Vinther Member Design</strong>",,86063,,Yes,,No,No
6503,,Tartan,,"<strong>USA Orr Member Design</strong>",Scottish,95018,,Yes,,No,No
4901,,Tartan,,"<strong>Kildare Irish County Crest</strong>",Irish,,,No,"Marton Mills",No,No
6502,,Tartan,,"<strong>US Special Forces; spec 1437</strong>",Scottish,95893,,Yes,,No,No
4902,,Tartan,,"<strong>Laois Irish County Crest</strong>",Irish,,,No,"Marton Mills",No,No
4903,,Tartan,,"<strong>Limerick Irish County Crest</strong>",Irish,,,No,"Marton Mills",No,No
6497,,Tartan,,"<strong>TOGA Heritage</strong>",,91079,,Yes,"Restricted Fabrics",No,No
6496,,Tartan,,"<strong>Terc 11 Toyota Tercel Blue Member Design</strong>",,92917,,Yes,,No,No
6493,,Tartan,,"<strong>Tartanu Member Design</strong>",,86485,,Yes,,No,No
4904,,Tartan,,"<strong>Mayo Irish County Crest</strong>",Irish,,,No,"Marton Mills",No,No
4905,,Tartan,,"<strong>Monaghan Irish County Crest</strong>",Irish,,,No,"Marton Mills",No,No
6510,,Tartan,,"<strong>Wald944 Member Design</strong>",,95052,,Yes,,No,No
504,,Tartan,,"<strong>British Caledonian Airways #1</strong>",,3259,,No,"Restricted Fabrics",No,No
4906,,Tartan,,"<strong>Offaly Irish County Crest</strong>",Irish,,,No,"Marton Mills",No,No
505,,Tartan,,"<strong>British Caledonian Airways #2</strong>",,5454,,No,"Restricted Fabrics",No,No
506,,Tartan,,"<strong>British Caledonian Airways #3</strong>",,5453,,No,"Restricted Fabrics",No,No
507,,Tartan,,"<strong>British Caledonian Airways #4</strong>",,5452,,No,"Restricted Fabrics",No,No
6481,,Tartan,,"<strong>Spoonbill 88 Member Design</strong>",,88815,,Yes,,No,No
6480,,Tartan,,"<strong>Spey spec 106</strong>",USA,88755,,Yes,,No,No
6478,,Tartan,,"<strong>Sound of Mull</strong>",Scottish,85163,,Yes,"Restricted Fabrics",No,No
6477,,Tartan,,<strong>Solberg-Bell</strong>,International,82307,,No,"Restricted Fabrics",No,No
4907,,Tartan,,"<strong>Roscommon Irish County Crest</strong>",Irish,,,No,"Marton Mills",No,No
6474,,Tartan,,"<strong>Sinha Member Design 4</strong>",,85678,,Yes,,No,No
6473,,Tartan,,"<strong>Shonagh Simple Member Design</strong>",,85780,,Yes,,No,No
6472,,Tartan,,"<strong>Shirley (2017) (Glencroft Rabble) Member Design</strong>",,95023,,Yes,,No,No
6471,,Tartan,,<strong>Sheppard</strong>,Scottish,77470,,Yes,"Restricted Fabrics",No,No
6681,,Tartan,,"<strong>Kingdom of Fife District</strong>",,,,No,,No,No
8719,,Tartan,,"<strong>Eternity Default</strong>",,,,No,,No,No
8686,,Tartan,,"<strong>Scottish National Black</strong>",Scottish,,,No,,No,No
8391,,Tartan,,"<strong>Roslin Plaid</strong>",,,,No,,No,No
8390,,Tartan,,<strong>Lilliesleaf</strong>,,,,No,,No,No
487,,Tartan,,"<strong>Bristow Helicopters</strong>",,2401,,No,"Restricted Fabrics",No,No
4892,,Tartan,,"<strong>Antrim Irish County Crest</strong>",Irish,,,No,"Marton Mills",No,No
4893,,Tartan,,"<strong>Armagh Irish County Crest</strong>",Irish,,,No,"Marton Mills",No,No
489,,Tartan,,"<strong>British Airways</strong>",,3617,,No,"Restricted Fabrics",No,No
7759,,Tartan,,<strong>Galbraith</strong>,,,,Yes,,No,No
7758,,Tartan,,<strong>Clark</strong>,,,,No,,No,No
4894,,Tartan,,"<strong>Carlow Irish County Crest</strong>",Irish,,,No,"Marton Mills",No,No
7466,,Tartan,,"<strong>Heritage Eau De Nil Plaid (Moon)</strong>",,,,No,Moon,No,No
7454,,Tartan,,"<strong>Heritage Berry; Plaid (Moon)</strong>",,,,Yes,Moon,No,No
6821,,Tartan,,<strong>Rainbow</strong>,,,,No,,No,No
6490,,Tartan,,"<strong>Swedish Inspiration Member Design</strong>",,96094,,Yes,,No,No
4895,,Tartan,,"<strong>Cork Irish County Crest</strong>",Irish,,,No,"Marton Mills",No,No
6529,,Tartan,,"<strong>Young Anniversary 2 Member Design</strong>",,95204,,Yes,,No,No
6528,,Tartan,,"<strong>York of Toon Creek Member Design</strong>",,88457,,Yes,,No,No
6527,,Tartan,,"<strong>Wiregrass spec 119</strong>",USA,77921,,Yes,,No,No
4896,,Tartan,,"<strong>Derry Irish County Crest</strong>",Irish,,,No,"Marton Mills",No,No
6522,,Tartan,,<strong>WestJet</strong>,Canadian,74819,,No,"Restricted Fabrics",No,No
6521,,Tartan,,"<strong>Werjuka60 Member Design</strong>",,89534,,Yes,,No,No
6520,,Tartan,,"<strong>Wells Variation Member Design</strong>",,94041,,Yes,,No,No
6516,,Tartan,,"<strong>Warrender of Aberdeen Wedding Member Design</strong>",Scottish,93334,,Yes,,No,No
4897,,Tartan,,"<strong>Donegal Irish County Crest</strong>",Irish,,,No,"Marton Mills",No,No
6515,,Tartan,,"<strong>Ward (Irish-Scots) Member Design</strong>",,94530,,Yes,,No,No
6514,,Tartan,,"<strong>Wallenberg Nicolas, Dress</strong>",Scottish,80280,,No,"Restricted Fabrics",No,No
6513,,Tartan,,"<strong>Wallenberg Nicolas</strong>",Scottish,80273,,No,"Restricted Fabrics",No,No
4898,,Tartan,,"<strong>Down Irish County Crest</strong>",Irish,,,No,"Marton Mills",No,No
520,,Tartan,,"<strong>Brittany Bro Sant-Brieg</strong>",,6654,,Yes,"Restricted Fabrics",No,No
6457,,Tartan,,"<strong>Rough Wedding Member Design</strong>",,92215,,Yes,,No,No
517,,Tartan,,"<strong>Brittany Bro Leon</strong>",,6653,,Yes,"Restricted Fabrics",No,No
4909,,Tartan,,"<strong>Tipperary Irish County Crest</strong>",Irish,,,No,"Marton Mills",No,No
4910,,Tartan,,"<strong>Tyrone Irish County Crest</strong>",Irish,,,No,"Marton Mills",No,No
6454,,Tartan,,"<strong>Rika Blue Member Design</strong>",,86734,,Yes,,No,No
6452,,Tartan,,"<strong>REME (Mirrored)</strong>",Scottish,,,Yes,"Restricted Fabrics",No,No
6451,,Tartan,,"<strong>Regli of Uri</strong>",Scottish,77243,,No,"Restricted Fabrics",No,No
518,,Tartan,,"<strong>Brittany Bro Naoned</strong>",,6648,,Yes,"Restricted Fabrics",No,No
6449,,Tartan,,"<strong>Red and Black spec 329</strong>",Scottish,78602,,Yes,"Restricted Fabrics",No,No
6448,,Tartan,,"<strong>Real Salt Lake Member Design</strong>",,93370,,Yes,,No,No
4911,,Tartan,,"<strong>Waterford Irish County Crest</strong>",Irish,,,No,"Marton Mills",No,No
519,,Tartan,,"<strong>Brittany Bro Roazhon</strong>",,6652,,Yes,"Restricted Fabrics",No,No
6445,,Tartan,,"<strong>Rainbow Pride Member Design</strong>",,96633,,Yes,,No,No
6453,,Tartan,,"<strong>Rhine Waal University Member Design</strong>",,97620,,Yes,,No,No
521,,Tartan,,"<strong>Brittany Bro Sant-Malou</strong>",,6649,,Yes,"Restricted Fabrics",No,No
522,,Tartan,,"<strong>Brittany Bro Wened</strong>",,6651,,Yes,"Restricted Fabrics",No,No
523,,Tartan,,"<strong>Brittany Bro Zol</strong>",,6647,,No,"Restricted Fabrics",No,No
4912,,Tartan,,"<strong>Westmeath Irish County Crest</strong>",Irish,,,No,"Marton Mills",No,No
4913,,Tartan,,"<strong>Wexford Irish County Crest</strong>",Irish,,,No,"Marton Mills",No,No
4914,,Tartan,,"<strong>Wicklow Irish County Crest</strong>",Irish,,,No,"Marton Mills",No,No
6436,,Tartan,,"<strong>Pike of Parra Member Design</strong>",,88040,,Yes,,No,No
4937,,Tartan,,"<strong>North Country District</strong>",,,,No,,No,No
6435,,Tartan,,"<strong>Pharaonic Egyptian Member Design</strong>",,93245,,Yes,,No,No
6433,,Tartan,,"<strong>Pendleton An t-arm Member Design</strong>",,88814,,Yes,,No,No
6422,,Tartan,,"<strong>O'Donnell Member Design</strong>",,95019,,Yes,,No,No
4939,,Tartan,,"<strong>St Davids No. 2</strong>",,,,No,,No,No
6421,,Tartan,,"<strong>O'Buckley Dress Member Design</strong>",,92026,,Yes,"Restricted Fabrics",No,No
516,,Tartan,,"<strong>Brittany Bro Kerne</strong>",,6646,,Yes,"Restricted Fabrics",No,No
515,,Tartan,,"<strong>Brittany Bro Dreger</strong>",,6650,,Yes,"Restricted Fabrics",No,No
6459,,Tartan,,"<strong>Royal British Legion spec 317</strong>",International,82629,,Yes,,No,No
6467,,Tartan,,"<strong>Screel 1 Member Design</strong>",,96079,,Yes,,No,No
510,,Tartan,,"<strong>British Energy</strong>",,2324,,No,"Restricted Fabrics",No,No
4908,,Tartan,,"<strong>Sligo Irish County Crest</strong>",Irish,,,No,"Marton Mills",No,No
6463,,Tartan,,"<strong>Sanine Papalia Dress</strong>",,88228,,No,"Restricted Fabrics",No,No
6466,,Tartan,,"<strong>Scottish Wildcat</strong>",Scottish,74814,,Yes,"Restricted Fabrics",No,No
6465,,Tartan,,"<strong>Scottish Gas spec 406</strong>",Scottish,91188,,Yes,,No,No
112,,Tartan,Anderson,"Anderson <strong>Blue Westwood</strong>",,3447,,Yes,"Restricted Fabrics",No,No
5312,,Tartan,Armstrong,"Armstrong <strong>Old Colours</strong>",,,,Yes,,No,No
286,,Tartan,Barclay,"Barclay <strong>Hunting #2</strong>",Scottish,57432,,Yes,,No,No
298,,Tartan,Bartlett,"Bartlett <strong>(Richard) personal</strong>",Scottish,43933,,No,"Restricted Fabrics",No,No
6232,,Tartan,Birse,"Birse <strong>spec 619</strong>",Scottish,95612,,Yes,,No,No
544,,Tartan,Brough,"Brough <strong>(Colin) personal</strong>",Scottish,44025,,No,"Restricted Fabrics",No,No
545,,Tartan,Brough,"Brough <strong>[default]</strong>",,2233,,No,"Restricted Fabrics",No,No
556,,Tartan,Bruce,"Bruce <strong>(Alistair) personal</strong>",Scottish,43941,,No,"Restricted Fabrics",No,No
584,,Tartan,Buchanan,"Buchanan <strong>Hunting #1</strong>",,604,,Yes,,No,No
586,,Tartan,Buchanan,"Buchanan <strong>Hunting #3</strong>",,2019,,Yes,,No,No
585,,Tartan,Buchanan,"Buchanan <strong>Hunting #2 (deprecated)</strong>",,3755,,Yes,,No,No
587,,Tartan,Buchanan,"Buchanan <strong>Hunting #4</strong>",,3749,,Yes,,No,No
4968,,Tartan,"Cameron of Erracht","Cameron of Erracht <strong>(Old Colours)</strong><br/>[AKA] Cameron <strong>of Erracht; (Old Colours)</strong>",,,,Yes,,No,No
860,,Tartan,Cleland,"Cleland <strong>#2</strong>",,2181,,Yes,,No,No
6442,,Tartan,Clergy,"Clergy <strong>spec 166</strong>",Scottish,88825,,Yes,,No,No
6259,,Tartan,Colquhoun,"Colquhoun <strong>spec 340</strong>",Scottish,77473,,Yes,,No,No
6262,,Tartan,Cooper,"Cooper <strong>spec 70 Dress</strong>",Scottish,86311,,Yes,,No,No
931,,Tartan,Cooper,"Cooper <strong>(Steven) personal; Orkney Slate</strong>",Scottish,44003,,No,"Restricted Fabrics",No,No
6263,,Tartan,Coulter,"Coulter <strong>spec 70 Dress</strong>",Scottish,97797,,Yes,,No,No
6272,,Tartan,Currie,"Currie <strong>spec 101</strong>",Scottish,84991,,Yes,,No,No
1032,,Tartan,Cusack,"Cusack <strong>[default]</strong>",,4649,,No,"Restricted Fabrics",No,No
1055,,Tartan,Dalgliesh,"Dalgliesh <strong>(a)</strong>",,60346,,Yes,,No,No
6274,,Tartan,Davidson,"Davidson <strong>spec 87</strong>",Scottish,81949,,Yes,,No,No
6281,,Tartan,Drummond,"Drummond <strong>spec 1380</strong>",Scottish,81721,,Yes,,No,No
6282,,Tartan,Dryburgh,"Dryburgh <strong>spec 87 [default sett]</strong>",Scottish,90155,,Yes,,No,No
1203,,Tartan,Dundas,"Dundas <strong>(Melbourne) personal</strong>",Scottish,44007,,No,"Restricted Fabrics",No,No
4925,,Tartan,Erskine,"Erskine <strong>Dress Green</strong>",,,,No,,No,No
1310,,Tartan,Erskine,"Erskine <strong>Dress Dance Blue (a)</strong>",,632,,Yes,,No,No
396027,,Tartan,Erskine,"Erskine <strong>Dress Dance Blue [150 Blue variant]</strong>",,,,Yes,,No,No
1342,,Tartan,Farquharson,"Farquharson <strong>#3</strong>",,1957,,Yes,,No,No
1341,,Tartan,Farquharson,"Farquharson <strong>#2</strong>",Scottish,64073,,Yes,,No,No
4899,,Tartan,Fermanagh,"Fermanagh <strong>Irish County Crest</strong>",Irish,,,No,"Marton Mills",No,No
5313,,Tartan,Forsyth,"Forsyth <strong>Old Colours</strong>",,,,No,,No,No
1429,,Tartan,Frame,"Frame <strong>(Ferniegair) personal</strong>",Scottish,44052,,No,"Restricted Fabrics",No,No
6294,,Tartan,Fraser,"Fraser <strong>spec 805</strong>",Scottish,83687,,Yes,,No,No
6299,,Tartan,Geddes,"Geddes <strong>Spec 1646</strong>",Scottish,97256,,Yes,,No,No
1612,,Tartan,Glengarry,"Glengarry <strong>Highland Games</strong>",,2638,,No,"Restricted Fabrics",No,No
6303,,Tartan,Gordon,"Gordon <strong>spec 1393 92nd Regiment</strong>",Scottish,85812,,Yes,,No,No
6304,,Tartan,Gordon,"Gordon <strong>spec 1393 92nd Regiment #2</strong>",Scottish,87304,,Yes,,No,No
5040,,Tartan,Grant,"Grant <strong>Hunting (Old)</strong>",,,,No,,No,No
1727,,Tartan,Gunn,"Gunn <strong>(Robert) personal</strong>",Scottish,44022,,No,"Restricted Fabrics",No,No
4964,,Tartan,Home,"Home <strong>Old Colours</strong>",,,,No,,No,No
1945,,Tartan,Home,"Home <strong>(Clans Originaux) (Archived)</strong>",,128,,Yes,,No,No
1944,,Tartan,Home,"Home <strong>#2</strong>",Scottish,61531,,Yes,,No,No
302210,,Tartan,Hughes,"Hughes <strong>(DCD K1)</strong>",,60530,,Yes,,No,No
1970,,Tartan,Humphries,"Humphries <strong>(Name)</strong>",,5225,,Yes,,No,No
1975,,Tartan,Hunter,"Hunter <strong>(Graham) personal</strong>",Scottish,43639,,No,"Restricted Fabrics",No,No
6331,,Tartan,Jardine,"Jardine <strong>spec 426, of Castlemilk</strong>",Scottish,87011,,Yes,,No,No
2160,,Tartan,Keith,"Keith <strong>#2</strong>",,253,,Yes,,No,No
195,,Tartan,Keith,"Keith <strong>with Yellow</strong><br/>[AKA] <strong>No.173</strong>",,306,,Yes,,No,No
3064,,Tartan,Keith,"Keith <strong>Fields</strong>",,747,,No,"Restricted Fabrics",No,No
6340,,Tartan,Kinnaird,"Kinnaird <strong>spec 538</strong>",Scottish,74865,,Yes,,No,No
6349,,Tartan,Lindsay,"Lindsay <strong>spec 99 Dress Blue</strong>",Scottish,87301,,Yes,,No,No
6350,,Tartan,Lindsay,"Lindsay <strong>spec 99 Dress Green</strong>",Scottish,87300,,Yes,,No,No
2464,,Tartan,Logan,"Logan <strong>#7</strong>",,590,,Yes,,No,No
2459,,Tartan,Logan,"Logan <strong>#1</strong>",,3118,,Yes,,No,No
6356,,Tartan,Longmore,"Longmore <strong>Spec 106</strong>",Scottish,93705,,Yes,,No,No
2514,,Tartan,Loughheed,"Loughheed <strong>(DCD?)</strong>",,4112,,Yes,,No,No
411105,,Tartan,Lumsden,"Lumsden <strong>Hunting #2</strong>",,,,No,,No,No
6360,,Tartan,Lumsden,"Lumsden <strong>spec 444 Hunting</strong>",Scottish,93767,,Yes,,No,No
2536,,Tartan,Lynch,"Lynch <strong>(a)</strong>",,2163,,Yes,,No,No
2538,,Tartan,Lyon,"Lyon <strong>(Jeffrey) personal</strong>",Scottish,43540,,No,"Restricted Fabrics",No,No
6362,,Tartan,MacArthur,"MacArthur <strong>spec 106</strong>",Scottish,90419,,Yes,,No,No
2603,,Tartan,MacCandlish,"MacCandlish <strong>Green; Hunting (Erroneous)</strong>",,3328,,Yes,,No,No
2608,,Tartan,MacCarthy,"MacCarthy <strong>[default]</strong>",,2438,,Yes,"Restricted Fabrics",No,No
2627,,Tartan,MacCorquodale,"MacCorquodale <strong>#3</strong>",,3345,,Yes,,No,No
2675,,Tartan,MacDonald,"MacDonald <strong>Hunting #2 depr</strong><br/>[AKA] MacDonald <strong>of the Isles; Hunting #2</strong>",,2209,,Yes,,No,No
5922,,Tartan,MacDonald,"MacDonald <strong>Lord of the Isles (OLD)</strong>",Scottish,,,Yes,,No,No
4970,,Tartan,MacDonald,"MacDonald <strong>Lord of the Isles (Green)</strong>",,,,Yes,,No,No
5920,,Tartan,MacDonald,"MacDonald <strong>Old</strong>",Scottish,,,No,,No,No
2656,,Tartan,"MacDonald of Ardnamurchan","MacDonald of Ardnamurchan <strong>[default]</strong><br/>[AKA] MacDonald <strong>of Ardnamurchan</strong>",,3275,,Yes,,No,No
4890,,Tartan,"MacDonald of Glengarry","MacDonald of Glengarry <strong>[default]</strong><br/>[AKA] MacDonald <strong>of Glengarry</strong>",,,,No,,No,No
2684,,Tartan,"MacDonnell of Keppoch","MacDonnell of Keppoch <strong>[default]</strong><br/>[AKA] MacDonnell <strong>MacKillop #2</strong><br/>[AKA] MacDonnell <strong>of Keppoch</strong>",,,,Yes,,No,No
6364,,Tartan,MacDougall,"MacDougall <strong>spec 700</strong>",Scottish,82309,,Yes,,No,No
5921,,Tartan,"MacDuff of Duff","MacDuff of Duff <strong>[default]</strong><br/>[AKA] MacDuff <strong>of Duff</strong>",Scottish,,,No,,No,No
2743,,Tartan,MacGregor,"MacGregor <strong>Dress Blue</strong>",,3,,Yes,,No,No
6366,,Tartan,MacGregor,"MacGregor <strong>spec 106 Dress Green</strong>",Scottish,88632,,Yes,,No,No
6369,,Tartan,MacIntyre,"MacIntyre <strong>spec 834 or Glenorchy</strong>",Scottish,91417,,Yes,,No,No
6370,,Tartan,MacKay,"MacKay <strong>spec 116</strong>",Scottish,86543,,Yes,,No,No
2806,,Tartan,MacKeane,"MacKeane <strong>[default]</strong>",,1608,,Yes,,No,No
6372,,Tartan,MacKenzie,"MacKenzie <strong>Spec 1618 Dress</strong>",Scottish,92375,,Yes,,No,No
2820,,Tartan,MacKenzie,"MacKenzie <strong>Hunting; Green</strong>",,5906,,Yes,,No,No
2777,,Tartan,MacKintosh,"MacKintosh <strong>#2</strong>",Scottish,57433,,Yes,,No,No
4935,,Tartan,MacLachlan,"MacLachlan <strong>Hunting</strong>",,,,No,,No,No
4952,,Tartan,MacLeod,"MacLeod <strong>Dress</strong>",,,,No,,No,No
6376,,Tartan,MacLeod,"MacLeod <strong>spec 87 of Lewis</strong>",Scottish,91480,,Yes,,No,No
2885,,Tartan,MacLeod,"MacLeod <strong>MacLeod, Bain (Personal)</strong>",,6144,,No,"Restricted Fabrics",No,No
2963,,Tartan,MacPherson,"MacPherson <strong>Hunting (archived)</strong><br/>[AKA] MacPherson <strong>Badenoch</strong>",,,,Yes,,No,No
302211,,Tartan,MacTaggart,"MacTaggart <strong>#2</strong>",,63730,,Yes,,No,No
2998,,Tartan,MacTavish,"MacTavish <strong>Dress (archive)</strong><br/>[AKA] MacTavish <strong>Lord Thomson of Fleet</strong>",,1383,,Yes,,No,No
3067,,Tartan,Martin,"Martin <strong>(Robert) personal</strong>",Scottish,44040,,No,"Restricted Fabrics",No,No
6381,,Tartan,Maxwell,"Maxwell <strong>spec 1570 Hunting #2</strong>",Scottish,96492,,Yes,,No,No
3135,,Tartan,Melville,"Melville <strong>#2 depr</strong><br/>[AKA] <strong>#2</strong>",,1050,,Yes,,No,No
6396,,Tartan,Menzies,"Menzies <strong>Menzies, Special 106 Black Dress (Personal)</strong>",Scottish,85945,,Yes,,No,No
6397,,Tartan,Menzies,"Menzies <strong>spec 106 Hunting</strong>",,85811,,Yes,,No,No
6400,,Tartan,Menzies,"Menzies <strong>spec 406 Hunting Lotus</strong>",Scottish,97621,,Yes,,No,No
5499,,Tartan,Merrilees,"Merrilees <strong>Black</strong>",,,,No,,No,No
6406,,Tartan,Moffat,"Moffat <strong>spec 1541</strong>",Scottish,88936,,Yes,,No,No
3216,,Tartan,Moffat,"Moffat <strong>(Paul) personal; Greyfriars</strong>",Scottish,43908,,No,"Restricted Fabrics",No,No
6408,,Tartan,Morgan,"Morgan <strong>spec 127 Blue</strong>",Australian,84530,,Yes,,No,No
3253,,Tartan,Morgan,"Morgan <strong>Blue (archive)</strong>",,5661,,Yes,,No,No
3279,,Tartan,Muirhead,"Muirhead <strong>#2</strong>",,63896,,Yes,,No,No
3294,,Tartan,Murdoch,"Murdoch <strong>(unmirrored)</strong>",,,,Yes,,No,No
3310,,Tartan,Murray,"Murray <strong>Mungo</strong>",,2173,,No,"Restricted Fabrics",No,No
300787,,Tartan,"Murray of Polmaise","Murray of Polmaise <strong>[default]</strong>",,5974,,No,"Restricted Fabrics",No,No
3307,,Tartan,"Murray of Polmaise","Murray of Polmaise <strong>(unmirrored)</strong><br/>[AKA] Murray <strong>of Polmaise</strong>",,,,Yes,"Restricted Fabrics",No,No
6415,,Tartan,Newlands,"Newlands <strong>spec 166 of Lauriston</strong>",Scottish,96225,,Yes,,No,No
3368,,Tartan,Newlands,"Newlands <strong>[default]</strong><br/>[AKA] Walker <strong>Newlands</strong>",,2175,,Yes,"Restricted Fabrics",No,No
3595,,Tartan,Perry,"Perry <strong>(Calgary) personal</strong>",Scottish,43975,,No,"Restricted Fabrics",No,No
6437,,Tartan,Pollock,"Pollock <strong>spec 1500</strong>",Scottish,92999,,Yes,,No,No
3658,,Tartan,Presley,"Presley <strong>of Lonmay</strong>",,6224,,No,"Restricted Fabrics",No,No
3712,,Tartan,Purdy,"Purdy <strong>(Illinois) personal; Black</strong>",Scottish,43511,,No,"Restricted Fabrics",No,No
3739,,Tartan,Raeburn,"Raeburn <strong>(not mirrored)</strong>",,,,Yes,,No,No
3760,,Tartan,Rankin,"Rankin <strong>(Dalgliesh) (SRT Version)</strong>",,5440,,Yes,,No,No
6447,,Tartan,Rankin,"Rankin <strong>Spec 161</strong>",Scottish,87302,,Yes,,No,No
3761,,Tartan,Rankin,"Rankin <strong>#1</strong>",,187,,Yes,,No,No
3809,,Tartan,Riddoch,"Riddoch <strong>(archive)</strong>",,3316,,Yes,,No,No
6455,,Tartan,Ritchie,"Ritchie <strong>spec 1627</strong>",Scottish,91584,,Yes,,No,No
3831,,Tartan,Robertson,"Robertson <strong>Red; Cap Badge</strong>",Scottish,58834,,Yes,,No,No
3847,,Tartan,Roeger,"Roeger <strong>(Rocky) personal; Celtic Nations</strong>",Scottish,43976,,No,"Restricted Fabrics",No,No
3853,,Tartan,Roeger,"Roeger <strong>(Rocky) personal; Sterling</strong>",Scottish,43987,,No,"Restricted Fabrics",No,No
3864,,Tartan,Rose,"Rose <strong>Hunting #2</strong>",Scottish,61033,,Yes,,No,No
302330,,Tartan,Roseberry,"Roseberry <strong>[default]</strong>",,112628,,Yes,,No,No
301275,,Tartan,Ross,"Ross <strong>Hunting Dress</strong>",,760,,Yes,,No,No
6470,,Tartan,Shearer,"Shearer <strong>spec 607 of Alva</strong>",Scottish,82486,,Yes,,No,No
6475,,Tartan,Skene,"Skene <strong>spec 630 [default sett]</strong>",Scottish,78361,,Yes,,No,No
4335,,Tartan,Stewart,"Stewart <strong>Royal #3</strong>",,1370,,Yes,,No,No
4299,,Tartan,Stewart,"Stewart <strong>Cromarty Mss</strong><br/>[AKA] Broun <strong>of Castlehaven</strong>",,1145,,Yes,,No,No
4368,,Tartan,Stewart,"Stewart <strong>Plaid (1746 variant)</strong>",Scottish,69416,,Yes,,No,No
2225,,Tartan,Stewart,"Stewart <strong>King George VI</strong><br/>[AKA] <strong>Green Stewart</strong>",,5845,,No,"Restricted Fabrics",No,No
305463,,Tartan,Stewart,"Stewart <strong>Royal; Red Stripe</strong>",Scottish,,,Yes,,No,No
305462,,Tartan,Stewart,"Stewart <strong>Royal; Black Stripe</strong>",Scottish,,,Yes,,No,No
6487,,Tartan,Strachan,"Strachan <strong>Spec 1451</strong>",Scottish,86323,,Yes,,No,No
4347,,Tartan,Strachan,"Strachan <strong>(register)</strong>",,2601,,Yes,,No,No
4358,,Tartan,Strathearn,"Strathearn <strong>#2(alt)</strong>",,5888,,Yes,,No,No
4393,,Tartan,Swan,"Swan <strong>(Brian) personal</strong>",Scottish,43614,,No,"Restricted Fabrics",No,No
6491,,Tartan,Symington,"Symington <strong>spec 142 [default sett]</strong>",Scottish,78140,,Yes,,No,No
6492,,Tartan,Tait,"Tait <strong>spec 1396 #1</strong>",Scottish,95022,,Yes,,No,No
4459,,Tartan,Thomson,"Thomson <strong>Black #3</strong>",Scottish,60874,,Yes,,No,No
6500,,Tartan,Ulster,"Ulster <strong>spec 1500 Red</strong>",Irish,96219,,Yes,,No,No
6499,,Tartan,Ulster,"Ulster <strong>spec 106 Red</strong>",Irish,92898,,Yes,,No,No
4564,,Tartan,Urquhart,"Urquhart <strong>(Blair) personal; Melrose Newbigging Grey</strong>",Scottish,43866,,No,"Restricted Fabrics",No,No
4563,,Tartan,Urquhart,"Urquhart <strong>(Blair) personal; Byers</strong>",Scottish,43620,,No,"Restricted Fabrics",No,No
4562,,Tartan,Urquhart,"Urquhart <strong>(Blair) personal; Bryan</strong>",Scottish,43896,,No,"Restricted Fabrics",No,No
4635,,Tartan,Walker,"Walker <strong>(Michael) personal</strong>",,6048,,No,"Restricted Fabrics",No,No
6512,,Tartan,Wallace,"Wallace <strong>spec 406 Blue</strong>",Scottish,80493,,Yes,,No,No
4641,,Tartan,Wallace,"Wallace <strong>Dress; Blue (incorrect ""stock"" version)</strong>",,59599,,Yes,,No,No
4715,,Tartan,Williams,"Williams <strong>(Frank) personal</strong>",Scottish,43569,,No,"Restricted Fabrics",No,No
4838,,Tartan,Wishart,"Wishart <strong>Hunting (Archived)</strong>",,2105,,Yes,,No,No
4847,,Tartan,Wood,"Wood <strong>(Society) personal; Wood Dress</strong>",Scottish,43930,,No,"Restricted Fabrics",No,No
4846,,Tartan,Wood,"Wood <strong>Wood, Ian (Personal)</strong>",,6589,,No,"Restricted Fabrics",No,No
