design_id,name,srt,description
"493","42nd Regiment (British Army)","",""
"500","93rd Regiment (British Army)","",""
"2","Abbotsford","",""
"1","Abbotsford Check","",""
"300265","Abel (2015)","11368","Designed by Dannie Abel using colours of significance to the family. This tartan may be used by all those with the surname Abel."
"3","Abercrombie ","",""
"4","Aberdale","",""
"9","Aberdeen Angus Cattle Society","",""
"5","Aberdeen District","",""
"6","Aberdeen Dress","",""
"7","Aberdeen Dress (DCD)","",""
"8","Aberdeen Dress Dance","",""
"14","Aberdeen Football Club","",""
"12","Aberdeen Football Club #2","",""
"13","Aberdeen Football Club #3","",""
"15","Aberdeen Mither Kirk (St. Nicholas)","",""
"16","Aberdeen University 1992","",""
"17","Aberdeen University 1995","",""
"19","Abergavenny ","",""
"21","Aberlour Glenlivet","",""
"20","Aberlour Glenlivet Bicentenary","",""
"23","Aberuchil","",""
"24","ABF The Soldiers' Charity","",""
"25","Aboyne ","",""
"26","ACS Clothing Ltd Blue Spirit","",""
"27","ACS Clothing Ltd Earl Blue Marl","",""
"28","ACS Clothing Ltd Grey Spirit","",""
"29","ACS Clothing Ltd Summer Spirit","",""
"30","Adams","",""
"31","Aedifos","",""
"301064","Afallon","",""
"32","Affara","",""
"33","Agincourt ","",""
"34","Agnew ","",""
"35","Aguilar Gorrondona","",""
"36","AIK Stockholm Football Club 2009","",""
"37","Ailsa Craig","",""
"5571","Ailsa Dress Gold","",""
"5557","Ailsa Dress Navy","",""
"5553","Ailsa Dress Pink","",""
"5537","Ailsa Dress Red","",""
"5561","Ailsa Dress Royal","",""
"5570","Ailsa Dress Yellow","",""
"38","Ailsa Grey","",""
"41","Ainslie","",""
"39","Ainslie 1992 Variant","",""
"40","Ainslie Lake District","",""
"6217","Aisteach","",""
"42","Aitchison (James) personal","",""
"43","Aitken","",""
"44","Aiton","",""
"47","Akins","",""
"45","Akins 1986","",""
"46","Akins of Candler","",""
"48","Akintiev","",""
"49","Al-Fadhli","",""
"51","Alabama","",""
"50","Alabama Tartan Day","",""
"6218","Alabama University of","",""
"52","Alaskan Scottish","",""
"53","Alba","",""
"6219","Alberta Dental Association and College","",""
"54","Alberta Dress","",""
"55","Alberta Provincial","",""
"56","Albuquerque","",""
"57","Alexander (TL) personal","",""
"58","Alexander Alasdair Dhana","",""
"64","Alexander Brothers ","",""
"59","Alexander Hunting","",""
"60","Alexander of Menstry","",""
"61","Alexander of Menstry Dress","",""
"62","Alexander of Menstry Hunting","",""
"63","Alexander Wedding","",""
"65","Alexander-Johnstone personal","",""
"66","Algarve","",""
"67","All as One","",""
"68","All Ireland Blue","",""
"69","All Ireland Blue Dress","",""
"70","All Ireland Green","",""
"6220","All Ireland Green #2","",""
"71","All Ireland Red","",""
"72","Allan ","",""
"75","Allan 1998 (Personal)","",""
"74","Allanton","",""
"73","Allanton Dress","",""
"76","Allen Hunting","",""
"77","Allen Joy's Fancy","",""
"78","Allen of Northumbria","",""
"79","Allendale Dress Blue","",""
"80","Allendale Dress Red","",""
"82","Alliance France-Ecosse","",""
"81","Alliance France-Ecosse #2","",""
"83","Alliance of Border Scots","",""
"84","Allison ","",""
"85","Allman-Jones","",""
"87","Alma College","",""
"12586","Almut Linke & Maic Lemkemeyer – Wedding (Personal)","",""
"88","Alpha Chi Sigma Fraternity","",""
"89","Alvis of Lee","",""
"90","Amarillo, Texas","",""
"91","Amazing Union","",""
"6221","Amazon","",""
"93","American Bicentennial","",""
"92","American Bicentennial #2","",""
"94","American Confederate Artillery","",""
"95","American Confederate Cavalry","",""
"96","American Confederate Infantry","",""
"97","American Confederate Memorial","",""
"98","American Confederate Memorial Dress","",""
"99","American Confederate Military","",""
"100","American District","",""
"101","American Eagle","",""
"102","American Federal Memorial","",""
"103","American National","",""
"104","American Society of Travel Agents","",""
"105","AMEX American Express","",""
"6222","Amirali Bakirali Nasir","",""
"106","Amnesty International","",""
"107","Ancient Atlantic","",""
"121","Anderson","",""
"108","Anderson (Blackwood) personal","",""
"109","Anderson Arisaid","",""
"110","Anderson Arisaid #2","",""
"111","Anderson Blue","",""
"113","Anderson Green","",""
"114","Anderson Grey","",""
"122","Anderson Highland Society of London","",""
"115","Anderson of Ardbrake","",""
"116","Anderson of Kinneddar Hunting","",""
"117","Anderson of Kinneddar Red","",""
"118","Anderson Old","",""
"119","Anderson Red","",""
"120","Anderson Ross","",""
"123","Andover","",""
"124","Andreou (Kimon) personal","",""
"125","Angle Blue","",""
"126","Angle Dress","",""
"127","Angle Green","",""
"128","Anglicare","",""
"129","Angove (Neville) personal","",""
"130","Angus District","",""
"131","Angus Dress 1992","",""
"132","Angus Dress 1998","",""
"134","Annand","",""
"133","Annand #2","",""
"135","Anne Arundel County","",""
"136","Antarctic Heritage Trust","",""
"137","Anthony Blue Plaid","",""
"138","Anthony Ecro Plaid","",""
"139","Anthony Red Plaid","",""
"140","Anthony Stewart Plaid","",""
"142","Antigonish","",""
"141","Antigonish Bicentennial","",""
"143","Antigua & Barbuda","",""
"144","Antique 2000","",""
"145","Antonelli (John) personal","",""
"146","Antrim Irish County","",""
"4892","Antrim Irish County Crest","",""
"147","Anzac","",""
"148","Aon Insurance","",""
"150","Applecross District","",""
"151","Aquascutum","",""
"152","Arbroath Smokie","",""
"153","Arbuthnot ","",""
"154","Arbutus","",""
"6224","Arctic Tundra","",""
"155","Ardmore","",""
"5538","Arduaine Red","",""
"156","Argentina National","",""
"157","Argyle Campbell","",""
"158","Argyle Dress","",""
"159","Arizona","",""
"160","Arkansas State","",""
"161","Armadale City","",""
"162","Armagh Irish County","",""
"4893","Armagh Irish County Crest","",""
"164","Armstrong","",""
"163","Armstrong (Alec) personal; Victoria City","",""
"165","Arndt","",""
"6225","Arnold of California","",""
"166","Arran District","",""
"167","Arran Isle","",""
"168","Arrol","",""
"169","Art Pewter Silver","",""
"170","Arundel County","",""
"171","Asahi","",""
"11505","Asatru Folk Assembly ","12",""
"172","ASDA Wal-Mart","",""
"173","Asher","",""
"176","Asman ","",""
"174","Asman Day Tan","",""
"175","Asman Hunting","",""
"177","Asselin (Madeleine) personal; Contrecoeur","",""
"178","Asselin (Madeleine) personal; Contrecoeur Dress","",""
"179","Atholl District","",""
"180","Atikokan","",""
"181","Atlanta Metropolitan Police","",""
"182","Atlanta National Gold Course Club","",""
"183","Atlantic","",""
"398421","Atlantic Tide","",""
"184","Atlin","",""
"11426","Auburn ","",""
"185","Auburn  University of Alabama","",""
"186","Auchairne Estate Estate","",""
"187","Auchairne Estate Grey","",""
"188","Auchincloss","",""
"189","Auchterlonie","",""
"398415","Auld Acquaintance","",""
"300496","Auld Alliance","",""
"191","Auld Lang Syne","",""
"190","Auld Lang Syne Blue","",""
"5026","Auld Lang Syne Grey","",""
"6226","Auld Lang Syne STWR 240","",""
"192","Auld Reekie","",""
"193","Auld Scotland ","",""
"194","Austin (Wilsons' No.137)","",""
"298118","Austin R. by Amble","",""
"200","Australian","",""
"198","Australian #2","",""
"197","Australian 2000","",""
"201","Australian Defence Force Academy","",""
"199","Australian National","",""
"202","Austrian Bowhunters Hunting","",""
"207","Avalon","",""
"203","Avalon Calvert House","",""
"204","Avalon Carroll House","",""
"205","Avalon Stewart House","",""
"206","Avalon Washington House","",""
"208","Aviemore District","",""
"6196","Aviemore Dress","",""
"209","Aviemore Dress Dance","",""
"210","Aviemore Highland","",""
"211","Ayllu Thuban","",""
"212","Ayre","",""
"213","Ayrshire","",""
"215","Ayrton","",""
"216","Bacon Blue","",""
"217","Bacon Green","",""
"218","Bacon Red","",""
"219","Bagpipe Shop (Switzerland)","",""
"220","Bahamas National","",""
"221","Bailey, The House of","",""
"228","Baillie ","",""
"222","Baillie (Highland Society of London)","",""
"223","Baillie Dress","",""
"224","Baillie of Bennachie","",""
"225","Baillie of Lamington","",""
"226","Baillie of Polkemmet","",""
"227","Baillie of Polkemmet; Red","",""
"229","Baillieville","",""
"230","Bain (Robert) personal","",""
"233","Baird","",""
"231","Baird Dress","",""
"232","Baird Dress Dance","",""
"5311","Baird Old Colours","",""
"235","Baker","",""
"234","Baker #2","",""
"236","Balamory","",""
"239","Balfour","",""
"237","Balfour Blue","",""
"238","Balfour Hunting","",""
"241","Ball","",""
"240","Ball Hunting","",""
"242","Ballantrae","",""
"403616","Ballarat","10988",""
"243","Ballindalloch","",""
"244","Balmer","",""
"248","Balmoral Estate","",""
"245","Balmoral Estate Green Lines; Royal","",""
"246","Balmoral Estate Lavender","",""
"247","Balmoral Estate Midnight","",""
"249","Balmoral Hotel","",""
"251","Baluch Regiment","",""
"250","Baluch Regiment #2","",""
"252","Banause-Zunft zu Olte","",""
"255","Banff","",""
"256","Banff and Buchan District","",""
"253","Banff Centennial","",""
"254","Banff White","",""
"257","Bank of Scotland 1995","",""
"259","Bannockbane Blue #1","",""
"260","Bannockbane Blue #2","",""
"261","Bannockbane Blue #3","",""
"262","Bannockbane Blue #4","",""
"263","Bannockbane Brown #2","",""
"264","Bannockbane Dark Green","",""
"265","Bannockbane District","",""
"266","Bannockbane Green","",""
"300945","Bannockbane Grey","",""
"267","Bannockbane Grey #1","",""
"268","Bannockbane Grey #2","",""
"269","Bannockbane Grey #3","",""
"270","Bannockbane Hunting","",""
"271","Bannockbane Light Blue","",""
"272","Bannockbane Light Tan","",""
"8388","Bannockbane Navy","",""
"273","Bannockbane Orange Stripes","",""
"274","Bannockbane Silver","",""
"275","Bannockbane Tan","",""
"276","Bannockbane Variant","",""
"277","Baptist Union of Scotland","",""
"278","Barbecue Plaid ","",""
"279","Barber (David) personal","",""
"280","Barbie's Moss Plaid #1","",""
"281","Barbie's Moss Plaid #2","",""
"282","Barbour Countrywear","",""
"283","Barcelona English School","",""
"284","Barclay Dress","",""
"285","Barclay Hunting","",""
"287","Bargain Booze","",""
"288","Barkwell (Oilmen) personal","",""
"289","Barnes","",""
"290","Baron of Crawford, John","",""
"293","Baron of Greencastle","",""
"291","Baron of Greencastle Dress","",""
"292","Baron of Greencastle Hunting","",""
"294","Baronage","",""
"6228","Barony of Gartly","",""
"6229","Barr C","",""
"5545","Barra Fuchsia","",""
"295","Barrie City","",""
"296","Bartlam","",""
"299","Bartlett","",""
"297","Bartlett (Chris) personal","",""
"298","Bartlett (Richard) personal","",""
"300","Barton-Watson de Bavidge","",""
"301","Baru","",""
"303","Barwell","",""
"302","Barwell Slate Check","",""
"304","Bates","",""
"305","Bates-Dayton","",""
"306","Bath District","",""
"307","Baton Rouge","",""
"308","Batten","",""
"5093","Battle Axe","",""
"309","Battle of Prestonpans (1745) Heritage Trust","",""
"310","Baudoux et amis picards","",""
"311","Bavidge","",""
"314","Baxter","",""
"312","Baxter of Balgavies","",""
"313","Baxter of Freeport Hunting","",""
"315","Beard","",""
"316","Beaton","",""
"317","Beatty ","",""
"318","Beaufort ","",""
"319","Beauport, Ville de","",""
"320","Beaverbrook #2","",""
"321","Beaverbrook #3","",""
"322","Beck (Alan) personal;","",""
"323","Beck (Alan) personal; Dress","",""
"324","Beckett Beaumont","",""
"325","Bedford Check","",""
"326","Bedford High School","",""
"327","Beguinot (Stephane) personal;","",""
"328","Belfrage","",""
"332","Bell","",""
"329","Bell (Arthur) personal; Langholm Millennium","",""
"330","Bell Border","",""
"331","Bell of the Borders ","",""
"6230","Bell R","",""
"334","Bell's Whisky","",""
"333","Bell's Whisky #2","",""
"300054","Bellspool","",""
"398410","Beltane Blaze","",""
"335","Ben Cleuch ","",""
"337","Ben Ledi","",""
"338","Ben Vorlich ","",""
"339","Benedict","",""
"340","Bennachie Whisky","",""
"341","Bennett Dress","",""
"342","Benreay Medical Centre","",""
"343","Benson","",""
"344","Benton (Wedding) personal","",""
"346","Bergen Scottish","",""
"347","Berkshire #1","",""
"348","Berkshire #2","",""
"349","Berkshire Highlanders Pipe Band #2","",""
"350","Berkshire Highlanders Pipe Band Greylock Massachusetts","",""
"351","Bermuda 1986","",""
"352","Bermuda Blue","",""
"353","Bermuda Plaid","",""
"354","Berwick Asymmetric","",""
"355","Berwick District","",""
"356","Berwick Friendship","",""
"357","Berwick Orange","",""
"358","Berwick Symmetric","",""
"359","Berwick Volunteers","",""
"360","Bethlehem, City","",""
"361","Bethune","",""
"362","BGC Engineering","",""
"363","Bhutan","",""
"364","Bijral","",""
"365","Birch","",""
"366","Bird (Kalvin) personal","",""
"367","Bird of Paradise","",""
"368","Birmingham Irish Pipes & Drums","",""
"5565","Birnam Blue","",""
"398428","Birnam Oak","",""
"369","Birral","",""
"370","Birse","",""
"372","Biskup","",""
"6205","Bisset ","",""
"373","Bisset #2","",""
"398650","Bizzell, Thomas Dress (Personal)","12631",""
"374","Black (DCD)","",""
"6233","Black and Lizars","",""
"375","Black and Red","",""
"377","Black and White Whisky","",""
"376","Black and White Whisky #2","",""
"379","Black Forest","",""
"380","Black Gold Oilfield","",""
"381","Black Hills","",""
"382","Black Isle District","",""
"383","Black Rose","",""
"4932","Black Shadow","",""
"5498","Black Spirit","",""
"390","Black Watch ","","Also known as the ""government sett"", Black Watch tartan was first worn by the six independent companies raised by General George Wade to police the Scottish highlanders in 1725. Although the origins of the tartan are unknown, the dark blue and green colours are believed to have been worn by all six original companies, albeit in varying patterns.

Today the Black Watch is the 3rd Battalion, Royal Regiment of Scotland. Traditionally the Black Watch tartan can be worn by anyone without a tartan of their own."
"384","Black Watch #2","",""
"258","Black Watch 2000","",""
"385","Black Watch Coarse Kilt","",""
"386","Black Watch Dress","",""
"387","Black Watch Dress #2","",""
"388","Black Watch Ground Colour","",""
"300482","Black Watch Hebridean","",""
"13650","Black Watch Large Sett","",""
"389","Black Watch Pipe Band","",""
"299243","Black Watch Small sett","",""
"408520","Black Yellow Check","",""
"391","Black-MacDonald","",""
"392","Blackburn","",""
"394","Blackie","",""
"395","Blackrock","",""
"396","Blackstock Dress","",""
"397","Blackstock Hunting","",""
"398","Blackwater","",""
"399","Blackwood","",""
"401","Blair","",""
"400","Blair Dress","",""
"403","Blairgowrie","",""
"404","Blairgowrie High School SA","",""
"405","Blairlogie District","",""
"406","Blairlogie Original","",""
"407","Blairmore School","",""
"408","Blais","",""
"409","Blake (William & Agnes) personal","",""
"410","Blalack","",""
"412","Blanton","",""
"411","Blanton Dress","",""
"413","Blaylock","",""
"414","Bloise (Palazzo) personal","",""
"5018","Blue and Cream","",""
"5017","Blue and Cream Check","",""
"415","Blue Arisaid Hebridean Dance","",""
"416","Blue Blas Alba","",""
"417","Blue Boy, The","",""
"418","Blue Dunnett Dress","",""
"419","Blue Family","",""
"420","Blue Knights Motorcycle Club","",""
"421","Blue Meadow","",""
"408521","Blue Red Small Check","",""
"422","Blue Ridge Mountain Settlers","",""
"423","Blue Ridge Mountains","",""
"285526","Blue Royal Stewart by Thomas Bizzell","",""
"275456","Blue Royal Stewart by Thomas Bizzell","",""
"424","Blue Rust","",""
"425","Blue Spruce","",""
"426","Blue Toon","",""
"6236","Bogle 2015","",""
"429","Boisserolles (Philip) personal","",""
"430","Bonnar","",""
"15519","Bonner ","",""
"300474","Bonnie Banks","",""
"431","Bonnie Prince Charlie","",""
"432","Booth","",""
"434","Border Reiver","",""
"433","Border Reiver Check","",""
"435","Border Sett","",""
"6288","Border Shepherd's Check ","",""
"436","Border Shepherd's Check Black & Blue","",""
"437","Border Shepherd's Check Black & Brown","",""
"438","Border Shepherd's Check Black & Grey","",""
"300932","Border Shepherd's Check Blue Stripe","",""
"440","Border Shepherd's Check Brown & White","",""
"441","Borderland Dress","",""
"443","Borthwick","",""
"442","Borthwick Dress","",""
"444","Boston Pipe Band; Greater","",""
"445","Boswell Dress","",""
"446","Boucherville District","",""
"447","Boucherville Dress","",""
"448","Bousie","",""
"449","Bowcutt (David) personal","",""
"451","Bowie ","",""
"450","Bowie Black","",""
"452","Boxell","",""
"453","Boyd ","",""
"454","Boyle (Damien) personal","",""
"455","Boys Brigade","",""
"302388","Boyter, D","12560","A personal tartan for David Boyter to celebrate his Scottish heritage."
"456","Brabender","",""
"458","Bracken","",""
"457","Bracken #2","",""
"459","Bradey","",""
"460","Bradshaw (Todd) personal","",""
"6237","Bradshaw Black","",""
"462","Brady (Keith) personal","",""
"402","Braemar ","",""
"463","Braemar Castle","",""
"464","Braemar Gathering","",""
"465","Braemar House","",""
"466","Braid","",""
"467","Brand Ambassador","",""
"468","Brandon of Manitoba","",""
"469","Braveheart (movie)","",""
"470","Braveheart Dress","",""
"471","Braveheart Hunting","",""
"472","Braveheart Warrior","",""
"473","Breacan","",""
"475","Brecheen","",""
"476","Bredillet","",""
"477","Breeding","",""
"478","Brehat","",""
"479","Breon (Earl) personal","",""
"480","Brewer","",""
"481","Brice","",""
"482","Brides","",""
"483","Brifnee","",""
"484","Bright of Garth","",""
"15294","Brim-DeForest of Balvaird Castle","12457","Based on the 1842 Johnston tartan from the Vestiarium Scoticum to represent the Brim-DeForest's ancestral links to the Johnston Clan. The tartan was designed for the first of the name Brim-DeForest: Brady Brim-DeForest of Balvaird Castle. The tartan is for use by all members of the Brim-DeForest family and those that bear the surname. To mark the great interest in cartography of Brim-DeForest of Balvaird, the dark red squares comprise 56 threads - the northern latitude of the family seat at Balvaird Castle in Perthshire. Its longitude west is represented by the three gold lines on that same red. The ancient DeForest connection with France is shown by the French flag - the Tricolour - whose colours are also in the Brim-DeForest coat of arms (with gold) and the Stars and Stripes of the Brim-DeForest’s home country. The thin pink lines are for Brady and Jessica's daughter, Hypatia."
"485","Brinkie's Brae","",""
"486","Brisbane Family","",""
"487","Bristow Helicopters","",""
"488","Britannia","",""
"489","British Airways","",""
"490","British American Business Council","",""
"491","British Army - 42nd Highland","",""
"492","British Army - 42nd Musicians","",""
"494","British Army - 71st Regiment","",""
"495","British Army - 78th Highlanders","",""
"496","British Army - 78th Regiment #2","",""
"497","British Army - 79th Regiment","",""
"498","British Army - 92nd Drummers","",""
"499","British Army - 92nd Gordon","",""
"501","British Army - Argyll & Sutherland","",""
"502","British Army - Atholl Highlanders","",""
"503","British Army - WRAC Association","",""
"504","British Caledonian Airways #1","",""
"505","British Caledonian Airways #2","",""
"506","British Caledonian Airways #3","",""
"507","British Caledonian Airways #4","",""
"509","British Columbia","",""
"508","British Columbia #2","",""
"510","British Energy","",""
"511","British European (Flybe)","",""
"512","British Forces - Royal Air Force Leuchars","",""
"513","British Forces - Royal Air Force Lossiemouth","",""
"523","Brittany Bro Zol","",""
"524","Brockton","",""
"525","Brodie Black & White","",""
"532","Brodie Countryfare","",""
"526","Brodie Dress","",""
"527","Brodie Graeme","",""
"528","Brodie Hunting","",""
"530","Brodie Red","",""
"531","Brodie Silver","",""
"276116","BroekDutchBlue by Ronald van den Broek","",""
"286186","BroekDutchBlue by Ronald van den Broek","",""
"533","Bronte","",""
"534","Brook (Check)","",""
"536","Brooke","",""
"535","Brooke #2","",""
"541","Broons (DC Thomson)","",""
"542","Brotherhood of the Bear","",""
"543","Brotherston","",""
"545","Brough ","",""
"544","Brough (Colin) personal","",""
"549","Brown","",""
"546","Brown (Barnaby) personal","",""
"547","Brown George","",""
"550","Brown Heather","",""
"548","Brown of Castledean","",""
"552","Brown Watch","",""
"551","Brown Watch Dress","",""
"553","Browne","",""
"554","Broz Sanz Elementary School","",""
"566","Bruce","",""
"556","Bruce (Alistair) personal","",""
"557","Bruce (Robert)","",""
"558","Bruce (Vestiarium Scoticum)","",""
"555","Bruce 1985","",""
"567","Bruce County","",""
"559","Bruce Hunting","",""
"560","Bruce New","",""
"561","Bruce of Kinnaird","",""
"562","Bruce of Kinnaird #2","",""
"563","Bruce of Kinnaird; Dress","",""
"564","Bruce Old","",""
"4942","Brunswick","",""
"568","Brunton","",""
"570","Bryant","",""
"569","Bryant #2","",""
"571","Bryce","",""
"572","Brydon (Alan) personal","",""
"6240","Bryson #2","",""
"573","Bryson 1988","",""
"574","Bryson 2000","",""
"578","Buccleuch","",""
"299276","Buccleuch (Fashion)","",""
"575","Buccleuch #2","",""
"576","Buccleuch Check","",""
"577","Buccleuch Dress","",""
"10540","Buchan ","",""
"588","Buchanan ","",""
"5092","Buchanan (Antique Colours)","",""
"300888","Buchanan Berry","",""
"580","Buchanan Cerise #1 Special","",""
"581","Buchanan Cerise #2 Special","",""
"582","Buchanan Dress Dance Blue","",""
"302159","Buchanan Heather","",""
"300483","Buchanan Hebridean","",""
"301319","Buchanan Hunting","604",""
"583","Buchanan Hunting #2","",""
"8383","Buchanan Hunting; Blue","",""
"4887","Buchanan Old Sett","",""
"300887","Buchanan Rose","",""
"589","Buckie District","",""
"590","Buckingham","",""
"591","Buckleigh Dress","",""
"400739","Budge","",""
"593","Buffalo","",""
"592","Buffalo Plaid","",""
"594","Buglass","",""
"595","Buie","",""
"596","Buildbase","",""
"597","Building Contractors World Federation","",""
"598","Bull-Dog Sauce","",""
"599","Bullman","",""
"600","Bundy (Serena) personal; Grey","",""
"602","Bunnahabhain","",""
"603","Burberry Check","",""
"604","Burke (Kennesaw) personal","",""
"608","Burnett ","",""
"605","Burnett Hunting","",""
"606","Burnett of Leys","",""
"607","Burnett of Powis","",""
"610","Burnetts & Struth","",""
"609","Burnetts & Struth #2","",""
"611","Burnfoot","",""
"613","Burns #2","",""
"612","Burns 1930","",""
"614","Burns Battalion","",""
"615","Burns Check","",""
"616","Burns Heritage","",""
"617","Burns Heritage Check","",""
"618","Burns of California","",""
"394976","Burt","4923",""
"620","Burt's Highlanders","",""
"621","Buschke (Skye)","",""
"622","Bush Pilot","",""
"623","Business Air","",""
"624","Bute Black","",""
"625","Butler","",""
"626","Byrne (Justine) personal; Lomond Mist","",""
"627","Cadence Design Systems","",""
"6241","Cadenhead 2015","",""
"6243","Caie 2013","",""
"629","Cailean","",""
"628","Cailean #2","",""
"630","Cainthian National (Austria)","",""
"632","Cairn","",""
"631","Cairn #2","",""
"633","Cairngorm #2","",""
"634","Cairngorm District","",""
"635","Cairns of Finavon","",""
"636","Caithelyn","",""
"637","Cala Homes","",""
"638","Calais","",""
"642","Caledonia","",""
"639","Caledonia #3","",""
"398426","Caledonia Calling","",""
"640","Caledonia Clans of","",""
"641","Caledonia New","",""
"644","Caledonian","",""
"645","Caledonian Airways","",""
"646","Caledonian Brewery","",""
"647","Caledonian Cameron Commando","",""
"648","Caledonian Hotel","",""
"643","Caledonian Hunting Ancient","",""
"649","Caledonian Maple","",""
"650","Caledonian Orient","",""
"651","Caledonian Society","",""
"652","Caledonian Society of PEI","",""
"654","Calgary","",""
"653","Calgary #2","",""
"655","Calgary Firefighters","",""
"656","Calgary University","",""
"6245","Calgary University of","",""
"657","California Dept. of Forestry","",""
"659","California Highway Patrol","",""
"658","California Highway Patrol #2","",""
"660","California Professional Firefighters Association","",""
"661","California Riverside University","",""
"662","California State","",""
"663","Callaghan","",""
"664","Callaway Golf","",""
"665","Callum","",""
"666","Cambridge","",""
"679","Cameron","",""
"667","Cameron Black & Red","",""
"668","Cameron Cave Plaid","",""
"669","Cameron Hose","",""
"670","Cameron Hose #2","",""
"671","Cameron Hunting","",""
"6405","Cameron Mitchell (Personal)","11456",""
"672","Cameron of Erracht","",""
"673","Cameron of Erracht #2","",""
"674","Cameron of Erracht; Dress","",""
"675","Cameron of Erracht; Dress #2","",""
"5387","Cameron of Erracht; Highland 4","",""
"676","Cameron of Locheil","",""
"678","Cameron of Lochiel; Hunting","",""
"713","Campbell","",""
"680","Campbell 42nd; Dress","",""
"681","Campbell 42nd; Dress; Balhousie","",""
"682","Campbell Brown","",""
"683","Campbell Camel","",""
"714","Campbell Collegiate School Collegiate","",""
"684","Campbell Dress","",""
"685","Campbell Dress #2","",""
"686","Campbell Dress; 1880 variant","",""
"300484","Campbell Hebridean","",""
"687","Campbell Hunting","",""
"688","Campbell Marquis of Lorne","",""
"689","Campbell of Argyle #3","",""
"690","Campbell of Argyle #4","",""
"691","Campbell of Argyle; Black guards","",""
"692","Campbell of Argyll","",""
"693","Campbell of Argyll; 1815 variant","",""
"694","Campbell of Argyll; no guards","",""
"695","Campbell of Armaddie","",""
"696","Campbell of Braemar ","",""
"697","Campbell of Breadalbane (Clan)","",""
"698","Campbell of Breadalbane #2","",""
"701","Campbell of Cawdor","",""
"702","Campbell of Cawdor; Dress","",""
"703","Campbell of Glenlyon","",""
"704","Campbell of Inveraray","",""
"705","Campbell of Lochawe","",""
"706","Campbell of Lochlane","",""
"707","Campbell of Loudon","",""
"708","Campbell of Loudon; New","",""
"709","Campbell of Loudon; Plaid","",""
"4888","Campbell Old","",""
"710","Campbell Red","",""
"711","Campbell Simpson","",""
"712","Campbell Simpson #2","",""
"15567","Campbell The 42nd","",""
"715","Canadian Autumn","",""
"717","Canadian Caledonian","",""
"716","Canadian Caledonian Hunting","",""
"719","Canadian Centennial","",""
"718","Canadian Centennial #3","",""
"720","Canadian Confederation","",""
"721","Canadian Dental Association","",""
"722","Canadian Estate","",""
"723","Canadian Fancy","",""
"724","Canadian Irish Regiment","",""
"725","Canadian Legion Branch 50","",""
"726","Canadian National","",""
"727","Canadian Winter Games 1987","",""
"728","Canice-Moodie","",""
"729","Canine All Dogs","",""
"730","Canmore","",""
"731","Canna","",""
"5563","Canna Sapphire","",""
"732","Canterbury","",""
"733","Canuck Place","",""
"734","Canyon County Idaho Sheriff","",""
"6246","Caorunn Gin","",""
"6247","Capco","",""
"735","Cape Breton Provincial","",""
"736","Cape Breton University Chemistry Society","",""
"737","Capercaillie","",""
"738","Cardiff City Football Club","",""
"739","Cargill","",""
"740","Caribou District","",""
"741","Carinthian National","",""
"743","Carlisle","",""
"742","Carlisle Ancient","",""
"744","Carlow Irish County","",""
"4894","Carlow Irish County Crest","",""
"745","Carmichael ","",""
"3082","Carnegie ","",""
"746","Carnegie #2","",""
"747","Carnegie #3","",""
"748","Carnegie Check","",""
"749","Carnegie Dress","",""
"750","Carnegie Dress; Dance","",""
"751","Carnegie of Skibo","",""
"752","Carolina Western University","",""
"753","Carolina, States of","",""
"754","Carr","",""
"756","Carrick","",""
"757","Carrick High School","",""
"755","Carrick Hunting","",""
"758","Carroll O'Reed","",""
"11383","Carruthers ","",""
"759","Carsaig","",""
"760","Carson of Rusco","",""
"761","Carson Red","",""
"762","Carstairs","",""
"763","Cartier, Sir George Etienne","",""
"764","Cartier, Sir George-Etienne #2","",""
"765","Cascade Summers, The Resort at the Mountain","",""
"767","Casely","",""
"766","Casely of Mannerston","",""
"770","Casey","",""
"768","Casey Dress","",""
"769","Casey of West Virginia","",""
"772","Caskie","",""
"771","Caskie #2","",""
"306404","Castle on the Hill","13864",""
"774","Castlecraig Renewal Clinics Recovery Dress","",""
"776","Catalan 1992 Olympics","",""
"777","Catalan Dance","",""
"778","Cates Dress","",""
"779","Cates Holiday","",""
"780","Cates Hunting","",""
"781","Cathcart","",""
"782","Causeway, The","",""
"783","Cavalier Blue","",""
"784","Cavalier Brown","",""
"785","Cavalier Green","",""
"786","Cavalier Grey","",""
"787","Cavan Irish County","",""
"788","Cawte of Middlebanknock","",""
"8716","Celtic Black","",""
"789","Celtic Combat","",""
"790","Celtic Football Club","",""
"6250","Celtic Norse Heritage Society","",""
"300499","Celtic Rainbow","",""
"398439","Celtic Stone","",""
"791","Celtic Women International","",""
"792","Celts Celtic Pride","",""
"793","Celts, The Tartan of","",""
"6251","Center","",""
"794","Central Newcastle School","",""
"795","Ceredigion","",""
"796","Cetoloni District","",""
"6252","CG 1E","",""
"797","Chakraa","",""
"798","Chalet","",""
"799","Chalk (Robert) personal","",""
"800","Chalmers (Kilsyth) personal","",""
"801","Chalmers (William) personal; European Union","",""
"802","Chambers (Christopher) personal","",""
"6253","Chapman (Personal)","",""
"13406","Charcoal Red Plaid (Moon)","",""
"803","Charles Carberry","",""
"804","Charleston Police Department","",""
"805","Chartered Accountants of Scotland","",""
"806","Chartered Institute of Bankers in Scotland","",""
"807","Chateau","",""
"808","Chattahoochee District ","",""
"811","Chattan ","",""
"809","Chattan #3","",""
"810","Chattan Chief","",""
"812","Cheape of Torosay","",""
"813","Check Trading Co Tokyo Glen Flesk","",""
"814","Check Trading Co Tokyo Peterhead District","",""
"815","Chelsea","",""
"816","Cherokee","",""
"817","Cherry Valley, New York","",""
"818","Chicago University","",""
"819","Chieftain","",""
"300574","Chieftain Hebridean","",""
"820","Chieftain, The","",""
"821","Chieftain's","",""
"822","Child, The","",""
"824","Childers","",""
"823","Childers Gurkha Rifles","",""
"825","Children 1st RSSPCC","",""
"826","Children's Wish Foundation Canada","",""
"827","Chinese Scottish","",""
"828","Chinzei Keiai School","",""
"833","Chisholm","",""
"829","Chisholm 2","",""
"830","Chisholm Artifact","",""
"6254","Chisholm Colonial","",""
"831","Chisholm Hunting","",""
"832","Chisholm of Strathglass","",""
"834","Chivas Regal","",""
"835","Choinka","",""
"836","Christian Dress","",""
"837","Christian Hunting","",""
"838","Christie ","",""
"839","Christmas","",""
"840","Christopher","",""
"300696","Chubbs, L & S","12463","A personal tartan for L & S Chubbs and their family. The Chubbs family came from England, via the Jersey Islands, and settled in Labrador, Canada in the 19th century. The colours were chosen to represent the Chubbs family history."
"841","Churchill","",""
"845","Cian","",""
"842","Cian of Ely","",""
"843","Cian of Ely #2","",""
"844","Cian of Ely; Hunting","",""
"847","City Building (Glasgow) LLP","",""
"848","Clack","",""
"850","Cladish","",""
"851","Clan Crest Textiles Loch Morar District","",""
"852","Clan Crest Textiles Loch Rannoch District","",""
"5027","Clan Family","",""
"853","Clanedin Commemorative","",""
"854","Clanton","",""
"855","Clare Irish County","",""
"13395","Claret Plaid (Moon)","",""
"7758","Clark ","",""
"877","Clark ","",""
"857","Clayton Dress (Dance)","",""
"6257","Cleddens 2015","",""
"858","Cleghorn","",""
"859","Cleikum","",""
"861","Cleland","",""
"862","Clemson University","",""
"863","Clergy (Clans Originaux)","",""
"864","Clergy #2","",""
"871","Clergy Episcopal","",""
"870","Clergy Green","",""
"874","Clergy Grey","",""
"878","Clergy of Ulva","",""
"879","Clergy of Ulva; New","",""
"875","Clergy Red","",""
"876","Clergy Smith","",""
"856","Clergy Wilson's","",""
"880","Clifford","",""
"881","Clinton","",""
"883","Clodagh","",""
"882","Clodagh #2","",""
"884","Club World, British Airways","",""
"300379","Clunie Burn Charcoal","",""
"300378","Clunie Charcoal","",""
"886","Clyde","",""
"885","Clyde (Lisa) personal","",""
"887","Clyde Valley Harley Owners Group","",""
"888","Coarse Kilt","",""
"889","Coburg","",""
"892","Cochrane","",""
"890","Cochrane Azure","",""
"891","Cochrane Hunting","",""
"896","Cockburn ","",""
"893","Cockburn Brown","",""
"894","Cockburn of Ormiston; Dress","",""
"895","Cockburn old pattern","",""
"13401","Cocoa Plaid (Moon)","",""
"897","Coffield-Limesand (Wedding) personal","",""
"898","Coigach","",""
"899","Coldstream","",""
"6258","Coldstream #2","",""
"900","Colgan","",""
"901","College of Radiographers","",""
"902","Collister","",""
"903","Colorado State","",""
"905","Colquhoun","",""
"904","Colquhoun Dress","",""
"906","Colville","",""
"907","Colvin","",""
"909","Commonwealth Games #2","",""
"910","Commonwealth Games 1986 Athletes","",""
"911","Commonwealth Games 1986 Staff","",""
"912","Commonwealth Games 1986 Variation","",""
"908","Commonwealth Games 1998","",""
"913","Compaq Computers","",""
"6260","Competition","",""
"5572","Comrie Gold","",""
"5559","Comrie Navy Blue","",""
"5500","Confederate Memorial","",""
"914","Confederate Memorial Dress","",""
"12063","Confederate Rose","",""
"915","Confessore","",""
"916","Confrerie de Vouvray","",""
"917","Conlon","",""
"403320","Connacht","738",""
"403322","Connacht (Lochcarron)","",""
"919","Connacht #2","",""
"918","Connacht District","",""
"6261","Connacht Green (Dalgliesh K7)","",""
"403209","Connacht Green (Dalgliesh)","","Previously (Dalgliesh K1) but we made the decision to merge the K1/K7 spec as they weirdly used slightly different shades, which is just asking for trouble.  Not actually present on the SRT

Original source as per the description from design #920:

Phil Smith obtained in Perthshire from a swatch dated 1994 shown to him by Keith Lumsden of the Scottish Tartans Society. Provenance such as this is extremely questionable and of little value. However www.uniq-orn.com shows this as Connaught Green."
"921","Connecticut State","",""
"922","Connecticut State Police ","",""
"924","Connell","",""
"923","Connell (DCD)","",""
"925","Connemara District","",""
"298908","Connolly Dress","",""
"298907","Connolly Hunting","",""
"926","Conquergood","",""
"927","Conroy","",""
"928","Coogan","",""
"930","Cook","",""
"929","Cook #2","",""
"935","Cooper","",""
"931","Cooper (Steven) personal; Orkney Slate","",""
"932","Cooper Dress","",""
"933","Cooper Dress #2","",""
"934","Cooper Dress #3","",""
"936","Coopers & Lybrand","",""
"938","Copar a'Beannichte","",""
"937","Copar a'Beannichte Dress","",""
"409151","Copper Haze","",""
"939","Corcoran","",""
"940","Cork Irish County","",""
"4895","Cork Irish County Crest","",""
"941","Cornell","",""
"942","Cornish Brewery Green","",""
"943","Cornish Brewery Red","",""
"944","Cornish Flag","",""
"945","Cornish Hunting ","",""
"947","Cornish National ","",""
"948","Corrie","",""
"949","Corries","",""
"950","Corryvrechan Dance Team Blue","",""
"951","Corryvrechan Dance Team Blue Dress","",""
"300465","Corryvreckan","",""
"952","Corstorphine","",""
"953","Cossar","",""
"954","Cotswolds Distillery","",""
"955","Coulin","",""
"957","Coulter","",""
"956","Coulter Dress","",""
"958","Coulthard","",""
"959","Council of Scottish Clans & Associations","",""
"960","Couper","",""
"961","Courage","",""
"281094","Courtenay Grimwood by JonCG","",""
"271024","Courtenay Grimwood by JonCG","",""
"962","Courtet-Meyer","",""
"963","Covenanter","",""
"964","Cowal Highland Gathering","",""
"965","Cowan","",""
"966","Cowe","",""
"6264","Cowie","",""
"967","Cowper","",""
"968","Cozumel","",""
"971","Craig","",""
"969","Craig #2","",""
"970","Craig Paisley","",""
"972","Craigholme","",""
"973","Craigmoor","",""
"974","Craik","",""
"975","Crail","",""
"976","Cramer","",""
"977","Crane (Stuart) personal; of Cluny","",""
"978","Crane (Stuart) personal; of Cluny Dress","",""
"979","Crane (Stuart) personal; of Cluny Hunting","",""
"982","Cranston","",""
"980","Cranston Dress","",""
"981","Cranston Dress #2","",""
"302160","Cranston Fuchsia","",""
"983","Crantock","",""
"984","Craparo","",""
"985","Craven County","",""
"986","Crawford Arisaid; Dance","",""
"987","Crawford Red","",""
"300501","Creagan","",""
"988","Cree","",""
"989","Creek Indian Nation","",""
"6265","Cribb 2016","",""
"6266","Crichton","",""
"991","Crieff & Strathearn #1","",""
"992","Crieff District","",""
"990","Crieff Dress Red","",""
"993","Crieff Hydro Hotel","",""
"994","Crihfield","",""
"995","Crofters","",""
"996","Crombie House Check","",""
"997","Cromdale","",""
"998","Crommert (Edgar) personal; Whiskey & Bourbon","",""
"999","Crook","",""
"1001","Crookstoun (James) personal","",""
"1002","Crosby (Personal)","",""
"1003","Crossbill","",""
"1004","Crossnor School","",""
"6267","Croy Jake","",""
"1005","Crozier","",""
"1006","Crubin Plaid (MacPherson)","",""
"1007","Cruikshank","",""
"6268","Crumlish 2015","",""
"1008","CSCA","",""
"1009","Cub Scouts of America","",""
"8717","Cuillins of Skye","",""
"1010","Cullen (Christian) personal","",""
"307077","Culloden 1746","","Count from the original Culloden coat discovered (and later examined) by Peter MacDonald on display at the Kelvingrove Museum, Glasgow July 07."
"1011","Culloden District Gold","",""
"1012","Culloden Dress","",""
"1013","Culloden Dress #2","",""
"1014","Culloden Dress Blue","",""
"1015","Culloden Dress Red","",""
"302161","Culross","",""
"1016","Cultoquhey Hotel","",""
"1017","Cumbernauld District","",""
"1019","Cumming ","",""
"579","Cumming (Alistair) personal; Diana Princess","",""
"1018","Cumming Hunting","",""
"1027","Cunningham","",""
"1021","Cunningham Dress Burgundy","",""
"1020","Cunningham Dress Dance Blue","",""
"1022","Cunningham Dress Green","",""
"1023","Cunningham Dress Purple","",""
"1024","Cunningham Dress Red","",""
"1025","Cunningham Dress Royal Blue","",""
"1026","Cunningham Hunting","",""
"1028","Curnow of Kernow (Personal)","852","Designed in 1991 by Cornishman Howard Curnow on the back of a Barclay's Bank statement which he then sent to Lochcarron of Scotland for tidying up and weaving. Prompted by his accountant he had to ask for it back. The white on black is the flag of St. Piran. The purple is for Cornish heather, the red for the cough (a songbird) and the yellow for saffron - the flavouring in Cornish saffron cakes. Kernow is the Cornish for Cornwall."
"1030","Currie","",""
"1029","Currie of Arran","",""
"1031","Curry","",""
"1032","Cusack ","",""
"1034","Cuthill","",""
"1035","Cypress","",""
"1036","Czech National","",""
"1037","D'Souza","",""
"1038","Dacre Estate Check","",""
"1039","Daks Fashion 600150","",""
"1040","Daks Fashion Black","",""
"1041","Daks Fashion Blue","",""
"1042","Daks Fashion Blue Loden","",""
"1043","Daks Fashion Brown","",""
"1044","Daks Fashion Chino Check","",""
"1045","Daks Fashion House","",""
"1046","Daks Fashion House Check","",""
"1047","Daks Fashion Invertere","",""
"1048","Daks Fashion Invertere #2","",""
"1049","Daks Fashion Loden","",""
"1050","Daks Fashion Muted Loden","",""
"1051","Daks Fashion Navy","",""
"1052","Daks Fashion Simpson Muted Skye","",""
"1053","Dalbraith, Eastern Western Motor Group","",""
"304190","Dalgliesh ","",""
"1054","Dalgliesh Dress","",""
"6206","Dalgliesh of Tinna Water","",""
"1056","Dallas","",""
"1057","Dalmeny","",""
"1058","Dalrymple of Castleton","",""
"1059","Dalrymple of Castleton #2","",""
"1060","Dalveen","",""
"1061","Dalveen District, Australian","",""
"1062","Dalwhinnie","",""
"1063","Dalziel ","",""
"1064","Damson ","",""
"1066","Danzas","",""
"1067","Darby","",""
"300041","Dark Douglas","",""
"300477","Dark Hebridean Peat","",""
"300476","Dark Hebridean Purple","",""
"300575","Dark Island Granite","",""
"300576","Dark Island Heather","",""
"4959","Dark Island Navy","",""
"300577","Dark Island Peat","",""
"300578","Dark Island Sky","",""
"13434","Dark Lavender Plaid (Moon)","",""
"13392","Dark Old Gold Plaid (Moon)","",""
"4958","Dark Shadow Dark Island (Black on Black)","",""
"5028","Dark Shadow Shaded (Grey)","",""
"6273","Dauphinee Trussville, Alabama","",""
"1069","Davidson ","891",""
"1068","Davidson (Paul) personal; Italian","",""
"1070","Davidson Double","896",""
"1071","Davidson Half","897",""
"1072","Davidson of Tulloch ","893",""
"1075","Davidson of Tulloch #2","894",""
"1073","Davidson of Tulloch Dress","895",""
"1074","Davidson Wedding (Personal)","892",""
"1076","Davies of Wales","",""
"1077","Davis","",""
"1078","DC Thomson","",""
"1079","de Baseggio (Golden Bones)","",""
"6276","de Bustos Guy Michel","",""
"1080","de Franck (Matt) personal","",""
"1081","de Jong (Spirit) personal","",""
"1082","De Laurentiis","",""
"1084","De Nardi","",""
"1085","De Nardi Hunting","",""
"1086","Dean Brae","",""
"1087","Deas","",""
"1088","Debonair Highlander","",""
"1089","Deer Park (Loton)","",""
"1090","Deeside Plaid","",""
"1091","Dege of Saville Row","",""
"1092","degli Uberti, Baron of Cartsburn","",""
"1093","Delta Lambda Phi","",""
"1095","Dempster","",""
"1094","Dempster (Ross)","",""
"1234","Denholm","",""
"1096","Denny Hunting","",""
"1097","Denovan","",""
"6277","DePasquale D","",""
"4896","Derry Irish County Crest","",""
"1098","Desang","",""
"1099","Desert","",""
"1100","Desert in Bloom","",""
"1101","Detroit Police Pipe Band","",""
"1102","Devarr","",""
"1103","Devlin ","",""
"1104","Devon 2000","",""
"1105","Devon Rural Skills Trust","",""
"1108","Dewar","",""
"1106","Dewar (Christian) personal","",""
"1107","Dewar #2","",""
"1109","Dewar's Whisky Highlander","",""
"1110","DeWolfe","",""
"1111","Dhillon","",""
"1112","Diaspora","",""
"1113","Dick (Personal)","",""
"1114","Dickie","",""
"396168","Dickson (Personal)","5808",""
"1115","Digital Equipment","",""
"1116","Dignan School","",""
"1117","Dinwoodie","",""
"1118","Doane","",""
"1119","Dobelman","",""
"1120","Dobrain","",""
"1121","Dodd","",""
"1122","Dogwood","",""
"1123","Doig, R & Son","",""
"1125","Dollar Academy 1930s","",""
"1124","Dollar Academy 1999","",""
"1127","Donachie","",""
"1126","Donachie of Brochloch Hunting","",""
"6279","Donachie of Brockloch Ancient Hunting","",""
"1128","Donald of Staffa's Sett","",""
"1129","Donegal Irish County","",""
"4897","Donegal Irish County Crest","",""
"1130","Donnolly","",""
"1131","Donohoe (Felicity) personal","",""
"1132","Doohan","",""
"1133","Doral","",""
"1134","Dorris","",""
"1135","Dorward","",""
"1136","Doten 2013","",""
"1137","Double Elvis Gallery","",""
"1144","Douglas","",""
"1138","Douglas Black","",""
"1140","Douglas Dress","",""
"1139","Douglas Green","",""
"1141","Douglas Grey","",""
"300485","Douglas Hebridean","",""
"5940","Douglas Navy","",""
"1142","Douglas of Roxburgh","",""
"1143","Douglas Red","",""
"298149","Douglas WCMM","",""
"1145","Doune","",""
"13403","Doune Celestial Plaid (Moon)","",""
"1146","Dove","",""
"1147","Down Irish County","",""
"4898","Down Irish County Crest","",""
"1148","Downs","",""
"1150","Doyle","",""
"1149","Doyle Blue","",""
"1151","Drambuie Company","",""
"1152","Drambuie Dress","",""
"1153","Drambuie Hunting","",""
"1155","Dress Watch","",""
"1156","Driver (RC) personal","",""
"1157","Drumbeg","",""
"1158","Drumlithie","",""
"1165","Drummond","",""
"1159","Drummond (Clans Originaux) Grey","",""
"6280","Drummond Clans Originaux; Purple","",""
"1160","Drummond Grant variant","",""
"1161","Drummond of Fingask","",""
"1162","Drummond of Perth","",""
"1163","Drummond of Perth Dress Green","",""
"1164","Drummond of Strathallan","",""
"1166","Dryburgh","",""
"6283","Dryer","",""
"1167","Dryfe","",""
"1168","Drymen","",""
"6284","Du Lion","",""
"1169","Dublin Irish County","",""
"1170","Duchess of Albany","",""
"1172","Duchess of Fife","",""
"1171","Duchess of Fife #2","",""
"1173","Duchess of Kent","",""
"1174","Duclos (Richard) personal","",""
"1175","Duclos (Richard) personal #2","",""
"1176","Duclos (Richard) personal #3","",""
"1177","Duclos (Richard) personal; French Freemasons' Pride","",""
"1178","Duffus, Lord Plaid","",""
"1179","Duffus, Lord Portrait","",""
"1180","Duffy","",""
"1181","Duke of Edinburgh ","",""
"1182","Duke of Fife ","",""
"1370","Duke of Fife #2","",""
"1183","Duke of Perth","",""
"1185","Duke of Rothesay ","",""
"1184","Duke of Rothesay Hunting","",""
"1186","Duke of Sussex","",""
"1188","Duke of York","",""
"1187","Duke of York Hunting","",""
"1189","Duminiak (Trevose) personal","",""
"1194","Dunbar ","",""
"1195","Dunbar District","",""
"1190","Dunbar Hunting","",""
"1191","Dunbar John Telfer","",""
"1192","Dunbar of Pitgaveny","",""
"1193","Dunbar Plaid","",""
"1197","Dunbarton","",""
"1196","Dunbarton Quebeck","",""
"1198","Dunblane District","",""
"1199","Dunbog Primary School","",""
"1200","DunBroch (Brave movie)","",""
"1202","Duncan","",""
"1201","Duncan of Sketraw","",""
"1204","Dundas ","",""
"1203","Dundas (Melbourne) personal","",""
"1205","Dundee 2003","",""
"1206","Dundee Discovery","",""
"1207","Dundee District","",""
"1208","Dundee Dress","",""
"1212","Dundee Football Club","",""
"1209","Dundee Green","",""
"1210","Dundee Pink Variation","",""
"1213","Dundee United Football Club","",""
"1214","Dundee University","",""
"1211","Dundee Wallace","",""
"1216","Dunedin Chapter","",""
"1217","Dunedin Florida","",""
"1218","Dunedin New Zealand","",""
"1219","Dunfermline","",""
"1220","Dunfermline Athletic Football Club","",""
"1221","Dunkeld","",""
"1225","Dunlop ","",""
"1222","Dunlop #2","",""
"1223","Dunlop Dress","",""
"1224","Dunlop Hunting","",""
"1226","Dunmore","",""
"1227","Dunn (John) personal","",""
"1229","Dunne (Kathryn) personal; Puxty-Dunne","",""
"1230","Dunnett","",""
"1231","Dunoon","",""
"1232","Dupplin Check","",""
"1233","Durango","",""
"1236","Durham Highlands","",""
"1237","Durie (Arms) personal","",""
"299105","Dutch","1054",""
"1241","Dyce","",""
"1240","Dyce (Clans Originaux)","",""
"1242","Dyer","",""
"1243","Dykes (Sandy) personal","",""
"1247","Earl of Skye","",""
"1245","Earl of Skye Dress Red #2","",""
"1244","Earl of Skye Dress; Blue","",""
"1246","Earl of Skye Dress; Red","",""
"1248","Earl of St Andrews Dress","",""
"4240","Earl of St. Andrews","",""
"1250","Earle's Flame","",""
"1251","East Carolina University","",""
"1252","East Kilbride District","",""
"1253","Easton","",""
"1254","Ebronen","",""
"1255","Edelstein","",""
"1260","Edinburgh ","",""
"1257","Edinburgh City","",""
"1258","Edinburgh City 2001","",""
"1261","Edinburgh Crystal","",""
"1256","Edinburgh Dress","",""
"1259","Edinburgh Dress (DCD)","",""
"1262","Edinburgh EICC International Conference Centre","",""
"1263","Edinburgh Festival","",""
"1264","Edinburgh Marketing","",""
"1265","Edinburgh Military Tattoo 50th","",""
"1266","Edinburgh Military Tattoo Dance","",""
"1267","Edinburgh Monarchs","",""
"1268","Edinburgh Tourist Information Centre","",""
"1270","Edinburgh University","",""
"1269","Edinburgh University Management School","",""
"1271","Edinburgh Zoo Panda","",""
"1272","Edmonstone","",""
"1273","Edmonton","",""
"1274","Edwards of Wales","",""
"1275","Eglington","",""
"1276","Eglinton District","",""
"1277","Eichelberger (Jorg) personal","",""
"1278","Eidart","",""
"1279","Eildon Blue Dress","",""
"1280","Eildon Borders","",""
"1281","Eire","",""
"1282","Elbrick","",""
"1283","Elgin","",""
"1284","Elgin City Band","",""
"1285","Elgin-Landshut","",""
"1287","Ellan Vannin","",""
"1286","Ellan Vannin 1958","",""
"1288","Ellenee","",""
"1290","Elliot ","",""
"1289","Elliot (Clans Originaux)","",""
"1291","Ellis of Wales","",""
"1292","Elmore (Chattan) personal","",""
"1293","Elphinstone","",""
"9885","Elsa Dress Dance","",""
"1294","Elvan","",""
"1295","Elwyn Glen (Scottish Borders)","",""
"6286","Elystan Glodrydd Welsh Tribe","",""
"1297","Embrace, The","",""
"1296","Embrace, The #2","",""
"1298","Emerald","",""
"1299","Empire Golf Check","",""
"1300","Encyclopedia Britannica","",""
"12679","Engelhardt (2017)","",""
"6287","Engelhardt F","",""
"1301","Englehart City","",""
"1302","Ensemble pour L'Avenir","",""
"1303","Ensign of Ontario","",""
"1304","Entre Rios Province","",""
"1305","Entrelacs ","",""
"5019","Epsom District","",""
"1316","Erskine","",""
"1306","Erskine Black & White","",""
"1307","Erskine Blue","",""
"1308","Erskine Burgundy","",""
"1309","Erskine Dress Dance Black","",""
"304191","Erskine Dress Dance Blue","",""
"4925","Erskine Dress Green","",""
"1311","Erskine Dress Purple","",""
"1312","Erskine Green","",""
"1313","Erskine Hunting","",""
"1314","Erskine Purple","",""
"1315","Erskine Red","",""
"1317","Erskine Veterans","",""
"1318","Espana Spanish","",""
"1319","Essex County Ontario","",""
"1320","Esteba-Quer","",""
"1321","Estes","",""
"8720","Eternity ","",""
"8719","Eternity Default","",""
"5543","Etive Burgundy","",""
"1324","Ettrick","",""
"1322","Ettrick District","",""
"1323","Ettrick Dress","",""
"1325","Ettrick Forest","",""
"1326","Evans of Wales","",""
"1327","Everett (Summerfield) personal; Dress","",""
"1328","Evergreen","",""
"1329","Ewbank","",""
"1330","Exabyte Software","",""
"1332","Eye Scourer","",""
"1331","Eye Scourer #2","",""
"345","Eynon of Wales","",""
"1333","Eyre","",""
"1334","Facenna (Gerry) personal; Allied Vehicles","",""
"300572","Fáilte","",""
"1336","Falkirk District","",""
"1337","Falkirk Football Club","",""
"1338","Fallow Deer, The","",""
"1339","Farmington","",""
"1344","Farquharson","",""
"1340","Farquharson (Clans Originaux)","",""
"4916","Farquharson 1842 Variant","",""
"1343","Farquharson Dress","",""
"300382","Fasanta Alba","",""
"1345","Faskin (Ewan) personal","",""
"1346","Faulds","",""
"6289","FCM Travel Birthday","",""
"11132","Fear J & Family (Personal)","",""
"1347","Fearns McIntosh Millennium","",""
"300467","Fearthainn","",""
"1348","Federal Bureau of Investigation","",""
"1349","Federation of Circles & Solitaries","",""
"1350","Feis An Eilein","",""
"1351","Feniston","",""
"1356","Ferguson","",""
"1352","Ferguson Dress","",""
"1353","Ferguson Dress #2","",""
"1354","Ferguson Dress Blue (Dance)","",""
"300486","Ferguson Hebridean","",""
"1355","Ferguson of Balquhidder","",""
"4917","Ferguson Old","",""
"1357","Ferguson the Astronomer","",""
"1358","Fermanagh 1990","",""
"1359","Fermanagh Irish County","",""
"4899","Fermanagh Irish County Crest","",""
"1360","Fernandes (Personal)","",""
"1361","Fernie","",""
"1362","Ferrazza (Guidonia) personal","",""
"1363","Ferring Pharmaceuticals","",""
"1364","Ferster (James) personal","",""
"1365","Fettes College","",""
"6290","Fibonacci 7","",""
"1368","Fiddes","",""
"1366","Fiddes Kelvingrove Artifact","",""
"1367","Fiddes Rock and Wheel","",""
"275563","Fiesta (2) by Thomas Bizzell","",""
"285633","Fiesta (2) by Thomas Bizzell","",""
"6291","Fife Ethylene Plant","",""
"1372","Fife Flyers","",""
"1371","Fife Mann","",""
"6292","Fink K","",""
"1374","Finnegan ","",""
"1375","Finnigan ","",""
"1373","Finnlaggan ","",""
"1376","Finzean's Fancy","",""
"1377","Fiona","",""
"13397","Fir Plaid (Moon)","",""
"1378","Firefighters' Memorial","",""
"1379","Firenze","",""
"1380","First Special Service Force","",""
"1381","First Travel","",""
"1382","Firth of Tay","",""
"1383","Fitzgerald Blue","",""
"1384","Fitzgerald Dress","",""
"1385","Fitzgerald Hunting","",""
"1386","Fitzgerald Red","",""
"1387","Fitzgibbon","",""
"1390","Fitzpatrick","",""
"1388","Fitzpatrick Dress","",""
"1389","Fitzpatrick Hunting","",""
"1391","Fitzsimmons Hunting","",""
"1392","Fitzsimmons Red","",""
"1393","Flairtex of Darvel Diana Dress","",""
"1394","Flairtex of Darvel Diana Hunting","",""
"1395","Flaumandrum","",""
"1397","Fleming","",""
"1398","Fletcher Family","",""
"1399","Fletcher of Dunans","",""
"1400","Florence","",""
"1401","Flotilla Navy","",""
"1402","Flower of Scotland","",""
"1403","Flynn","",""
"408658","Fogarty (Tipperary)","","Blue and gold are the primary colours of the Fogarty crest. They also signify the tie between the Fogarty Clan and County Tipperary whose crest has the same colours. The green and brown are a link to the Tara tartan, with Tara representing the ancient kings of Ireland and Fogarty representing the ancient kings of Ely. The green and brown also represent the fertile landscape of Eliogarty which will link the tartan to the wheat sheaf on the family crest. The red, white and black accents are found in both the Tara and Tipperary County Crest tartans: the red represents the blood of Fogartys shed in battle, not only in ancient Ireland but for those who have served as warriors throughout history. This links to the heraldic lions on the family crest representing the great warriors and chiefs who have carried the name Fogarty into battle. The white represents the white crescent found on the family crest representing hope of glory. "
"398412","Folklore","",""
"1404","Followers Plaid","",""
"1405","Fontainbleu","",""
"1411","Forbes","",""
"1406","Forbes 1842 Variant","",""
"1407","Forbes Ancient","",""
"1408","Forbes Brown","",""
"1409","Forbes Dress","",""
"1410","Forbes of Druinnor","",""
"1412","Forbo Nairn Ltd","",""
"1413","Ford and Etal District","",""
"1414","Forde","",""
"1415","Forfar","",""
"1416","Forres","",""
"1419","Forrester","",""
"1417","Forrester Hunting","",""
"1418","Forrester of S Carolina","",""
"1420","Forsyth","",""
"4918","Forsyth 1991 Variant","",""
"5313","Forsyth Old Colours","",""
"1422","Fort William","",""
"1421","Fort William #2","",""
"1423","Forth","",""
"300947","Forth Check","",""
"14429","Foster, William Martin & Family (Personal)","12839","A tartan to commemorate the designer's maternal grandfather, William Martin Foster, who was a Chief Engineer with the British India Steam Navigation Company. The four gold bars with purple inserts represent the cuff and epaulettes of a Chief Engineer in the Merchant Navy. White and red represent the colours from the British India Steam Navigation Company flag, and black and white echo the identification colours painted on the funnels of its ships."
"1424","Fottrell","",""
"1425","Fountain of the Strong","",""
"6576","Fourth Be With You ","",""
"303949","Fowler ","5728",""
"1426","Fox Hunting","",""
"1427","Fox Red","",""
"1428","Foxington","",""
"1431","Frame","",""
"1429","Frame (Ferniegair) personal","",""
"1430","Frame of Edinburgh","",""
"1432","Franconian District","",""
"1433","Frangord","",""
"1434","Frankfurt and District Pipe Band","",""
"1435","Franklin","",""
"1453","Fraser","",""
"1436","Fraser (Wilson 1820)","",""
"1437","Fraser 78th Highlanders","",""
"309207","Fraser 78th Highlanders Spec 1949","",""
"1438","Fraser Arisaid; Green","",""
"1439","Fraser Arisaid; Red","",""
"1440","Fraser Arisaid; Wine/Blue","",""
"1454","Fraser Castle","",""
"1455","Fraser Gathering Dress 1997","",""
"1456","Fraser Gathering Hunting","",""
"1457","Fraser Gathering Red","",""
"1441","Fraser Green","",""
"1442","Fraser Hunting","",""
"1443","Fraser Hunting # 2","",""
"1444","Fraser Hunting Dress","",""
"1445","Fraser Isabella","",""
"1446","Fraser of Altyre","",""
"1447","Fraser of Altyre - Reconst","",""
"6682","Fraser of Atholl","",""
"1448","Fraser of Boblainy; Hugh","",""
"1449","Fraser of Lovat","",""
"1450","Fraser of Reelig","",""
"4934","Fraser Old","",""
"1451","Fraser Red (special)","",""
"1452","Fraser Red (special) #2","",""
"1458","Frater","",""
"1459","Frazer, Major; Portrait","",""
"1460","Fredericton Dress","",""
"1461","Fredericton Modified","",""
"1462","Fredericton New Brunswick","",""
"1463","Fredericton Police Force","",""
"1464","Freedom of Derry","",""
"1465","Freedom of Scotland","",""
"310001","Freemasons Universal","1279","This was commissioned by the Grand Lodge, Free & Accepted Masons of Utah for the use of all Masons worldwide. Designed by Anne Carroll Gilmour of Park City, Utah the colours relate to the various 'Masonic organisations and appendant bodies.'"
"1467","Fremont Presbyterian Church","",""
"1468","Friends of Scotland Caucus","",""
"1469","Froach's Grian","",""
"1470","Frobo Nairn","",""
"1471","Frogaletto","",""
"1472","Fruin Colquhoun","",""
"1473","Fujitsu","",""
"1474","Fulbright Foundation","",""
"1475","Fulbright Senator","",""
"1476","Fuller","",""
"1477","Fulton 1982","",""
"1478","Fulton 1999","",""
"1479","Furman University","",""
"13404","Fyvie Cocoa Plaid (Moon)","",""
"5544","Fyvie Magenta","",""
"1480","G J Nelson","",""
"1481","G8 Summit","",""
"1482","Gaelic College of St Anns","",""
"300470","Gaelic Fire","",""
"1483","Gairloch ","",""
"406345","Gairloch Dress","",""
"1485","Galicia","",""
"10892","Gallaecia (Unofficial)","",""
"1487","Gallagher","",""
"1486","Gallagher #2","",""
"1488","Gallamore","",""
"1489","Galleries Lafayette Merric Dark Camel","",""
"1490","Gallowater ","",""
"1491","Galloway Dance","",""
"1492","Galloway Dress; Yellow Line","",""
"1493","Galloway Green","",""
"1494","Galloway Hunting","",""
"1495","Galloway personal","",""
"1496","Galloway Red","",""
"1497","Galloway Red 2","",""
"1498","Galloway Red; White Line","",""
"300570","Gallus","",""
"1499","Galt, Sir Alexander","",""
"1500","Galway Irish County","",""
"4900","Galway Irish County Crest","",""
"1501","Gamba (Catherine) personal","",""
"1502","Gamblin Thompson","",""
"1503","Game Fair","",""
"1522","Gammell ","",""
"1505","Gammell (Hill) personal","",""
"1504","Gammell 1978","",""
"1506","Gammell Brown","",""
"1521","Gammell Dress","",""
"300765","Gammon, W & Family (Personal)","13118","This tartan was designed for a combination of families centred around the Gammon family. Military and public service are important features in the family and are represented by blue and grey."
"6296","Gardner L","",""
"1508","Gary","",""
"1507","Gary #2","",""
"1510","Gates","",""
"1509","Gates Hunting","",""
"6298","Gaudet-Hillan","",""
"1511","Gavin ","",""
"1517","Gayre","",""
"1512","Gayre Bodyguard","",""
"1513","Gayre Bodyguard #2","",""
"1514","Gayre Dress","",""
"1515","Gayre Dress #2","",""
"1516","Gayre Hunting","",""
"1518","Geddes","",""
"1519","Gedling (Peter) personal","",""
"1520","Gem","",""
"1523","General Choi","",""
"1524","George Heriots School","",""
"1525","George Watson's College","",""
"1526","Georgia State","",""
"8723","German Heritage ","",""
"1527","German National","",""
"1528","German US National","",""
"1529","Giants Causeway","",""
"1530","Gibson","",""
"1531","Gift Edge (Edgar) personal; Pride of Glencoe","",""
"5541","Gigha Cherry","",""
"5569","Gigha Green","",""
"5549","Gigha Lilac","",""
"1532","Gilhooley","",""
"298844","Gill Margaret and Geoffrey and Family (Personal)","13305",""
"1533","Gillespie","",""
"6300","Gilliam R G","",""
"1538","Gillies ","",""
"1534","Gillies Blue; Dress Dance","",""
"1535","Gillies Blue; Dress Dance #1","",""
"1536","Gillies Green; Dress Dance","",""
"1537","Gillies Red; Dress Dance","",""
"1539","Gilt Edge","",""
"1540","Gilt Edge Ltd Loch Lomond Millennium","",""
"1541","Gipsy Fancy","",""
"299613","Girouard, J L (Personal)","13363","Designed as a gift for Jean-Louis Girouard to celebrate the wedding of his daughter Julie Girouard and Benedict McAndrew on 11th June 2022."
"1547","Glasgow","",""
"1542","Glasgow #2","",""
"1548","Glasgow Academy","",""
"1549","Glasgow Caledonian University","",""
"1551","Glasgow Cathedral","",""
"1550","Glasgow Cathedral 2000","",""
"1553","Glasgow Celtic Society","",""
"1552","Glasgow Celtic Society Variation","",""
"1543","Glasgow City","",""
"1544","Glasgow City of Culture","",""
"1545","Glasgow Dress Dance","",""
"1546","Glasgow Garden Festival","",""
"1555","Glassary #2","",""
"1556","Glassary #3","",""
"1557","Glassary Initial","",""
"398440","Glen Affric","",""
"1559","Glen App","",""
"1560","Glen Boig","",""
"1561","Glen Burns #1","",""
"1562","Glen Burns #2","",""
"1563","Glen Carron","",""
"1564","Glen Chalmadale","",""
"1565","Glen Clova #1","",""
"1566","Glen Clova #2","",""
"1569","Glen Coe","",""
"1567","Glen Coe #1","",""
"1568","Glen Coe #2","",""
"1570","Glen Elg","",""
"1571","Glen Erin","",""
"1573","Glen Esk","",""
"1572","Glen Esk #2","",""
"1574","Glen Feshie","",""
"1575","Glen Forest","",""
"1576","Glen Grant Distillery","",""
"1579","Glen Lyon","",""
"1577","Glen Lyon #2","",""
"1578","Glen Lyon 1819 variant","",""
"1580","Glen Moray Whisky","",""
"1581","Glen Moriston Estate","",""
"1583","Glen Moy","",""
"1582","Glen Moy #2","",""
"1584","Glen Nevis #1","",""
"1585","Glen Nevis #2","",""
"1586","Glen Nevis #3","",""
"1587","Glen of Daviot","",""
"1588","Glen Orchy","",""
"1589","Glen Ross #1","",""
"1590","Glen Ross #2","",""
"1591","Glen Stewart","",""
"1593","Glen Tilt","",""
"1592","Glen Tilt #2","",""
"1594","Glen Trool","",""
"1595","Glen, William & Son Ltd","",""
"1596","Glenalmond College","",""
"1597","Glenburnie School","",""
"1598","Glencross (Gordon) personal; Moniaive","",""
"1599","Glencross (Gordon) personal; Solway","",""
"1600","Glencross (Gordon) personal; Tynron","",""
"1601","Glendale","",""
"1602","Glendronach Whisky Distillery","",""
"1606","Gleneagles","",""
"1603","Gleneagles Gold","",""
"1604","Gleneagles Hotel","",""
"1605","Gleneagles USA","",""
"1607","Gleneil","",""
"1608","Glenfalloch House","",""
"1609","Glenfarclas Distillery","",""
"1610","Glenfeshie","",""
"1611","Glenfinnan","",""
"1613","Glengarry","",""
"1612","Glengarry Highland Games","",""
"1614","Glengoyne Distillery","",""
"1615","Glenlea","",""
"1617","Glenlivet Whisky","",""
"1616","Glenlivet Whisky Dress","",""
"1618","Glenmoidart","",""
"1619","Glenmorangie","",""
"1620","Glenmore Green","",""
"1621","Glenmore Pink","",""
"1622","Glenn","",""
"1624","Glennie","",""
"1623","Glennie Evelyn; Rhythms of","",""
"1625","Glens of Corbie","",""
"300505","Glens of Scotland","",""
"1626","Glenshee","",""
"1627","Glenturret Distillery","",""
"1628","Glenurquhart","",""
"1629","Glover, Thomas Blake #1","",""
"1630","Glover, Thomas Blake #2","",""
"6301","Glufree","",""
"1631","Goddin","",""
"1632","Goil Dress","",""
"1633","Gold Brothers","",""
"1634","Golden Broom","",""
"1635","Golden Heather","",""
"1636","Golden Pheasant","",""
"1637","Goldstraw","",""
"6302","Goldwire 2015","",""
"1638","Google","",""
"1645","Gordon","",""
"1644","Gordon (1819)","",""
"1639","Gordon (Wilsons)","",""
"1640","Gordon Dress","",""
"1641","Gordon Dress #2","",""
"1642","Gordon of Abergeldie","",""
"1643","Gordon Old","",""
"6305","Gordonstoun","",""
"1647","Gordonstoun School #2","",""
"1649","Gothenburg","",""
"300504","Gothic Romance","",""
"1650","Gouranga","",""
"1652","Gracie","",""
"1653","Graden","",""
"1654","Grady Highlands NC","",""
"1655","Graham Dress","",""
"304006","Graham of Airth ","1481",""
"1656","Graham of Menteith","",""
"1657","Graham of Menteith #2","",""
"1658","Graham of Menteith; Red","",""
"1659","Graham of Montrose","",""
"1660","Graham Red","",""
"1661","Graham Red; Dress","",""
"1662","Grainger","",""
"8724","Grampian ","",""
"1663","Grampian District","",""
"1664","Grampian Police","",""
"1665","Grampian Television","",""
"300748","Grand Lodge of Canada","",""
"1667","Grand Lodge of Scotland","",""
"1668","Grandfather Mountain Highland Games","",""
"1669","Grange School","",""
"1670","Granger","",""
"5029","Granite City","",""
"1682","Grant","",""
"1672","Grant (S) personal","",""
"1671","Grant 1714","",""
"4946","Grant 1819","",""
"4885","Grant Hunting","",""
"1673","Grant Hunting (1819)","",""
"5040","Grant Hunting (Old)","",""
"1674","Grant of Achnarrow #1","",""
"1675","Grant of Achnarrow #3","",""
"1676","Grant of Achnarrow #4","",""
"1677","Grant of Ballindalloch","",""
"1678","Grant of Edinchat","",""
"1679","Grant of Lurg","",""
"1680","Grant of Monymusk","",""
"1681","Grant of Rothiemurchus","",""
"1683","Grant Piper","",""
"1684","Granton","",""
"1685","Granvert","",""
"13451","Grape Plaid (Moon)","",""
"13425","Grape Plaid (Moon)","",""
"13450","Grape Plaid (Moon)","",""
"1686","Grassi (Vaughn) personal","",""
"1687","Gravesend Grammar School","",""
"1690","Gray","",""
"1688","Gray Hunting","",""
"1689","Gray John Hamilton","",""
"1691","Great Dane","",""
"394053","Great Orchestra of Christmas Charity","12317","Designed to honour the thousands of volunteers from all over the world, united in the long-term mission of The Great Orchestra of Christmas Charity in the field of health protection. Colour: red symbolises the heart in the Foundation's logo; grey represents the hard work and involvement of volunteers; yellow represents the joy of helping. White and red were included colours of the flag of Poland and white and blue were chosen to represent the involvement and support of the people of Scotland."
"1692","Great Scot","",""
"1693","Greater Victoria Police Pipe Band","",""
"1694","Green Mountain","",""
"1695","Green Ridge","",""
"1696","Green Watch","",""
"1697","Greene","",""
"1698","Greenhow (Rose) personal","",""
"1699","Greenlaw American","",""
"396861","Greenlaw American","",""
"1700","Greenock","",""
"1702","Greenshields","",""
"1701","Greenshields Skye","",""
"6306","Greenup 2015","",""
"1703","Greer","",""
"1704","Greig (Ian) personal","",""
"1705","Grelloch","",""
"1706","Grenadier Guards","",""
"1707","Grenauld","",""
"1710","Gretna Football Club","",""
"1708","Gretna Gold","",""
"1709","Gretna Green","",""
"13137","Grewar ","",""
"408586","Grey Blue Check","",""
"5041","Grey Granite","",""
"8742","Grey Highlander ","",""
"300179","Grey Red Check","",""
"5030","Grey Shadow","",""
"1711","Grey Spencer Plaid ","",""
"1712","Grey Watch Dress","",""
"1713","Greyhound Grenadiers #2","",""
"1714","Greyhound Grenadiers Pipe Band","",""
"1715","Greystone","",""
"1716","Griffiths of Llangynin","",""
"1717","Griffiths of Wales","",""
"1718","GRM","",""
"1719","Groen van Abtsdale","",""
"1721","Grotto Dove","",""
"1720","Grotto Dove Dance","",""
"1722","Gudbrandsdalen Mannsdrakt District","",""
"1723","Gudbrandsdalen Rondastakken","",""
"1724","Gudbrandsdalen Rondastakken #2","",""
"1725","Guelph City","",""
"277488","Guiguen (2) by UUicon","",""
"287558","Guiguen (2) by UUicon","",""
"277490","Guiguen 2 by UUicon","",""
"287560","Guiguen 2 by UUicon","",""
"310002","Guilder (2018)","12024",""
"1726","Gullane","",""
"1729","Gunn","",""
"1727","Gunn (Robert) personal","",""
"1728","Gunn #2","",""
"5094","Gunn 1842 Variant","",""
"300487","Gunn Hebridean","",""
"1730","Gunsmith","",""
"1731","Guthrie ","",""
"6309","Guthrie Dress","",""
"1732","Guzzo (Montreal) personal","",""
"1734","Gwyn","",""
"1735","Gyle","",""
"13877","H Hargreaves (Personal)","",""
"1736","Hackett (Coatbridge) personal","",""
"1737","Hackston Green Stripe","",""
"300463","Hadrian","",""
"1738","Hafren","",""
"1740","Haig & Haig Whisky","",""
"1741","Hakkarain","",""
"1743","Halcrow Howell","",""
"1742","Halcrow Howell #2","",""
"6310","Haley Clan","",""
"6311","Halifax Burns Club","",""
"1745","Hall","",""
"1746","Halliday","",""
"1747","Hallingdal District","",""
"1748","Hamburg 2","",""
"300949","Hame","",""
"1754","Hamilton ","",""
"1749","Hamilton Hunting","",""
"1750","Hamilton of Brandon","",""
"1751","Hamilton of Brandon #2","",""
"1752","Hamilton of Clayton","",""
"1753","Hamilton Red","",""
"1755","Hammarby Football Club","",""
"1756","Hanby","",""
"1757","Handley","",""
"1760","Hanna","",""
"1758","Hanna of Leith","",""
"1759","Hanna of Stirlingshire","",""
"1763","Hannay ","",""
"1761","Hannay Blue","",""
"1762","Hannay Dress","",""
"1764","Hannigan","",""
"11513","Harbison 2015","","Designed by Arthur R Harbison as a family tartan using colours of significance to the family. This tartan may be worn by anyone with the Harbison surname."
"1765","Harbor Club","",""
"1766","Harbour Town","",""
"1767","Harden","",""
"1768","Hardie ","",""
"1770","Harding","",""
"1769","Harding Florida","",""
"1771","Hargis","",""
"1772","Harkness Dress","",""
"1773","Harkness Hunting","",""
"1774","Harley Davidson","1599",""
"1775","Harmer","",""
"1776","Harmon (Cliff) personal; Dress","",""
"1777","Harmon (Cliff) personal; Hunting","",""
"1779","Harmony","",""
"1778","Harmony Eildon","",""
"1781","Harris","",""
"1780","Harris (NY)","",""
"6314","Harris Jeffrey S","",""
"5548","Harris Lilac","",""
"4980","Harris of Wales [deleteable]","",""
"5558","Harris Royal Blue","",""
"1782","Harrison (Hamilton) personal; Highland Mist","",""
"1784","Harrods Department Store","",""
"1783","Harrods Department Store Balnagown","",""
"4981","Harry of Wales","",""
"1786","Hart","",""
"1785","Hart Texas","",""
"1787","Hartman","",""
"1788","Harvey","",""
"396912","Harvie ","1177",""
"1789","Hatelt (Sharron) personal; Heriot Bay","",""
"1790","Haughdale","",""
"1791","Haughfoot","",""
"1792","Haut (Dundee) personal","",""
"1793","Hawaiian","",""
"1794","Hawick Common Riding","",""
"1795","Hawick District","",""
"1796","Hawick District #2","",""
"1797","Hawick Dress","",""
"1798","Hawick Rugby Club","",""
"1799","Hawkes (Norman) personal","",""
"1806","Hay","",""
"1800","Hay #2","",""
"1801","Hay #3","",""
"1804","Hay and Leith","",""
"1805","Hay and Leith #2","",""
"1802","Hay Dress","",""
"1803","Hay Hunting","",""
"1807","Hayes","",""
"1808","Haymarket","",""
"1809","Head of the Lakes","",""
"1810","Healy","",""
"1813","Heart of Scotland","",""
"1812","Heart of Scotland #2","",""
"1814","Heart of Strathearn","",""
"411135","Heartfelt Welcome","14611",""
"1815","Heartlands","",""
"1817","Heather MacRae","",""
"1818","Hebridean Cairn","",""
"1819","Hebridean Dress Arisaid Blue","",""
"1820","Hebridean Dress Arisaid Red","",""
"300466","Hebridean Glisk","",""
"1821","Hebridean Granite","",""
"1822","Hebridean Heather","",""
"1823","Hebridean Inner Hebrides","",""
"300469","Hebridean Lights","",""
"300479","Hebridean Loch (Herringbone)","",""
"300377","Hebridean Mist","",""
"1824","Hebridean North Uist","",""
"1825","Hebridean Old District","",""
"300497","Hebridean Pewter","",""
"300481","Hebridean Salmon (Herringbone)","",""
"300498","Hebridean Sands","",""
"300573","Hebridean Sunrise","",""
"1841","Hebrides","",""
"1826","Hebrides #02","",""
"1827","Hebrides #03","",""
"1828","Hebrides #04","",""
"1829","Hebrides #05","",""
"1830","Hebrides #06","",""
"1831","Hebrides #07","",""
"1832","Hebrides #08","",""
"1833","Hebrides #09","",""
"1834","Hebrides #10","",""
"1835","Hebrides #11","",""
"1836","Hebrides Inner #02","",""
"1837","Hebrides Outer","",""
"1838","Hebrides South Uist #01","",""
"1839","Hebrides South Uist #02","",""
"1840","Hebrides South Uist #03","",""
"1842","Hebron","",""
"1843","Hector James Clothing","",""
"1844","Hector, The Ship","",""
"1845","Heddle","",""
"6316","Heidrick","",""
"1846","Heinkel Trojan Blue","",""
"1847","Heinkel Trojan Red","",""
"1848","Heirloom Alba; Blue","",""
"1849","Heirloom Dark Alba","",""
"1850","Heirloom Red Alba","",""
"1851","Hek (Berwick) personal","",""
"1852","Help for Heroes","",""
"1853","Henbury","",""
"5919","Henderson","",""
"1854","Henderson Dress","",""
"1855","Henderson Dress #2","",""
"1856","Henderson Dress #3","",""
"1857","Heneghan","",""
"1858","Henkel","",""
"1859","Henry (Paul) personal","",""
"1860","Henry WA","",""
"1861","Henson (Menzies) personal; Inchforth","",""
"1863","Hepburn ","",""
"1862","Hepburn #2","",""
"1864","Herbage","",""
"1865","Herd","",""
"6317","Herd #2 [default sett]","",""
"1866","Heriot","",""
"1867","Heriot Watt University","",""
"1868","Heritage","",""
"7466","Heritage Eau De Nil Plaid (Moon)","",""
"6318","Heritage Eduen","",""
"1869","Heritage of Scotland","",""
"1870","Heritage Plaid","",""
"13385","Heritage Scarlet Plaid (Moon)","",""
"1871","Heritage Sequane","",""
"1872","Heritage Tartan; The","",""
"300571","Hermitage Falls","",""
"6567","Heroes of Edinburgh Default","",""
"1873","Herriot (Andrew) personal; #2","",""
"1874","Herron","",""
"1875","Hersbruck (Lossiemouth) personal","",""
"1876","Heslop (William) personal; Lurdenlaw by Kelso","",""
"1877","Heston","",""
"13417","Hetton Mulberry Plaid (Moon)","",""
"13418","Hetton Wine Plaid (Moon)","",""
"1878","Hewett","",""
"299053","Hewitt ","5929",""
"1881","Hibernian Football Club","",""
"1880","Hibernian Football Club #2","",""
"1879","Hibernian Football Club 2004","",""
"1882","Hibernians US","",""
"302003","Hickey","",""
"6320","Hickory","",""
"1883","Hier (Kilcreggan) personal","",""
"1886","Highfield","",""
"1884","Highfield Dress","",""
"1885","Highfield Hunting","",""
"1887","Highland Cathedral","",""
"1889","Highland District","",""
"1888","Highland District #2","",""
"1890","Highland Dusk ","",""
"1891","Highland Granite","",""
"300036","Highland Granite Blue","",""
"300037","Highland Granite Mauve","",""
"300038","Highland Granite Navy","",""
"300039","Highland Granite Pink","",""
"300040","Highland Granite Sage","",""
"300478","Highland Heather (Herringbone)","",""
"1892","Highland Hospice","",""
"8755","Highland Mist ","",""
"1893","Highland Park","",""
"1894","Highland Park High School Pipe Band","",""
"300480","Highland Peat (Herringbone)","",""
"1895","Highland Pub Company","",""
"300473","Highland Romance","",""
"8389","Highland Rose ","",""
"1897","Highland Spring 1985","",""
"1898","Highland Spring 1988","",""
"1899","Highland Spring 1997","",""
"1900","Highland Spring Dress","",""
"1901","Highland Thistle","",""
"309299","Highland Titles","10510","Created for Highland Titles (www.highlandtitles.com), a company sells small plots of conservation land in the Scottish Highlands to the general public. The tartan has been created for the use of those who have purchased plots from the company."
"1903","Highland Village","",""
"1904","Highlander Company Highland Laddie Kilts","",""
"398422","Highlander Wanderer","",""
"1905","Highlands Country Club","",""
"1906","Highlands of Durham","",""
"1908","Highlands of Haliburton","",""
"1909","Highlands School North Carolina","",""
"1910","Hill","",""
"1911","Hilton Check","",""
"1912","Hilton Hotel Hong Kong ","",""
"1913","Hilton-Head Golf Club","",""
"1914","Hinnigan","",""
"1915","Hird","",""
"1916","Hirter Karo","",""
"1920","Hislop","",""
"1917","Hislop #2","",""
"1918","Hislop Hunting","",""
"1919","Hislop Hunting","",""
"300462","Historic Caledonia","",""
"1921","Historic Caledonian Railway Enthusiasts","",""
"1923","Historic Scotland","",""
"1922","Historic Scotland pre 1998","",""
"1924","Hoban","",""
"1925","Hoben","",""
"1926","Hobkirk","",""
"397006","Hodgert, Connor & Family","13270","A tartan for Connor Hodgert and his family. The tartan was created to connect the whole family, started by Betty Jean McMillan (1923-2010) who had 3 sons with Robert H Hodgert (1912-1965). The design is intended to represent an emphasis on hard work, new beginnings, the raising of animals, and family bonds."
"1927","Hogarth","",""
"6321","Hogeboom of Toronto","",""
"1928","Hogg","",""
"1929","Hogmanay Plaid","",""
"1931","Hohenzollern","",""
"1930","Hohenzollern Staff","",""
"1932","Holder (Michael) personal; MacRobart","",""
"1933","Holder (Michael) personal; MacRobart Dress","",""
"1934","Holestone","",""
"1935","Holiday Inn Crown Plaza","",""
"1239","Holland","",""
"1936","Holland Dress","",""
"1238","Holland Friendship","",""
"13104","Holland, Mark - Wedding (Personal)","",""
"1937","Holman (Michael) personal","",""
"1938","Holmes","",""
"6322","Holy Loch","",""
"1939","Holyoke St Patrick's Committee","",""
"300781","Holyrood","98","Designed by Alistair Buchan of Lochcarron of Scotland to commemorate the Silver Jubilee of Queen Elizabeth II in 1977"
"1940","Holyrood Chair","",""
"1941","Holyrood Jubilee","",""
"303236","Home (Clans Originaux)","",""
"1943","Home (Vestiarium Scoticum)","",""
"4964","Home Old Colours","",""
"398434","Homeward","",""
"1946","Hood","",""
"1947","Hope-Vere","",""
"410725","Hope-Vere #2","","The family tartan of Hope-vere/Weir as shown in Clan Originaux and chosen as the official tartan of the Clan Hope of Craighall Society."
"1948","Hopetoun","",""
"1949","Hopetoun House Preservation Trust","",""
"1950","Hopkins of Wales","",""
"1951","Hororata District","",""
"6323","Horrell M","",""
"6324","Horrell M #2","",""
"1952","Hose","",""
"1953","Hosey","",""
"1954","House of Bruar","",""
"6401","House of Merchiston Blue","",""
"1956","Houston","",""
"1955","Houston #2","",""
"3656","Howells of Wales","",""
"1957","Hsu (Hong Kong) personal","",""
"1958","Hubbard Foundation of Scotland","",""
"1960","Hudson","",""
"1961","Hudson Bay Company","",""
"1959","Hudson Hunting","",""
"1962","Hueg (Juergen) personal","",""
"1963","Hueg (Juergen) personal #2","",""
"1964","Hueg (Juergen) personal #3","",""
"1968","Hughes","",""
"1969","Hughes Interconnection Int.","",""
"1966","Hughes of Wales","",""
"1967","Hughes USA","",""
"302030","Humphries ","1784",""
"1971","Hungerford RFC","",""
"1972","Hunnisett","",""
"1973","Hunt (Melanie) personal","",""
"1484","Hunter ","",""
"1975","Hunter (Graham) personal","",""
"3923","Hunter #2","",""
"1974","Hunter 1775","",""
"1976","Hunter of Bute","",""
"1977","Hunter of Hunterston","",""
"1978","Hunter of Peebleshire","",""
"1979","Hunter Old","",""
"1980","Hunter Old #2","",""
"1981","Hunter Old #3","",""
"1982","Hunter USA","",""
"1983","Hunting Energy Services","",""
"398432","Hunting Tower","",""
"13423","Huntingtower Toffee","",""
"1988","Huntly","",""
"1984","Huntly District","",""
"1985","Huntly District #2","",""
"1986","Huntly Gordon Gathering 2000","",""
"1987","Huntly Old","",""
"1989","Hutcheson","",""
"1990","Hutchesons Grammar School","",""
"1991","Hutt","",""
"1992","Hutton","",""
"1993","Hydesville Tower School","",""
"1994","Hydro-Electric Corporate","",""
"1995","Hyland Day","",""
"1996","Hyland Evening","",""
"1997","Hynde, Sir John","",""
"1998","Hyndman","",""
"1999","Ibrox District","",""
"2000","Idaho State","",""
"2001","Ikelman #1","",""
"2002","Ikelman #2","",""
"2003","Ikelman #3","",""
"2004","Ikelman #4","",""
"2005","Ikelman #5","",""
"2006","Ikelman #6","",""
"2007","Impulse","",""
"2008","Inches","",""
"2009","Incorporation of Weavers (Glasgow)","",""
"2010","Independence Universal","",""
"2011","Inder","",""
"2012","Indiana State","",""
"2013","Indiana State #2","",""
"2014","Indianapolis Metropolitan Police Department","",""
"2015","Indigo Blue Corporate","",""
"2016","Inebriated (Clan) personal","",""
"2017","Ingenico","",""
"13411","Ingleton Aqua Plaid (Moon)","",""
"13413","Ingleton Wine Plaid (Moon)","",""
"2018","Inglis","",""
"2019","Initial City Link","",""
"2020","Inkster ","1826",""
"2028","Innes","",""
"2021","Innes (Georgina)","",""
"2022","Innes Dress Dance","",""
"2023","Innes Green; Dress","",""
"2024","Innes Hunting; Lyon count","",""
"2025","Innes of Cowie","",""
"2026","Innes of Learney; Hunting","",""
"2774","Innes Red","",""
"2027","Innes Red; Dress","",""
"2029","Innis Island","",""
"2030","Inspiration","",""
"2031","Intergen","",""
"2032","International College of Dentists Canadian Section","",""
"2033","International Federation of Freight Forwarders Associations","",""
"2034","International Police Association","",""
"2035","International Radiation Protection Association","",""
"2036","Inverary","",""
"2039","Inverness Caledonian Thistle Football Club","",""
"2040","Inverness County Canada ","",""
"2037","Inverness District","",""
"2041","Inverness Fencibles","",""
"2038","Inverness Hunting","",""
"2043","Iona","",""
"2045","Iowa","",""
"2044","Iowa Dress","",""
"5031","Ireland's National","",""
"2046","Irish American","",""
"2047","Irish Diaspora","",""
"2048","Irish National","",""
"2049","Irn Bru","",""
"2051","Ironside","",""
"2052","Iroquois Falls Centenary","",""
"2053","Irvine","",""
"2054","Irvine of Bonshaw","",""
"2055","Irvine of Bonshaw Tower","",""
"2056","Irvine of Glentulchan","",""
"2057","Isla Grant","",""
"2058","Islay","",""
"2059","Islay Whisky Club","",""
"2061","Isle of Arran","",""
"2060","Isle of Arran #2","",""
"2062","Isle of Gigha","",""
"2063","Isle of Harris","",""
"2075","Isle of Man Manx","",""
"2064","Isle of Man Manx #2","",""
"2065","Isle of Man Manx Centenary","",""
"2066","Isle of Man Manx Cornaa","",""
"2067","Isle of Man Manx Dress","",""
"2068","Isle of Man Manx Ellan Vannin","",""
"2069","Isle of Man Manx Heritage","",""
"2070","Isle of Man Manx Hunting","",""
"2071","Isle of Man Manx Laxey; Blue","",""
"2072","Isle of Man Manx Laxey; Dress Green","",""
"2073","Isle of Man Manx Laxey; Red","",""
"2074","Isle of Man Manx National","",""
"2077","Isle of Mull","",""
"2076","Isle of Mull #2","",""
"2079","Isle of Skye","",""
"2078","Isle of Skye Blue; Dress","",""
"6327","Ivory Blessing #2","",""
"6328","Ivory Blessing #3","",""
"6329","Ivory Blessing #4","",""
"2080","Ivory Blessings","",""
"2081","J & B Whisky (Original)","",""
"2083","Jackson ","",""
"6330","Jackson Springs Presbyterian Church Bicentennial","",""
"2089","Jacobite","",""
"2084","Jacobite #2","",""
"2085","Jacobite Dress","",""
"2086","Jacobite Dress #2","",""
"2087","Jacobite Old","",""
"2088","Jacobite Old Sett","",""
"300472","Jacobite Rebellion","",""
"399742","Jamaican National","10545",""
"2092","James","",""
"2091","James of Wales","",""
"14095","James Timmons (Personal)","12964",""
"2093","Jardine Dress","",""
"2094","Jardine of Castlemilk","",""
"2095","Jardine of Castlemilk #2","",""
"2096","Jax Jaguars Prowling Plaid","",""
"5020","Jay Blue","",""
"281066","JCG Red Dress by JonCG","",""
"270996","JCG Red Dress by JonCG","",""
"2097","Jedburgh District Jethart","",""
"2098","Jedforest District","",""
"2099","Jefferson","",""
"2100","Jenkins of Wales","",""
"2101","Jenkins-Teague (Theresa) personal; Lawrence of Arabia","",""
"2102","Jeux Canada Games '87","",""
"6333","Jewel Arisaid Hebridean","",""
"2103","Jewel Look JTB","",""
"2105","Jewish","",""
"2104","Jewish #2","",""
"6334","JMAR Unlimited","",""
"2107","Johansson (Sweden) personal","",""
"2108","John Gray Centre #1","",""
"2109","John Gray Centre #2","",""
"2110","John Gray Centre #3","",""
"2111","John Gray Centre #4","",""
"2112","John Paul Jones, US Ship","",""
"2113","Johnnie Walker 2003","",""
"2114","Johnnie Walker Whisky","",""
"2115","Johnson, J.M.","",""
"6335","Johnston Ian","",""
"6336","Johnston Ian #2","",""
"2119","Johnstone ","",""
"2116","Johnstone Clans; Originaux","",""
"2117","Johnstone Dress","",""
"2118","Johnstone Orange/Black","",""
"2121","Johore District","",""
"2122","Johore Regiment","",""
"6337","Joker, The","",""
"2123","Jones (Arctic) personal","",""
"2124","Jones #2","",""
"6338","Jones 2016","",""
"2125","Jones Bobby","",""
"2126","Jones Hunting","",""
"2127","Jones of Wales","",""
"2128","Jong Nederland Born Union","",""
"305884","Jordan Fabbro & Family (Personal)","13488","This tartan was designed as a family tartan to be worn by Jordan Fabbro and his family."
"2129","Jordan Robert Lee; Defiance","",""
"2130","Joss","",""
"2131","Jrgensen","",""
"2132","Jubilation Commemorative","",""
"2133","Jubilee Universal","",""
"2134","Juchter","",""
"2135","Junior Chamber International","",""
"398431","Juniper Brea","",""
"2136","Junor","",""
"2145","Justus","",""
"2138","Justus #2","",""
"2139","Justus Black & Gold","",""
"2140","Justus Check","",""
"2141","Justus Dress","",""
"2142","Justus Hunting","",""
"2143","Justus International","",""
"2144","Justus Yellow & Black","",""
"2146","K9 ","",""
"2147","Kagame","",""
"6207","Kai Price","",""
"2148","Kalamazoo Caledonians","",""
"2149","Kalkofen","",""
"2150","Kansai 2","",""
"2151","Kansai Highland Games","",""
"2152","Kapasi","",""
"270339","Kathan's pattern by Paul B.","",""
"280409","Kathan's pattern by Paul B.","",""
"2153","Katsushika Scottish Country Dancers","",""
"2154","Kaufhaus Des Westes","",""
"2155","Kazakhstan Relic","",""
"2156","Keela","",""
"2157","Keeper of the Quaich 2","",""
"2158","Keeper of the Quaich Whisky","",""
"2159","Keilar","",""
"196","Keith","",""
"1335","Keith (James) personal","",""
"2161","Keith District","",""
"3063","Keith Fashion","",""
"3064","Keith Fields","",""
"2162","Kellerman","",""
"2163","Kellogg College University of Oxford","",""
"2164","Kelly Dress","",""
"2165","Kelly of Sleat; Hunting","",""
"2166","Kelly of Sleat; Hunting #2","",""
"2167","Kelly of Sleat; Red","",""
"2168","Kelso","",""
"2169","Kelt hag Armor (A-Z)","",""
"2170","Kelt hag Armor (Z-A)","",""
"2171","Kelvingrove","",""
"2172","Kendle","",""
"2173","Kenmore ","",""
"2174","Kenmore Hunting ","",""
"2177","Kennedy","",""
"2175","Kennedy Dress","",""
"2176","Kennedy Irish","",""
"2178","Kennison","",""
"2179","Kenspeckle","",""
"2180","Kentucky State","",""
"2181","Keppoch","",""
"2183","Kerby","",""
"2182","Kerby USA","",""
"2186","Kerr","",""
"2184","Kerr Hunting","",""
"2185","Kerr Shepherd's Plaid","",""
"2187","Kerry Irish County","",""
"2189","Kidd ","",""
"2188","Kidd Rock and Wheel","",""
"2190","Kiernan","",""
"2191","Kierson","",""
"2192","Kilbarchan # 1","",""
"2193","Kilbarchan # 11","",""
"2194","Kilbarchan # 14","",""
"2195","Kilbarchan # 2","",""
"2196","Kilbarchan # 3","",""
"2197","Kilbarchan # 4","",""
"2198","Kilbarchan # 5","",""
"2199","Kilbarchan # 7","",""
"2200","Kilbarchan # 8","",""
"2201","Kilburnie","",""
"2202","Kildare Irish County","",""
"4901","Kildare Irish County Crest","",""
"2203","Kile","",""
"2204","Kilgour ","1969",""
"2205","Kilgour (Symmetrical)","1968",""
"2206","Kilkenny Irish County","",""
"2207","Killen","",""
"2208","Killin","",""
"2209","Kilmarnock Football Club 2005","",""
"2210","Kilmarnock Football Club Old","",""
"2211","Kilmorie","",""
"5042","Kilnsley Navy Check","",""
"2212","Kilt Centre (Hire) personal; Inverclyde","",""
"2213","Kilt Centre (Hire) personal; Inverclyde Green","",""
"2214","Kincaid ","",""
"2215","Kincardine City Ontario","",""
"2216","Kinding (Thomas) personal; Porter Drinkers","",""
"2217","Kinfauns Castle Hotel","",""
"2218","King (Austria)","",""
"2219","King (Michael) personal; Bon Accord Aberdeen","",""
"2220","King (Mike) personal; Old Aberdeen Diamond Jubilee","",""
"2223","King Edward VII","",""
"2222","King George (Nash)","",""
"2221","King George IV","",""
"4308","King George VI","",""
"2224","King George VI Coronation 1936","",""
"6681","Kingdom of Fife District","",""
"2226","Kings Mountain 1780","",""
"300500","Kings Of Scotland","",""
"2227","Kingsbarns Golf Links","",""
"2228","Kinloch Anderson (personal) #1","",""
"2229","Kinloch Anderson (personal) #2","",""
"2230","Kinloch Anderson (personal) Check","",""
"2231","Kinloch Anderson (personal) Dress","",""
"2232","Kinloch Anderson (personal) Hunting","",""
"2233","Kinloch Anderson (personal) Kinloch of Loch Awe","",""
"2234","Kinloch Anderson (personal) Spec. Blue,White & Black","",""
"2235","Kinloch Anderson (personal) Sweetheart","",""
"2236","Kinloch Anderson (personal) Taiwan Scottish","",""
"2239","Kinnaird","",""
"2238","Kinnaird #2","",""
"2240","Kinnison","",""
"2241","Kinnoull","",""
"2242","Kinross District","",""
"2243","Kinross Family","",""
"2244","Kintail Dress","",""
"2245","Kintore","",""
"2246","Kintyre","",""
"409150","Kintyre Bramble","",""
"409154","Kintyre Dusk","",""
"409152","Kintyre Fen","",""
"409153","Kintyre Storm","",""
"2247","Kipp","",""
"2248","Kirk","",""
"2249","Kirk in the Hills Michigan","",""
"2250","Kirk Wynd (St Andrews) personal; Pride of Fife","",""
"2251","Kirkton","",""
"2252","Kirtle","",""
"2253","Klappert (Denmark) personal","",""
"2254","Klappert (Denmark) personal; Klappert Original","",""
"2255","Knights Breton","",""
"2256","Knights Templar Dress","",""
"2257","Knights Templar Grand Priory","",""
"2258","Knights Templar Hunting","",""
"2259","Knights Templar International","",""
"2260","Knights Templar of Scotland","",""
"2261","Knights Templar St Andrews","",""
"2263","Knox (Personal)","",""
"2262","Knox #2","",""
"6341","Knox #3","",""
"405813","Koehler, Dirk & Jarzemski, Beate - Wedding","14392",""
"2264","Komen Rose Plaid","",""
"2265","Kormylo","",""
"2266","Kozlosky Artifact","",""
"298195","Krakow, City of","11885",""
"2268","Kremlin Zoria","",""
"2269","Kruenaegel (Schropp) personal","",""
"2270","Kungsholmen Snooker","",""
"2271","Kyle Blue","",""
"5551","Kyle Grape","",""
"2272","Kyle Green","",""
"5554","Kyle Pink","",""
"2273","Lachine Emblematic","",""
"2274","Lachine Historic","",""
"2275","Lady Boys of Bangkok","",""
"2276","Ladybird","",""
"2277","Laggen Dress","",""
"2278","Lagrande","",""
"2282","Laing","",""
"2280","Laing Artefact","",""
"2281","Laing of Archiestown","",""
"2283","Laird","",""
"2284","Lake Ainslie","",""
"2285","Laksaa Manx","",""
"2286","Lalage","",""
"2287","Lambert (Patrice) personal","",""
"6342","Lambert Dark Night (Front Royal)","",""
"2290","Lamont","",""
"2288","Lamont Dress","",""
"2289","Lamont Heather","",""
"2291","Lanark","",""
"2292","Lanark Highlands District","",""
"2293","Land's End Blue","",""
"2294","Land's End Camel","",""
"2295","Land's End Maroon","",""
"2297","Lang","",""
"2296","Lang of Sherbrooke","",""
"2298","Langehennig (family) personal","",""
"2299","Langhein ","",""
"2300","Langston ","",""
"2301","Langtree Corporate","",""
"2302","Lanoir","",""
"2303","Lantern, The","",""
"6343","Lanz J & S","",""
"2304","Laois Irish County","",""
"4902","Laois Irish County Crest","",""
"2305","Laporte","",""
"2306","Lapsley (Tom) personal","",""
"2307","Largs District","",""
"2308","Laronde","",""
"2309","Las Vegas Fire Fighters","",""
"2310","Lashbrooke (Barrowfield) personal","",""
"272148","Laster Family (3) by Richard","",""
"282218","Laster Family (3) by Richard","",""
"272153","Laster Family (4) by Richard","",""
"282223","Laster Family (4) by Richard","",""
"2311","Lasting","",""
"2312","Latin","",""
"2314","Lauder ","",""
"2313","Lauder Dress","",""
"2315","Laurel Park","",""
"2316","Laurentian University","",""
"2317","Laurie","",""
"2318","Laval District","",""
"2319","Laval Dress","",""
"13449","Lavender Plaid (Moon)","",""
"2320","Law","",""
"2321","Law Society of Scotland","",""
"2322","Lawers","",""
"2323","Lawlis","",""
"6344","Lawlis aka Lawless","",""
"2324","Lawrence (Broughty Ferry) personal","",""
"2325","Lawrie","",""
"2327","Lawtie","",""
"2329","Laxey","",""
"2328","Laxey Centenary","",""
"2330","Layton (Mervin) personal","",""
"2334","Leach","",""
"2332","Leach Hunting","2075",""
"2331","Leach Hunting #2","",""
"2333","Leach Personal","",""
"2335","Leaf Peeper","",""
"2336","Leando (Coldingham) personal; Dress","",""
"2337","Leando (Coldingham) personal; Hunting","",""
"300471","Leaping Salmon","",""
"6346","Learmonth M","",""
"2338","Leask ","",""
"2339","Leblant (Macqueron) personal","",""
"2340","Lebrun","",""
"2341","Leckie","",""
"2342","Ledford ","",""
"2343","Lee","",""
"2345","Leeds University","",""
"2344","Leeds University Dance #2","",""
"2347","Lees-McRae College","",""
"2348","Legary (Alan) personal","",""
"2349","Leiato","",""
"2350","Leighton","",""
"2352","Leinster","",""
"2354","Leith","",""
"2353","Leith District","",""
"2355","Leitrim Irish County","",""
"2356","Lemetti (Mike) personal; Italian National","",""
"2357","Lenaghan","",""
"6348","Lenaghan 2017","",""
"2359","Lendrum","",""
"2358","Lendrum Lyon version","",""
"2360","Lennie","",""
"2364","Lennox ","",""
"2361","Lennox Dress Dance Purple","",""
"2362","Lennox Dress Red","",""
"2363","Lennox Dress Turquoise","",""
"2365","Leonard Hunting","",""
"2366","Lermontov","",""
"2367","Les Cercles de Femme","",""
"2368","Les Cercles de Fermieres du Quebec","",""
"2372","Leslie ","",""
"2369","Leslie (J Cant)","",""
"2370","Leslie Hunting","",""
"2371","Leslie of the Hebrides","",""
"2373","Letham","",""
"2374","Lethbridge City","",""
"2375","Leung","",""
"5566","Lewis Green","",""
"5546","Lewis Magenta","",""
"5556","Lewis Navy","",""
"2376","Lewis of Wales","",""
"5535","Lewis Red","",""
"2377","Lexington Fire Department","",""
"2378","Liama, The","",""
"2379","Liberton","",""
"2380","Lifeboats Royal National Institute","",""
"13435","Light Lavender Plaid (Moon)","",""
"13391","Light Old Gold Plaid (Moon)","",""
"2381","Lilac In Bloom","",""
"8390","Lilliesleaf ","",""
"2382","Limerick Irish County","",""
"4903","Limerick Irish County Crest","",""
"2383","Linden","",""
"2384","Lindley","",""
"2393","Lindsay ","","The Lindsay tartan is immediately recognisable from its deep green and maroon colours. Although it is a clan tartan, its unique aesthetic make it a popular choice for clothes and interiors."
"2385","Lindsay (Blackdown Hills) personal","",""
"2392","Lindsay (Smibert)","",""
"2386","Lindsay #2","",""
"408605","Lindsay #3","",""
"2387","Lindsay Black lines","",""
"2388","Lindsay Dress Dance","",""
"2389","Lindsay Dress Dance; Green","",""
"2390","Lindsay Dress Dance; Red","",""
"2391","Lindsay Hunting","",""
"301961","Lindsay-McGee, C & V - Wedding (Personal)","13364",""
"2394","Lions","",""
"2395","Lions International","",""
"2396","Lions Pride","",""
"2397","Lisbon","",""
"2398","Little (George) personal; Wolverine","",""
"2399","Little Arisaid","",""
"2400","Little Dress","",""
"2401","Little of Morton Rigg","",""
"2402","Little of Morton Rigg; Red","",""
"2403","Little Singers of Takarazuka","",""
"2404","Liverpool Scottish","",""
"2406","Livingston","",""
"2408","Livingston Football Club","",""
"2407","Livingston Football Club 2001","",""
"2411","Livingstone","",""
"2409","Livingstone (David) personal; Australia Dress","",""
"2410","Livingstone Dress","",""
"2412","LL Bean Hunting","",""
"2413","Llewellyn of Wales","",""
"2415","Lloyd","",""
"2414","Lloyd #2","",""
"2416","Lloyd of Wales","",""
"2417","Lobban","",""
"2418","Loch Awe","",""
"5021","Loch Buie District","",""
"13398","Loch Burnt Orange Plaid (Moon)","",""
"2419","Loch Carron District","",""
"13399","Loch Claret Plaid (Moon)","",""
"2420","Loch Fyne","",""
"2421","Loch Garth District","",""
"2422","Loch Laggan District","",""
"2424","Loch Leven","",""
"2423","Loch Leven Dress","",""
"6352","Loch Linnhe","",""
"2425","Loch Lochy","",""
"2427","Loch Lomond ","",""
"2426","Loch Lomond #2","",""
"2428","Loch Lomond Trading Company","",""
"2430","Loch Ness ","",""
"2429","Loch Ness #2","",""
"2431","Loch Rannoch","",""
"6353","Loch Sween","",""
"2432","Loch Tummel District","",""
"2438","Lochaber ","",""
"2433","Lochaber (Wilson's Old)","",""
"2434","Lochaber #2","",""
"2435","Lochaber Cameron","",""
"2436","Lochaber Hesketh","",""
"2437","Lochaber Scrapbook","",""
"2439","Lochcarron (Scotland) personal #2","",""
"2440","Lochcarron (Scotland) personal; 1985","",""
"2441","Lochcarron (Scotland) personal; Camel","",""
"2442","Lochcarron (Scotland) personal; Diamond Jubilee","",""
"2443","Lochcarron (Scotland) personal; Dress","",""
"2444","Lochcarron (Scotland) personal; Hunting","",""
"300889","Lochcarron Graphite","",""
"394422","Lochcarron Platinum Jubilee","13512","The fourth commemorative tartan in the Holyrood series from Lochcarron of Scotland, this was designed in recognition of the Platinum Jubilee of Queen Elizabeth II. The original sett of the Holyrood, as designed in 1977 by Mr Alistair Buchan, has been recoloured to include purple and platinum in celebration of the reign of Queen Elizabeth II through several Jubilee years."
"300885","Lochcarron Ruby","",""
"2445","Lochhead (Malcolm) personal; Peter Rabbit","",""
"677","Lochiel","",""
"2448","Lochnagar","",""
"2446","Lochnagar Dark","",""
"2447","Lochnagar Dress","",""
"2449","Lochranza","",""
"2450","Lochwood Estate Check","",""
"2451","Lock (Ben) personal","",""
"2452","Lockhart","",""
"2453","Locky","",""
"2454","Lodge Dunblane Australis","",""
"2455","Loevenstein Castle 1","",""
"2456","Loevenstein Castle 2","",""
"2457","Loevenstein Castle 3","",""
"2467","Logan ","",""
"2458","Logan (Clans Originaux)","",""
"2461","Logan #4","",""
"2462","Logan #5","",""
"2465","Logan #6","",""
"2460","Logan Dark","",""
"2466","Logan Light","",""
"2463","Logan with Yellow","",""
"6354","Loganair","",""
"2468","Loganair Uniform Skirt","",""
"2470","Lomond","",""
"2469","Lomond 1983","",""
"2471","London 1988","",""
"2472","London Caledonian","",""
"2473","London Caledonian Games Association","",""
"2474","London Caledonian Rugby Club","",""
"2475","London Community Gospel Choir","",""
"2476","London Fog Black","",""
"2477","London House Ltd Diana Princess","",""
"2478","London House Ltd Diana Princess #2","",""
"2479","London Regiment","",""
"2481","Londonderry Irish County","",""
"2482","Longford Irish County","",""
"2483","Longhaugh Primary School","",""
"2484","Longmore","",""
"2485","Longmount","",""
"2486","Longmuir 2014","",""
"2500","Longniddry","",""
"6197","Longniddry Cerise","",""
"2487","Longniddry Dress; Burgundy","",""
"2488","Longniddry Dress; Eildon Blue","",""
"2489","Longniddry Dress; Green","",""
"2490","Longniddry Dress; Lavender","",""
"2491","Longniddry Dress; Purple","",""
"2492","Longniddry Dress; Red","",""
"2493","Longniddry Dress; Turquoise","",""
"2494","Longniddry Eildon Blue","",""
"2495","Longniddry Green","",""
"2496","Longniddry Lavender","",""
"2497","Longniddry Purple","",""
"2498","Longniddry Red","",""
"2499","Longniddry Turquoise","",""
"2501","Lootens Jensen","",""
"2502","Lopez","",""
"2503","Lord Arran","",""
"2504","Lord Glenorchy","",""
"2505","Lord Laird","",""
"409051","Lord of the Isles","2349",""
"2506","Lord Willy's Clothing","",""
"2508","Lorne","",""
"2507","Lorne Dress","",""
"2509","Lorne, Marquis of","",""
"2510","Los Angeles","",""
"2511","Los Angeles Police Bagpipe Band","",""
"2512","Loton","",""
"2513","Loudoun's Highlanders","",""
"301223","Lougheed ","",""
"2515","Louisburg","",""
"2516","Louise Commemorative","",""
"2517","Louisiana","",""
"5929","Louth County","",""
"395898","Louth County Crest","",""
"2518","Louth Irish County","",""
"2519","Lovat #1","",""
"2520","Lovat #2","",""
"6683","Lovat Muted","",""
"2521","Lowry","",""
"2522","Loyalhanna","",""
"2523","LS Curling","",""
"2524","Luker","",""
"2529","Lumsden ","",""
"411097","Lumsden Green","6024",""
"2525","Lumsden Hunting","",""
"411105","Lumsden Hunting #2","",""
"2526","Lumsden of Clova","",""
"2527","Lumsden of Kintore","",""
"2528","Lumsden Waistcoat","",""
"2530","Lunar","",""
"6361","Lunar 2 [default sett]","",""
"2531","Lundie (Robert) personal","",""
"2533","Lundy","",""
"2532","Lundy #2","",""
"2534","Lunting Papi","",""
"304138","Lynch ","",""
"2537","Lynn","",""
"2539","Lyon ","",""
"2538","Lyon (Jeffrey) personal","",""
"2540","Lyon College, Arkansas","",""
"2541","Lyons","",""
"2544","Lysaght","",""
"2542","Lysaght Dress","",""
"2543","Lysaght Hunting","",""
"2545","Lytley (William) personal; Formal","",""
"2546","Lytley (William) personal; Hunting","",""
"2547","M'Kleod","",""
"2548","MacAart","",""
"2549","MacAleavy","",""
"2555","MacAlister","",""
"298843","MacAlister (Gourlay Steele Collection)","1552",""
"6766","MacAlister 1810 Variant","",""
"2551","MacAlister Dress","",""
"2552","MacAlister of Glenbarr","",""
"2553","MacAlister of Glenbarr; Hunting","",""
"2554","MacAlister of Skye","",""
"2556","Macallan Distillery","",""
"2557","Macallan, The","",""
"2558","MacAlpine","",""
"2560","Macan","",""
"2559","Macan Hose","",""
"2565","MacArthur","",""
"2561","MacArthur 1815","",""
"2562","MacArthur 1815 #2","",""
"2563","MacArthur of Milton","",""
"2564","MacArthur Personal","",""
"2571","MacArthur-Fox","",""
"2566","MacArthur-Fox (Jeffrey) personal; Loch Creran","",""
"2567","MacArthur-Fox Blue","",""
"2568","MacArthur-Fox Dress","",""
"2569","MacArthur-Fox Green","",""
"2570","MacArthur-Fox Hunting","",""
"2574","MacAulay ","",""
"2572","MacAulay Hunting","",""
"2573","MacAulay of Lewis","",""
"2575","MacAvoy","",""
"2576","MacBeams Boy","",""
"2581","MacBean ","",""
"2577","MacBean Dress","",""
"2578","MacBean Lord Lyon version","",""
"2579","MacBean Meta","",""
"2580","MacBean of Tomatin","",""
"2587","MacBeth ","678",""
"2582","Macbeth # 2","",""
"2583","Macbeth #3","",""
"2584","Macbeth Dress","",""
"2585","MacBeth Dress Dance","",""
"2586","Macbeth Pleasanton","",""
"2591","MacBrair","",""
"2588","MacBrair #2","",""
"2589","MacBrair Dress","",""
"2590","MacBrair Dress #2","",""
"2592","MacBride","",""
"2593","MacByrd","",""
"2594","MacCainsh","",""
"2596","MacCall ","",""
"2595","MacCall (Caithness) personal","",""
"2597","MacCallie","",""
"2599","MacCallum","",""
"4915","MacCallum 1800 Variant","",""
"2600","MacCallum High School, Philadelphia","",""
"2598","MacCallum of Berwick","",""
"4926","MacCallum Old","",""
"4889","MacCallum Red Line","",""
"2601","MacCamley ","",""
"2602","MacCandlish Green; Arisaid","",""
"301077","MacCandlish Green; Hunting","5247",""
"301075","MacCandlish Grey; Arisaid","6030",""
"2604","MacCandlish Grey; Dress","",""
"2605","MacCandlish Red","",""
"2606","MacCandlish Red; Arisaid","",""
"13717","MacCann (2017)","",""
"2607","MacCarthy Old","",""
"2609","MacCartney (Lady) personal; Day","",""
"2610","MacCartney (Lady) personal; Evening","",""
"2611","MacCaskill","",""
"2612","MacCaughan","",""
"2613","MacClafferty","",""
"2615","MacClure","",""
"2614","MacClure Hunting","",""
"2618","MacColl","",""
"2616","MacColl Hunting","",""
"2617","MacColl Old","",""
"2619","MacComb","",""
"2620","MacConnell","",""
"2621","MacCord","",""
"299247","MacCormick ","",""
"2622","MacCormick (Personal)","",""
"2623","MacCormick Dress","",""
"2624","MacCormick Festive","",""
"2625","MacCorquodale ","",""
"2626","MacCorquodale #2","",""
"2628","MacCoul","",""
"2629","MacCraig","",""
"398055","MacCready ","55644",""
"2630","MacCreary","",""
"2631","MacCrimmon","",""
"2632","MacCuaig (James) personal; Glenelg and the Western Isles #2","",""
"2636","MacCulloch","",""
"2633","MacCulloch #2","",""
"2634","MacCulloch #3","",""
"2635","MacCulloch 1746 Dress","",""
"2637","MacCurrach 2014","",""
"2638","MacDevitt","",""
"2639","MacDiarmid ","",""
"4919","MacDiarmid (MacGregor Hastie)","",""
"2640","MacDiarmid Dress","",""
"2641","MacDonagh","",""
"2676","MacDonald ","",""
"2642","MacDonald (Ken) personal; Bute Heather","",""
"2644","MacDonald (Ken) personal; Bute Heather Anc. Weathered","",""
"2645","MacDonald (Ken) personal; Bute Heather Autumn","",""
"2646","MacDonald (Ken) personal; Bute Heather Grey","",""
"2647","MacDonald (Ken) personal; Bute Heather Midnight","",""
"2648","MacDonald (Ken) personal; Glasgow Miles Better","",""
"2649","MacDonald #2","",""
"4971","MacDonald Blue","",""
"307034","MacDonald Clanranald (Chief)","",""
"2650","MacDonald Dress","",""
"6208","MacDonald Dress Dance","",""
"2651","MacDonald Dress Muted Blue Special","",""
"2652","MacDonald Dress; Irish","",""
"4920","MacDonald Flora","",""
"2677","MacDonald Flora; Dance","",""
"2678","MacDonald Flora; Plaid Artifact","",""
"2653","MacDonald Hunting","",""
"2654","MacDonald Lord of the Isles; Hunting","",""
"6363","MacDonald Lord of the Isles; Hunting Blue","",""
"2655","MacDonald of Aird & Valley","",""
"299707","MacDonald of Belfinlay ","2357",""
"2657","MacDonald of Boisdale","",""
"2658","MacDonald of Borrodale","",""
"2659","MacDonald of Clanranald","",""
"2660","MacDonald of Clanranald #2","",""
"2661","MacDonald of Clanranald #3","",""
"9829","MacDonald of Clanranald Dress","",""
"2662","MacDonald of Denovan; Personal","",""
"2663","MacDonald of Glenaladale","",""
"2664","MacDonald of Glenaladale (2006 variant)","",""
"2665","MacDonald of Glenaladale #2","",""
"2666","MacDonald of Glencoe ","",""
"2667","MacDonald of Glencoe Dress Dance","",""
"4890","MacDonald of Glengarry","",""
"2668","MacDonald of Kingsburgh","",""
"2669","MacDonald of Lochmaddy","",""
"2670","MacDonald of P.E. Island","",""
"2671","MacDonald of Sleat","",""
"2672","MacDonald of Staffa","",""
"2673","MacDonald of Staffa #2","",""
"300130","MacDonald of the Isles","",""
"2674","MacDonald of the Isles; Hunting","",""
"5920","MacDonald Old","",""
"2679","MacDonald Sir John A","",""
"2683","MacDonell of Glengarry ","",""
"4965","MacDonell of Glengarry (Old Colours)","",""
"2680","MacDonell of Glengarry; Dress","",""
"4947","MacDonell of Glengarry; MacKay No4 Variant","",""
"2681","MacDonell of Keppoch ","",""
"2682","MacDonell of Keppoch; 1847 Variant","",""
"4948","MacDonell of Keppoch; 1906 Variant","",""
"2685","MacDougal Dress","",""
"2686","MacDougal Miss","",""
"2687","MacDougal No. 1","",""
"2691","MacDougall","",""
"2688","MacDougall (Clans Originaux)","",""
"2689","MacDougall #2","",""
"2690","MacDougall William","",""
"402143","MacDowall ","",""
"2693","MacDuck","",""
"2696","MacDuff","",""
"4955","MacDuff 1842 Variant","",""
"2694","MacDuff Dress","",""
"2695","MacDuff Hunting","",""
"5921","MacDuff of Duff","",""
"2697","MacEachain","",""
"2698","MacEachern","",""
"2700","MacEdward","",""
"2699","MacEdward (MacGregor Hastie)","",""
"2701","MacEochaidh","",""
"2705","MacEwan","",""
"2704","MacEwan (Clans Originaux)","",""
"2702","MacEwan 1856","",""
"2703","MacEwan Dress Arisaid","",""
"300131","MacFadyan (MacGregor Hastie)","",""
"2707","MacFadzean ","",""
"2706","MacFadzean (John) personal","",""
"2953","MacFadzean #2","",""
"2712","MacFarlane ","",""
"2708","MacFarlane Black and White","",""
"2709","MacFarlane Dress","",""
"2710","MacFarlane Hunting","",""
"2711","MacFarlane Lord Lyon sett","",""
"2717","MacFie","",""
"2713","MacFie B&W","",""
"2714","MacFie Dress","",""
"2715","MacFie Hunting","",""
"2716","MacFie of Colonsay; Dress","",""
"2718","MacFly School ","",""
"2719","MacFrog","",""
"2720","MacGaugh","",""
"2722","MacGeachie","",""
"2721","MacGeachie (David) personal","",""
"2724","MacGibboney","",""
"2723","MacGibboney Dress","",""
"2726","MacGill ","",""
"2725","MacGill #2","",""
"2729","MacGillivray","",""
"2727","MacGillivray (Pauline)","",""
"2728","MacGillivray Hunting","",""
"300783","MacGirr","","Designed as a tartan for those of the name of McGirr. According to MacLysaght 'The Surnames of Ireland' (1985) MacGirr is an old County Armagh name which is also found in Co. Tyrone."
"310019","MacGlashan ","2444",""
"2734","MacGlashan #3","",""
"2733","MacGlashan #3 Original Colours","",""
"2731","MacGlashan 1800","",""
"2732","MacGlashan Breacan Glas","",""
"2736","MacGlynn","",""
"2735","MacGlynn #2","",""
"2737","MacGowan","",""
"1651","MacGowan Portrait","",""
"2738","MacGran","",""
"2739","MacGrath","",""
"2755","MacGregor","",""
"2740","MacGregor Black","",""
"2741","MacGregor Black Personal","",""
"2742","MacGregor Dress","",""
"2744","MacGregor Dress Burgundy","",""
"2745","MacGregor Dress Green","",""
"2746","MacGregor Dress Red","",""
"2747","MacGregor Dress Royal","",""
"2748","MacGregor Dress Turquoise","",""
"2754","MacGregor Hunting","",""
"2749","MacGregor of Balquhidder","",""
"2750","MacGregor of Cardney","",""
"2751","MacGregor of Glengyle","",""
"2752","MacGregor Rob Roy","",""
"2753","MacGregor Rob Roy #2","",""
"2756","MacGuffy School","",""
"2757","MacGuigan (Julia) personal","",""
"2758","MacGuinness (Tam) personal","",""
"2759","MacGuire","",""
"2760","MacGurk","",""
"2761","Machair","",""
"2764","MacHardy ","",""
"2762","MacHardy (Clans Originaux)","",""
"2763","MacHardy Black","",""
"2765","MacHatters of the Old Pueblo","",""
"2766","MacHattie","",""
"2767","MacHeadley Society","",""
"2768","MacHinery","",""
"2769","MacIan ","",""
"6365","MacIlvain ","",""
"2770","MacInally","",""
"2771","MacInery","",""
"2772","MacIngust","",""
"2773","MacInnes ","",""
"302634","MacInnes Dress","",""
"6209","MacInroy ","",""
"2776","MacInroy #2","",""
"2775","MacInroy Rattray","",""
"2785","MacIntyre","",""
"2778","MacIntyre (MacGregor Hastie)","",""
"2779","MacIntyre #2","",""
"2780","MacIntyre #3","",""
"2781","MacIntyre Hunting (Vestiarium Scoticum)","",""
"5043","MacIntyre New Hunting","",""
"2782","MacIntyre of Glenorchy","",""
"6367","MacIntyre of Glenorchy #2","",""
"2783","MacIntyre of Littleport","",""
"2784","MacIntyre Strathfillan","",""
"2786","Maciocia","",""
"2787","MacIsaac","",""
"2792","MacIver","",""
"2788","MacIver #2","",""
"2789","MacIver Hunting","",""
"2790","MacIver of Strathendry; Hunting","",""
"2791","MacIver of Strome","",""
"2793","Mack (Stoneywood) personal; Hunting","",""
"2795","Mackaw","",""
"2800","MacKay ","",""
"2796","MacKay (John W)","",""
"2797","MacKay Blue (Vestiarium Scoticum)","",""
"2798","MacKay Dress","",""
"4927","MacKay Dutch District","",""
"2799","MacKay of Strathnaver ","",""
"2805","MacKean","",""
"2801","MacKean #2","",""
"2802","MacKean Dress","",""
"2803","MacKean Hunting","",""
"2804","MacKean Red","",""
"2807","MacKeever","",""
"2815","MacKellar ","",""
"2808","MacKellar Dress","",""
"2809","MacKellar Dress Cerise","",""
"2810","MacKellar Dress Purple","",""
"2811","MacKellar Dress Purple #2","",""
"2812","MacKellar Dress Red","",""
"2813","MacKellar Dress Red #2","",""
"2814","MacKellar Dress Royal","",""
"2824","MacKenzie","",""
"2817","MacKenzie #2","",""
"2818","MacKenzie Dress","",""
"6371","MacKenzie Dress #2","",""
"300488","Mackenzie Hebridean ","",""
"2819","MacKenzie Hunting; Brown","",""
"2821","MacKenzie Morgan","",""
"2822","MacKenzie Morgan #2","",""
"2823","MacKenzie Seaforth Highland No 2","",""
"4943","MacKenzie Small Sett","",""
"2825","MacKerrell (Hillhouse) personal; Dress","",""
"2826","MacKerrell (Hillhouse) personal; Hunting","",""
"2827","MacKerrigan","",""
"2828","MacKessog","",""
"6373","Mackie 2016","",""
"2830","MacKillen","",""
"2829","MacKillen Hunting","",""
"2831","MacKillop ","",""
"2834","MacKinlay ","",""
"2832","MacKinlay #2","",""
"2833","MacKinlay Dress","",""
"2837","MacKinnon","",""
"2835","MacKinnon #2","",""
"2836","MacKinnon Hunting","",""
"2838","MacKinross","",""
"2846","MacKintosh","",""
"2839","MacKintosh Artefact","",""
"2840","MacKintosh Chief","",""
"2841","MacKintosh Dress","",""
"2842","MacKintosh Dress Dance","",""
"2843","MacKintosh Hunting","",""
"4949","MacKintosh Moy Hall; Plaid","",""
"2844","MacKintosh Plaid","",""
"2845","MacKintosh Red","",""
"2847","MacKirdy","",""
"2848","MacKirgan (Tom) personal","",""
"2849","Mackison","",""
"2851","MacKnight","",""
"2850","MacKnight Dress","",""
"2854","MacKusick","",""
"2852","MacKusick Piper #1","",""
"2853","MacKusick Piper #2","",""
"2858","MacLachlan","",""
"2855","MacLachlan Chief's Dress","",""
"2856","MacLachlan Chief's Dress; Blue","",""
"2857","MacLachlan Dress","",""
"4935","MacLachlan Hunting","",""
"11785","MacLachlan Old","2584",""
"2859","MacLaggan","",""
"2860","MacLaine of LochBuie (Cockburn)","",""
"2861","MacLaine of Lochbuie Hunting","",""
"2862","MacLamroc","",""
"2866","MacLaren","",""
"4921","MacLaren 1819 Variant","",""
"2863","MacLaren Albino; Dance","",""
"2864","MacLaren Dress","",""
"2865","MacLaren Dress #2","",""
"2867","MacLaren of Broich","",""
"2868","MacLean (Donald)","",""
"2869","MacLean #2","",""
"2870","MacLean Black & White","",""
"2871","MacLean Dress (Lumsden)","",""
"6374","MacLean Kenneth, Baron of Denboig","",""
"2872","MacLean of Duart","",""
"4962","MacLean of Duart (Old Colours)","",""
"2874","MacLean of Duart Dress Burgundy","",""
"2875","MacLean of Duart Dress Red","",""
"2873","MacLean of Duart Hunting (Vestiarium Scoticum)","",""
"4967","MacLean of Duart; Hunting (Old Colours)","",""
"2876","MacLean of Kingairloch","",""
"2877","MacLeay ","",""
"2878","MacLeish","",""
"2882","MacLellan","",""
"2879","MacLellan #2","",""
"2880","MacLellan Dress","",""
"2881","MacLellan Hunting","",""
"11107","MacLennan ","",""
"2885","MacLeod (Bain) personal","",""
"2886","MacLeod Black & White","",""
"6375","MacLeod Black and Red","",""
"4952","MacLeod Dress","",""
"2887","MacLeod Dress; Special","",""
"2888","MacLeod German","",""
"300489","Macleod Hebridean","",""
"300490","Macleod Lewis Dress Hebridean","",""
"2889","MacLeod of Argentina","",""
"2890","MacLeod of Assynt ","",""
"2891","MacLeod of California","",""
"2892","MacLeod of Gesto","",""
"2893","MacLeod of Harris","",""
"2894","MacLeod of Lewis","","Nicknamed ""Loud MacLeod"" and also known as MacLeod Dress, the MacLeod of Lewis tartan is a popular tartan choice due to its bright and unusual colouring. "
"2895","MacLeod of Raasay","",""
"2896","MacLeod of Skeabost","",""
"2897","MacLeod of Skye","",""
"2898","MacLeod of Tullibardine","",""
"2899","MacLeod Pink","",""
"33667","MacLeod Red","2643","Designed after the tartan worn by Norman MacLeod, 22nd Chief of the clan, painted by Allan Ramsay in 1747, with the costume painted by Van Haecken (see details in entry for MacLeod 'Portrait'). A yellow stripe was added by Ruairidh MacLeod to enhance the family resemblance to other MacLeod tartans, and to differentiate this from Murray of Tullibardine, the name now attached to the sett in the portrait. It was agreed at a clan Parliament in 1982 chaired by clan chief John MacLeod of MacLeod that this tartan be adopted as an official red MacLeod."
"2900","MacLeod Snuffbox","",""
"2902","MacLeod Society","",""
"408593","Macleod Sp","",""
"2901","MacLeod Wedding","",""
"2903","MacLeods Highlanders","",""
"2905","MacLintock","",""
"2904","MacLintock #2","",""
"2906","MacLion","",""
"2907","MacLoughlin","",""
"14379","MacLulich ","",""
"2908","MacManus","",""
"2909","MacMaster Canada","",""
"2910","MacMaster USA #2","",""
"2911","MacMaster USA#1","",""
"2912","MacMichael","",""
"2919","MacMillan ","",""
"2914","MacMillan #2","",""
"2915","MacMillan #3","",""
"2913","MacMillan 1946","",""
"2916","MacMillan Ancient (Clans Originaux)","",""
"4933","MacMillan Black","",""
"2917","MacMillan Dress","",""
"2918","MacMillan Hunting","",""
"4936","MacMillan Small Sett","",""
"2920","MacMillan Society of Glasgow","",""
"2921","MacMillen, Hugh E. Memorial","",""
"2923","MacMoosie","",""
"2922","MacMoosie Hunting","",""
"2924","MacMugen","",""
"2925","MacMunn","",""
"2929","MacNab","",""
"2926","MacNab (Wilsons) 'Real MacNab'","",""
"2927","MacNab #2","",""
"4922","MacNab 1819 Variant","",""
"4950","MacNab 1842 Variant","",""
"2928","MacNab Smith","",""
"2930","MacNamara","",""
"2931","MacNathair Sgianach","",""
"2935","Macnaughton","",""
"2933","Macnaughton Dress","",""
"2934","Macnaughton Dress #2","",""
"300491","Macnaughton Hebridean","",""
"2936","MacNeil (Clans Originaux)","",""
"2941","MacNeil of Barra ","",""
"2937","MacNeil of Colonsay ","",""
"2938","MacNeil of Colonsay (Highland Society of London)","",""
"2939","MacNeil Old","",""
"2940","MacNeil Paton; Dress","",""
"2943","MacNeish","",""
"2942","MacNeish Hunting","",""
"2944","MacNett","",""
"2946","MacNicol","",""
"3384","MacNicol #2","",""
"2945","MacNicol Hunting","",""
"3383","MacNicol Red","",""
"2947","MacNiven","",""
"2948","MacOrrell","",""
"2949","MacPartlin","",""
"2952","MacPhail ","",""
"2950","MacPhail Blue bands","",""
"2951","MacPhail Hunting","",""
"2969","MacPherson","",""
"2954","MacPherson Crubin Plaid","",""
"2955","MacPherson Dress","",""
"2956","MacPherson Dress Blue","",""
"2957","MacPherson Dress Burgundy","",""
"2958","MacPherson Dress Green","",""
"2959","MacPherson Dress Purple","",""
"2960","MacPherson Dress Red","",""
"2961","MacPherson Dress Royal Blue #2","",""
"2962","MacPherson Dress Turquoise","",""
"302641","MacPherson Hunting","",""
"2964","MacPherson of Cluny","",""
"2965","MacPherson of Cluny Black & White","",""
"2966","MacPherson of Cluny Red","",""
"2967","MacPherson of Glentruim","",""
"2968","MacPherson of Pitmain","",""
"2970","MacPherson-Grant","",""
"2971","MacPrato","",""
"2972","Macquarrie ","",""
"4956","Macquarrie 1815 Variant","",""
"2973","MacQueen","",""
"408594","Macqueen Of Skye","",""
"2984","MacRae ","",""
"2974","MacRae Dress","",""
"4972","MacRae Dress (Grey)","",""
"2975","MacRae Hunting","",""
"2976","MacRae Hunting (1715 variant)","",""
"300943","MacRae Hunting Grey","",""
"2977","MacRae of America","",""
"2978","MacRae of Ardentoul","",""
"2979","MacRae of Conchra","",""
"4928","MacRae of Conchra; Dress","",""
"2980","MacRae of Inverinate","",""
"2981","MacRae Purple; Dress","",""
"2982","MacRae Red; Dress","",""
"2983","MacRae The Prince's Own #2","",""
"2985","MacRurie","",""
"2986","MacScott (New York) personal","",""
"2989","MacShane","",""
"2987","MacShane #2","",""
"2988","MacShane #3","",""
"2990","MacSheehy","",""
"2991","MacShimsi","",""
"2992","MacSporran","",""
"2993","MacStumer","",""
"2994","MacSween","",""
"2996","MacTaggart ","",""
"2995","MacTaggart #3","",""
"3000","MacTavish ","",""
"2997","MacTavish 1850 Variant (Smiths)","",""
"2999","MacTavish Hunting","",""
"3002","MacTear","",""
"3001","MacTear Hunting","",""
"3003","MacTeddy","",""
"3004","MacThomas ","",""
"3005","MacTier","",""
"3006","MacWatts","",""
"3007","MacWhirter","",""
"3009","MacWilliam","",""
"3010","MacWilliam 2014","",""
"3008","MacWilliam Hunting","",""
"3011","Madder","",""
"3012","Made in Scotland","",""
"3014","Madewell","",""
"3013","Madewell Dress","",""
"8338","Madoc of Wales","",""
"3016","Maguire","",""
"3015","Maguire Black","",""
"3017","Maier","",""
"3019","Maine State","",""
"3018","Maine State #2","",""
"3020","Mair","",""
"3022","Makhtoum Regimental","",""
"3026","Malcolm ","",""
"3023","Malcolm 1840","",""
"3024","Malcolm Dress","",""
"3025","Malcolm Dress Variant","",""
"13419","Malham Wine Plaid (Moon)","",""
"3027","Malliou Despina ","",""
"3028","Malmo Sky blue","",""
"3029","Mandela Commemorative","",""
"3030","Mandela Nelson","",""
"3031","Manderson #2","",""
"3033","Manhattan Ethnic","",""
"3034","Manhattan Financial","",""
"3037","Manitoba Cue Sports","",""
"3035","Manitoba Dress Dance","",""
"3038","Manitoba Masonic","",""
"3036","Manitoba Provincial","",""
"3040","Mann","",""
"3039","Mann (Caithness) personal","",""
"3041","Manroth","",""
"3042","Manson","",""
"3043","Mantle","",""
"3044","Manx; Snaefell Snaefell","",""
"3048","Maple Leaf ","",""
"3045","Maple Leaf Blue","",""
"3046","Maple Leaf Dress","",""
"3047","Maple Leaf Dress #2","",""
"3050","Marchioness of Huntly #2","",""
"3051","Marchmont","",""
"3052","Maresh","",""
"3053","Marie Curie","",""
"3054","Marine Harvest Lochinvar","",""
"3055","Marine Harvest Scotland","",""
"3056","Marino","",""
"3057","Marist School","",""
"3058","Mariverain","",""
"3059","Marjoribanks","",""
"3060","Marr ","",""
"3049","Marr Red","",""
"3061","Mars","",""
"3062","Marsa Scout Group","",""
"3065","Martha's Vineyard","",""
"3069","Martin","",""
"3066","Martin (Bob) personal; R.W.'s Fancy","",""
"3067","Martin (Robert) personal","",""
"3068","Martin Hunting","",""
"3070","Mary Erskine School","",""
"3071","Mary, Queen of Scots","",""
"3072","Maryland","",""
"3073","Maryville College","",""
"3075","Massachusetts","",""
"3074","Massachusetts #2","",""
"3076","Massie","",""
"3081","Matheson","",""
"3077","Matheson Blue; Hunting","",""
"3078","Matheson Hunting","",""
"6380","Matheson Hunting (Highland Society of London)","",""
"3079","Matheson Hunting Dress","",""
"3080","Matheson Personal","",""
"3083","Matlock GC","",""
"3084","Matthew Gloag Whisky","",""
"3085","Matthews","",""
"3086","Maud","",""
"3087","Mauthe","",""
"12587","Maver ","",""
"12938","Maver Dress","","A dress version of the Maver tartan."
"3089","Maxwell","",""
"3088","Maxwell Hunting","",""
"3090","Mayer (Chris) personal","",""
"3091","Mayhew","",""
"3092","Mayo Irish County","",""
"4904","Mayo Irish County Crest","",""
"3093","Mazarian","",""
"306792","McAndrew, B (Personal)","13614",""
"395435","McBride of the Isle (Personal)","",""
"3094","McCall (Aberdeen) personal; Highland Pride of Scotland","",""
"3095","McCall (Aberdeen) personal; Pride of Scotland","",""
"3096","McCall (Aberdeen) personal; Pride of Scotland Autumn","",""
"3097","McCall (Aberdeen) personal; Pride of Scotland Contemporary","",""
"3098","McCall (Aberdeen) personal; Pride of Scotland Dress Dance","",""
"3099","McCall (Aberdeen) personal; Pride of Scotland Gold","",""
"3100","McCall (Aberdeen) personal; Pride of Scotland Platinum","",""
"3101","McCall (Aberdeen) personal; Pride of Scotland Silver","",""
"3102","McCaslin","",""
"6384","McClinchey of Bayfield","",""
"401834","McClure, Niall & Family (Personal)","",""
"14016","McCuaig (Glenelg and the Western Isles)","",""
"14017","McCuaig (Glenelg and Western Isles) Hunting","",""
"6387","McDill","",""
"399414","McFarland-Collins","",""
"3103","McGill (David) personal","",""
"3104","McGill (David) personal; Boroughmuir","",""
"3106","McGill (David) personal; Brian Boru 2014","",""
"3111","McGill (David) personal; East Lothian District","",""
"3113","McGill (David) personal; Fife","",""
"3115","McGill (David) personal; Lanarkshire District","",""
"3116","McGill (David) personal; Midlothian District","",""
"3117","McGill (David) personal; Newcastle City","",""
"3119","McGill (David) personal; Renfrewshire District","",""
"3121","McGill (David) personal; Submariners","",""
"6389","McGovern 2016","",""
"6390","McGrane 2014","",""
"6391","McGurran Thomas","",""
"3123","McMain","",""
"6393","McSnashall","",""
"3124","Me to You","",""
"3125","Meath Irish County","",""
"3126","Meeting Professionals","",""
"3128","Mehrtens","",""
"3127","Mehrtens #2","",""
"3129","Melange","",""
"271241","meldrum 2018 by ALEXANDER MELDRUM","",""
"281311","meldrum 2018 by ALEXANDER MELDRUM","",""
"271899","Meldrum 3 by ALEXANDER MELDRUM","",""
"281969","Meldrum 3 by ALEXANDER MELDRUM","",""
"271898","Meldrum Dress by ALEXANDER MELDRUM","",""
"281968","Meldrum Dress by ALEXANDER MELDRUM","",""
"3131","Melieres","",""
"3130","Melieres #2","",""
"14201","Melieres-Frost","",""
"3132","Mellor (Oldham) personal","",""
"3134","Melrose","",""
"3133","Melrose of Alabama","",""
"3136","Melville","",""
"3137","Memery (Reston) personal","",""
"3138","Menez Du","",""
"3139","Mens Bigi","",""
"6394","Mensa","",""
"3140","Mensah","",""
"3141","Menteith District","",""
"3159","Menzies","",""
"408596","Menzies (Black)","",""
"408595","Menzies (Dress)","",""
"6395","Menzies 1938","",""
"3142","Menzies Brown & White","",""
"3145","Menzies Dress Dance; Black & White","",""
"3147","Menzies Dress Dance; Blue","",""
"3148","Menzies Dress Dance; Cerise","",""
"3146","Menzies Dress; Black","",""
"3143","Menzies Dress; Black (DCD)","",""
"3144","Menzies Dress; Black & Red","",""
"3149","Menzies Dress; Orange","",""
"3150","Menzies Dress; Red","",""
"3151","Menzies Green & Black","",""
"3152","Menzies Hunting","",""
"3153","Menzies Mauve & White","",""
"3154","Menzies Navy & White","",""
"3155","Menzies of Culdares","",""
"3156","Menzies Originaux","",""
"3157","Menzies Red & White","",""
"3158","Menzies Special","",""
"3160","Meoni","",""
"3161","Mercer UK","",""
"3162","Mercer USA","",""
"3164","Merchiston Castle School","",""
"3163","Merchiston Castle School Pipe Band","",""
"3165","Merchiston House","",""
"3166","Meredith of Wales","",""
"3168","Merrilees","",""
"5499","Merrilees Black","",""
"3167","Merrilees Dress","",""
"3169","Merwe","",""
"3170","Metcalf","",""
"3171","Methodist Church","",""
"3172","Mhairi (Brigid) personal","",""
"3173","Mhor","",""
"303881","Miami Dade Fire Rescue","13693",""
"3174","Mica Green","",""
"3175","Michael","",""
"3176","Michaluk","",""
"3177","Michie (Andrew) personal","",""
"3178","Michigan State","",""
"3179","Michigan State Police","",""
"3180","Michigan State University","",""
"3181","Micron","",""
"3182","Middleton ","",""
"3183","Middleton City","",""
"3184","Militello (Palermo) Dress","",""
"3185","Militello (Palermo) Dress #2","",""
"3186","Millennium Langholm","",""
"3188","Miller","",""
"3187","Miller # 2","",""
"3189","Milligan","",""
"3190","Mills (Botany) personal; Washington Stockman","",""
"3196","Milne","",""
"3191","Milne (Michael) personal","",""
"3192","Milne Dress; Green","",""
"3193","Milne Dress; Purple","",""
"3194","Milne Dress; Red","",""
"3195","Milne Dress; Royal Blue","",""
"3197","Milton","",""
"3198","Mina Perhonen","",""
"3199","Mingulay","",""
"3201","Minnesota","",""
"3200","Minnesota Dress","",""
"3202","Minnick","",""
"3203","Minster","",""
"3204","Miramichi","",""
"3205","Mirro","",""
"3206","Miss Peffer's Plaid","",""
"3207","Mission","",""
"3208","Mission District","",""
"3209","Mississippi","",""
"6404","MIT51","",""
"3210","Miyuki #2","",""
"3211","Miyuki #3","",""
"3212","Miyuki #4","",""
"3213","Miyuki Centenary","",""
"3214","MMK 1777","",""
"3215","Modowny","",""
"3219","Moffat","",""
"3216","Moffat (Paul) personal; Greyfriars","",""
"3217","Moffat #2","",""
"3218","Moffat District","",""
"3220","Monaghan Irish County","",""
"4905","Monaghan Irish County Crest","",""
"3221","Monarch Airlines","",""
"3222","Monarch of the Glen","",""
"3223","Monarchs Sport","",""
"3226","Moncrieffe","",""
"3224","Moncrieffe of Atholl","",""
"3225","Moncrieffe of Atholl #2","",""
"3227","Monica","",""
"3228","Monmouth College","",""
"3229","Montana","",""
"3233","Montgomery","",""
"3230","Montgomery (Vestiarium Scoticum)","",""
"4923","Montgomery 1815 Variant","",""
"3231","Montgomery Colin","",""
"3232","Montgomery Stuart","",""
"3234","Montmorency","",""
"3236","Montreal","",""
"3235","Montreal Granate","",""
"3237","Montreat","",""
"3238","Montrose (Alabama) personal","",""
"3241","Montrose (McNaughton)","",""
"3239","Montrose #2","",""
"3240","Montrose #3","",""
"3242","Montrose Football Club","",""
"3243","Moon ","",""
"3244","Morag","",""
"3246","Moran Drummond","",""
"33980","Moran Family Ubique","3006",""
"3315","Morar Dress Dance","",""
"3251","Moray Council","",""
"6407","Morddyn","",""
"3252","Mordente","",""
"3254","Morgan of Wales","",""
"3255","Morris of Balgonie","",""
"3256","Morris of Balgonie; Arisaid","",""
"3257","Morris of Balgonie; Hunting","",""
"3258","Morris of Eddergoll","",""
"3259","Morris of Wales","",""
"3261","Morrison ","",""
"3260","Morrison Hunting","",""
"285253","Mosaic (2) by Thomas Bizzell","",""
"275183","Mosaic (2) by Thomas Bizzell","",""
"3262","Moskova","",""
"3263","Moss","",""
"3264","Mostyn","",""
"3265","Mother's Pride","",""
"3266","Mothers' Union","",""
"3267","Motherwell Football Club 1991","",""
"3268","Motherwell Football Club Modern","",""
"3269","Mount Isla","",""
"398425","Mountain Bothy","",""
"3270","Mountain Rescue Association","",""
"3271","Mountain's Jewel","",""
"3272","Mounth, The","",""
"3275","Mowat ","",""
"3273","Mowat (Clans Originaux)","",""
"3274","Mowat Sir Oliver","",""
"3276","Mowbray","",""
"3277","Mowdowny","",""
"3278","Muir","",""
"3281","Muirhead","",""
"3280","Muirhead Hunting","3040",""
"301510","Muirhead Hunting (Dalgliesh K1)","",""
"3282","Mulcahy","",""
"3283","Mulholland","",""
"3284","Mull District","",""
"3285","Mull Rugby Club","",""
"6409","Mullikin 2013","",""
"13409","Multicheck Wine Plaid (Moon)","",""
"3286","Mundigl","",""
"3287","Mungall","",""
"3291","Munro ","",""
"3290","Munro (Logan)","",""
"3288","Munro Black & Red","",""
"3289","Munro Culloden","",""
"4886","Munro Hunting","",""
"3292","Munster","",""
"300784","Murdoch ","",""
"3293","Murdoch (Nicholsby) personal","",""
"3295","Murphy","",""
"3296","Murphy and his Gang","",""
"3308","Murray","",""
"3297","Murray Bed Cover","",""
"3298","Murray Bed hanging","",""
"3299","Murray Blair sample","",""
"3300","Murray Hose","",""
"6410","Murray J #1","",""
"6411","Murray J #2","",""
"3310","Murray Mungo","",""
"3247","Murray of Abercairney","",""
"3248","Murray of Abercairney Portrait","",""
"3249","Murray of Abercairney; James #2","",""
"3301","Murray of Atholl ","",""
"3302","Murray of Atholl Dress","",""
"3303","Murray of Atholl Red Dress","",""
"3304","Murray of Atholl variation","",""
"3305","Murray of Elibank ","",""
"3306","Murray of Ochtertyre","",""
"300787","Murray of Polmaise ","",""
"13884","Murray of Tullibardine ","",""
"3250","Murray Plaid Artifact","",""
"3309","Murray, Lord George","",""
"3312","Murtaugh","",""
"3311","Murtaugh Hunting","",""
"3313","Muskoka Canada","",""
"3314","Musselburgh District","",""
"303950","Musselburgh Dress Dance","",""
"3316","MX-5 Owners' Club","",""
"3317","Myron","",""
"3319","Nairn","",""
"3318","Nairn #2","",""
"3321","Nance","",""
"3320","Nance #2","",""
"3323","Napier ","",""
"3322","Napier Rose","",""
"3324","Nashotah House","",""
"3325","National Archives","",""
"3326","National Ballet of Canada","",""
"3327","National Fallen Firefighters Foundation","",""
"3328","National Galleries of Scotland","",""
"3330","National Millennium","",""
"3329","National Millennium #2","",""
"3331","National Trust","",""
"3333","National Trust for Scotland","",""
"3332","National Trust for Scotland Battle of Bannockburn","",""
"3334","National Wedding","",""
"3335","National, The","",""
"5024","Navy Colour Check","",""
"3336","Naysmith Personal","",""
"3337","Nazarian","",""
"3338","Nebraska University","",""
"3339","Neil Orr","",""
"3340","Nery","",""
"3341","Nethybridge","",""
"3342","Neumann German Pipe Smokers","",""
"3343","Nevada State","",""
"3344","Nevis Dress","",""
"3347","New Brunswick","",""
"3345","New Brunswick #2","",""
"3346","New Brunswick #3","",""
"3348","New Club Centenary","",""
"6414","New Forest","",""
"3350","New Loudoun","",""
"3351","New Market Battlefield","",""
"3352","New Mexico Land of Enchantment","",""
"3353","New Mexico State of","",""
"3354","New Millennium","",""
"3355","New Providence Presbyterian Church","",""
"3358","New South Wales","",""
"3356","New South Wales Scottish Rifles","",""
"3357","New South Wales Waratah","",""
"3359","New York City","",""
"3360","New York Fire Dept. Pipe Band","",""
"3361","New York State Police Pipe Band","",""
"3362","New York State Troopers","",""
"3363","New York Tartan Day Parade","",""
"3365","New Zealand","",""
"3364","New Zealand #2","",""
"3366","Newall","",""
"3367","Newfoundland","",""
"3370","Newman","",""
"3369","Newman #2","",""
"3371","Newmill","",""
"3372","Newsome (Matthew) personal; Franklin Museum","",""
"3373","Newsome (Matthew) personal; New House Highland","",""
"3374","Newton Primary School","",""
"6416","NFU Mutual","",""
"6417","NHS Grampian National Health Service","",""
"3375","NHS National Health Service ","",""
"6418","Niagara Celtic Heritage Festival","",""
"3376","Niagara Falls","",""
"3377","Niagara Region","",""
"3378","Nibley","",""
"3379","Nichol","",""
"3380","Nickel Lodge Centennial","",""
"3381","Nicol (Rabbie Burns) personal","",""
"3382","Nicolsby (Geoffrey) personal; Twenty First Century","",""
"3385","Nike Golf Dark","",""
"3386","Nike Golf Light","",""
"6419","Nimah Carissa & Bassem","",""
"3389","Nisbet ","",""
"3387","Nisbet Dress Dance Rose","",""
"3388","Nisbet Rose","",""
"3390","Nithsdale District","",""
"3391","Nobiliary Fraternity","",""
"398420","Noble Eagle","",""
"398418","Noble Stag","",""
"3392","Nolan (John) personal","",""
"3393","Nooten-Boom (A) personal","",""
"3394","Nor'Westers","",""
"3395","Norham and Ladykirk District","",""
"408597","Norman","",""
"3396","Normandy","",""
"3399","Norris","",""
"3397","Norris Hunting","",""
"3398","Norris Jack","",""
"3400","North American Sheep Breeders Association","",""
"3401","North Berwick Dance","",""
"4937","North Country District","",""
"3402","North Dakota State University Bison","",""
"3403","North Sea Commission","",""
"3404","North Tyneside Pipe Band","",""
"3407","North West Territories","",""
"3405","North West Territories Mounted Police","",""
"3406","North West Territories Nor Westers","",""
"3408","Northcroft","",""
"3409","Northern College","",""
"3410","Northern Ontario","",""
"3411","Norway","",""
"3412","Norwegian Guldbrandsdalen","",""
"3413","Norwegian Migration Period","",""
"6420","Norwegian Night","",""
"3414","Norwell","",""
"3415","Norwich Collection #001","",""
"3416","Norwich Collection #005","",""
"3417","Norwich Collection #007","",""
"3418","Norwich Collection #014","",""
"3419","Norwich Collection #017","",""
"3420","Norwich Collection #020","",""
"3421","Norwich Collection #023","",""
"3422","Norwich Collection #026","",""
"3423","Norwich Collection #028","",""
"3424","Norwich Collection #029","",""
"3425","Norwich Collection #030","",""
"3426","Norwich Collection #031","",""
"3427","Norwich Collection #033","",""
"3428","Norwich Collection #038","",""
"3429","Norwich Collection #039","",""
"3430","Norwich Collection #040","",""
"3431","Norwich Collection #049","",""
"3432","Norwich Collection #052","",""
"3433","Norwich Collection #056","",""
"3434","Norwich Collection #057","",""
"3435","Norwich Collection #058","",""
"3436","Norwich Collection #059","",""
"3437","Norwich Collection #059-2","",""
"3438","Norwich Collection #060","",""
"3439","Norwich Collection #063","",""
"3440","Norwich Collection #064","",""
"3441","Norwich Collection #077","",""
"3442","Norwich Collection #078","",""
"3443","Norwich Collection #079","",""
"3444","Norwich Collection #115","",""
"3445","Norwich Collection #158","",""
"3446","Notre Dame Marching Guard","",""
"3450","Nova Scotia","",""
"3447","Nova Scotia #2","",""
"3448","Nova Scotia Dress","",""
"3449","Nova Scotia Dress #2","",""
"3451","Nova Scotia Pik Mills #1","",""
"3452","Nova Scotia Pik Mills #2","",""
"3453","Nowell","",""
"3454","Nunavut","",""
"3455","Nutwood","",""
"3456","O'Boyle","",""
"3458","O'Brien","",""
"3457","O'Brien #2","",""
"14265","O'Buckley Dress","11771",""
"301029","O'Buckley Hunting","13402","A tartan for C O’Buckley using colours intended to represent Ireland."
"3459","O'Connor #2","",""
"3460","O'Connor Dress","",""
"3461","O'Connor Royal Na Connaught","",""
"3462","O'Doherty (Glasgow) personal","",""
"3463","O'Donoghue","",""
"3464","O'Donohue","",""
"3465","O'Farrell","",""
"3466","O'Keefe","",""
"6423","O'Kelly Family","",""
"3467","O'Long","",""
"3468","O'Mahony","",""
"3469","O'Meehan","",""
"3470","O'Monaghan","",""
"3474","O'Neill","",""
"3471","O'Neill Australia","",""
"3472","O'Neill Cliffford","",""
"3475","O'Neill Pipe Band 1970","",""
"3476","O'Neill Pipe Band 1983","",""
"3477","O'Neill Pipe Band 1999","",""
"410085","O'Neill Red","",""
"3473","O'Neill Red (Dalgliesh)","",""
"3478","O'Reilly","",""
"3480","O'Rourke","",""
"3479","O'Rourke #2","",""
"3482","O'Shaughnessy","",""
"3481","O'Shaughnessy Memorial","",""
"3483","O'Sheehan","",""
"3484","O'Sullivan ","",""
"3485","O'Sullivan McCragh","",""
"3486","O'Sullivan-Beare","",""
"3487","O2","",""
"3488","Oakhall","",""
"3490","Oakhill","",""
"3489","Oakhill #2","",""
"5044","Oakleigh","",""
"3491","Oakwood","",""
"3492","Oban","",""
"3493","Ochiltree","",""
"3494","Ochterlonie","",""
"3495","Offaly Irish County","",""
"4906","Offaly Irish County Crest","",""
"6424","Ofsharick Matthew (Personal) Weaver","",""
"6425","Ogg of Tarragann","",""
"3505","Ogilvie","",""
"3496","Ogilvie (Logan)","",""
"3497","Ogilvie #2","",""
"3498","Ogilvie #3","",""
"3499","Ogilvie Black & White","",""
"3500","Ogilvie Hunting","",""
"3501","Ogilvie of Airlie","",""
"3502","Ogilvie of Inverarity (Vestiarium Scoticum)","",""
"3503","Ogilvie of Inverarity (Wilson)","",""
"3504","Ogilvie of Strathallan","",""
"3506","Ohio","",""
"3507","Oilmens","",""
"6426","Okada Yayoi","",""
"3508","Oklahoma","",""
"3509","Oliphant ","",""
"3513","Oliver","",""
"3510","Oliver Dress Dance","",""
"3511","Oliver Hunting","",""
"3512","Oliver Pink; Dress","",""
"3514","Olympic Games","",""
"3515","Olympicana","",""
"3516","Oman Navy","",""
"3517","Oman Regiment; 2nd Pipe Sqn.","",""
"3518","Oman Royal Army","",""
"3519","Oman Sultanate of","",""
"3520","One Account","",""
"3521","Ontario Centennial","",""
"3522","Ontario Northern","",""
"6427","Ontario Official ","",""
"3524","Ontario Provincial","",""
"3525","Open Championship 1998","",""
"3526","Open Championship 2000","",""
"398424","Open Skies","",""
"3527","Orban-Prentice","",""
"300569","Orcadian","",""
"6428","Order of Saint Lazarus","",""
"3528","Order of the Holy Sepulchre of Jerusalem","",""
"3529","Oregon State","",""
"3530","Oregon State University","",""
"3531","Oriel District","",""
"3532","Orion Nebula","",""
"3533","Orkney ","",""
"3535","Orlando City","",""
"3534","Orlando City Dress","",""
"3536","Orlando Fire Department","",""
"3537","Orlando Police Department","",""
"3538","Orr (John) personal; Common Ground Dress","",""
"3539","Orr (John) personal; Dirk, The Brotherhood of","",""
"3540","Orr (John) personal; Gerald William Senior","",""
"3541","Orvis Sports Company","",""
"3542","Otago District","",""
"300786","Otago Peninsula","","Designed by Vilma Ruth Nelson. Otago Peninsula Trust was set up to look after a large house and gardens in Dunedin which is open to visitors. The colours chosen are to represent the wildlife e.g. Salmon pink and Kingfisher blue."
"3544","Ottawa City","",""
"3545","Over Mountain District","",""
"3546","Owen of Wales","",""
"3547","Oxford Dress","",""
"3548","Oxford University","",""
"3549","Pacific","",""
"404060","Page ","5513",""
"3550","Paget","",""
"15293","Pagone, T & Family","12521","The tartan was designed at the request of The Honourable Tony Pagone Q.C. using colours of personal significance. It is intended for use by His Honour at gatherings of the Melbourne Scots, a society active in Melbourne since 1919, of which he is a member. The society’s objective is to maintain and foster interest in Scottish national life and to promote charitable and benevolent objects that further understanding of Scottish culture."
"3551","Paisley District","",""
"1154","Paisley Drennan","",""
"3552","Palatine Union","",""
"3553","Palm Beach Gardens Police","",""
"3554","Palmer Arnold","",""
"3555","Palmer Edward","",""
"3556","Palmer General W.J.","",""
"6429","Palmer General W.J.  #2","",""
"6430","Panels By Clara","",""
"3557","Papi (Anthony) personal; Uitwaaien Papi","",""
"3558","Papua New Guinea","",""
"3559","Park","",""
"3560","Park Estate","",""
"3561","Parker Dress; USA","",""
"3562","Parker USA","",""
"3563","Parkhead District","",""
"3564","Parkin (Daniel) personal","",""
"3565","Parma","",""
"3566","Parr","",""
"3567","Partick Thistle Football Club","",""
"6431","Passchendaele (Commemorative)","",""
"3568","Pasteur","",""
"3571","Paterson","",""
"3569","Paterson (John) personal; Pearl o' the Tay","",""
"3570","Paterson #2","",""
"3572","Paton","",""
"4960","Patriot","",""
"3573","Patterson (William) personal","",""
"3574","Patterson Blue","",""
"3575","Patterson Red","",""
"3577","Paxton","",""
"3576","Paxton #2","",""
"3580","Payne","",""
"3578","Payne Dress","",""
"3579","Payne of Wallins Creek","",""
"3581","Peachy Keen","",""
"3583","Peacock","",""
"3582","Peacock Samantha","",""
"3584","Pearson","",""
"6432","Pearson #2","",""
"3585","Peebles Royal Burgh","",""
"3587","Peeper","",""
"3586","Peeper #2","",""
"3588","Pendleton (Oregon) personal; Dress","",""
"3589","Pendleton (Oregon) personal; Hunting","",""
"6434","Pengelly The Cornish","",""
"3591","Penman","",""
"3590","Penman, Grey (Personal)","",""
"3592","Pennsylvania","",""
"3593","Perratt","",""
"3594","Perreaut (Dinarzh) personal","",""
"3599","Perry","",""
"3595","Perry (Calgary) personal","",""
"3596","Perry Arisaid","",""
"3597","Perry Dress","",""
"3600","Perry Golf","",""
"3598","Perry Hunting","",""
"3602","Perth","",""
"3601","Perth #2","",""
"3603","Perthshire","",""
"3604","Perthshire Tourist Board","",""
"3607","Peter of Lee (Personal)","",""
"3605","Peter Pan","",""
"3606","Peters Chief","",""
"287711","Philamor Blue by Andi MacInnes (Philamor)","",""
"277641","Philamor Blue by Andi MacInnes (Philamor)","",""
"287478","Philamor Bold (personal) by Andi MacInnes (Philamor)","",""
"277408","Philamor Bold (personal) by Andi MacInnes (Philamor)","",""
"277785","Philamor Highland Bagpiping - Alpha by Andi MacInnes (Philamor)","",""
"287855","Philamor Highland Bagpiping - Alpha by Andi MacInnes (Philamor)","",""
"3609","Phillips","",""
"3608","Phillips of Wales","",""
"3610","Phinn","",""
"3611","Phoenix Police Honor Guard","",""
"3612","Pictou County","",""
"3613","Pienaar","",""
"3614","Pierce","",""
"3615","Pike","",""
"3617","Pilette (Kinnear) personal","",""
"3619","Pincock","",""
"13396","Pine Plaid (Moon)","",""
"3620","Pinehurst Resort","",""
"3621","Pinewoods Jubilee","",""
"3622","Pinney's of Scotland","",""
"3623","Pino (Pennsylvania) personal","",""
"3624","Piper Rowdy' Roddy","",""
"3625","Pitcairn Heritage","",""
"3626","Pitcairn Hunting","",""
"3627","Pitt (Glasgow) personal","",""
"3628","Plaid Wine","",""
"3629","Platt ","",""
"3630","Plowman (Steven) personal","",""
"3631","Plummer","",""
"3632","Plymouth Armada 400","",""
"3633","Pointe-Claire, City of","",""
"3634","Polaris","",""
"3635","Police College Tulliallan","",""
"3636","Police Officers Group Motorcycle Association","",""
"3638","Pollard 2014","",""
"3639","Pollock ","",""
"3640","Pope of Wales","",""
"3641","Pople","",""
"3642","Popular Fancy","",""
"3644","Porcupine","",""
"3645","Porcupine, City of","",""
"3646","Port Authority of NY & NJ","",""
"3647","Port Moresby City Pipes & Drums","",""
"3648","Porteous","",""
"3649","Portmeirion District","",""
"3650","Portrait, The","",""
"3651","Portree Blue; Dance","",""
"3652","Portree Check","",""
"3653","Portree District","",""
"3654","Potts","",""
"3655","Poulain League","",""
"6438","Poulin L","",""
"6439","Poulin L #2","",""
"6440","Powell 2017","",""
"403620","Powys (County)","",""
"4982","Powys of Wales","",""
"6441","Prehospital EMS (USA)","",""
"3657","Presbyterian Synod of Living Waters","",""
"3658","Presley of Lonmay","",""
"3659","Presley of Memphis","",""
"3660","Press & Journal","",""
"3661","Prestoungrange","",""
"3664","Pride of New Zealand","","Company dissolved 2013
"
"3665","Pride of Norway","",""
"3666","Pride of Scotland Dress Dance","",""
"3667","Pride of the Clyde","",""
"3663","Pride of Wales","",""
"3668","Pride of Yorkland","",""
"3669","Prince Albert","",""
"3678","Prince Charles Edward Stuart","",""
"3670","Prince Charles Edward Stuart #2","",""
"3671","Prince Charles Edward Stuart #3","",""
"3672","Prince Charles Edward Stuart #4","",""
"3673","Prince Charles Edward Stuart #5","",""
"3674","Prince Charles Edward Stuart #6","",""
"3675","Prince Charles Edward Stuart #7","",""
"3676","Prince Charles Edward Stuart #8","",""
"3677","Prince Charles Edward Stuart #9","",""
"3679","Prince David","",""
"3680","Prince Edward Island Dress","",""
"3681","Prince Edward Island Provincial","",""
"3682","Prince George","",""
"3683","Prince George's Police Pipe Band","",""
"3684","Prince of Denmark Historic","",""
"3686","Prince of Orange","",""
"3685","Prince of Orange #2","",""
"3688","Prince of Wales","",""
"3687","Prince of Wales Check","",""
"3689","Prince's Own","",""
"3693","Princess Beatrice","",""
"3690","Princess Beatrice Dress Dance","",""
"3691","Princess Beatrice Hunting","",""
"3692","Princess Beatrice Hunting #2","",""
"3695","Princess Elizabeth","",""
"3694","Princess Elizabeth #2","",""
"3696","Princess Louise","",""
"3697","Princess Margaret Rose","",""
"3698","Princess Marina","",""
"3699","Princess Mary","",""
"3702","Pringle ","",""
"3700","Pringle (Glasgow) personal","",""
"3701","Pringle #2","",""
"3703","Pringle, James ","",""
"3704","Printing Industries of America","",""
"3706","Proctor (Alan) personal; #2","",""
"3708","Protheroe of Wales","",""
"407905","Proudfoot, H & Family","",""
"3709","PSD Operation Iraqi Freedom","",""
"3710","Puffin","",""
"6443","Puffin Atlantic","",""
"3711","Punky Princess","",""
"3712","Purdy (Illinois) personal; Black","",""
"3713","Purdy (Illinois) personal; Black #2","",""
"3714","Purple Watch","",""
"6444","Purves 2014","",""
"3715","Quabboos Sultan of; Air Force","",""
"3716","Quaboos Regimental Pipers Plaid","",""
"3717","Quadra","",""
"3718","Quebec Centennial","",""
"3719","Quebec Centennial Dress","",""
"3720","Quebec Provincial","",""
"3721","Queen Alexandra","",""
"3722","Queen Mary RMS","",""
"3725","Queen of the South Football Club","",""
"3729","Queen Victoria","",""
"3726","Queen Victoria Artifact","",""
"3727","Queen Victoria Highland Dress","",""
"3728","Queen Victoria Royal","",""
"3730","Queens University of Ontario","",""
"3731","Queensferry District","",""
"3732","Queensland District","",""
"3733","Quenouille (Howald) personal","",""
"3734","Quigley (Knockcroghery) personal","",""
"3735","Quigley (Knockcroghery) personal; Hunting","",""
"3736","Quinn (Wedding) personal","",""
"3737","Quinn Hunting","",""
"3738","Rae","",""
"300285","Raeburn ","",""
"3740","Raeside","",""
"3741","Rafferty","",""
"6821","Rainbow ","",""
"3742","Rainbow Canada","",""
"3743","Rainbow Fort Worth","",""
"3744","Raith Rovers Football Club","",""
"3745","Rajput","",""
"3746","Raleigh Pipe Band","",""
"3747","Ralston UK","",""
"3748","Ralston US","",""
"3749","Ramada","",""
"33501","Ramey S. And Family (Personal)","13123",""
"6446","Rams Timeless","",""
"3750","Ramsay Angus & Mearns","",""
"3751","Ramsay Blue","",""
"3752","Ramsay Green","",""
"4938","Ramsay New Blue","",""
"3753","Ramsay Orange","",""
"3754","Ramsay Red","",""
"3755","Rangers Football Club 1989","",""
"3756","Rangers Football Club 1994","",""
"3757","Rangers Football Club Dress","",""
"3758","Rangers Football Club MacArthur","",""
"301919","Rankin ","3459",""
"3762","Rankin (Dalgliesh)","",""
"3759","Rankin (Dalgliesh) #2","5184",""
"298917","Rankin / Rankine","292",""
"301920","Rankin #2","3460",""
"3763","Ranking","3463",""
"3764","Rannoch Red","",""
"3765","Rathmore","",""
"3767","Rattray ","",""
"3766","Rattray of Lude","",""
"3768","Raymond of Doune","",""
"3769","Rea","",""
"3771","Reagan","",""
"3770","Reagan, (Personal)","",""
"3772","Red Bull","",""
"3773","Red Chapeau","",""
"3774","Red Deer, City","",""
"272898","red dress 1 by JonCG","",""
"282968","red dress 1 by JonCG","",""
"4953","Red Hackle","",""
"3775","Red Hatters United","",""
"13405","Red Natural Plaid (Moon)","",""
"13408","Red Plaid (Moon)","",""
"300886","Red Red Rose","",""
"3776","Red Rum","",""
"3777","Red Watch","",""
"3778","Red White Blue Watch Dress","",""
"3779","Redland","",""
"6450","Redpath Robert A","",""
"307964","Redpath, The Ronald","10351","Designed to celebrate the family and Scottish heritage of the designer, Alan Redpath. Named for his father, Ronald Redpath, a corporal engineer BAOR Artillery unit and the 14th and 18th field regiments, who was born in Cowdenbeath, Fife, and has been an inspiration to the designer throughout his life."
"3780","Redwood","",""
"3781","Redwoods","",""
"298664","Reekie (Edmonton)","",""
"3782","Reekie (Edmonton) personal","",""
"3803","Rees of Wales","",""
"3783","Reese","",""
"3784","Reflections of the Sea","",""
"3785","Regalia","",""
"3786","Regan","",""
"3787","Regent","",""
"6451","Regli of Uri","",""
"3788","Rei Okamoto","",""
"3790","Reid (Marguerite) personal","",""
"3791","Reid (Mill City)","",""
"3789","Reid 1939","",""
"3792","Reid Green","",""
"3793","Reid of Straloch","",""
"3794","Reid Taylor House Check","",""
"3795","Reilly (Mearns) personal; Reilly fae the Mearns","",""
"3796","Remony Red","",""
"3798","Renfrew","",""
"3797","Renfrew 2","",""
"3799","Rennie","",""
"3800","Renton","",""
"3801","Renwick ","",""
"3802","Rhode Island State","",""
"3662","Rice of Wales","",""
"3705","Richards ","",""
"3804","Richards of Wales","",""
"3805","Richecourt","",""
"3807","Richmond","",""
"3806","Richmond (Alan) personal; Richmond de Ellel","",""
"302505","Riddoch ","4900","Designed by Tony Murray for an Albert (Bert) Riddoch of Bearsden, Glasgow, as a personal tartan. It was then changed to use by anyone of the name. Bert Riddoch (2002) is a private investigator involved in covert drugs investigations and 'highly thought of by the police'. Tartan based on Campbell of Breadalbane."
"3810","Rikaco (Japan) personal; Classic","",""
"3811","Rikaco (Japan) personal; Eve","",""
"3812","Rikaco (Japan) personal; Holiday","",""
"3813","Rikaco (Japan) personal; Morning Dew 1","",""
"3814","Rikaco (Japan) personal; Morning Dew 2","",""
"3815","Ritch ","",""
"3816","Ritchie","",""
"305312","Ritchie 2","",""
"300464","Rivers of Scotland","",""
"3817","Rob Roy (Film)","",""
"3819","Robb","",""
"3818","Robb Red","",""
"3820","Robberstad","",""
"3821","Robbins","",""
"619","Robert Burns Legacy","",""
"3822","Robert Gordon University ","",""
"3823","Robert Wiseman Dairies","",""
"3824","Roberts of Wales","",""
"3833","Robertson","",""
"3825","Robertson 1819","",""
"4951","Robertson 1842 Variant","",""
"3826","Robertson Dress","",""
"3827","Robertson Dress #2","",""
"300492","Robertson Hebridean","",""
"3828","Robertson Hunting","",""
"3829","Robertson Hunting #2","",""
"3830","Robertson of Struan","",""
"3832","Robertson White line","",""
"3837","Robieson","",""
"3834","Robieson (Graham) personal","",""
"3835","Robieson (Graham) personal; Beejay","",""
"3836","Robieson #2","",""
"3838","Robieson Playfield Playfield House","",""
"3839","Robin Hood","",""
"3840","Robinson Barbara Ann","",""
"3841","Robinson Dress","",""
"3842","Robinson Dress #2","",""
"3843","Rocca (Bundanoon) personal","",""
"398416","Rocky Shore","",""
"3844","Roderick Dhu","",""
"3845","Roeger (Rocky) personal; American Heritage","",""
"3847","Roeger (Rocky) personal; Celtic Nations","",""
"3848","Roeger (Rocky) personal; Dropkick Murphys","",""
"3849","Roeger (Rocky) personal; Fogarty","",""
"3850","Roeger (Rocky) personal; German American","",""
"3851","Roeger (Rocky) personal; German Heritage","",""
"3852","Roeger (Rocky) personal; Irish Heritage","",""
"3853","Roeger (Rocky) personal; Sterling","",""
"398429","Rolling Thunder","",""
"3854","Rollings","",""
"3855","Rollo ","",""
"3856","Romantic Scotland Madonna","",""
"3857","Rome City","",""
"3858","Romsdal Norway","",""
"3859","Romsdal Tresfjord","",""
"13420","Rope Plaid (Moon)","",""
"3860","Roscommon Irish County","",""
"4907","Roscommon Irish County Crest","",""
"3866","Rose ","",""
"3861","Rose (N) personal","",""
"6456","Rose Danny and Hanna","",""
"3862","Rose Dress","",""
"3863","Rose Hunting","",""
"300946","Rose Hunting Grey","",""
"3865","Rose of Kilravock","",""
"3867","Rosevear","",""
"3868","Rosie","",""
"8391","Roslin Plaid ","",""
"3878","Ross ","",""
"3869","Ross (Wilsons)","",""
"3870","Ross Arisaid","",""
"3871","Ross David","",""
"3872","Ross Dress Blue","",""
"3873","Ross Dress Purple","",""
"3874","Ross Hunting","",""
"3875","Ross Hunting Dress Dance","",""
"3876","Ross Old","",""
"3877","Ross Wedding; Dress","",""
"3707","Rosser of Wales","",""
"3879","Rossi","",""
"3880","Rosslyn Da Vinci","",""
"3882","Rothesay #2","",""
"3883","Rothesay Dress","",""
"3884","Rothesay Hunting","",""
"3885","Rothesay Red","",""
"3886","Round Table of Britain and Ireland","",""
"6458","Rourke-Frew Ontario","",""
"3887","Rowan ","",""
"3888","Rowardennan","",""
"3889","Roxburgh Green","",""
"3890","Roxburgh Red ","",""
"3891","Royal & Ancient","",""
"3892","Royal Agricultural Winter Fair","",""
"514","Royal Air Force ","",""
"3893","Royal Army Physical Training Corps Association (Scotland)","",""
"3894","Royal Ashburn Golf Club","",""
"3895","Royal Australian Air Force #1","",""
"3896","Royal Australian Air Force #2","",""
"3897","Royal Australian Air Force #3","",""
"3898","Royal Australian Air Force #4","",""
"3899","Royal Australian Air Force #5","",""
"3900","Royal British Legion","",""
"3901","Royal Canadian Air Force","",""
"3902","Royal Canadian Mounted Police","",""
"3903","Royal College of General Practitioners","",""
"3904","Royal College of Midwives","",""
"3905","Royal College of Physicians Edinburgh","",""
"3906","Royal College of Surgeons #2","",""
"3907","Royal College of Surgeons of Edinburgh","",""
"3908","Royal Columbian of Canada","",""
"3909","Royal Delight","",""
"304139","Royal Marines Condor","",""
"300789","Royal Naval Association","",""
"3913","Royal Pharmaceutical Society","",""
"13649","Royal Regiment Government 1A","",""
"3914","Royal Scottish Agricultural Benefits Institution","",""
"3915","Royal Scottish Assurance","",""
"3916","Royal Scottish Corporation","",""
"3917","Royal Scottish Country Dance Society","",""
"3918","Royal Scottish Pipe Band Association","",""
"3919","Royal Society for the Prevention of Cruelty to Children Heather","",""
"3920","Royal Warrant Holders","",""
"3922","Rui","",""
"3924","Russian Scottish","",""
"3925","Rust","",""
"13421","Rust Plaid (Moon)","",""
"13422","Rust Plaid; Lambswool (Moon)","",""
"3926","Rutherford","",""
"299244","Rutherford, Simon Travis Alan","11838","A personal family tartan featuring the following colours: white and blue as a tribute to bratach na h-Alba, dark red which represents fortitude and yellow which represents constancy and faith with which family lineage has endured and prospered."
"299245","Rutherford, Simon Travis Alan Hunting","11900","A hunting version of the Rutherford, Simon Travis Alan (Personal) family tartan."
"3927","Ruthven ","",""
"3928","Rutledge","",""
"3931","Ruxton","",""
"3929","Ruxton Dress","",""
"3930","Ruxton Hunting","",""
"3932","Ryder Cup 2006","",""
"3933","S.C.O.T.S. USA","",""
"6460","S.O.B.H.D.","",""
"3934","SA Club Private","",""
"3935","Sabema","",""
"3936","Sabrettes","",""
"3937","Sachie Hara","",""
"3938","Sackett","",""
"3939","Sacramento City Fire Department","",""
"3940","Safeway","",""
"3941","Saffron Colour Special","",""
"3942","Sail Chalmadale","",""
"3943","Salem Scottish Dancers","",""
"3944","Salich-Plaja","",""
"3945","Salt Lake County","",""
"3946","Salt Lake Scots","",""
"3947","Saltcoats District","",""
"3948","Saltire","",""
"3949","Salvation Army Dress","",""
"3950","Salvation Army Hunting","",""
"3951","Samios (Rosemary) personal; Isle of Skye","",""
"3952","Samios (Rosemary) personal; Loch Ness #2","",""
"3953","Samkoma Auchmaliddie","",""
"3954","Samye","",""
"3955","Samye Sangha","",""
"6461","San Bernardino County SDHG","",""
"13457","Sand Plaid (Moon)","",""
"13458","Sand Plaid #2 (Moon)","",""
"3957","Sandberg","",""
"3956","Sandberg of Greenock","",""
"3958","Sandelin","",""
"6462","Sandilands-Watson (Personal)","",""
"3959","Sands-Pingot (Alabama) personal","",""
"6463","Sanine Papalia Dress","",""
"3960","Sanix Blue","",""
"3961","Sanix Green","",""
"3962","Sarafilovic","",""
"3963","Sarasota Dunfermline","",""
"3964","Sarna District","",""
"3965","Sarna State","",""
"3966","Sarnia City of","",""
"3967","Sarros","",""
"3968","Saskatchewan","",""
"3969","Satchidananda","",""
"3970","Satisfashion Argyll","",""
"3971","Saul","",""
"3972","Saunders (Rudge) personal; Welly","",""
"3973","Savoy","",""
"3974","Sawyer","",""
"3975","Scandinavian","",""
"3976","Schiehallion","",""
"3977","Schmidt (M) personal","",""
"3978","Schneider (Danareth) personal","",""
"3979","Schneidersohne","",""
"6464","Schobitz","",""
"3980","Schranz-Gritte","",""
"3981","Schuster (Bavaria) , Benedikt","",""
"3982","Scolpaig Fragment Artifact","",""
"3983","Scotch House (London); Raibert Check","",""
"3984","Scotch House 2000 Antique","",""
"3985","Scotch House 2000 Original","",""
"3986","Scotch House Callum","",""
"3987","Scotch House Corporate","",""
"3988","Scotch House Dorcas","",""
"3989","Scotch House Dorcas #2","",""
"3990","Scotch House House Tartan","",""
"3991","Scotch Mist","",""
"3993","Scotch Whisky Heritage Centre","",""
"3992","Scotch Whisky Heritage Centre #2","",""
"3995","Scotia","",""
"3994","Scotia Hunting","",""
"3998","Scotland","",""
"3996","Scotland 1782","",""
"3997","Scotland 2000","",""
"3999","Scotland Forever","","The Scotland Forever tartan is designed to represent the heart of Scotland, with colours to evoke traditional Scottish motifs. The blue and white represents the Saltire flag, while the green and purple are based on the hills and heather of the Highlands."
"4001","Scotland the Brave","",""
"4000","Scotland the Brave Dress Dance","",""
"4002","Scotland Undiscovered","",""
"4003","Scotland United Colours","",""
"4004","Scotland's Lionheart","",""
"4006","Scotland's National ","",""
"4963","Scotland's National (Old Colours)","",""
"4005","Scotland's National Dress","",""
"4007","Scotland's Own","",""
"4008","Scotland's People","",""
"4009","Scotsman","",""
"4020","Scott","",""
"4010","Scott Autumn","",""
"4011","Scott Black & White","",""
"4012","Scott Black & White #2","",""
"4013","Scott Black and White (Walter Scott Variant)","",""
"4961","Scott Brown (Old Colours)","",""
"4014","Scott Brown Hunting","",""
"4015","Scott Dress","",""
"4016","Scott Dress Turquoise","",""
"4017","Scott Green","",""
"4018","Scott Hunting #2","",""
"4019","Scott MacRae","",""
"4023","Scott, Sir Walter","",""
"4021","Scott, Sir Walter #2","",""
"4022","Scott, Sir Walter Green","",""
"4024","Scottish Airports","",""
"4025","Scottish Ambulance Service","",""
"4026","Scottish American Athletic Association","",""
"4027","Scottish American Society of Michigan","",""
"4029","Scottish Borders","",""
"4028","Scottish Borders Borderland","",""
"4030","Scottish Borders Health Board","",""
"4031","Scottish Borders Tourist Board","",""
"4032","Scottish Borders Union Cattle Show","",""
"4033","Scottish Canals","",""
"4034","Scottish Chieftain","",""
"4035","Scottish Claymores","",""
"4036","Scottish Crofting Foundation","",""
"4037","Scottish Cultural Society","",""
"4038","Scottish Express International","",""
"4039","Scottish Flair (Canberra) personal","",""
"4040","Scottish Flair (Canberra) personal; New","",""
"4041","Scottish Foundation VA Highlands","",""
"4042","Scottish Funereal Association","",""
"4043","Scottish Gas","",""
"4044","Scottish Heather","",""
"5032","Scottish Heritage","",""
"4045","Scottish Heritage USA","",""
"4046","Scottish Highlander","",""
"4047","Scottish Hockey Union","",""
"4048","Scottish Institute of Sport","",""
"4050","Scottish Lion","",""
"4051","Scottish Monuments","",""
"4052","Scottish Motor Trade Association","",""
"4054","Scottish National","",""
"8686","Scottish National Black","",""
"4053","Scottish National Dress","",""
"4931","Scottish National Hunting","",""
"11278","scottish natuibal Hunting","",""
"4055","Scottish Netball 1987","",""
"4057","Scottish North American Business Council","",""
"4056","Scottish North American Business Council #2","",""
"4058","Scottish Nuclear","",""
"4059","Scottish Odyssey","",""
"4060","Scottish Official Board of Highland Dancing Dress","",""
"300073","Scottish Parliament (Unofficial)","",""
"4061","Scottish Parliament Commemorative","",""
"300380","Scottish Peat","",""
"4062","Scottish Piping Society of London","",""
"4063","Scottish Power","",""
"4064","Scottish Pride","",""
"4065","Scottish Prison Service","",""
"4066","Scottish Pup","",""
"4067","Scottish Qualifications Authority","",""
"4069","Scottish Scouts","",""
"4068","Scottish Scouts 1922","",""
"4070","Scottish Silver Thistle","",""
"4071","Scottish Tartan Society","",""
"4072","Scottish Thistle","",""
"4073","Scottish Tourist Board 1981","",""
"4074","Scottish Tourist Board 1990","",""
"398417","Scottish Valour","",""
"4075","Scottish Watch","",""
"4076","Scotts Valley","",""
"4077","Scout Mapping Service #1","",""
"4078","Scout Mapping Service #2","",""
"4079","Scozia","",""
"4080","Scragg Moran","",""
"4081","Scrimgeour of Glassary","",""
"4082","Scrymgeour","",""
"4083","Seaforth Estate Check","",""
"302158","Seaforth Highlanders of Canada (1910 Sett)","",""
"6468","Seaforth Highlanders of Canada Centennial","",""
"4084","Seaside","",""
"4085","Seattle District","",""
"4086","Sekai Fushigi Hakken","",""
"4087","Selby","",""
"4088","Seletar Elliot","",""
"4089","Selkirk #2","",""
"4090","Selkirk District","",""
"4091","Selkirk High School","",""
"4095","Seller","",""
"4092","Seller #2","",""
"4093","Seller Dress","",""
"4094","Seller Dress #2","",""
"4096","Sempill","",""
"4097","Semple","",""
"403617","Seren Cotton Candy","",""
"403618","Seren Denim Sky","",""
"4098","Serenade","",""
"4099","Service","",""
"4101","Seton ","",""
"4100","Seton Hunting","",""
"4102","Setting Sun","",""
"13414","Settle Logan Plaid (Moon)","",""
"13415","Settle Wine Plaid (Moon)","",""
"4103","Sey","",""
"4104","SFA Scottish Football Association","",""
"4105","Shanahan","",""
"4106","Shandon","",""
"4107","Shapiro ","",""
"4108","Shaughnessy","",""
"4113","Shaw","",""
"4109","Shaw of Carolina","",""
"4110","Shaw of Tordarroch","",""
"4111","Shaw of Tordarroch; Hunting","",""
"4112","Shaw Women's; Dress","",""
"4114","Shawl West Virginia","",""
"4115","Shawlands International","",""
"4116","Sheard (Roy) personal; Devon District","",""
"4117","Sheard (Roy) personal; Devon Green","",""
"4118","Shearer","",""
"6469","Shearer 2016","",""
"4119","Sheffield City","",""
"4120","Sheffield High School","",""
"4121","Shenzhen","",""
"401392","Shepherd Derek (Piping)","10160",""
"5502","Shepherd's Plaid Check Blue / Black","",""
"5533","Shepherd's Plaid Check Grey / Black","",""
"398433","Shetland Fire","",""
"5540","Shiel Claret","",""
"5547","Shiel Magenta","",""
"5550","Shiel Purple","",""
"4122","Shieldhall","",""
"4123","Shotts & Dykehead Pipe Band","",""
"4124","Shrek","",""
"4125","Sibbald Blue ","",""
"4126","Siddle #2","",""
"4127","Siddle New","",""
"4128","Sikh","",""
"4129","Sildesalaten","",""
"4130","Sillars","",""
"4131","Sillitoe","",""
"4132","Silver","",""
"300942","Silver Dress Stewart","",""
"9837","Silver Granite ","",""
"4133","Silver Mist","",""
"4134","Silver Thistle","",""
"4135","Silvicola","",""
"4136","Simple Technology","",""
"4137","Sin-Cos","",""
"4144","Sinclair ","",""
"4139","Sinclair Dress (Dance)","",""
"4140","Sinclair Green","",""
"4141","Sinclair Hunting","",""
"4924","Sinclair Hunting; 1884 Variant","",""
"4142","Sinclair Lyon Count","",""
"4143","Sinclair of Ulster","",""
"4145","Sinclair-Brown","",""
"4146","Singh","",""
"4147","Sir Billi","",""
"281269","SKC1 by Anon","",""
"271199","SKC1 by Anon","",""
"4150","Skene ","",""
"4148","Skene of Cromar","",""
"4149","Skene of Cromar (Cant version)","",""
"4151","Skibo","",""
"4152","Skinner","",""
"4153","Skye","",""
"13388","Skye Burnt Orange Plaid (Moon)","",""
"13389","Skye Claret Plaid (Moon)","",""
"13390","Skye Cocoa Plaid (Moon)","",""
"5568","Skye Green","",""
"13452","Skye Natural Plaid (Moon)","",""
"13387","Skye Sage Plaid (Moon)","",""
"4155","Slanj","",""
"4154","Slanj Dress","",""
"4156","Slessor","",""
"4157","Sligo Irish County","",""
"4908","Sligo Irish County Crest","",""
"4160","Smeaton","",""
"4159","Smeaton Hunting","",""
"4161","Smeaton Wedding #1","",""
"4164","Smith","",""
"4162","Smith of Pennylands","",""
"4163","Smith Sir William","",""
"4165","Smithers","",""
"4166","Smithsonian","",""
"6210","Smithsonian #2","",""
"4167","Snodgrass","",""
"4168","Snoozzzeee","",""
"4169","Snowbird","",""
"6476","So Stobo","",""
"4170","Sobieski-Stewart","",""
"4171","Society of Santa Fe ","",""
"6477","Solberg-Bell","",""
"4172","Solberg-Wormald","",""
"4173","Somerset District","",""
"4175","Somerville ","",""
"4174","Somerville # 2","",""
"4176","Sons of Scotland","",""
"4177","Sonsub","",""
"4178","Sorbie","",""
"4179","Soroptimist International","",""
"300660","SotoBerg, Cedessa & Shelby (Personal)","",""
"4180","Soutar","",""
"300833","South African Air Force","",""
"4182","South Australia District","",""
"4183","South Australia Pipes & Drums","",""
"4184","South Lanarkshire","",""
"4186","Southdown","",""
"4185","Southdown Grey","",""
"4187","Southern Illinois University Carbondale","",""
"4188","Southwell Australian","",""
"4189","Southwick","",""
"4190","Souza Nery","",""
"4191","SPA Association","",""
"4192","Spar UK","",""
"6479","Spears Member Design","",""
"4193","Spence (Victor) personal; Love","",""
"4194","Spence (Victor) personal; Wedding","",""
"4195","Spence (Victor) personal; Wedding Day","",""
"4196","Spence (Victor) personal; World Peace","",""
"4197","Spencer","",""
"4199","Spens","",""
"4198","Spens Fragment","",""
"4200","Spice Apple","",""
"4201","Spirit of 1994","",""
"4202","Spirit of Alba","",""
"9838","Spirit of Alva ","",""
"4203","Spirit of Bannockburn","",""
"4204","Spirit of Dunkeld","",""
"4205","Spirit of Fife","",""
"8337","Spirit of Glyndwr Gold","",""
"301065","Spirit of Glyndwr Grey","",""
"8336","Spirit of Glyndwr Red","",""
"4206","Spirit of Morningside","",""
"4207","Spirit of Queensland","",""
"4208","Spirit of Scotland","",""
"4209","Spirit of Solway","",""
"4210","Spirit of Ulster","",""
"4211","Spirit of Wales","",""
"4212","Spirit of West Lothian","",""
"4213","Spirit of Yorkshire","",""
"4214","Spotsylvania County Sheriff's Office","",""
"4215","Spragg","",""
"4216","Spring Morning","",""
"6482","Sprott 2017","",""
"4217","Sprouston","",""
"4218","Squash Scottish Open","",""
"4219","Sri Lanka","",""
"4220","SRU Scottish Rugby Union","",""
"300944","St Abbs Grey","",""
"4226","St Andrew Society","",""
"4221","St Andrew Society American","",""
"4222","St Andrew Society Illinois","",""
"4223","St Andrew Society Illinois #2 (silk)","",""
"4224","St Andrew Society of Java; Dress","",""
"4225","St Andrew Society of Java; Hunting","",""
"4227","St Andrew's College","",""
"4228","St Andrew's Presbyterian Church Quebec","",""
"6483","St Andrew's Society of Singapore","",""
"4229","St Andrews Bay Hotel","",""
"4230","St Andrews Golf Links","",""
"4231","St Andrews Grand","",""
"4232","St Andrews International Golf Club","",""
"4233","St Andrews Links","",""
"4234","St Andrews Ltd","",""
"4235","St Andrews Management School","",""
"4236","St Andrews New Golf Club","",""
"4237","St Andrews Old Course","",""
"4238","St Andrews Queens University","",""
"4239","St Andrews University","",""
"4241","St Christopher","",""
"4242","St Clement of Rome School","",""
"4244","St Columba","",""
"4243","St Columba #2","",""
"6484","St Columba #2 1 green","",""
"4245","St David's Brithwe Dewi Sant","",""
"4939","St Davids No. 2","",""
"4246","St Denis & Cranley School","",""
"4247","St Eloi","",""
"4248","St Francis Xavier University","",""
"4249","St George's School Birmingham","",""
"4250","St George's School Edinburgh","",""
"4251","St Giles Cathedral","",""
"4252","St Giles Check","",""
"4253","St John's","",""
"4254","St Johnstone Football Club","",""
"4256","St Joseph de Sorel","",""
"4255","St Joseph de Sorel #2","",""
"4257","St Kilda","",""
"4259","St Lawrence","",""
"4258","St Lawrence #2","",""
"4260","St Leonards","",""
"4261","St Margaret of Scotland Youth Group","",""
"4262","St Margaret's School Edinburgh","",""
"4263","St Mary's Help of Christians","",""
"4264","St Mirren Football Club","",""
"4265","St Patrick","",""
"4266","St Patrick's Krewe","",""
"4267","St Piran","",""
"15099","St. Edmund's of Enders Island","13055",""
"400778","St. Lawrence","3897",""
"13499","St. Mary's University Fishing Society","",""
"10886","St. Ninian's ","",""
"4268","Staffa ","",""
"4269","Staghorn","",""
"4270","Staines","",""
"4271","Stakis Hotels","",""
"398438","Stand Fast","",""
"4272","Star Is Born","",""
"4273","Starr","",""
"4274","Staves","",""
"4275","Ste-Anne-de-Portneuf","",""
"4276","Steel","",""
"4277","Steffen (Markus) personal","",""
"4278","Steiff","",""
"4279","Stenhousemuir Football Club","",""
"4280","Stephen (Mathieson) personal","",""
"4281","Stephen (Mathieson) personal #2","",""
"4282","Stephen (Mathieson) personal; weathered","",""
"4284","Stephens","",""
"4283","Stephens Dress","",""
"300948","Steps to Hope","",""
"4285","Sterling (Rob) personal","",""
"4286","Steve Walls Scotcheer","",""
"15008","Steven Harris (Personal)","",""
"4287","Steven Ricks Tailoring Pink","",""
"4288","Stevens","",""
"4291","Stevenson ","",""
"4289","Stevenson Hunting","",""
"4290","Stevenson Old","",""
"4292","Stewart #2","",""
"4293","Stewart Artifact","",""
"4294","Stewart Black","",""
"300493","Stewart Black Hebridean","",""
"5925","Stewart Blue (Dress)","",""
"4296","Stewart Blue #2","",""
"4297","Stewart Camel","",""
"4298","Stewart Campbell","",""
"4300","Stewart Dress","","Dress tartans feature more white than traditional tartan designs. The Stewart Dress tartan is a variant of the popular Stewart Royal design. "
"4295","Stewart Dress Blue","",""
"8386","Stewart Dress Grey","",""
"4301","Stewart Dress; 4 red lines","",""
"4302","Stewart Dress; Blue Lines","",""
"4303","Stewart Dress; Heather","",""
"4304","Stewart Dress; Purple","",""
"4305","Stewart Fragment","",""
"4306","Stewart Hunting","",""
"4307","Stewart Hunting (1819 variant)","",""
"2225","Stewart King George VI","1985",""
"4309","Stewart Mourning Originaux","",""
"4310","Stewart Mourning Originaux #2","",""
"4929","Stewart Navy Blue","",""
"4311","Stewart of Appin","",""
"4312","Stewart of Appin #2","",""
"4957","Stewart of Appin 1842 Variant","",""
"4313","Stewart of Appin Dress","",""
"4314","Stewart of Appin Dress #2","",""
"4315","Stewart of Appin Hunting","",""
"4316","Stewart of Ardshiel","",""
"4317","Stewart of Atholl","",""
"4944","Stewart of Atholl Small Check","",""
"4318","Stewart of Fingask","",""
"4319","Stewart of Fingask #2","",""
"4320","Stewart of Galloway","",""
"4321","Stewart of Galloway (VS)","",""
"4322","Stewart of Killiecrankie","",""
"4323","Stewart of Rothesay","",""
"4324","Stewart Old","",""
"4325","Stewart Pink","",""
"4326","Stewart Plaid","",""
"6488","Stewart Prince Charles Edward","",""
"4327","Stewart Purple","",""
"4328","Stewart Regency","",""
"4329","Stewart Royal","","Stewart Royal gained its name from its association with the Royal House of Stewart. 

Although originally unable to be worn without royal assent, the Stewart Royal tartan has become widely known and used - it is a common decoration on Scottish shortbread tins, and became associated with the punk rock movement of the late 1970s.
 "
"4330","Stewart Royal (1819 variant)","",""
"4331","Stewart Royal (Black & White & Grey)","",""
"4332","Stewart Royal (Black & White)","",""
"4333","Stewart Royal (Vestiarium Scoticum)","",""
"4334","Stewart Royal #2","",""
"4945","Stewart Small Sett Black","",""
"4336","Stewart Victoria","",""
"4337","Stewarton","",""
"4338","Stewmann (Chad) personal","",""
"4339","Stinson","",""
"4343","Stirling","",""
"4340","Stirling and Bannockburn","",""
"4341","Stirling and Bannockburn Dress","",""
"4342","Stirling Millennium","",""
"6485","Stirling of Keir","",""
"4344","Stirling University","",""
"6486","Stirling University of","",""
"4345","Storrie","",""
"4346","Stott","",""
"395417","Stovell (2015)","",""
"301310","Strachan ","",""
"33665","Strachan Hunting","13033","A hunting tartan for Clan Strachan. The design was approved by Commander Rob Strachan."
"4348","Strakan","",""
"4349","Strang","",""
"4350","Strange of Balcaskie ","",""
"4351","Strategic Staffing Solutions","",""
"4352","Stratford (Ontario), City of","",""
"4353","Strath Hallidale","",""
"4354","Strathblane","",""
"4355","Strathclyde","",""
"6211","Strathclyde #2","",""
"299421","Strathclyde Blue","",""
"4356","Strathclyde University","",""
"4357","Strathdee","",""
"4974","Strathdon","",""
"4360","Strathearn","",""
"4359","Strathearn #2","",""
"4361","Strathgaela","",""
"4362","Strathisla","",""
"4975","Strathmore","",""
"4365","Strathspey","",""
"4363","Strathspey #2","",""
"4364","Strathspey Check","",""
"4978","Strathtay","",""
"4979","Strathtummel","",""
"4367","Strathyre","",""
"4366","Strathyre #2","",""
"4369","Stuart of Bute ","",""
"4370","Stuart-Houghton","",""
"6489","Stuart-Houghton Hunting","",""
"4371","Sturrock","",""
"4372","Stutterheim Rainwear","",""
"4373","Styrian","",""
"4374","Suevia Heidelburg Corps","",""
"4375","Suffolk County NY Police ","",""
"4376","Sullivan","",""
"5552","Sunart Pink","",""
"5555","Sunart Sapphire","",""
"4377","Superfast Ferries","",""
"4378","Susan G Komen 6","",""
"4379","Susan G Komen 7","",""
"6775","Sutherland ","",""
"4381","Sutherland de Albergaria","",""
"4388","Sutherland District","",""
"4382","Sutherland Dress","",""
"4383","Sutherland Dress #2","",""
"4384","Sutherland Dress; Royal Blue","",""
"4385","Sutherland Hunting","",""
"4386","Sutherland of Duffus","",""
"4387","Sutherland Old","",""
"4389","Suzugamine","",""
"4390","Svanholm","",""
"4391","Svanstrmm","",""
"4392","Swallow Hotels","",""
"4394","Swan","",""
"4393","Swan (Brian) personal","",""
"4395","Swankie","",""
"4396","Swedish","",""
"4397","Swiss National","",""
"4398","Swiss Red","",""
"4400","Sydney Nova Scotia","",""
"4399","Sydney Nova Scotia #2","",""
"4401","Syme","",""
"4402","Symington","",""
"4404","Tache, Sir Etienne Paschal","",""
"4403","Tache, Sir Etienne Paschal #2","",""
"4406","Tait ","",""
"4405","Tait Wedding","",""
"4407","Takashimaya Dm Rose","",""
"4408","Takla Makan (Red)","",""
"4409","Takla Makan #2","",""
"4410","Talisman","",""
"4411","Talladale","",""
"4412","Tam O'Shanter Inn (Glendale)","",""
"4413","Tara","",""
"4417","Tartan Army","",""
"4414","Tartan Army Childrens Charity","",""
"4416","Tartan Army Kirkcaldy","",""
"4418","Tartan Army Whisky","",""
"4419","Tartan de Longueuil","",""
"4420","Tartan of the Republic","",""
"4421","Tartan Sportswear Celtic FC Old Colours","",""
"4422","Tartan Sportswear Celtic FC Old Colours 1996","",""
"4423","Tartan Tangerine","",""
"4424","Tartan TV","",""
"4425","Tasmania State","",""
"4426","Tau-Taurini","",""
"398414","Tay Bank","",""
"4428","Taylor","",""
"4427","Taylor Dress","",""
"4429","Tayside Police","",""
"4430","Teall","",""
"4431","Teirney","",""
"6495","Telfer","",""
"6494","Telfer Brian William","",""
"4432","Templar GP USA","",""
"4433","Tenmaya Check","",""
"4436","Tennant","",""
"4434","Tennant #2","",""
"4435","Tennant Yules","",""
"4439","Tennessee","",""
"4437","Tennessee State","",""
"4438","Tennessee Volunteer","",""
"4441","Terre D'Ecosse","",""
"4440","Terre D'Ecosse #2","",""
"4442","Terry","",""
"4443","Teviotdale District","",""
"4444","Texcraft Clothing Millennium 2000","",""
"4445","Thain","",""
"4446","Thayer","",""
"4447","The 1745 Association","",""
"398436","The Alchemist","",""
"398437","The Drover","",""
"4448","The Glen","",""
"398435","The Great Glen","",""
"4449","The Mekos","",""
"398427","The Outlaw","",""
"398409","The Pretender","",""
"398423","The Rebel","",""
"300475","The Skirl","",""
"4452","Thirkill","",""
"4451","Thirkill #2","",""
"4453","Thistle Dubh","",""
"4454","Thistle Stop LLC","",""
"4456","Thomas of Wales","",""
"300494","Thompson Dress Hebridean","",""
"4472","Thomson","",""
"4457","Thomson Black","",""
"4458","Thomson Black #2","",""
"4460","Thomson Blue","",""
"4461","Thomson Camel","",""
"4462","Thomson Camel #2","",""
"4463","Thomson Camel #3","",""
"4464","Thomson Dance","",""
"4465","Thomson Dress; Grey","",""
"4466","Thomson Grey","",""
"4467","Thomson Grey #2","",""
"4940","Thomson Grey; Small Sett","",""
"4468","Thomson Hunting","",""
"4469","Thomson Hunting #2","",""
"4470","Thomson J.C.'s Fancy","",""
"4455","Thomson Jean Marc","",""
"4471","Thomson Navy","",""
"4891","Thomson Red; MacTavish","",""
"4474","Thorburn","",""
"4473","Thorburn USA","",""
"267985","Throw by Anon","",""
"278055","Throw by Anon","",""
"4475","Thunderlord Celtic Group","",""
"4476","Tiger","",""
"4477","Tilley, Sir Samuel Leonard","",""
"4478","Timely Marketing (Auckland)","",""
"4479","Timespan","",""
"4480","Tindal","",""
"4481","Tipperary Irish County","",""
"4909","Tipperary Irish County Crest","",""
"4483","Tiree","",""
"4482","Tiree Grey","",""
"5564","Tiree Turquoise","",""
"4484","Titanic","",""
"301922","Titanic Belfast","",""
"4487","Todd","",""
"4485","Todd (Tom) personal; Tantallon","",""
"4486","Todd (Tom) personal; Tribal","",""
"13402","Toffee Plaid (Moon)","",""
"4488","Tokharion","",""
"4489","Tokyo Bluebells Dance","",""
"274697","Tom Blue Stewart by Thomas Bizzell","",""
"284767","Tom Blue Stewart by Thomas Bizzell","",""
"4490","Tomass","",""
"4491","Tombow 21st School Memorial","",""
"4492","Tommy","",""
"4493","Tooth","",""
"4494","Toronto Blue Jays","",""
"4495","Toronto Fire Services","",""
"5542","Torridon Burgundy","",""
"5539","Torridon Cherry","",""
"6198","Torridon Dress","",""
"5562","Torridon Royal","",""
"5560","Torridon Sapphire","",""
"4497","Toshach","",""
"4498","Total Oil Company","",""
"4499","Tough","",""
"4500","Toyokawa Check","",""
"4501","Trades House","",""
"13447","Tradition Scarlet Plaid (Moon)","",""
"4502","Trafalgar","",""
"4503","Traill","",""
"4504","Tranent","",""
"5496","Traquair Dress","",""
"4505","Traynor","",""
"4506","Trevison","",""
"4507","Triad Highland Games","",""
"4508","Tricor","",""
"4509","Trillard","",""
"4510","Trinity Presbyterian Church","",""
"6498","Trinity Presbyterian Church Little Rock","",""
"4511","Triplett (Jack) personal","",""
"13394","Troon Pine Plaid (Moon)","",""
"4512","Trost","",""
"4514","Tulsa District","",""
"4515","Tupper (John) personal","",""
"4516","Tupper, Sir Charles","",""
"4517","Turcan Connell","",""
"4519","Turnberry","",""
"4518","Turnberry MacArthur","",""
"4520","Turnbull Dress","",""
"4521","Turnbull Hunting","",""
"4522","Turnbull of Thornton","",""
"4523","Turner","",""
"4524","Tweedmouth Community Middle School","",""
"4525","Tweedside Hunting","",""
"4526","Tweedside Red","",""
"4528","Tweedsmuir","",""
"4527","Tweedsmuir Blue","",""
"4529","Twempy","",""
"4530","Twenty First Century","",""
"4531","Tyndrum District","",""
"4532","Tyneside District","",""
"4533","Tyneside Scottish Green","",""
"4534","Tyneside Scottish Khaki","",""
"4535","Tyrconnell Whiskey","",""
"300950","Tyree ","",""
"4536","Tyrone Irish County","",""
"4910","Tyrone Irish County Crest","",""
"4537","UEFA Glasgow","",""
"300503","Uísge Beatha","",""
"5567","Uist Green","",""
"4541","Ulster","",""
"4538","Ulster Brown","",""
"4539","Ulster Peat","",""
"4540","Ulster Red","",""
"4542","Umberti","",""
"4543","UNC Greensboro","",""
"6501","Union Fire Club Pipes and Drums","",""
"4544","Union Memorial Tartan ","",""
"4545","United Distillers Warp","",""
"4546","United Scots American","",""
"4547","United Services Planning Association","",""
"4548","Universal Scientific Industrial","",""
"4549","University of Kentucky","",""
"4550","University of Trinity College","",""
"4551","University Plaid","",""
"4552","Unnamed C18/19th Antigonish (A, border)","",""
"4553","Unnamed C18/19th Antigonish (A, main)","",""
"4554","Unnamed C18th Cant Counts","",""
"4555","Unnamed C18th Hebridean (A)","",""
"4556","Unnamed C18th Hebridean (B)","",""
"4557","Unnamed C18th S.Uist","",""
"4558","Unnamed C19th (Plaid)'","",""
"4559","Unnamed C19th Miss Peffer's Plaid","",""
"4560","Unnamed C19th Wilsons'","",""
"4561","Urbino","",""
"4569","Urquhart ","",""
"4562","Urquhart (Blair) personal; Bryan","",""
"4563","Urquhart (Blair) personal; Byers","",""
"4564","Urquhart (Blair) personal; Melrose Newbigging Grey","",""
"4567","Urquhart (Smibert)","",""
"4565","Urquhart #2","",""
"4566","Urquhart Broad Red","",""
"4568","Urquhart White Lines","",""
"4570","US 160th Special Operations Aviation Regiment","",""
"4571","US 7th Cavalry","",""
"4573","US Air Force #1","",""
"4574","US Air Force #2","",""
"4572","US Air Force 2001","",""
"4575","US Air Force Reserve Pipe Band ","",""
"4576","US Army #2","",""
"4578","US Border Patrol","",""
"4579","US Coastguard","","Based on Hamilton tartan in honour of Alexander Hamilton, first US Secretary of the Treasury and founder of the US Coast Guard. The blue is changed to modern Coast Guard Blue symbolic of the seas and skies where the men and women of the Coast Guard work. The red represents the courage and sacrifice of Coast Guard members in peace and in war. The ten thread count white overstripe is a symbol of the white sails of the first ten cutters of the service authorised by Hamilton."
"300132","US Forces Army","",""
"397756","US Forces Army [397756 variant]","",""
"4930","US Forces Thurso","",""
"4581","US Law Enforcement","",""
"4582","US Marine Corps #2","",""
"4584","US Marines","",""
"4585","US Military Academy","",""
"4586","US Military Thurso","",""
"4587","US Navy","",""
"4588","US Navy Edzell","",""
"4589","US Polaris Military","",""
"4590","US Postal Service","",""
"4591","US Sea Bees","",""
"4592","US Special Forces","",""
"4593","Utah State","",""
"4594","Valdres #2","",""
"4595","Valdres #3","",""
"4596","Valdres Kvam and Vang","",""
"4597","Valencia","",""
"4599","Valley of the Green","",""
"4598","Valley of the Green #2","",""
"402444","van den Hurck, Nico-Jan & Family","14095",""
"4600","Van Ingelgem","",""
"4601","Van Loo","",""
"4602","Vance","",""
"4603","Vance (Mark) personal; #2","",""
"4604","Vancouver City","",""
"4605","Vancouver North Island","",""
"4606","Varenne","",""
"4607","Vaughan of Wales","",""
"4608","Veere","",""
"301388","Veitch H & Family","","The colours chosen for this tartan are intended to represent the history of the Veitch surname which was first recorded in Berwickshire when Randolph Veitch witnessed a charter by Henry de Graham c.1200; red and grey represent the Aberdeenshire granite of Darwyk House, first built by the Veitch family; green represents the Dawyck arboretum and botanical gardens; blue represents the River Tweed and the Scrape burn which runs through the gardens; yellow and white represent the yellow Winter Aconites and white Snowdrops which carpet the banks of the Scarpe burn in springtime."
"301661","Veitch H & Family Hunting","",""
"4609","Venters (Edinburgh)","10349","Created for the Venters family who have lived in Leith, Newhaven and Edinburgh for five generations. The name Venters is originally Dutch and means 'market trader'. The family is believed to have been in Scotland since the time of William of Orange."
"4610","Verble","",""
"4611","Verdon","",""
"4612","Vermont Dress","",""
"4613","Vermont State","",""
"4614","Veron","",""
"4616","Victoria County","",""
"6504","Victoria State (Australia)","2509","Designed in November 1998 by Betty Johnston of House of Tartan in Canberra, Australia. The blue is that of the Eureka Stockade Flag and the pink is the colour of the State's floral emblem the Pink Heath flower. 'We swear by the Southern Cross to stand truly by each other and fight to defend our rights and liberties.' Beneath the starry flag of rebellion, that oath was taken by hundreds of gold diggers at Ballarat in 1854. The Eureka rebellion led by Peter Lalor was a short lived revolt against petty officialdom and although a military failure, led to political and personal benefits for many Australians."
"4617","Victoria Yellow","",""
"4618","Viking Technology Ltd American Scottish","",""
"4619","Vilarino","",""
"4620","Vincent","",""
"13386","Vintage Caramel Plaid (Moon)","",""
"4622","Vipont","",""
"4621","Vipont Yellow line","",""
"4623","Virgin","",""
"4624","Virgin One","",""
"4626","Virginia (USA)","",""
"4625","Virginia Military Institute","",""
"4627","Visit Scotland","",""
"6507","Volcano ","",""
"396409","von Goble, Brant","13971","A personal tartan for Brant von Goble and his family. The colours black, red, and orange are intended to represent the Goble family’s appreciation of autumn and the celebrations of the season. Purple is intended to symbolise the beauty of the sky at twilight."
"4628","Vorwerk Incentive Group","",""
"4629","Vosko","",""
"4630","Wacker","",""
"6509","Waddell #2 (Fife), Greg","",""
"4631","Wagga Wagga","",""
"4632","Waggrall","",""
"4633","Wagland","",""
"4634","Waipu","",""
"4635","Walker (Michael) personal","",""
"4636","Walker Dress","",""
"4637","Walker Evening","",""
"4638","Walker Hunting","",""
"4643","Wallace","",""
"4639","Wallace Blue","",""
"4640","Wallace Dress","",""
"300424","Wallace Dress; Blue","",""
"300495","Wallace Hebridean","",""
"6511","Wallace High School","",""
"4642","Wallace Hunting","",""
"6513","Wallenberg Nicolas","",""
"6514","Wallenberg Nicolas, Dress","",""
"5045","Wallington","",""
"4644","Walls (Steve) personal","",""
"4645","Walter (James) personal","",""
"4646","Walters ","",""
"4647","Wanless","",""
"4648","Wanstall","",""
"4649","Warden","",""
"4650","Wardlaw","",""
"4651","Warren Wilson College","",""
"5046","Warrior","",""
"300502","Warrior Poet","",""
"4652","Wartley Hunting ","",""
"4653","Washington (Mary) personal","",""
"4654","Washington State","",""
"4655","Wasko","",""
"300468","Water of Life","",""
"4656","Waterford Irish County","",""
"4911","Waterford Irish County Crest","",""
"4657","Waterloo","",""
"4658","Watertown Library Association","",""
"4659","Watkins of Wales","",""
"6517","Watret","",""
"4660","Watson","",""
"4661","Watt","",""
"4662","Watt Dunfermline","",""
"6518","Waugh","",""
"4663","Waverley Care Aids Trust","",""
"4664","Waverley Check","",""
"4665","Webb (Clyde) personal","",""
"4667","Webster ","",""
"4666","Webster #2","",""
"4668","Wedding Dress 1766","",""
"6519","Wee Stitches","",""
"4669","Weir","",""
"4670","Weir Minerals","",""
"4671","Weisfeld","",""
"4673","Wellington","",""
"4672","Wellington (Wilson 122)","",""
"4674","Wellmont Foundation","",""
"4677","Wells","",""
"4676","Wells (Greg) personal; Red","",""
"4675","Wells 2014","",""
"4678","Welsh (Stanley) personal","",""
"4679","Welsh Assembly","",""
"4680","Welsh Costume","",""
"4682","Welsh National","",""
"4681","Welsh National #2","",""
"4683","Wemyss","",""
"4684","West Highland Way","",""
"4685","West Lothian Woolen Mill","",""
"4686","West of Scotland Water Authority Loch Katrine District","",""
"4687","West Virginia Old Shawl","",""
"4688","West Virginia University Mountaineer","",""
"4689","Westbrook","",""
"4690","Westenra","",""
"4691","Western Australia Scottish Associations","",""
"5497","Western Isles","",""
"4692","Westgaard","",""
"4941","Westgate","",""
"6522","WestJet","",""
"4693","Westmeath Irish County","",""
"4912","Westmeath Irish County Crest","",""
"4694","Westminster College","",""
"4695","Weston","",""
"4696","Westwater (James) personal","",""
"4697","Westwood","",""
"4698","Wexford Irish County","",""
"4913","Wexford Irish County Crest","",""
"4699","Wheadon","",""
"13456","Wheat Plaid (Moon)","",""
"4700","Whisky","",""
"4701","Whitaker","",""
"33500","White Scot 3 (Personal)","",""
"4702","White Stripes","",""
"4703","White Thistle","",""
"4704","Whitley","",""
"4705","Whitson","",""
"4707","Whitworth","",""
"4706","Whitworth Artifact","",""
"4708","Wicklow Irish County","",""
"4914","Wicklow Irish County Crest","",""
"4709","Wicks","",""
"4710","Wiegratz Alba","",""
"4711","Wilbers","",""
"4712","Wilcox Yu Cruikshank Reunion","",""
"5015","Wild Geese","",""
"300381","Wild Heather","",""
"4713","Wild Highlanders Historical Performers","",""
"6523","Wildash Black","",""
"6524","Wildash Cream","",""
"398430","Wilder Seas","",""
"4714","William & Mary College","",""
"4717","Williams","",""
"4715","Williams (Frank) personal","",""
"4718","Williams Lake, City","",""
"4716","Williams of Wales","",""
"4719","Williamson","",""
"4720","Willox","",""
"4721","Wilson","",""
"6525","Wilson Janet","",""
"4722","Wilson's Collection Blanket Pattern","",""
"4723","Wilson's Collection Common","",""
"4724","Wilson's Collection No.002","",""
"4725","Wilson's Collection No.004","",""
"4726","Wilson's Collection No.005","",""
"4727","Wilson's Collection No.007","",""
"4728","Wilson's Collection No.011","",""
"4729","Wilson's Collection No.017a","",""
"4730","Wilson's Collection No.030","",""
"4731","Wilson's Collection No.033","",""
"4732","Wilson's Collection No.033/2","",""
"4733","Wilson's Collection No.043","",""
"4734","Wilson's Collection No.045","",""
"4735","Wilson's Collection No.050","",""
"4736","Wilson's Collection No.052","",""
"4737","Wilson's Collection No.055","",""
"4738","Wilson's Collection No.060","",""
"4739","Wilson's Collection No.061","",""
"4740","Wilson's Collection No.062","",""
"4741","Wilson's Collection No.064","",""
"4742","Wilson's Collection No.073","",""
"4743","Wilson's Collection No.076","",""
"4744","Wilson's Collection No.079","",""
"4745","Wilson's Collection No.081","",""
"4746","Wilson's Collection No.083","",""
"4747","Wilson's Collection No.084","",""
"4748","Wilson's Collection No.090","",""
"4749","Wilson's Collection No.094","",""
"4750","Wilson's Collection No.109","",""
"4751","Wilson's Collection No.110","",""
"4752","Wilson's Collection No.111","",""
"4753","Wilson's Collection No.112 (Blue)","",""
"4754","Wilson's Collection No.112 (Light Blue)","",""
"4755","Wilson's Collection No.113","",""
"4756","Wilson's Collection No.116","",""
"4757","Wilson's Collection No.116 (light)","",""
"4758","Wilson's Collection No.117","",""
"4759","Wilson's Collection No.118","",""
"4760","Wilson's Collection No.119","",""
"4761","Wilson's Collection No.120","",""
"4762","Wilson's Collection No.121","",""
"4763","Wilson's Collection No.124","",""
"4764","Wilson's Collection No.128","",""
"4765","Wilson's Collection No.132","",""
"4766","Wilson's Collection No.134","",""
"4767","Wilson's Collection No.138","",""
"4768","Wilson's Collection No.140","",""
"4769","Wilson's Collection No.149","",""
"4770","Wilson's Collection No.150","",""
"4771","Wilson's Collection No.152","",""
"4772","Wilson's Collection No.155","",""
"4773","Wilson's Collection No.156","",""
"4774","Wilson's Collection No.157","",""
"4775","Wilson's Collection No.157 (1819 variant)","",""
"4776","Wilson's Collection No.158","",""
"4777","Wilson's Collection No.160","",""
"4778","Wilson's Collection No.161","",""
"4779","Wilson's Collection No.166","",""
"4780","Wilson's Collection No.167","",""
"4781","Wilson's Collection No.169","",""
"4782","Wilson's Collection No.171","",""
"4783","Wilson's Collection No.172","",""
"4784","Wilson's Collection No.174","",""
"4785","Wilson's Collection No.175","",""
"4786","Wilson's Collection No.176","",""
"4787","Wilson's Collection No.179","",""
"4788","Wilson's Collection No.181","",""
"4789","Wilson's Collection No.183","",""
"4790","Wilson's Collection No.185","",""
"4791","Wilson's Collection No.187","",""
"4792","Wilson's Collection No.188","",""
"4793","Wilson's Collection No.189","",""
"4794","Wilson's Collection No.190","",""
"4795","Wilson's Collection No.192","",""
"4796","Wilson's Collection No.193","",""
"4797","Wilson's Collection No.194","",""
"4798","Wilson's Collection No.195","",""
"4799","Wilson's Collection No.196","",""
"4800","Wilson's Collection No.197","",""
"4801","Wilson's Collection No.198","",""
"4802","Wilson's Collection No.199","",""
"4803","Wilson's Collection No.200","",""
"4804","Wilson's Collection No.201","",""
"4805","Wilson's Collection No.202","",""
"4806","Wilson's Collection No.203","",""
"4807","Wilson's Collection No.204","",""
"4808","Wilson's Collection No.205","",""
"4809","Wilson's Collection No.207","",""
"4810","Wilson's Collection No.208","",""
"4811","Wilson's Collection No.209","",""
"4812","Wilson's Collection No.210","",""
"4813","Wilson's Collection No.211","",""
"4814","Wilson's Collection No.212","",""
"4815","Wilson's Collection No.213","",""
"4816","Wilson's Collection No.214","",""
"4817","Wilson's Collection No.219","",""
"4818","Wilson's Collection No.220","",""
"4819","Wilson's Collection No.223","",""
"4820","Wilson's Collection No.224","",""
"4821","Wilson's Collection No.225","",""
"4822","Wilson's Collection No.226","",""
"4823","Wilson's Collection No.227","",""
"4824","Wilson's Collection No.228","",""
"4825","Wilson's Collection No.228a","",""
"4826","Wilson's Collection No.229","",""
"4827","Wilson's Collection No.230","",""
"4828","Wilson's Collection No.231","",""
"4829","Wilson's Collection No.232","",""
"4830","Wilson's Collection No.233","",""
"4831","Wilson's Collection No.234","",""
"4832","Wilton (Matthew) personal; Wilton of Toronto","",""
"4833","Windsor","",""
"6526","Wingtip","",""
"4834","Wisconsin in Scotland University","",""
"4835","Wisconsin State","",""
"4836","Wishart (David) personal; Holland","",""
"4837","Wishart Dress","",""
"397073","Wishart Hunting","2105",""
"4839","Wojtek Memorial Trust","",""
"4840","Wolfe","",""
"4842","Womble","",""
"4841","Womble Corporate","",""
"4843","Women's Institute Federated","",""
"4844","Women's Institute Rural","",""
"4845","Women's Institute Scottish Rural","",""
"4848","Wood ","",""
"4846","Wood (Ian) Personal","",""
"4847","Wood (Society) personal; Wood Dress","",""
"4849","Woodberry Forest School","",""
"4850","Woodcock","",""
"4851","Woolmark, The Plaid","",""
"4852","Wotherspoon","",""
"4853","Wren","",""
"4854","Wrens WRNS","",""
"4855","Wrigglesworth (Albert) personal","",""
"4856","Wupper","",""
"4857","Wyckoff (Ann) personal","",""
"4858","Wyeth","",""
"4859","Wylie","",""
"1733","Wynn of Wales","",""
"4860","X Marks the Scot","",""
"6199","Yair Cerise","",""
"6200","Yair Emerald","",""
"6201","Yair Purple","",""
"6202","Yair Red","",""
"6203","Yair Turquoise","",""
"4861","Yale College Wrexham","",""
"4865","Yarrow","",""
"4862","Yarrow Dress Green","",""
"4863","Yarrow Dress Purple","",""
"4864","Yarrow Dress Turquoise","",""
"4866","Yates","",""
"4867","York","",""
"4868","York Puppet","",""
"4869","Yorkland","",""
"4870","Yorkshire Cricket Club","",""
"4872","Young ","",""
"4871","Young Christina","",""
"4873","Young Melvina","",""
"4874","Young Presidents Dress","",""
"4875","Young Presidents Dress #2","",""
"4876","Young Presidents Dress #3","",""
"4877","Young Presidents Organisation","",""
"4878","Youth Congress World","",""
"4879","Yudo","",""
"4880","Yukon Territory","",""
"4881","Yule","",""
"4882","Yusra (Fauzan) personal","",""
"4883","Zangenberg","",""
"4884","Zhelev","",""
